time,renew_node_132,renew_node_140,renew_node_143,renew_node_17,renew_node_148,renew_node_150,renew_node_24,renew_node_153,renew_node_154,renew_node_155,renew_node_25,renew_node_159,renew_node_168,renew_node_41,renew_node_171,renew_node_175,renew_node_185,renew_node_190,renew_node_202,renew_node_212,renew_node_86,renew_node_88,renew_node_93,renew_node_95,renew_node_97,renew_node_99,renew_node_111,renew_node_121,renew_node_123
2012-01-01 00:00:00,16.676253,47.792994,210.696216,27.709352,5.360380,711.681856,153.470195,49.787919,0.370617,29.337907,214.272551,508.398912,72.582684,3.914633,2.349627,32.753906,236.838325,15.239831,72.803164,2.800151,24.167230,34.236441,13.873902,11.629556,4.405057,11.497852,15.035371,209.540775,26.216218
2012-01-01 01:00:00,14.795031,36.707529,176.123772,18.342810,6.463988,593.384396,146.519552,40.675541,0.648579,23.361666,219.077178,493.078158,51.333840,4.924861,2.349627,23.694315,235.953279,12.449439,61.440821,3.920211,22.190728,43.901274,15.506125,10.713288,5.100593,14.947207,15.403209,192.773222,35.080695
2012-01-01 02:00:00,22.313389,34.302193,190.909471,15.784357,6.936963,467.905074,138.456806,35.260940,0.440107,20.916841,192.427051,406.625329,34.292688,7.261012,3.434070,17.391991,229.934965,19.532741,48.605581,3.200172,27.805791,62.903318,15.357741,13.744021,3.902726,16.096993,9.563783,175.755408,33.006030
2012-01-01 03:00:00,28.218337,37.544168,195.693080,15.133903,4.887405,389.175608,102.313463,35.525067,0.416944,16.706308,210.919682,360.975734,32.188842,8.855278,2.229133,20.361355,185.682663,29.191788,52.813856,3.520190,26.795080,112.537967,15.506125,22.836219,5.255156,23.871730,6.299223,157.307526,33.006030
2012-01-01 04:00:00,17.845485,34.825092,222.437801,15.307357,3.731245,323.996824,77.569175,34.204433,0.509598,13.446541,226.059443,366.603767,33.451150,13.606506,1.204937,12.331952,201.967510,37.133672,48.605581,4.320233,13.723213,158.568780,14.838397,33.549507,4.192533,28.525623,3.494459,149.013129,41.681901
2012-01-01 05:00:00,13.919740,20.288492,254.183567,12.662176,2.522532,257.598479,82.851663,34.468560,0.625416,11.952480,218.869784,347.999993,26.929228,17.252797,1.566418,19.119070,231.351039,45.075556,44.818133,4.080220,12.083615,176.915581,14.244862,35.734454,3.554959,20.860388,7.816554,145.759723,52.809648
2012-01-01 06:00:00,12.031985,21.543450,239.615304,9.409905,2.312321,186.321887,64.223940,22.714913,1.482467,10.458420,238.295688,250.134766,19.565767,14.080050,4.639007,14.392327,190.992939,41.855873,51.340960,4.800259,10.399096,204.927215,16.173853,31.716971,2.975346,13.304657,9.563783,138.680885,53.375466
2012-01-01 07:00:00,11.794189,28.864040,242.441982,6.721361,2.522532,168.738212,50.600680,13.338408,2.895443,9.371831,244.448376,184.347921,13.043845,17.994683,10.844433,16.717914,163.263513,34.343280,55.128408,5.680306,6.962678,214.100615,13.057790,29.391060,2.067286,14.180684,8.881965,143.507366,63.937395
2012-01-01 08:00:00,13.647232,40.508675,298.111257,9.684110,18.082181,163.720805,66.453654,33.115855,8.661745,42.433941,244.469218,160.139427,86.268111,33.200918,32.263051,21.354816,182.761460,73.838654,70.159737,25.269984,10.405837,223.535908,34.326817,50.257222,6.417497,16.849188,24.776258,103.202763,90.327086
2012-01-01 09:00:00,14.210102,65.825686,388.903018,24.567295,49.104221,166.020658,110.786784,83.423368,20.134604,105.891829,252.621585,177.866675,203.553344,44.021521,60.125139,37.477332,253.053765,152.179175,133.034930,59.841766,24.563587,259.748596,66.861274,65.618103,16.019157,21.137547,40.458146,70.011753,147.445849
2012-01-01 10:00:00,12.166409,101.824803,472.538635,30.879438,72.013701,193.697226,161.459246,128.893469,30.162869,154.510438,281.913241,216.250257,310.502863,70.354858,84.057812,49.165782,309.279580,201.432457,206.621388,86.390762,35.466481,343.265890,97.234481,84.338862,23.669913,34.093673,56.981793,66.262688,221.148506
2012-01-01 11:00:00,11.727296,126.166148,478.722308,29.858734,85.108651,213.779830,219.761975,174.788514,35.869314,200.357980,320.059947,246.913503,376.519144,80.874448,100.547329,56.072324,326.053707,227.987238,254.185544,99.961117,42.296404,434.887297,111.568239,101.729856,27.996840,58.418471,67.867299,63.768900,275.481220
2012-01-01 12:00:00,12.396484,156.184216,442.781667,30.712387,88.128876,218.598697,258.969846,214.684579,37.420754,218.053820,338.237217,259.636839,410.091122,91.040614,106.219573,59.743316,330.639889,238.871697,301.456276,107.919829,44.415270,558.723859,113.270565,86.870859,29.154313,73.544911,68.062336,56.833542,348.328370
2012-01-01 13:00:00,10.160964,135.017852,396.140040,62.630180,89.159980,192.391871,278.758641,212.552394,35.968062,203.690635,338.832409,224.767348,449.338784,112.581372,110.955614,57.137272,334.251592,264.934574,363.278801,108.187946,45.320811,601.450450,104.941077,113.990013,27.979676,91.973110,63.131956,49.879597,451.685184
2012-01-01 14:00:00,9.599229,124.864265,340.673787,77.428258,79.277825,148.360853,270.711987,185.971329,31.383214,176.982853,330.572342,183.463978,423.694029,132.354528,97.540536,55.953112,291.673770,280.386053,422.928159,106.359916,39.790133,643.349986,83.785228,118.489411,24.973630,98.489285,52.912745,39.306148,467.404488
2012-01-01 15:00:00,5.212554,98.833075,280.504042,91.021954,72.923744,103.323842,274.565962,142.953479,27.622524,140.441553,333.683362,140.352429,355.580507,96.235512,70.595730,44.947513,206.334696,205.690013,387.746552,96.767830,14.846226,582.910916,9.051422,149.829871,22.178086,96.301855,16.644662,26.334639,447.956492
2012-01-01 16:00:00,6.434042,36.498370,128.722559,78.488148,41.359012,15.447778,241.326321,73.427276,12.184026,48.217393,336.254779,41.428571,196.709592,65.854226,21.869606,29.330047,83.371338,148.963979,236.715491,50.642729,14.060117,524.194314,13.354558,219.410959,11.727499,123.848289,27.679796,3.503668,324.967942
2012-01-01 17:00:00,7.296269,38.694547,120.242526,74.455331,35.157788,14.363724,274.133355,75.144101,11.720755,75.382121,331.692112,44.867924,155.684597,73.115238,29.038982,28.572556,88.681615,220.440931,324.668446,82.804463,9.882511,593.813872,9.793342,297.646155,5.815449,119.741914,36.921722,3.432164,283.663253
2012-01-01 18:00:00,5.793904,44.341859,149.161614,80.612965,23.701289,25.204270,264.958507,85.973304,11.581774,86.791307,320.008917,53.309972,168.307672,84.622364,35.485394,57.781404,155.591097,194.898116,224.301078,80.564342,9.298544,658.191486,9.570766,293.699154,5.718846,153.523697,48.048816,9.295445,243.112988
2012-01-01 19:00:00,6.486298,72.264680,230.265524,82.260783,20.600677,32.115118,260.232069,124.007576,11.836573,102.411026,309.328127,57.843665,183.455363,99.175959,32.714039,92.080591,248.166914,198.547090,155.706190,94.165075,9.949891,765.978942,11.796526,301.804602,7.071276,199.077091,58.440234,21.701288,253.297705
2012-01-01 20:00:00,9.086043,54.799845,294.409367,93.231778,15.923482,27.372379,429.271704,162.834229,13.458021,124.686103,244.033588,40.803234,163.679211,131.534818,26.990589,103.442955,304.101825,288.268910,189.161979,80.484338,13.318929,854.764354,20.402796,275.655722,15.920032,173.289052,85.706213,19.949454,386.830673
2012-01-01 21:00:00,11.287335,47.060935,335.939787,103.552319,16.186246,19.648490,260.232069,216.716116,18.970945,148.862711,213.754066,32.673854,179.668440,123.374072,18.977758,98.261717,322.510783,396.235597,227.457285,54.722949,9.972352,799.887761,20.551180,280.800919,31.376374,179.147481,118.029962,17.268076,508.670076
2012-01-01 22:00:00,11.731512,184.374286,487.058332,132.779397,21.494074,19.919504,197.120232,258.448165,28.884943,219.491005,203.730024,42.366576,221.955743,89.499870,12.651838,107.109210,325.519939,347.725714,175.905911,40.322173,12.937105,765.323699,24.705932,247.603822,22.952668,183.801374,150.169792,29.423658,495.656269
2012-01-01 23:00:00,14.951799,195.355171,745.155760,153.030207,36.892029,34.147720,309.442621,274.427842,87.187592,253.718563,198.026689,88.485174,294.959196,73.872909,28.436513,170.011253,399.863808,342.788867,143.712605,20.641112,19.585339,832.486095,36.650842,327.883001,11.457013,227.493210,184.792527,68.786291,534.697688
2012-01-02 00:00:00,28.675578,192.217775,0.000000,109.016135,61.118845,44.310732,330.294550,286.577679,122.581492,262.275452,169.959370,133.509431,0.000000,94.045896,35.666135,153.800948,482.881128,332.271238,119.094194,16.560893,0.000000,975.001424,0.000000,384.832585,0.000000,285.365731,242.359146,0.000000,0.000000
2012-01-02 01:00:00,47.455143,214.074965,0.000000,80.656329,65.690934,46.343335,263.846404,317.348462,73.405281,244.210908,159.797065,134.447437,0.000000,98.292009,65.247338,0.000000,0.000000,323.900063,78.694750,19.841069,0.000000,1007.435948,0.000000,471.314193,0.000000,319.476025,273.441442,0.000000,0.000000
2012-01-02 02:00:00,55.999028,241.370308,0.000000,50.561978,39.256902,55.693306,266.626661,319.593540,61.869835,303.565839,184.718908,0.000000,0.000000,35.168556,131.880354,0.000000,0.000000,323.900063,65.017855,8.800474,0.000000,1039.706660,0.000000,495.207645,0.000000,385.123283,276.889922,0.000000,0.000000
2012-01-02 03:00:00,54.940840,382.448533,0.000000,45.878707,45.458126,110.980091,312.222878,297.274818,30.460065,422.411525,140.129202,143.181738,0.000000,27.875974,102.359397,0.000000,0.000000,380.351830,51.340960,4.480241,0.000000,1224.976588,0.000000,402.241678,0.000000,388.736894,249.991781,0.000000,0.000000
2012-01-02 04:00:00,58.389748,456.072752,0.000000,66.779971,62.485216,172.500191,308.330518,325.668459,34.050414,434.907300,128.964492,237.940696,0.000000,24.040265,117.240369,0.000000,0.000000,479.303407,48.605581,4.640250,0.000000,1202.534519,0.000000,336.340860,0.000000,344.388037,217.805972,0.000000,0.000000
2012-01-02 05:00:00,62.648627,530.115290,0.000000,120.854402,107.785685,231.174647,303.882107,478.729993,56.495892,416.163638,122.327885,0.000000,0.000000,118.828047,158.208227,0.000000,628.442325,554.643978,41.872340,6.320341,0.000000,1196.964954,0.000000,315.407659,0.000000,346.194842,225.576546,0.000000,0.000000
2012-01-02 06:00:00,54.908180,619.112748,0.000000,101.991229,148.724275,318.847564,313.891032,282.615775,88.762713,545.060274,121.567440,459.153630,0.000000,15.958443,183.451657,268.757764,985.410279,469.644359,49.236822,6.000323,0.000000,1084.426988,0.000000,284.606956,0.000000,287.720053,188.286986,0.000000,0.000000
2012-01-02 07:00:00,52.479002,398.240092,0.000000,56.459430,121.449399,570.066270,211.577569,118.328848,106.783953,571.274237,138.953969,507.935826,1082.218333,31.585404,176.402776,244.308327,1184.339851,403.318899,62.492890,6.320341,0.000000,905.054246,0.000000,273.470775,0.000000,212.381748,147.907520,0.000000,1338.347370
2012-01-02 08:00:00,61.318405,356.173447,334.352404,74.826503,125.607485,657.609153,193.331318,154.416453,39.710338,484.651833,188.090018,650.541085,1010.246690,29.053886,159.592938,242.794150,1269.891876,494.512383,80.794147,16.582901,0.000000,754.198633,0.000000,281.516710,59.267628,197.221304,105.835958,0.000000,1220.297198
2012-01-02 09:00:00,64.370209,381.723263,0.000000,80.861899,215.456476,702.498522,296.400653,203.273571,35.141414,435.891905,217.410488,746.445454,1115.156223,52.447668,201.542320,290.174006,1309.114302,532.495207,135.744315,18.645679,0.000000,765.646069,0.000000,288.843806,0.000000,235.638029,97.784658,0.000000,1361.660012
2012-01-02 10:00:00,59.504864,398.296142,0.000000,65.479589,268.891657,992.045903,397.656141,274.077643,47.755995,573.793185,206.535790,0.000000,1454.683045,55.396961,230.873372,322.404995,1374.106328,502.853164,210.529830,30.922938,0.000000,761.847677,0.000000,268.139119,0.000000,191.160871,88.534392,0.000000,760.861845
2012-01-02 11:00:00,72.649235,531.593204,0.000000,83.858965,319.133809,1204.739867,565.324643,282.310921,114.187255,633.590089,209.281887,0.000000,0.000000,61.970039,292.896684,0.000000,1519.831480,701.669274,371.903257,58.009429,0.000000,947.398706,0.000000,323.910527,0.000000,240.076049,118.039135,0.000000,0.000000
2012-01-02 12:00:00,64.858684,579.907493,0.000000,97.551969,0.000000,1251.117344,738.830992,405.829226,0.000000,718.940699,201.418377,1350.698857,0.000000,94.938911,281.551693,0.000000,0.000000,742.760035,635.743703,89.579352,0.000000,1344.142907,0.000000,359.822342,0.000000,303.864005,138.772289,0.000000,0.000000
2012-01-02 13:00:00,70.153173,527.982023,0.000000,114.626955,323.067820,1316.437110,794.337200,500.082715,0.000000,819.052012,186.170934,1407.344594,0.000000,66.978285,357.014005,0.000000,0.000000,804.635159,700.885900,126.532688,0.000000,1201.518863,0.000000,405.507961,0.000000,362.446769,109.543417,0.000000,0.000000
2012-01-02 14:00:00,70.824896,519.994327,0.000000,100.537376,283.399259,1154.857461,802.698619,411.984509,0.000000,780.705197,183.858855,1343.556776,0.000000,102.682136,363.397102,0.000000,0.000000,865.554036,735.188073,129.746028,0.000000,994.952046,0.000000,359.806749,0.000000,326.584842,109.944486,0.000000,0.000000
2012-01-02 15:00:00,64.262036,334.970230,0.000000,84.479838,0.000000,1012.818393,567.509034,284.536737,0.000000,555.990146,161.224904,0.000000,0.000000,37.929730,391.166652,209.268355,1650.291224,606.457887,611.409693,117.590329,0.000000,716.778229,0.000000,0.000000,0.000000,268.165033,74.900977,0.000000,0.000000
2012-01-02 16:00:00,61.864784,303.490742,0.000000,44.968071,172.740880,914.671084,268.850867,191.227870,46.234440,371.885131,104.561134,977.557933,1275.561772,29.675442,305.270787,132.348807,1352.881401,312.094560,345.920237,59.843225,0.000000,456.376675,0.000000,216.380226,167.450143,165.350059,25.610708,0.000000,866.832654
2012-01-02 17:00:00,59.082143,198.387987,1056.525194,28.273079,116.719652,825.372084,194.618001,106.971392,48.110688,340.645693,77.288825,876.878689,932.424505,46.407340,242.855051,67.598486,909.473327,177.941121,226.826044,44.402393,112.188955,316.973749,130.948857,213.772386,89.646782,158.615603,45.657870,239.214694,534.509082
2012-01-02 18:00:00,54.607707,148.817135,930.846749,16.825084,97.958321,842.852465,144.295346,43.977128,66.201418,287.810297,68.163489,842.641493,867.626051,34.253037,200.742503,58.720693,603.778419,95.517249,114.885918,34.641867,122.857574,255.708539,84.207905,184.663255,52.377678,136.331671,40.278242,236.604819,422.665791
2012-01-02 19:00:00,50.982435,147.353017,793.644156,22.418990,50.345532,844.343040,152.636118,38.826653,44.612992,289.440180,74.938360,746.339608,675.544920,11.112506,172.968705,35.692970,536.691928,68.686561,81.009301,18.240983,125.957089,234.413145,71.001732,188.116881,50.194470,129.925725,61.934694,207.431424,355.522096
2012-01-02 20:00:00,47.638039,125.809567,790.165168,19.253446,40.991143,884.317554,149.855860,23.771420,18.554001,236.740607,87.243736,665.358478,572.035701,11.822822,143.387502,51.660878,389.420265,84.355682,109.625574,19.281039,136.311265,221.963530,82.872450,172.469842,19.842079,101.345351,103.178510,207.216913,313.651589
2012-01-02 21:00:00,30.047303,87.324180,615.998327,13.442721,37.417556,829.708303,84.797843,20.073644,7.018555,145.602944,114.654307,690.528289,327.568807,8.618506,71.573257,27.451469,358.620662,59.456804,110.888057,20.481104,135.098411,152.835405,83.317602,154.567373,10.355749,75.721567,48.002836,168.676570,265.368482
2012-01-02 22:00:00,10.823561,70.905142,389.646665,9.886905,38.416058,800.709842,91.748486,19.809517,5.281289,71.307412,148.874315,639.250662,194.605746,5.477329,44.221188,24.270008,418.095757,55.807831,94.475783,16.960914,136.468486,102.873134,65.956677,144.911318,7.187199,82.182264,26.806181,154.089872,185.022375
2012-01-02 23:00:00,7.635934,64.630351,319.414593,8.152360,65.585829,775.641079,103.425566,19.281263,3.289224,54.736928,186.896545,576.091633,105.823449,6.077152,11.446901,18.603976,489.607478,50.441693,100.367368,13.440724,127.664068,125.806635,50.969895,120.242562,9.312446,71.560439,26.254425,158.558836,265.557088
2012-01-03 00:00:00,10.046250,58.250980,233.744512,7.241724,108.101001,745.694070,83.407715,18.753009,1.227668,42.512800,211.818389,595.633412,95.724989,9.802367,4.337773,20.906748,523.416238,25.757460,104.154816,10.400561,89.257038,148.084894,33.312202,88.243662,4.617582,48.838494,42.117431,182.190716,437.377051
2012-01-03 01:00:00,9.216684,47.897574,241.137362,4.856725,71.419183,703.551447,89.246255,14.130789,1.227668,31.511085,228.202514,581.406997,152.528828,14.964000,3.976292,23.451918,613.336917,14.595894,115.937987,10.960591,75.915649,127.280932,29.009067,61.178513,2.550296,29.949166,64.141721,185.015101,536.017929
2012-01-03 02:00:00,9.569413,52.499088,390.081539,4.292998,35.262893,593.790917,86.465997,13.602535,4.099948,21.188488,240.093102,536.226405,172.936133,13.211886,5.964438,36.935255,743.438687,12.020148,128.983641,15.840854,75.488904,129.410471,22.999516,33.408543,2.279810,16.699261,36.232026,183.549281,455.294610
2012-01-03 03:00:00,8.556949,56.473122,587.948986,4.379725,19.444516,550.835253,80.071406,14.130789,6.045686,17.521250,254.818075,532.787052,162.837673,10.749455,5.602957,40.995406,583.245351,8.585820,125.406607,31.761712,59.834109,170.690774,16.989965,39.751937,1.622916,21.188898,28.001654,200.459840,318.932554
2012-01-03 04:00:00,15.245740,46.642616,648.831278,5.593907,12.770318,544.059911,74.788917,16.772058,7.180700,13.446541,262.837309,531.536378,127.072293,9.281468,4.819748,34.329487,370.657288,8.156529,132.139847,54.242924,55.117456,263.080021,17.286733,41.936884,1.584275,29.456401,26.944121,194.775318,246.507894
2012-01-03 05:00:00,11.574744,39.949505,550.767301,5.203634,11.719263,497.716576,84.519817,17.432375,2.733299,18.879486,261.212723,456.964951,95.304219,8.823709,1.385678,40.601511,262.327651,10.302984,167.489361,73.603967,45.369707,282.082065,13.280366,52.297762,0.888740,31.865475,45.336012,161.812241,258.390064
2012-01-03 06:00:00,12.887680,36.184630,485.318838,5.507179,9.669705,437.687052,130.672086,22.846976,1.436140,31.375261,258.274641,366.134764,101.405373,10.686316,1.445924,39.298627,175.593138,7.941884,185.164117,45.362445,39.372820,270.451504,10.980414,56.808620,0.637574,31.646468,44.370438,134.533686,279.325318
2012-01-03 07:00:00,20.558390,35.661731,605.778800,4.943452,7.672701,514.942586,180.994741,20.469834,1.273995,50.933866,246.107528,447.073916,145.586137,13.717000,1.867652,35.659964,151.609686,6.224720,245.552869,62.243355,42.607097,342.200601,13.799710,65.055032,0.540972,25.733287,46.559630,141.755532,334.586842
2012-01-03 08:00:00,36.240422,64.565400,655.393076,10.231659,20.790316,518.558317,255.995581,48.477792,7.967630,101.296192,246.520868,453.764187,190.795045,17.545802,22.003849,43.086505,193.946145,55.111172,257.654619,87.016223,40.668306,357.329374,39.120717,79.608639,6.198973,38.334387,64.337124,134.911686,323.721540
2012-01-03 09:00:00,33.250296,124.286338,737.249446,28.956431,53.700588,464.102714,423.109505,119.314767,20.681833,179.202284,275.977851,422.400887,283.199841,25.048004,58.076074,65.271761,315.114949,169.525320,333.049305,141.152158,41.458994,368.862545,76.701938,77.330782,15.927679,55.449387,79.599520,108.639767,388.671859
2012-01-03 10:00:00,38.913131,179.788468,760.889513,42.543608,89.394578,445.220553,454.474057,186.226056,31.179398,260.030148,289.615989,432.909055,356.330148,32.438908,87.326446,99.402091,530.104809,275.837312,363.371845,187.756978,48.629176,469.485659,108.414691,73.064423,25.154134,65.832490,92.327581,86.286964,512.272556
2012-01-03 11:00:00,47.608132,189.020031,748.815933,52.288197,96.205166,370.232233,509.045124,229.839896,37.439812,300.710799,303.689822,375.548588,397.815262,33.466000,104.662656,113.548618,555.326463,342.152442,327.919807,124.525509,56.227387,539.524405,123.922733,111.100639,30.612108,118.470934,92.366156,84.746671,628.480637
2012-01-03 12:00:00,40.104411,244.922526,836.131889,63.271944,104.176974,290.714206,591.116927,252.381828,39.972673,327.798754,305.521197,330.566562,432.309527,33.216351,108.548557,100.010305,610.511958,370.120767,365.905510,137.898097,55.674250,621.388388,121.384414,101.792961,33.705615,97.682568,91.059379,112.897114,764.955357
2012-01-03 13:00:00,31.110309,221.141008,741.880110,65.246035,111.619513,282.111242,578.371205,233.184244,37.975354,325.541124,280.772355,275.823248,454.909792,27.868011,103.544200,82.932073,601.410372,358.607649,358.898419,135.475959,48.900360,525.855300,109.138076,91.913115,39.187668,61.785146,73.914032,174.296198,908.131309
2012-01-03 14:00:00,28.540863,188.085014,565.661501,58.675346,92.890894,218.625974,515.457326,203.380204,31.261044,286.749208,261.666503,195.436320,400.125230,29.552645,86.583471,74.471369,591.401380,309.570061,300.650948,113.149736,39.850508,486.178236,85.160032,104.541865,31.848412,80.516371,55.182897,138.905074,773.831279
2012-01-03 15:00:00,14.109168,136.692807,444.744508,45.860203,73.544586,165.438367,429.530640,160.983412,21.432894,225.887704,253.102408,144.524744,293.707324,23.342143,61.894244,55.648021,439.706580,233.260060,230.194715,79.430528,23.695565,426.844799,9.793342,115.022703,22.915539,96.678163,17.058479,124.717309,732.499076
2012-01-03 16:00:00,4.899017,53.440306,277.884173,5.377089,27.695298,67.482400,171.541866,31.563164,3.011261,107.300677,229.066655,53.153638,132.121523,7.592493,11.868629,32.996303,256.663356,20.605968,95.317438,25.681384,26.143732,311.567996,12.241678,67.239979,14.026630,60.117339,6.805000,122.020588,588.261760
2012-01-03 17:00:00,5.003529,47.060935,272.230818,9.366541,24.016605,62.468647,195.452078,32.355544,1.992065,91.409311,232.246696,50.652290,112.345371,8.902633,12.109617,23.330719,266.929890,18.030222,140.135571,28.961561,18.147883,292.565952,9.793342,42.148331,13.756144,31.427462,9.517804,146.403254,543.939376
2012-01-03 18:00:00,8.217284,29.596099,258.532302,15.307357,15.397955,88.756972,185.999203,31.299037,0.926542,79.728478,245.035992,59.563341,114.238833,14.127405,10.543199,11.604760,323.749847,13.951958,156.337431,18.320987,8.871799,222.618773,7.864351,28.051899,15.359740,15.494724,11.724831,170.893176,492.827181
2012-01-03 19:00:00,6.270742,18.928954,322.893581,19.730446,9.406942,139.572032,217.138084,36.977765,0.833888,79.321007,259.795531,82.544473,99.722296,22.935328,5.000489,10.574573,374.020463,17.171640,215.253286,20.801121,4.694193,197.228111,5.935359,24.175380,18.431688,20.915140,10.713277,168.676570,465.479328
2012-01-03 20:00:00,11.300399,16.628197,410.955467,21.204809,12.665212,164.369781,265.792584,43.184747,0.857051,80.000125,256.684621,75.509433,78.683837,26.707898,3.132836,13.513637,333.485354,17.815577,276.694107,30.881664,2.785071,202.797675,4.525711,30.236846,19.706836,19.327341,7.770574,159.309622,503.011899
2012-01-03 21:00:00,12.260606,24.262527,458.574117,20.120719,17.027090,152.851701,323.899958,49.127602,1.227668,88.421191,271.651553,72.851751,62.694608,32.974467,4.578761,12.756146,297.375475,24.684233,263.858867,24.241307,6.491013,219.342558,5.786975,45.038099,16.113236,16.370751,7.862533,165.744929,486.791793
2012-01-03 22:00:00,17.094303,42.982321,515.542547,22.635808,14.189242,188.761010,374.778664,58.239980,0.741234,114.635154,287.897415,88.016171,78.894221,35.926227,5.663204,13.513637,282.506701,33.484698,279.429486,30.801660,8.871799,262.752400,6.603087,80.631589,9.486330,22.448187,9.885642,169.248597,421.722762
2012-01-03 23:00:00,29.740298,54.172365,559.899645,31.438623,12.297343,266.541929,445.397196,69.861563,0.718070,120.203923,304.903722,122.878704,92.358835,48.664568,6.747647,12.786446,258.610458,36.060444,312.674862,35.681923,9.815130,302.886027,7.419199,94.305128,5.467681,23.433717,22.851925,169.463107,396.260967
2012-01-04 00:00:00,32.758092,51.244129,540.547773,38.897165,15.503060,287.952008,502.392467,89.935207,0.532762,133.514640,290.178749,140.700806,74.896914,58.640568,6.265672,13.210641,245.157758,29.835725,329.507963,33.441802,8.422594,313.042292,7.641775,81.618339,5.313117,28.361368,26.392364,181.582937,485.282946
2012-01-04 01:00:00,36.834074,46.956355,565.987874,46.052162,36.524159,240.389111,590.804645,110.669168,0.810724,197.080104,241.752254,117.407006,83.733067,48.396226,3.614811,12.150154,225.686744,22.967069,389.686301,21.441156,6.738075,313.533724,10.461070,82.675572,8.307784,29.894415,25.058952,198.350489,745.559069
2012-01-04 02:00:00,44.176067,38.067068,624.043487,68.427789,69.579837,196.213886,697.288494,133.648208,0.880215,256.570859,195.330567,98.177896,93.621143,41.735037,3.193083,14.422626,327.644050,27.474624,459.122845,20.401100,4.626812,302.558406,8.235311,75.063499,12.384394,33.836535,24.783073,210.291561,938.502891
2012-01-04 03:00:00,50.877922,48.734213,777.336400,77.620876,79.669965,283.344776,780.974234,176.832955,2.339518,312.937670,157.446600,114.905658,147.689982,36.668113,9.157521,10.332176,374.905509,43.143746,461.437397,25.121354,20.393908,282.409687,10.238494,62.940567,10.587594,40.570991,21.426553,231.528077,807.044588
2012-01-04 04:00:00,54.784072,77.911993,887.794271,65.435699,84.136948,436.874011,861.045640,216.451989,6.532120,320.679618,122.466148,286.716976,317.891116,51.142783,25.183183,17.482890,427.654254,72.120889,472.799740,23.521268,45.077724,252.596135,22.702748,66.605640,6.684868,40.297233,14.483614,199.995068,626.360149
2012-01-04 05:00:00,49.852395,63.793712,635.132762,68.991516,121.659610,536.607036,1006.731115,219.621511,10.469923,264.991925,76.770340,497.142848,501.556864,42.161226,31.388609,16.664799,609.265705,86.716783,477.639257,23.681276,101.228352,182.812767,57.498790,59.205013,7.187199,39.311703,20.185101,192.093940,659.366179
2012-01-04 06:00:00,50.342297,41.936522,615.128580,59.278065,86.974797,576.446043,977.260389,225.300240,6.949064,195.178573,43.967525,627.838263,649.036461,55.499391,22.050347,26.148585,784.150806,98.951577,448.181329,53.442880,120.903532,174.294609,89.104577,60.967067,6.993995,23.597972,28.783310,213.616470,548.088706
2012-01-04 07:00:00,57.099489,30.118999,634.045578,43.753890,50.450637,614.783523,773.745565,219.753575,2.339518,122.784572,36.570473,671.305096,659.345306,32.753480,9.157521,61.803623,842.653647,105.820233,380.428095,74.003989,147.316788,178.226067,113.291164,82.323161,8.133900,18.068053,45.380950,254.587930,536.206535
2012-01-04 08:00:00,56.112839,35.645165,719.403543,63.010080,64.785327,680.072792,571.432454,247.267194,7.764768,184.022932,39.343165,734.271651,709.329783,4.607038,21.743564,59.863686,935.601523,180.339223,347.196437,125.420609,142.902605,175.605667,158.187155,75.380398,11.030117,18.561009,38.570748,286.576953,531.105754
2012-01-04 09:00:00,55.313334,96.506045,891.630907,80.162042,83.542590,807.646881,696.711662,284.245423,19.572197,279.730925,11.446466,924.323103,832.119224,3.482429,54.579696,55.622141,794.887361,331.355897,435.047731,226.870143,163.335071,161.867288,225.374966,37.098799,42.563050,10.850307,71.504307,321.658686,532.872310
2012-01-04 10:00:00,41.313624,127.260917,966.949151,95.829920,101.931690,968.598923,820.656261,330.526245,30.826029,342.864845,8.748274,1104.516330,853.827748,3.458889,81.426164,79.928179,679.304305,476.171817,549.465921,356.894202,184.125162,151.473597,288.277192,49.688300,90.366224,24.585642,103.062980,327.140773,523.801070
2012-01-04 11:00:00,33.456513,138.401263,871.994386,82.140652,111.055112,1172.039980,706.994402,347.239323,36.958987,360.698879,19.276932,1091.731283,806.984221,4.078683,97.948895,97.091306,554.948852,499.093954,453.283942,242.206751,186.417990,191.734916,348.030684,52.830192,82.994732,29.684923,105.927976,352.493326,607.992217
2012-01-04 12:00:00,31.728257,140.885053,900.932290,74.671443,149.236206,1242.068770,642.280685,344.430879,38.889369,364.106034,32.251838,1146.046786,1045.942211,11.418872,101.965969,149.261358,516.845304,503.760136,459.070470,257.049716,169.667298,237.761732,294.520658,64.740841,95.181029,42.917100,100.348794,362.874470,691.910783
2012-01-04 13:00:00,41.168297,169.965917,1145.882912,68.882718,144.144530,1294.640588,729.571478,404.629416,37.536976,451.657877,37.363553,1197.924762,997.541274,13.631367,97.754028,153.388240,624.075333,496.542025,486.121907,331.949805,165.533200,297.307333,246.893906,0.000000,110.970402,58.587695,73.153920,390.123461,667.277248
2012-01-04 14:00:00,39.630441,141.695857,1079.574865,73.016176,125.040266,1308.734912,683.648310,345.777224,30.394989,298.373930,38.201758,1165.571729,890.613486,25.012039,85.322786,114.137736,642.568283,423.287541,422.089036,292.481688,177.488683,239.956431,210.761527,87.976149,121.956497,65.349431,57.378689,376.391536,609.668083
2012-01-04 15:00:00,27.012556,106.482439,1133.527551,85.573688,103.838806,1315.618920,565.344814,276.443359,20.424205,230.476989,28.406464,1207.279981,730.680230,12.979729,63.527467,131.925016,690.330624,417.166619,342.642015,180.438258,139.680302,183.798614,125.013498,61.198387,119.155439,48.765978,25.932567,365.885673,494.544388
2012-01-04 16:00:00,32.777688,61.388375,1010.428601,99.129230,40.728379,1224.575197,371.164330,209.452626,2.594317,228.319542,10.335134,1017.266827,516.704554,1.341709,11.687889,115.956704,525.717357,202.625354,288.687692,145.847861,129.371047,42.099356,81.388610,9.937984,118.376257,4.106376,38.760911,342.644392,274.421565
2012-01-04 17:00:00,45.319171,23.112148,1009.123981,120.854402,60.435659,1178.367369,373.944587,271.126255,1.111850,229.813602,10.646225,994.285695,412.564182,2.430861,7.169375,96.352840,511.025593,168.282074,425.246228,277.454954,121.981624,40.625059,69.146932,2.819286,81.281037,3.339852,42.347329,350.688527,265.179876
2012-01-04 18:00:00,34.195137,7.948069,639.264060,165.172019,63.378613,1024.702627,465.971099,175.116130,1.227668,165.840666,16.107599,1026.803215,350.711112,3.741000,7.470609,81.384820,505.184289,185.239069,381.900992,111.526011,122.632972,29.977362,75.972595,5.356644,88.487557,2.956590,65.751011,341.786351,277.062047
2012-01-04 19:00:00,34.208201,6.379371,805.168305,101.340774,57.387600,1080.802454,641.405325,106.575201,0.718070,138.540114,26.857521,960.204833,289.489196,4.656519,4.458267,97.776923,578.112084,180.302222,451.547950,85.204592,113.603951,21.950637,67.069556,5.779537,35.935995,2.792335,59.681687,343.144916,215.576528
2012-01-04 20:00:00,24.586532,7.216010,677.315492,111.617952,32.057176,1113.595106,538.257785,120.309800,0.880215,90.322722,24.852712,905.487853,552.890704,3.330595,5.181229,39.662222,490.846543,124.709037,307.414517,72.083885,108.819917,28.994498,48.447368,3.312661,20.981984,2.190067,72.785909,332.598162,189.548916
2012-01-04 21:00:00,8.086644,9.830506,612.301903,107.281590,31.531648,1051.397472,329.738498,101.292663,0.625416,101.867731,36.846998,773.385430,688.799149,2.762342,8.555053,21.027947,342.335814,109.254561,180.114187,120.246481,107.337540,31.124037,48.966712,3.101215,16.403043,1.423544,83.637125,315.365837,194.452669
2012-01-04 22:00:00,4.108642,22.066350,685.795526,110.186952,36.366501,897.326210,346.420041,105.914884,0.787561,85.704718,46.421687,692.716968,712.782992,4.167190,12.651838,20.391654,446.948258,154.115471,228.509354,94.085071,105.136436,32.434523,56.460102,3.101215,14.297116,2.080564,81.981855,317.010416,211.238593
2012-01-04 23:00:00,3.566484,30.537318,700.798662,79.181966,43.040700,769.136751,417.038573,76.068545,0.602252,74.838827,51.191748,634.560635,485.567635,6.582266,16.025662,13.756034,527.487449,121.274709,388.634232,99.365356,91.008938,49.962271,48.076408,4.933751,7.129238,5.529919,67.452261,320.478332,265.934300
2012-01-05 00:00:00,7.139500,20.811391,727.978256,58.324066,37.995636,777.131654,452.903890,59.692678,0.949705,60.305697,74.074218,694.749313,419.086104,3.835709,7.952584,10.120078,519.699044,192.966307,302.575001,70.483799,77.690009,94.191166,40.657209,7.753037,6.066614,15.658979,69.797227,313.220735,320.252795
2012-01-05 01:00:00,8.171560,32.419755,529.458499,58.063884,35.473104,696.911612,442.894964,43.448874,1.783593,62.071404,64.879751,679.584893,295.590350,8.129177,3.554564,12.816746,514.565777,151.110434,404.625679,153.848292,74.725256,119.909449,40.508825,23.118148,4.868748,20.039113,56.049288,303.675028,293.847971
2012-01-05 02:00:00,17.995722,32.942655,538.808279,71.333151,31.794412,618.724173,403.693338,27.601260,1.204504,39.253032,51.364577,646.754705,308.003040,14.648303,3.976292,10.544273,525.540348,85.643555,386.950922,90.964903,65.965758,157.913537,36.279882,18.677772,2.221849,13.742670,70.211045,286.871724,293.847971
2012-01-05 03:00:00,19.204146,21.334291,520.108718,114.349860,37.154792,578.343138,353.370684,31.034910,1.065523,41.290387,51.571971,539.978426,331.355730,23.992911,8.856287,19.967460,494.563736,65.466878,323.826791,108.005821,57.700385,190.675682,34.128314,23.188630,3.129909,15.877986,80.050706,270.425937,380.795285
2012-01-05 04:00:00,22.078236,18.615214,665.573908,94.055687,46.351523,544.872952,394.240464,43.977128,0.555925,47.674098,52.816335,473.692713,350.290343,25.555607,6.084932,22.270232,510.671574,69.759788,253.969420,90.644885,53.545239,187.727089,34.944426,36.368794,4.327776,21.243650,43.818681,258.878135,488.677852
2012-01-05 05:00:00,26.650651,17.255676,812.343717,62.617064,38.521164,507.608575,319.451547,67.484421,0.486434,57.317577,60.524478,439.924520,337.667268,28.696784,4.759501,33.420498,534.921836,54.519958,227.878112,83.524502,60.395615,209.022483,34.796042,27.769970,5.390399,15.330469,23.863479,251.978055,536.206535
2012-01-05 06:00:00,53.177194,14.745760,753.418357,68.037516,37.259898,541.078761,351.146478,52.561252,0.393780,66.961055,62.771246,452.587592,286.333428,43.739707,1.807405,31.511621,511.202602,54.949249,246.815352,71.443851,75.758427,180.519417,42.141049,36.298312,8.230502,8.267503,27.036080,260.701472,525.644605
2012-01-05 07:00:00,60.546050,14.745760,609.910098,64.698517,42.042198,519.447920,327.792318,53.881886,0.555925,85.840541,53.403951,522.066450,282.967274,47.354429,3.253330,54.945904,488.281206,76.628444,247.025766,49.762682,81.418411,129.574282,44.589384,31.998900,9.563611,8.322255,15.787957,262.882327,497.353722
2012-01-05 08:00:00,65.599013,59.718164,695.278381,48.383286,57.098030,558.582331,319.649417,121.071032,7.714076,161.945097,82.990895,586.130037,312.126760,56.787136,23.220053,67.717106,543.436319,150.539447,291.116277,68.088975,107.930991,122.650452,77.552891,39.866342,16.430507,16.515253,34.450756,281.716692,524.951122
2012-01-05 09:00:00,66.778497,116.257992,776.940682,83.361059,111.257985,600.138147,395.508146,197.036363,20.857766,229.304432,121.538922,694.775721,504.851826,54.683383,57.173548,96.130491,716.652748,245.930133,367.125439,121.516108,150.514438,212.413246,142.581523,65.088971,30.067751,35.175907,65.997964,308.576055,740.031727
2012-01-05 10:00:00,68.201074,163.763083,1169.014813,121.789340,0.000000,695.111034,506.355391,265.214190,0.000000,326.818510,110.527592,846.005443,712.205446,78.374995,83.512774,138.822171,937.632141,349.141823,444.061475,112.008765,160.005768,332.601282,198.821277,0.000000,49.158370,65.724210,94.095980,327.184483,939.249301
2012-01-05 11:00:00,67.632537,0.000000,1484.743908,120.175366,0.000000,813.152190,542.835182,305.623947,0.000000,420.970833,108.659764,971.490682,0.000000,87.060375,0.000000,204.583903,820.855844,407.478370,420.627612,122.290773,176.524680,462.393452,228.281037,0.000000,58.342611,101.466204,103.252899,338.314891,1060.951829
2012-01-05 12:00:00,60.828567,0.000000,1533.074349,140.076631,0.000000,849.640249,513.302387,300.586737,0.000000,472.645521,112.735040,968.551568,0.000000,93.304979,0.000000,222.262884,844.473543,404.236521,420.786061,134.005807,175.847080,488.433987,239.159663,0.000000,49.607836,109.713802,119.482241,343.061511,1128.267679
2012-01-05 13:00:00,57.666389,0.000000,1537.266644,102.641418,0.000000,0.000000,550.865743,288.039787,0.000000,441.284098,120.727212,0.000000,0.000000,130.392618,0.000000,0.000000,983.385627,378.521899,430.140107,140.469594,174.539134,516.599485,240.973613,0.000000,100.808775,102.012040,130.457733,338.072862,1141.024043
2012-01-05 14:00:00,55.060906,0.000000,1506.040872,125.003007,0.000000,0.000000,532.816974,271.601435,0.000000,402.566397,124.651545,0.000000,0.000000,142.454206,0.000000,0.000000,926.179655,332.600340,379.318036,118.509212,174.947712,435.162346,234.559758,0.000000,118.914617,104.605122,105.015411,325.631941,1020.115952
2012-01-05 15:00:00,61.049713,0.000000,1440.050862,172.123128,0.000000,417.366672,436.881362,245.734046,0.000000,333.805038,113.103956,0.000000,0.000000,157.405615,0.000000,0.000000,895.587937,250.464204,376.916825,94.670913,170.880444,347.808701,195.443958,0.000000,124.702776,94.332935,96.511449,336.180418,909.217001
2012-01-05 16:00:00,61.590439,0.000000,1240.694125,136.161759,0.000000,1086.629247,209.353364,172.210734,0.000000,217.046179,98.270183,971.304564,0.000000,154.170235,0.000000,153.679750,810.171160,34.772571,311.622793,35.601919,195.134662,157.258294,236.969207,0.000000,112.618770,46.867434,110.121449,328.951487,719.531457
2012-01-05 17:00:00,60.852321,0.000000,1241.346435,173.541198,0.000000,1174.166658,279.137818,155.702803,0.000000,198.438340,85.066099,1075.892163,0.000000,155.874995,25.303677,188.160735,838.492633,32.840762,398.523680,24.481319,201.535834,109.425563,296.026029,0.000000,113.835957,34.657810,130.490468,333.205941,739.900892
2012-01-05 18:00:00,57.632034,0.000000,1303.750784,200.513368,0.000000,1264.549711,275.245458,146.326299,0.000000,222.343301,62.632983,1195.487848,0.000000,156.711590,0.000000,181.282717,918.677806,32.196825,414.515126,14.080759,189.137775,70.602422,351.670019,0.000000,114.917901,35.041072,144.008508,330.417308,751.594457
2012-01-05 19:00:00,59.245443,0.000000,1199.381142,197.477915,0.000000,1210.585425,300.545798,125.592338,0.000000,214.465530,43.760131,0.000000,0.000000,154.770058,55.125867,221.641831,994.968776,28.118561,403.152783,15.920858,162.589758,113.848453,379.343631,0.000000,0.000000,35.752844,136.191954,327.092398,655.405455
2012-01-05 20:00:00,63.968095,0.000000,1172.636421,203.722275,0.000000,639.384688,442.894964,112.121866,0.000000,205.636993,32.975643,0.000000,0.000000,149.261160,78.561892,217.127186,1053.381816,36.275090,490.474497,14.240768,152.752168,238.999845,430.610294,0.000000,0.000000,18.725073,134.398745,334.278492,730.659204
2012-01-05 21:00:00,64.902175,0.000000,1325.929333,182.994466,0.000000,0.000000,478.482256,107.235518,0.000000,252.631973,34.116310,0.000000,0.000000,140.500590,69.645358,184.221782,1151.798937,21.679196,570.010902,12.560677,164.543800,321.396639,412.804217,0.000000,0.000000,8.103248,122.719894,295.505374,922.471390
2012-01-05 22:00:00,64.732342,0.000000,1592.289358,123.065947,0.000000,0.000000,440.670759,150.420265,0.000000,315.789967,31.834977,0.000000,0.000000,117.944097,0.000000,0.000000,1171.446960,19.747386,448.602157,12.720686,159.939449,360.875023,416.068664,0.000000,0.000000,4.818147,87.131585,219.309867,1000.177016
2012-01-05 23:00:00,64.967495,0.000000,1650.344972,124.757128,0.000000,0.000000,346.976093,159.928834,0.000000,301.392661,27.203178,0.000000,0.000000,126.404755,0.000000,0.000000,1156.578186,13.522667,298.577139,23.361259,138.669591,385.938064,374.001807,0.000000,0.000000,3.285101,58.394255,0.000000,1115.038000
2012-01-06 00:00:00,65.117731,0.000000,1720.142170,150.471753,0.000000,0.000000,351.424504,167.852640,0.000000,269.066634,17.075438,0.000000,0.000000,130.934996,0.000000,0.000000,1173.217052,11.376212,322.564309,18.561000,142.442913,425.416448,361.092402,0.000000,188.374165,3.339852,0.000000,356.945077,1140.122583
2012-01-06 01:00:00,0.000000,0.000000,1767.978257,147.176118,0.000000,0.000000,359.209224,152.137090,0.000000,303.430015,10.922750,0.000000,0.000000,133.555274,0.000000,0.000000,1239.949524,22.108487,315.199827,12.400668,141.185139,496.837923,0.000000,0.000000,182.848523,7.993745,0.000000,0.000000,1148.044031
2012-01-06 02:00:00,0.000000,0.000000,1718.402676,148.693845,0.000000,0.000000,351.980555,171.286290,0.000000,375.688193,8.053800,0.000000,0.000000,135.117970,0.000000,0.000000,1242.427653,27.474624,398.523680,29.201574,0.000000,467.515804,0.000000,0.000000,0.000000,14.782952,0.000000,0.000000,1099.572318
2012-01-06 03:00:00,0.000000,0.000000,1704.051851,169.595108,0.000000,0.000000,410.087930,209.320563,0.000000,358.574414,9.332729,0.000000,0.000000,134.234021,0.000000,0.000000,1303.141813,21.249905,401.890300,48.722626,0.000000,437.866063,0.000000,0.000000,0.000000,19.601100,0.000000,0.000000,1118.055695
2012-01-06 04:00:00,0.000000,0.000000,1788.852185,189.672463,0.000000,0.000000,431.217884,241.411980,0.000000,330.051449,12.754730,0.000000,0.000000,119.901414,0.000000,0.000000,1290.043131,16.313058,269.960866,45.362445,0.000000,452.445217,0.000000,0.000000,0.000000,10.074308,0.000000,0.000000,1163.132501
2012-01-06 05:00:00,0.000000,0.000000,1737.754548,167.513655,0.000000,0.000000,307.774467,284.332600,0.000000,309.134608,12.962124,0.000000,0.000000,126.531034,0.000000,0.000000,1231.807101,16.742349,207.467977,22.001186,0.000000,559.413620,0.000000,0.000000,0.000000,7.391476,0.000000,0.000000,1171.619766
2012-01-06 06:00:00,0.000000,0.000000,1766.891073,122.155311,0.000000,0.000000,256.895761,244.581503,0.000000,276.944405,13.480609,0.000000,0.000000,120.832717,0.000000,0.000000,1222.779631,26.186751,186.426600,21.521160,0.000000,572.846099,0.000000,0.000000,0.000000,4.653892,92.629910,0.000000,1120.130359
2012-01-06 07:00:00,25.350706,0.000000,0.000000,67.820698,0.000000,1264.766608,251.613272,213.678656,0.000000,291.477535,12.547336,1490.558343,0.000000,97.187073,0.000000,182.672610,1218.915939,30.050370,168.962257,16.800906,0.000000,660.321025,0.000000,0.000000,0.000000,3.558859,228.613178,0.000000,1080.523123
2012-01-06 08:00:00,34.117450,0.000000,0.000000,46.095618,0.000000,1347.108049,226.786573,354.467507,0.000000,437.115359,10.617531,1501.113163,0.000000,85.930014,0.000000,198.420069,1281.388706,82.011661,170.833647,39.377506,0.000000,732.019253,0.000000,0.000000,0.000000,7.500903,216.596503,0.000000,1114.539965
2012-01-06 09:00:00,38.154231,0.000000,0.000000,54.938424,0.000000,1393.060106,296.403169,537.131717,0.000000,443.225434,12.189751,1532.254301,0.000000,46.329033,0.000000,189.383082,1264.829148,195.125354,237.914331,95.892944,0.000000,574.147554,0.000000,0.000000,0.000000,15.875617,202.889471,0.000000,969.269605
2012-01-06 10:00:00,27.659774,0.000000,0.000000,82.698969,0.000000,1480.984276,398.742133,656.333679,0.000000,417.575430,14.288033,1522.878208,0.000000,21.118588,80.165773,196.753273,1269.976132,290.072967,278.376971,127.415763,0.000000,487.293806,0.000000,0.000000,0.000000,18.156619,212.179361,0.000000,659.742865
2012-01-06 11:00:00,27.904622,0.000000,0.000000,84.993581,0.000000,1496.252200,497.947214,666.578413,0.000000,438.582600,23.816091,1552.528660,0.000000,10.726973,24.660272,204.240477,1227.082962,363.237580,302.795061,119.318909,0.000000,466.066086,0.000000,0.000000,0.000000,28.128683,220.217831,0.000000,531.393993
2012-01-06 12:00:00,30.161675,0.000000,0.000000,81.600072,0.000000,1505.907222,547.996309,652.607060,0.000000,522.088643,22.817672,1632.217392,0.000000,7.459826,141.987744,179.852253,1323.123122,404.152790,332.362822,124.360563,0.000000,462.213505,0.000000,0.000000,0.000000,43.319733,247.340891,0.000000,482.748153
2012-01-06 13:00:00,28.886987,0.000000,0.000000,79.759684,0.000000,1486.825672,561.840342,699.316232,0.000000,525.730480,21.688795,1632.302721,0.000000,5.466887,0.000000,127.727366,1436.796140,385.274021,337.533182,153.420905,0.000000,532.455040,0.000000,0.000000,0.000000,53.637692,214.032334,0.000000,537.577452
2012-01-06 14:00:00,21.455041,0.000000,0.000000,78.865172,0.000000,1457.946183,507.492518,630.978881,0.000000,462.221600,14.903976,1606.020845,0.000000,7.336169,0.000000,0.000000,1325.087760,325.183762,301.278841,123.308252,0.000000,571.916848,0.000000,0.000000,0.000000,43.969073,245.748604,0.000000,609.188724
2012-01-06 15:00:00,9.166889,0.000000,0.000000,85.898520,0.000000,1396.902724,397.975588,549.122397,0.000000,483.992811,10.588609,1577.915730,0.000000,7.368124,256.466090,118.393787,1112.650884,254.670238,229.351667,81.594059,0.000000,478.757244,0.000000,0.000000,0.000000,34.514952,174.952865,0.000000,687.644296
2012-01-06 16:00:00,5.055785,179.249873,0.000000,57.586884,243.529431,1299.916993,131.506163,363.438604,89.480783,458.948085,16.211296,1520.506709,1704.956721,6.045582,210.863974,101.079583,813.711344,65.681524,82.482198,27.201466,0.000000,375.781799,0.000000,0.000000,105.914582,80.430211,150.951447,0.000000,593.542725
2012-01-06 17:00:00,9.713117,221.918454,562.123348,49.651342,216.412213,1200.454982,199.344438,338.214486,66.965815,459.763027,21.396146,1495.336898,1484.473670,2.336152,165.618590,51.812376,849.290195,71.047661,160.966534,37.362014,0.000000,344.985383,0.000000,0.000000,97.490876,98.169754,102.029016,0.000000,632.206931
2012-01-06 18:00:00,8.615738,175.589578,1417.905081,29.964260,198.544279,1118.473352,224.644778,284.992917,72.895683,434.228182,21.983762,1438.118571,1210.973702,1.436418,185.439803,6.090227,703.611615,101.741968,245.132042,33.121785,109.493725,259.148564,119.745867,91.485842,70.886647,94.391888,79.820808,312.040928,567.326506
2012-01-06 19:00:00,15.898943,115.142421,1355.718169,23.242899,171.847483,1079.040865,217.972161,246.298328,74.725603,327.334976,33.874351,1375.115877,953.462964,1.515342,95.370763,8.938392,582.537314,143.168550,272.906659,52.402824,97.185507,276.348690,91.701296,125.105831,65.283724,99.976559,80.280605,298.205016,411.160832
2012-01-06 20:00:00,14.154893,50.302911,1270.917834,18.646356,140.946468,1052.752541,169.595686,317.480525,49.986935,211.613234,26.235339,1232.226391,711.520685,1.404848,39.039959,16.058807,537.930993,135.226667,232.086388,57.603105,90.290210,281.426822,82.575682,63.574907,55.836035,62.088400,74.671078,276.968500,353.636037
2012-01-06 21:00:00,10.692921,39.426606,1018.908635,15.047175,96.697055,956.949214,133.174318,373.871617,30.089448,138.268467,12.823861,1106.064669,621.476080,2.209873,21.508125,13.937832,375.082519,157.764444,210.203356,60.963286,82.855867,252.104703,88.733617,36.509758,53.111854,30.660938,81.338139,269.710903,259.521700
2012-01-06 22:00:00,15.095504,47.897574,866.268033,10.667450,64.534774,813.989511,118.160929,339.138930,13.272713,127.674223,12.789296,982.873296,504.923017,1.862608,23.857752,18.270680,219.137403,155.617989,169.172671,64.963501,91.345842,188.873764,87.027201,45.672439,58.309049,52.616360,74.946957,270.354434,208.220899
2012-01-06 23:00:00,21.745103,78.434892,731.239808,16.348084,67.845597,801.387376,108.986080,324.876078,14.106600,119.524805,11.372103,891.730441,341.874959,1.389063,32.955027,14.725623,112.754868,120.201481,142.660536,77.924200,90.200369,187.071846,77.753203,41.161581,91.907272,55.299192,68.463815,260.486962,218.405616
2012-01-07 00:00:00,25.350779,111.900446,592.950031,16.001175,56.651861,785.397570,82.017586,358.288130,14.106600,124.414456,9.954911,764.474379,289.699581,1.310139,58.318950,12.725847,109.214683,95.517249,163.912327,120.646502,92.760837,196.081436,86.656241,36.298312,106.610117,58.858051,67.820099,242.039079,235.191540
2012-01-07 01:00:00,27.957056,117.966078,643.830232,18.125992,54.654857,730.381799,63.111837,440.035403,9.404400,150.764242,13.273215,653.320742,349.659189,0.410405,91.996939,10.544273,108.860665,118.269672,270.381694,151.048141,107.202779,212.462508,123.603851,41.091098,89.221733,94.391888,69.429389,211.971891,264.991270
2012-01-07 02:00:00,25.011114,156.346885,803.428810,18.819810,57.650364,713.578952,72.564712,497.615066,11.581774,185.670918,14.206488,722.264137,349.028035,0.552468,87.418179,7.332512,123.375420,139.948868,352.022237,152.648227,114.974026,190.348060,159.290197,22.765737,84.951918,56.503729,68.233916,224.055969,284.794888
2012-01-07 03:00:00,23.391172,182.596429,913.016935,22.202172,72.470238,681.734848,96.752949,501.444906,15.936520,150.492595,15.036064,827.789741,507.658017,0.789240,127.723321,8.483898,118.065144,145.100360,354.757616,134.167231,111.560068,130.557146,144.674375,21.426576,74.441606,57.215501,70.716822,226.415582,310.445289
2012-01-07 04:00:00,22.143556,139.614108,999.991637,17.518902,113.251170,625.499514,123.443418,436.205563,24.391215,131.477285,15.623680,831.854431,699.528763,0.647177,182.849189,8.817194,124.614485,146.817524,309.097828,84.724566,105.091515,122.366610,118.632988,16.915718,68.954605,50.590548,67.728139,237.677371,334.398237
2012-01-07 05:00:00,18.929801,96.318047,933.455990,19.730446,80.090387,613.710420,153.748221,407.547796,35.069610,101.324437,21.085055,739.617236,689.430303,0.631392,120.252712,11.059367,171.167907,177.082539,309.518655,80.804355,101.183432,124.168528,122.787739,13.039199,66.713435,25.952294,66.164829,229.204215,277.250653
2012-01-07 06:00:00,14.011188,76.552455,952.372988,29.227078,56.651861,619.943734,177.380406,285.653235,12.971586,70.356646,27.203178,699.283005,638.727616,0.489329,89.406325,6.938616,166.565668,230.314624,344.868168,82.964472,84.922210,183.140389,93.036752,25.866952,66.462270,27.047328,57.520640,215.118041,273.101324
2012-01-07 07:00:00,9.558560,56.682282,945.849885,32.522713,60.015237,610.250594,176.824355,241.808170,10.423596,57.589224,34.081745,726.285502,555.204934,0.726101,68.500668,5.325695,106.502848,197.903153,342.343203,86.964687,75.511365,234.085523,71.817844,31.928418,59.217109,45.553394,65.543351,186.552425,292.150518
2012-01-07 08:00:00,12.403618,39.572785,986.019848,41.758776,81.710135,585.035476,211.404724,149.573328,25.773092,93.909585,45.682845,826.946891,525.248405,1.795855,120.959741,15.802942,156.849066,236.285607,310.176466,85.053140,82.508729,396.752660,104.866053,45.943645,64.443076,50.616033,81.826794,137.031041,390.040003
2012-01-07 09:00:00,14.261529,57.033389,1033.679318,75.649536,88.223268,654.619838,372.664277,185.034902,41.521380,166.370125,69.162642,866.619316,542.654692,6.814687,96.262192,33.339793,275.253661,382.894185,501.825738,149.017900,88.596792,467.163727,127.569683,72.646941,87.791281,81.046120,101.882780,119.354826,459.903156
2012-01-07 10:00:00,13.193322,96.004822,1149.006834,104.808398,96.238463,663.035002,484.178090,283.162561,39.815296,234.535492,71.629192,812.434724,566.504061,12.698048,130.939573,42.322463,315.277265,567.983173,572.198709,190.676759,98.628485,420.202869,145.558731,104.362637,96.234551,115.834832,116.751853,130.401680,538.044172
2012-01-07 11:00:00,12.127773,116.515683,1079.333304,105.388815,129.495406,579.819097,545.945686,362.395747,51.773489,251.131189,72.949559,615.061489,594.216692,14.655662,150.750571,48.263751,322.384935,556.913131,421.246276,122.893214,99.451333,367.891925,166.543467,112.398440,119.244803,138.714958,125.041184,150.884616,529.748151
2012-01-07 12:00:00,12.067467,144.350858,958.110722,108.184776,157.742159,505.809497,547.843113,374.114927,77.914450,259.151514,79.354870,440.951429,510.019840,9.803733,148.621499,50.285707,327.701636,486.160552,431.715000,119.866076,97.207722,330.895280,162.212477,117.725868,105.170284,128.999382,129.281396,176.334844,501.716423
2012-01-07 13:00:00,11.463540,167.747336,860.978248,114.240582,166.597388,461.185124,521.800128,363.291898,82.798289,243.093993,68.277074,428.130981,470.379447,11.560539,153.208373,46.666624,293.863106,506.274318,359.430460,114.398329,92.652538,324.434415,148.927089,110.203114,112.130936,125.142426,126.168086,169.589771,489.649858
2012-01-07 14:00:00,15.089478,160.116946,784.132485,99.086145,172.483625,456.841392,442.068080,347.978988,83.289426,214.425915,63.326049,414.315795,444.767871,17.138999,134.905565,38.943112,235.365943,412.099762,285.305552,101.069085,82.937170,381.228492,133.270248,112.781738,134.359161,137.474811,108.007469,197.979349,455.380572
2012-01-07 15:00:00,26.210882,122.547671,838.096855,84.512768,142.776394,415.987376,319.987250,320.353764,83.581112,172.605786,76.002999,361.773071,442.104805,14.120421,119.548041,26.905106,151.449488,337.807099,231.982254,80.469020,76.625806,391.868868,97.190263,126.271864,125.017767,155.756826,47.772937,219.065848,400.284747
2012-01-07 16:00:00,34.822211,30.851058,699.494041,38.897165,93.176021,325.893919,50.600680,221.338336,47.508435,53.242868,66.504338,266.237192,267.188430,3.677861,50.125379,3.181462,15.930829,165.062391,78.063509,12.480673,72.748754,290.108791,48.892520,104.666005,114.029161,128.009417,27.863715,243.290389,229.156152
2012-01-07 17:00:00,36.507473,37.335009,768.421493,31.872259,86.712033,380.096650,77.847200,271.786573,27.055023,60.034050,64.292135,294.533687,241.521510,2.052025,19.700720,2.787566,20.356059,140.807450,79.536405,9.600517,83.844118,312.550860,68.775972,131.872118,80.179773,149.198315,34.162938,252.156813,319.309766
2012-01-07 18:00:00,37.487277,29.491519,916.278486,27.275715,63.641377,447.985571,93.972692,269.805621,20.592393,55.823517,64.983448,409.439345,229.950357,1.057582,7.289869,2.393671,29.029511,121.489354,103.733988,13.840746,83.147850,321.069017,80.795074,180.011433,63.274399,165.076301,34.852634,223.734204,337.415931
2012-01-07 19:00:00,20.360314,35.766311,899.318420,30.744805,63.956693,447.850064,83.963766,212.886276,16.237647,43.599389,61.665145,449.148239,192.291516,0.599823,6.145179,2.939065,19.471013,119.342899,132.139847,14.000755,59.946410,345.149194,47.779640,211.094064,78.981906,175.260112,61.153038,171.107686,309.125048
2012-01-07 20:00:00,4.069450,32.733495,792.774409,24.890717,67.530280,388.904594,100.089257,156.495184,19.712179,43.599389,54.060698,473.536379,218.379205,0.584038,8.615299,4.454046,14.514755,133.294857,116.148401,16.320880,46.694862,341.545358,32.496090,209.402493,92.428924,194.149440,63.681923,107.791407,296.111242
2012-01-07 21:00:00,2.247016,20.602232,669.705206,18.993265,62.853086,295.811404,95.084795,117.932658,28.884943,45.636744,53.887870,393.962257,266.978045,0.584038,14.218257,4.181350,13.629709,133.509502,116.358815,28.481535,32.140619,269.304829,25.744620,205.878385,99.732045,212.326996,65.613072,73.970289,268.386176
2012-01-07 22:00:00,5.833096,13.595381,690.796571,19.817173,42.357514,281.041160,118.716980,115.423452,31.456097,42.920271,51.468274,297.816706,316.628809,0.552468,14.941219,2.878465,16.638866,135.012021,148.131294,37.922044,26.615398,154.637323,27.896187,136.664905,86.169105,166.226086,68.877633,63.352031,184.645163
2012-01-07 23:00:00,10.144231,5.856472,730.804934,16.564902,26.644243,367.901036,151.524015,125.328211,29.440868,42.648623,63.808216,278.431261,272.658429,0.820810,16.025662,2.514870,17.169893,120.630772,159.914465,37.041996,30.051816,102.381702,34.870234,65.477925,100.659426,78.130641,50.347802,71.610676,99.018090
2012-01-08 00:00:00,13.573543,6.065632,470.098265,23.112808,13.663714,413.160316,142.905218,101.556790,21.657917,37.894796,65.951287,270.458216,199.865361,0.868165,10.422705,3.878353,16.992884,164.847746,172.118464,28.801552,35.487197,100.579784,40.657209,59.698388,107.807984,37.888159,54.256079,74.542316,47.905895
2012-01-08 01:00:00,13.560479,9.621347,312.674054,31.915623,9.459494,359.906133,159.586761,59.692678,8.871639,36.944031,53.161991,230.592987,126.861908,1.262785,6.807894,5.484234,15.930829,154.544762,148.762535,19.521052,31.466812,129.574282,33.534778,115.590740,105.682737,82.620278,68.509795,76.687419,23.575736
2012-01-08 02:00:00,13.227345,10.144246,273.318001,40.024619,11.351393,296.759952,169.873712,39.619034,5.350779,33.412616,43.414474,175.563339,74.686530,1.404848,5.301723,6.908317,17.877930,136.299894,156.547845,19.601056,24.324452,174.622231,27.821995,176.980700,108.909248,167.759133,43.588782,92.096406,21.689677
2012-01-08 03:00:00,13.338390,26.354124,227.003972,52.990341,15.030086,226.702922,172.931995,31.563164,3.821985,31.375261,44.831666,120.533690,46.284610,1.909962,7.109128,9.574685,18.762976,186.956233,208.730459,34.881880,16.261222,180.847038,18.696381,161.122214,104.021180,148.486543,39.174728,102.142637,34.892089
2012-01-08 04:00:00,21.281329,18.092315,166.773991,58.670975,23.596183,187.947969,173.488046,62.730137,4.053621,43.327742,42.550332,86.140160,38.921149,1.941532,8.976781,10.483674,18.408958,199.620317,216.094941,45.202436,13.094326,139.730547,15.135165,108.119631,99.847968,92.201821,37.565438,101.713616,31.497183
2012-01-08 05:00:00,28.590662,6.483951,148.944177,49.694706,20.075149,191.742160,153.470195,101.952981,3.729331,43.735213,37.227220,64.878705,29.664227,1.389063,7.892337,12.028955,16.815875,173.433566,252.496524,37.922044,17.743598,147.593462,17.138349,85.142447,107.054487,50.754803,24.829053,98.209948,29.799730
2012-01-08 06:00:00,32.758092,11.399204,127.635375,44.968071,18.498567,173.448739,110.932260,93.897110,2.177373,28.522965,34.358270,52.528301,21.038459,1.404848,4.398020,8.908093,19.116995,161.198772,297.525070,40.882203,29.894594,210.169158,17.731885,84.085215,123.534812,53.711393,37.657397,88.485483,56.581766
2012-01-08 07:00:00,31.818406,7.320590,196.345390,37.813075,13.716267,204.081442,86.744023,62.201883,2.872280,26.078139,41.478797,78.832271,17.251536,1.688975,6.205426,16.052062,9.590737,151.539725,277.114935,33.521807,31.354511,181.338471,20.402796,72.244212,125.486175,48.236226,50.204769,82.336189,65.634848
2012-01-08 08:00:00,30.296281,13.405488,375.912647,51.073442,32.515483,290.035502,125.780351,84.993658,9.309839,67.602451,54.203249,174.727472,108.012012,3.798532,23.897568,27.581867,64.980049,211.720755,313.481329,40.063425,40.219509,235.187734,48.627801,86.335480,122.876259,78.671204,36.374731,96.336813,136.649510
2012-01-08 09:00:00,31.914687,32.264018,643.332396,81.656002,68.660958,471.884048,226.987391,166.698081,22.157640,158.836510,66.179039,323.938257,240.840454,6.399017,59.102835,42.124869,155.370496,341.347923,481.044507,93.540325,54.126732,321.510506,88.962099,139.366642,138.771229,145.916081,53.743970,117.739887,253.359577
2012-01-08 10:00:00,24.047483,78.572461,730.187535,116.819120,89.666840,510.267480,320.844967,239.667793,33.215123,237.932031,88.315521,403.687708,347.187595,4.723249,86.740164,48.583704,236.037170,452.143354,454.569851,114.940779,67.714778,375.864236,121.198907,211.892097,142.046426,187.401308,55.157068,147.373913,343.489243
2012-01-08 11:00:00,13.114491,127.950138,676.041536,126.016370,102.880832,470.721818,415.692852,299.665241,39.038744,274.541290,131.980072,376.093446,382.222286,4.197933,105.623200,51.111874,301.168659,389.607820,369.473004,90.739262,85.629878,371.548462,147.407370,180.871832,177.850981,144.377993,59.245334,168.365980,392.792378
2012-01-08 12:00:00,12.494683,174.961887,606.694840,130.379684,105.964978,448.723434,464.272966,298.591869,40.652821,266.317088,136.369894,358.882409,381.407175,4.933254,105.354129,51.594068,315.837202,371.903686,331.874333,88.695362,86.393715,386.188432,152.461486,163.071522,184.594255,146.590793,79.568849,180.133831,399.607724
2012-01-08 13:00:00,11.624197,175.851582,664.975476,128.365361,118.444293,432.343859,454.382580,270.923978,38.443717,246.677349,121.100436,354.912470,357.614041,5.086685,99.167076,47.737958,299.006503,374.899585,301.409052,87.007854,90.591602,404.422176,163.756322,163.382174,174.035890,151.985533,63.037571,166.626396,435.903629
2012-01-08 14:00:00,16.194123,151.394855,842.089471,127.518670,108.598628,418.505738,389.467003,265.508730,34.865150,221.221552,102.551885,342.880195,313.098977,4.237632,85.148352,40.104902,254.271466,353.350703,258.956043,81.186722,91.652405,414.168967,161.911980,134.337671,160.219007,127.861135,47.368546,180.744879,406.224982
2012-01-08 15:00:00,19.940395,108.067047,956.352406,113.078516,64.639774,445.840647,287.250308,253.262769,26.276080,213.034219,97.415772,314.430973,263.125363,6.895869,69.072364,28.343483,193.875991,284.788611,192.798345,59.210185,83.783511,413.780411,160.485245,158.191626,140.620286,157.878616,6.667061,191.598305,384.732592
2012-01-08 16:00:00,22.901271,5.961052,823.432992,78.227966,43.671333,409.772645,45.437990,197.963106,8.547349,86.927131,92.497717,225.433958,142.219983,7.482000,17.110105,4.423747,36.463898,84.999619,30.930824,8.560461,66.617105,271.761990,98.304383,122.779920,133.098423,139.835778,15.679087,173.074030,311.576924
2012-01-08 17:00:00,30.654781,11.608364,898.448672,61.706428,50.450637,451.373241,43.372012,229.658333,22.908748,85.840541,92.981636,286.873310,148.321136,5.287911,21.809360,1.575581,23.011197,89.936466,41.241099,18.400992,59.879030,253.742810,70.111428,118.128097,116.540817,152.154905,15.127331,180.403131,336.661507
2012-01-08 18:00:00,16.238608,6.588531,989.554673,29.227078,45.825996,471.157238,49.210552,156.098994,13.110568,82.173303,91.979232,419.913739,225.111512,18.263025,19.278992,1.514982,22.126151,63.964360,55.128408,12.640681,57.453323,295.023112,79.682194,126.163064,103.712053,164.419281,23.311722,170.499907,333.077995
2012-01-08 19:00:00,14.501090,6.483951,1080.225800,16.478175,76.254036,549.209171,46.986346,158.872326,15.033142,61.663933,71.170702,707.881388,328.199961,14.395746,29.340216,0.999888,12.921672,59.671450,55.549235,6.480349,76.319934,388.722846,87.398161,152.241462,90.245715,189.988313,19.265506,146.295999,390.414185
2012-01-08 20:00:00,14.945267,4.287774,980.639766,14.656903,95.067920,508.692629,39.757677,176.700891,27.495131,72.801472,48.461061,649.099718,372.801494,9.376177,104.287297,3.302660,10.443543,41.855873,44.186892,3.600194,91.795047,365.789345,94.372208,150.408926,99.712725,194.587454,13.747939,116.014300,355.899308
2012-01-08 21:00:00,9.138299,4.706094,812.343717,11.881631,78.881674,454.354392,48.654500,230.846904,29.603013,83.531540,50.362172,507.148238,353.235727,3.646291,139.652197,3.514758,19.471013,34.343280,53.655511,6.560354,75.443984,285.030658,73.969411,158.584856,97.413594,225.686405,23.955438,141.183504,253.674917
2012-01-08 22:00:00,6.532022,5.856472,795.601087,8.022269,78.145935,415.463932,50.044629,231.639285,21.194646,72.258177,50.500435,434.296488,344.189190,1.010228,116.095679,3.060263,25.489326,23.825651,54.917994,9.120492,64.281239,258.984753,69.072740,192.134364,89.414937,257.716135,46.439525,144.615669,189.548916
2012-01-08 23:00:00,7.969067,9.621347,585.557182,6.374452,45.615785,426.982013,47.820423,209.452626,8.153569,53.107044,54.821143,420.539075,271.816891,1.152291,71.091283,2.120974,32.569695,28.977143,52.393029,13.520729,54.016904,199.521461,60.540662,176.980700,87.869303,236.198727,53.566383,140.647229,141.454415
2012-01-09 00:00:00,7.929875,11.712944,383.340999,7.154997,34.842471,366.545968,45.318192,172.474861,5.582415,49.983100,53.023729,369.886785,208.701514,2.651848,56.632039,2.272473,32.392686,58.383577,56.601304,14.480780,57.924988,179.045120,57.572982,164.082465,102.185739,191.083346,46.393546,123.486408,99.395302
2012-01-09 01:00:00,10.163827,7.529750,320.066904,9.496632,31.163779,363.971338,34.197163,144.609474,8.709494,58.539990,40.752918,272.177892,170.411518,3.014899,37.172306,2.666368,32.392686,79.633481,72.171923,16.880910,63.045925,232.283605,58.685862,134.973333,129.350260,131.951537,51.221417,119.196202,98.075061
2012-01-09 02:00:00,7.949471,6.483951,358.553209,8.542633,35.262893,369.391611,41.425832,155.438676,7.713461,69.813352,33.321300,236.846357,130.017677,1.546911,39.100205,5.484234,27.790446,66.754751,94.054955,26.721440,53.590159,284.047794,50.969895,78.376160,141.599411,134.579618,70.211045,105.860814,101.092755
2012-01-09 03:00:00,9.726181,8.470968,316.153042,7.501906,38.310953,345.000382,55.327117,151.476773,3.960967,67.640174,25.578591,216.679241,124.758062,2.841266,34.521445,5.120638,13.629709,43.573037,80.167646,21.361151,50.108820,282.245876,43.773272,51.663422,148.091074,128.337927,75.958511,84.731554,117.690073
2012-01-09 04:00:00,8.191156,16.732777,307.020698,8.195724,53.341038,297.572993,49.766603,160.985341,7.088045,91.952605,24.057702,206.986519,153.159982,2.067810,42.052301,3.757155,11.682608,43.787682,69.226130,17.120923,44.898042,366.608399,55.718182,40.315795,147.376219,135.017631,59.405809,73.326758,149.753074
2012-01-09 05:00:00,7.799235,14.745760,285.059586,10.363905,60.856081,262.341217,36.699394,192.548505,5.327616,94.940725,26.235339,195.730454,181.772286,1.404848,33.918976,3.242061,9.204479,67.398688,72.382337,18.641005,35.599498,414.604940,40.583017,38.271812,135.668040,141.806839,48.968410,61.385687,140.699991
2012-01-09 06:00:00,4.134770,7.425170,255.053314,9.800178,46.036207,210.442103,27.802572,206.811357,5.142307,80.407596,33.148472,194.167112,182.403440,2.146734,13.435047,2.817866,8.496442,84.784973,67.753234,20.321095,33.286092,420.665937,30.270331,65.407443,139.338921,176.519401,54.026180,58.132281,109.768626
2012-01-09 07:00:00,2.154528,5.124413,216.132135,10.147087,20.968546,196.123691,29.470726,242.996741,5.327616,74.431356,38.644412,167.196359,164.941519,1.799468,7.711597,3.897425,11.627640,85.643555,71.119854,26.401423,33.106410,329.095743,20.106029,83.732804,124.945203,166.609348,65.852006,46.691734,89.210584
2012-01-09 08:00:00,4.585913,9.223973,226.824928,19.139471,38.164005,215.427504,80.580439,311.259352,12.324188,105.741502,35.744332,168.935843,201.099486,5.073698,26.026976,15.159017,86.528359,167.187580,121.926840,47.972960,45.868427,336.091595,50.273901,92.907241,112.064236,157.425738,80.189707,44.311163,124.618876
2012-01-09 09:00:00,8.904177,24.761927,333.565288,43.930499,67.380548,242.464655,234.473438,366.355433,28.139444,164.597404,47.157745,210.542129,284.615130,13.715149,63.862336,32.262116,190.014400,309.779007,232.851835,97.649625,59.701295,454.327278,90.322406,143.187433,118.078175,198.740024,100.376568,60.690461,209.333329
2012-01-09 10:00:00,11.677638,58.231277,379.065716,65.831498,89.288372,259.014845,369.896205,321.391197,37.030966,209.122159,89.240412,244.392551,368.692629,17.812811,99.903070,43.109027,282.669896,457.602061,336.009954,116.604756,60.655394,465.378163,119.063390,159.926480,104.362331,189.676273,112.799218,64.012326,288.595321
2012-01-09 11:00:00,11.768065,119.511572,381.567834,78.635959,112.110458,265.086128,432.386365,306.095524,50.630345,249.082176,125.506619,259.404344,386.301662,23.118611,110.451567,49.384055,351.795023,438.633424,313.180786,106.493082,63.724487,453.353226,136.923986,119.489249,95.565537,151.345248,116.886789,66.624920,337.965713
2012-01-09 12:00:00,11.262647,167.876437,386.988276,82.645659,135.568751,247.214152,453.520309,324.369769,61.865393,257.180223,148.450295,267.397020,406.245182,26.905071,110.441603,50.754347,397.335677,428.092579,321.137398,100.601212,64.668006,451.358465,140.867396,141.044445,88.699789,140.750169,122.820490,68.440373,343.418833
2012-01-09 13:00:00,10.067971,172.575598,359.203560,85.915473,143.311827,226.704626,432.170363,326.701753,49.959200,240.416855,163.263949,250.740060,391.012484,26.997544,104.997398,46.756148,420.865672,432.786769,315.835410,100.208140,59.664714,388.609812,128.930614,152.489410,84.631928,125.505935,114.327784,66.478245,312.732667
2012-01-09 14:00:00,7.956701,145.360167,290.001314,72.544766,113.804430,178.355428,375.340911,289.242549,35.004131,206.452982,164.605377,216.280148,342.752927,24.949341,89.775503,38.981743,428.290790,377.065512,258.028605,85.975907,52.257564,306.083269,107.449521,143.341287,85.987432,104.823594,93.435022,58.007286,254.827234
2012-01-09 15:00:00,5.079789,104.596864,198.570141,55.121475,73.236127,121.695539,283.422488,212.290015,23.315818,152.837617,146.902910,157.841393,254.177338,19.955216,75.779650,30.184909,427.427972,285.517777,175.983965,62.171442,38.477861,220.449236,75.255426,105.535846,76.509689,73.328771,53.399726,46.110300,177.789028
2012-01-09 16:00:00,0.757715,5.124413,21.091365,14.353357,23.018103,30.353529,37.796924,49.787919,3.173406,22.410901,114.619742,38.458220,88.361528,8.271240,32.533299,6.120526,266.221854,47.865947,14.097723,7.920427,20.101925,85.017765,16.544813,42.430259,52.454960,29.565905,46.163647,13.621402,10.561930
2012-01-09 17:00:00,1.058188,4.915253,15.220573,10.233814,12.560107,21.274572,31.694932,47.806968,2.988098,26.349786,119.804591,21.105121,86.888836,5.982443,41.148598,2.636068,247.989905,43.787682,20.410136,8.640466,17.608837,131.703821,12.241678,51.592940,42.195813,34.876817,42.531248,6.649818,12.447989
2012-01-09 18:00:00,0.555222,4.706094,13.915952,9.323178,7.725254,12.060108,26.134417,45.561889,2.038392,22.275077,126.302936,19.541779,50.492302,6.913747,56.330804,1.575581,191.523967,29.191788,17.043515,6.240336,18.619548,136.618143,11.128798,60.896585,46.137180,38.928441,33.381283,7.436356,8.110053
2012-01-09 19:00:00,0.228621,4.915253,13.698516,9.583359,7.199726,10.298519,28.636649,46.486333,1.760430,22.275077,114.896267,26.264150,39.552303,8.429088,55.788583,1.151386,153.466986,18.888804,16.412274,8.720470,19.315816,126.461878,13.354558,81.195446,42.157172,46.593676,31.634053,7.686618,7.167024
2012-01-09 20:00:00,0.333133,6.693111,16.525193,10.580723,7.620148,16.667340,27.524546,47.939031,2.061556,23.769137,108.570751,23.762803,43.339226,9.739228,67.777706,1.484682,148.333719,17.171640,24.828825,8.880479,25.177942,135.962900,14.244862,62.024299,21.194509,22.886200,19.173547,6.721322,14.145441
2012-01-09 21:00:00,0.666266,5.856472,14.785699,10.233814,6.201224,22.494133,19.461800,33.544115,2.362682,30.831967,109.331195,20.010781,38.289995,6.740114,79.827076,2.151274,168.866787,22.537778,25.249652,6.080328,21.022795,86.000630,11.351374,58.218263,13.524299,18.725073,15.311249,6.542563,16.408712
2012-01-09 22:00:00,1.025528,6.170212,13.698516,16.044539,4.729747,23.442681,25.022314,25.884435,3.103915,42.241153,111.785357,17.353099,50.913071,12.043810,112.842349,1.242285,206.038722,34.128635,30.299583,7.520405,15.879398,57.988996,9.348190,79.715321,8.752154,11.662107,16.046925,3.503668,15.465683
2012-01-09 23:00:00,1.646070,11.399204,22.613423,32.305895,3.994009,24.120215,35.031240,30.374593,2.802789,72.122354,108.017700,15.320754,57.014224,13.132962,137.182077,1.666480,230.997021,45.290201,39.978616,15.920858,8.849339,48.324163,6.751471,72.596623,5.332438,7.829490,28.323512,1.966344,13.202412
2012-01-10 00:00:00,1.528493,15.791558,29.788835,58.063884,4.256773,25.475284,52.268834,27.601260,1.829920,78.370241,98.823233,16.727762,57.434993,9.455101,137.483311,2.333072,206.923768,56.237122,49.447236,18.320987,6.176569,35.874548,5.712783,82.252679,3.226511,9.088778,31.771992,1.751834,14.334047
2012-01-10 01:00:00,1.195360,23.321308,34.572444,52.426614,4.361878,26.830352,76.457072,18.356819,2.131046,90.322722,83.579776,15.789757,63.746531,5.714101,155.135638,2.151274,171.521926,58.168931,78.484336,29.361583,3.840703,26.537337,4.228943,68.156247,1.023983,7.993745,14.943412,1.430068,12.825200
2012-01-10 02:00:00,1.032060,31.478537,31.963203,35.211257,3.888903,31.573091,74.232866,16.639994,3.289224,127.538399,62.218195,18.447439,72.161915,3.456873,149.171200,1.969476,194.356114,55.163894,109.835988,24.721332,4.132686,18.019180,3.932175,27.558524,0.869419,6.734456,10.575337,1.430068,14.711259
2012-01-10 03:00:00,0.907951,33.883873,36.746812,38.159983,4.361878,30.895557,78.681277,16.639994,3.312387,134.737052,49.636294,16.571428,70.268453,2.793911,140.917381,2.181574,234.006177,54.949249,138.873088,25.281363,7.164820,19.984908,5.416015,16.774754,0.676215,6.515449,8.736148,1.859089,14.522653
2012-01-10 04:00:00,0.744651,39.112866,47.183776,49.824797,9.091625,29.675995,68.116300,13.998725,3.034425,119.524805,40.476393,18.916442,71.530761,2.004671,147.424041,1.848278,241.086546,59.886095,155.074948,23.281255,8.467515,15.725829,6.454703,18.043433,1.004662,5.146657,10.161520,1.001048,14.899865
2012-01-10 05:00:00,0.620542,29.700679,49.575580,50.128342,4.624642,26.559338,58.107374,11.093329,2.246864,118.981510,33.563260,18.447439,82.049990,1.294354,169.715375,2.454270,345.521980,69.330497,196.105633,19.761065,7.524184,10.811508,5.193439,20.651272,0.927381,4.763396,10.161520,1.179806,12.636594
2012-01-10 06:00:00,0.457242,25.935804,75.667991,52.166432,2.575085,19.377476,81.461535,9.112378,3.636677,134.601229,29.691905,21.886792,89.623836,1.231215,156.039340,5.150938,317.554525,58.383577,217.567838,27.521483,5.794745,11.139129,4.451519,27.417560,0.946701,6.022684,6.575101,1.751834,12.825200
2012-01-10 07:00:00,0.669635,35.661731,99.803471,50.865523,6.043566,23.540714,88.134152,8.716187,5.651906,124.957750,29.000592,23.560452,107.927295,1.641620,155.436872,10.573642,238.670302,49.368466,193.580668,18.160979,4.402209,17.036315,4.847693,22.272362,1.352430,9.198281,14.007141,1.358565,20.558042
2012-01-10 08:00:00,3.261293,60.337323,178.884903,54.906425,23.431119,77.291931,148.204751,39.881227,12.370515,135.333142,33.548135,79.583162,216.025487,5.701346,175.657616,22.076447,234.351059,111.455391,212.229547,33.945910,14.559824,63.693911,35.391599,35.426852,2.914634,26.284281,35.520460,13.654334,81.422337
2012-01-10 09:00:00,6.653359,120.626919,281.137235,92.354769,54.882310,145.345558,317.158894,116.448908,24.691842,191.957953,40.683788,163.311161,365.061029,14.003341,184.186099,33.260376,329.296806,238.580657,357.426544,68.082229,27.985194,155.860599,77.377070,71.017983,6.494469,53.968991,50.651636,33.108977,188.577601
2012-01-10 10:00:00,9.452014,161.291992,363.816162,128.294975,74.997508,206.045526,506.490023,175.123511,32.985282,247.698821,50.857005,220.342907,420.373684,20.804049,152.088487,45.046872,424.825955,338.286420,444.034342,94.095825,41.337792,234.731868,110.173036,98.697652,11.451055,80.624691,67.659287,49.043935,275.538083
2012-01-10 11:00:00,10.853286,180.100239,393.682384,116.309377,80.615666,226.909710,544.980318,214.269312,32.923906,263.862688,58.045317,248.823391,463.649637,25.146723,138.440327,51.064575,560.045803,342.904971,358.842771,88.043521,48.996519,278.991174,127.935313,117.428742,15.813859,96.158960,71.532479,59.453496,327.294937
2012-01-10 12:00:00,11.185188,185.301572,386.142503,113.295535,84.756515,221.476766,610.915829,230.353682,37.652228,255.024768,64.512395,254.421812,445.092777,26.923279,112.894318,55.697226,716.367789,362.388283,345.012479,115.658380,47.177865,288.316498,129.950094,124.464514,21.071402,97.406710,71.482215,61.302480,337.005311
2012-01-10 13:00:00,10.881150,174.857307,357.644327,102.069661,84.092692,203.301995,615.282350,221.021136,38.795146,228.111119,69.509538,236.391747,404.998435,24.174453,102.151754,60.041428,660.061195,369.172160,352.195889,157.087405,41.426849,270.494050,119.002660,117.270022,27.195925,89.854685,64.224823,56.837783,311.539040
2012-01-10 14:00:00,9.850012,147.522335,290.309184,81.951616,72.768618,162.411685,494.794291,190.254223,32.212431,181.387312,59.332648,191.840607,327.740012,20.036828,85.568188,46.949807,456.974558,307.431093,307.363487,137.257816,39.092722,225.752114,94.046244,99.385652,25.328867,75.550246,52.916576,43.878599,248.815008
2012-01-10 15:00:00,6.932623,105.070283,200.866048,60.158476,52.387318,106.439961,352.928180,142.055025,21.602329,120.689213,41.309461,130.296425,222.051772,14.732603,60.894054,29.674890,310.473427,204.795038,218.627802,100.971684,34.206840,163.295298,66.141047,69.929765,17.147319,53.763205,26.537503,25.416472,185.474486
2012-01-10 16:00:00,3.154967,4.183194,41.095547,21.638445,12.665212,8.672437,123.806065,5.942855,4.331583,11.680833,13.376912,15.789757,37.658842,2.273013,9.880483,5.756931,153.643995,23.181714,59.967924,20.481104,12.824803,19.329665,9.348190,1.903018,1.352430,2.354322,6.896959,5.005239,55.827342
2012-01-10 17:00:00,4.657332,5.019833,47.401213,23.546444,9.827364,11.247067,95.084795,7.131426,3.127079,7.334477,21.603540,12.663073,28.612304,1.610051,20.182695,4.029851,161.963428,40.138709,39.768202,24.881341,11.859013,18.019180,10.015918,2.184947,1.275148,2.244819,6.253243,3.503668,37.155360
2012-01-10 18:00:00,2.619341,5.647312,35.877065,19.773810,8.881414,9.756492,68.394326,6.074919,2.015229,5.297122,33.494128,12.663073,17.461921,1.215430,21.809360,7.059815,121.959347,58.383577,39.768202,14.480780,11.162745,15.889640,8.977230,2.466876,1.526314,2.299570,8.230371,1.251310,29.988336
2012-01-10 19:00:00,1.084316,4.601514,24.352917,24.413717,6.463988,16.396326,51.990809,5.942855,2.107883,4.482180,27.721663,13.601078,12.202306,1.057582,9.759990,6.696219,81.601246,53.876021,46.922271,13.120707,8.534895,14.087722,9.496574,2.748804,1.410391,2.135315,11.540912,1.287062,26.216218
2012-01-10 20:00:00,1.018995,3.032816,19.786745,21.985354,5.307827,25.475284,40.869780,6.867299,1.436140,3.938886,25.302066,11.412399,14.937306,1.010228,6.807894,7.817306,51.863699,33.484698,56.390890,16.240875,8.242912,10.156265,10.015918,2.607840,0.811458,2.354322,12.874324,1.001048,20.369436
2012-01-10 21:00:00,1.097380,2.405337,21.743676,18.429537,4.677195,27.372379,44.206089,9.376505,2.964934,8.149418,22.605944,9.536388,20.828074,0.773456,12.591592,7.211313,38.588008,19.747386,65.438682,17.760957,8.287833,7.699104,10.906222,2.537358,0.521652,2.244819,12.368547,2.002096,16.597318
2012-01-10 22:00:00,0.757715,2.614496,18.699561,15.740993,4.204220,24.662243,52.824886,9.904758,1.806757,12.224128,20.532004,9.380054,22.721536,0.662962,12.410851,5.514534,44.606321,21.893841,74.276061,21.201143,6.872837,5.733375,8.383695,2.889768,0.598933,2.080564,11.356993,1.930592,11.882171
2012-01-10 23:00:00,1.221488,3.137396,14.350826,15.480811,2.154663,29.811502,51.156732,11.885710,1.320322,19.015310,20.808530,9.849056,25.035766,0.520899,7.651350,3.757155,60.891169,35.416508,95.317438,21.361151,3.548720,7.862915,6.603087,2.396393,0.676215,3.504107,8.184392,1.644579,9.807506
2012-01-11 00:00:00,1.423981,5.124413,17.829814,17.909174,1.576582,36.451337,59.775529,14.262852,1.320322,22.818372,19.183944,8.911051,27.560381,0.552468,6.747647,2.939065,56.819957,39.924063,113.623436,14.480780,1.706979,15.234397,5.861167,3.665072,0.309127,6.570201,6.896959,2.252358,8.675871
2012-01-11 01:00:00,1.626474,7.529750,16.525193,20.424264,2.259768,36.722350,73.954840,13.206345,1.899411,20.781017,19.633297,8.285714,29.453843,0.599823,8.253818,1.969476,38.765017,41.211936,132.350261,12.240660,1.033172,17.691558,5.193439,3.876519,0.579613,6.351194,9.655743,1.179806,7.544235
2012-01-11 02:00:00,1.521961,10.353406,12.611332,17.041902,2.942954,47.156376,83.407715,12.678091,2.061556,18.472015,18.077842,8.598383,24.404612,1.262785,11.025173,1.696780,31.153621,48.080593,129.194055,9.920535,1.976502,16.544883,4.080559,4.651822,0.405729,7.281973,14.483614,0.893793,7.355630
2012-01-11 03:00:00,2.273144,12.549583,10.002091,15.263993,2.995507,57.861415,90.080332,12.017774,2.246864,20.237723,18.181539,12.506738,24.614997,1.767899,15.423193,1.666480,34.516796,54.519958,114.254677,14.560785,2.335866,16.872504,3.338639,4.581340,0.483011,6.734456,12.322567,1.144055,6.601206
2012-01-11 04:00:00,2.331932,6.170212,9.349780,16.174629,3.048059,70.463550,97.309000,10.036822,1.227668,13.718188,19.183944,24.700808,22.931920,1.120721,12.892826,1.939177,32.746704,59.886095,114.885918,18.961022,2.852452,12.777236,3.932175,3.171697,1.120585,3.449356,8.138412,1.001048,6.789812
2012-01-11 05:00:00,2.919814,3.869455,11.089275,16.348084,4.729747,78.051932,96.196897,10.168885,1.297159,13.718188,19.045681,27.045822,29.664227,0.631392,21.447878,2.060375,26.905400,64.822942,130.456537,15.360828,3.009674,8.681968,3.412831,3.383144,0.830778,2.244819,6.850979,1.001048,11.882171
2012-01-11 06:00:00,3.377056,3.764875,12.828769,19.687082,6.201224,48.240430,87.022049,9.640632,2.154210,16.842132,16.349559,20.636118,35.554996,0.536684,19.700720,1.424083,26.197363,67.398688,143.712605,18.480996,2.156184,7.371483,2.967679,3.735554,0.985342,2.244819,3.218581,0.858041,14.899865
2012-01-11 07:00:00,1.660282,5.124413,13.481079,25.150898,8.566098,55.166526,82.573637,13.074281,3.937803,19.015310,15.865640,19.626802,41.445764,0.710316,13.194060,2.084374,34.728639,69.759788,142.239708,17.520944,1.819280,9.992454,2.288976,4.299412,0.618254,2.956590,4.476134,0.893793,19.426406
2012-01-11 08:00:00,3.293826,35.134089,97.815286,35.751830,24.508579,101.937208,135.961557,41.268400,9.232169,59.529427,19.331560,79.064917,115.106802,5.086124,27.889121,11.336420,118.504151,144.687398,209.291026,34.598625,11.020853,68.694539,32.199531,22.894209,6.183926,20.709583,19.608694,13.522604,85.945193
2012-01-11 09:00:00,6.799060,98.001619,223.369767,59.265026,56.622785,166.724176,256.395788,108.853370,21.035606,137.309174,31.385762,158.353669,237.121357,13.564704,56.816313,25.524432,243.553569,275.325181,339.914437,73.386534,23.761820,178.635091,73.440183,63.643031,15.024701,56.734620,38.212785,32.581358,200.690363
2012-01-11 10:00:00,9.403145,144.928711,316.458801,77.405189,77.943543,225.165088,367.992228,160.249830,31.846276,190.851461,41.974894,220.036155,373.170751,21.275798,89.125526,37.719159,383.882230,376.367049,403.185315,104.631685,35.626242,270.167454,106.455722,98.169897,22.726380,84.859177,45.283826,48.417320,293.176483
2012-01-11 11:00:00,10.376243,168.627179,366.217527,88.039794,90.422896,238.373673,431.099466,182.074399,35.890780,220.020845,49.473949,250.981393,456.785196,25.273464,95.464101,43.246444,408.738379,383.015971,361.872150,112.646403,41.004838,320.012557,126.105624,120.859447,29.094437,98.358732,51.670612,57.822988,360.252662
2012-01-11 12:00:00,10.281025,171.944177,375.007708,92.276111,91.917294,237.456693,456.495965,200.967122,37.111304,219.520013,57.476354,250.537404,539.559714,25.084255,115.793104,44.387638,461.853741,413.220774,344.113854,119.682718,41.193000,311.962741,129.039185,126.542533,31.352365,98.436218,56.206164,59.637444,349.826035
2012-01-11 13:00:00,9.646607,166.432023,346.445500,87.016222,84.204289,231.813297,453.947280,210.827276,33.670005,213.602254,59.616777,230.658248,477.742904,23.826879,123.901413,41.380214,464.345455,398.819903,304.110084,130.968488,37.770656,311.435756,118.177643,118.146745,29.753219,90.798531,51.016239,54.949229,332.983514
2012-01-11 14:00:00,7.675113,142.568257,269.448305,79.196942,66.369725,196.123894,413.489942,184.630421,27.046992,185.112652,51.852438,175.682795,376.603554,19.626963,96.140227,32.799094,423.277831,331.166124,267.025824,151.122989,30.401122,286.234164,94.938257,101.259553,24.117208,77.402786,42.123493,44.136446,270.673548
2012-01-11 15:00:00,5.161806,100.163641,167.139528,60.082431,48.836175,177.827255,317.344618,131.712973,18.847289,127.276138,44.824403,123.540202,297.007556,13.388636,66.467244,22.660218,337.919734,245.949608,206.341956,94.280971,20.647243,245.327889,63.962350,76.541562,15.902547,53.205410,31.918413,29.586273,214.370012
2012-01-11 16:00:00,0.888355,4.810673,21.743676,16.174629,34.316944,50.408540,87.637088,11.093329,14.315072,22.275077,25.025541,29.078167,176.933441,0.741886,50.426613,2.060375,218.252357,31.767534,36.822410,25.281363,0.583967,125.479014,3.264447,10.360877,0.444370,7.062966,8.460270,0.786538,122.593826
2012-01-11 17:00:00,0.705458,4.183194,26.309847,15.654266,33.896522,42.549144,57.273297,14.526979,25.086122,32.597674,27.929057,30.485175,168.307672,1.136506,75.549549,1.242285,207.454796,38.636190,32.403721,21.681169,1.190393,111.718913,2.967679,9.162681,0.502331,6.296443,6.988919,1.144055,96.189002
2012-01-11 18:00:00,0.816503,4.496934,26.309847,15.871084,26.118715,36.180323,63.667889,12.017774,27.379313,24.312432,35.291543,33.768193,124.337293,1.041797,88.382128,0.939289,234.183186,29.621079,34.507858,19.201035,3.863163,107.296024,3.783791,10.501842,0.463690,8.212751,6.161284,1.573075,62.805760
2012-01-11 19:00:00,0.568286,5.333573,19.786745,8.802814,19.654727,23.713695,55.605143,13.338408,23.395183,21.052664,29.691905,24.075471,84.784990,0.789240,110.552969,1.181686,234.714214,15.669122,39.557789,19.841069,4.941255,102.217891,4.674095,10.854252,0.579613,18.615570,4.643953,1.573075,45.265413
2012-01-11 20:00:00,0.215557,7.948069,15.655446,6.634633,16.028588,21.952106,40.869780,12.942218,17.789604,20.781017,24.403359,17.196765,71.109992,0.757671,128.325790,1.484682,203.914611,22.108487,34.928686,19.121031,4.200067,88.457791,3.709599,10.783770,0.792138,27.321086,6.437162,0.643531,34.326271
2012-01-11 21:00:00,0.228621,11.608364,11.959022,9.539996,17.079643,25.881804,35.587292,10.565076,15.079469,32.190203,16.142165,18.603773,59.959608,0.868165,161.401310,1.333184,226.217772,31.338243,46.501443,24.881341,4.132686,87.802548,2.893488,9.303645,0.386409,25.623784,6.299223,1.251310,39.607236
2012-01-11 22:00:00,0.195961,18.719794,15.220573,7.935542,19.181753,32.386132,50.600680,15.715550,12.091372,50.118924,15.969337,25.638814,67.954223,1.136506,161.461557,0.878689,210.286943,33.913989,62.913717,19.441048,3.458879,101.890270,2.819296,11.559074,0.695535,33.343770,3.540439,1.894841,46.962866
2012-01-11 23:00:00,0.516030,32.210596,16.090320,3.989453,18.130698,44.581746,39.479652,18.620946,8.130405,64.244582,21.223318,26.889487,79.104606,1.988886,152.906504,1.605881,219.845440,35.201862,63.965786,15.200819,3.121975,119.254206,2.596720,16.563307,1.951363,38.216669,3.218581,5.076743,45.831230
2012-01-12 00:00:00,1.234552,55.741063,14.568263,4.726634,14.714769,50.815060,52.268834,17.960629,5.350779,64.380406,28.378410,22.199460,73.003453,2.872835,145.676882,2.605769,247.812896,58.168931,103.102747,14.240768,2.897372,118.435153,2.077376,23.259112,2.685539,42.049287,5.793446,6.363804,37.155360
2012-01-12 01:00:00,1.149636,58.564719,12.176458,7.154997,9.196731,56.641854,53.380937,15.583487,3.821985,60.577344,24.023136,18.291105,65.639992,2.620278,156.822550,2.393671,264.274752,103.673778,123.512883,19.681061,2.605389,100.743595,2.819296,23.118148,1.352430,34.493555,7.678615,6.328053,27.347854
2012-01-12 02:00:00,0.940611,56.263963,15.655446,8.672724,9.406942,68.430948,72.564712,12.546027,5.397106,67.775997,18.285236,14.539083,54.279224,2.130949,174.294136,4.817642,145.855590,125.567619,131.929434,12.320664,1.819280,101.726459,3.561215,14.096432,1.004662,27.594844,5.655507,5.148246,26.970642
2012-01-12 03:00:00,1.005931,42.564001,20.439055,10.277177,11.456499,71.547605,85.631920,11.885710,5.906705,64.380406,18.077842,13.444744,36.817303,2.130949,146.460091,4.423747,91.690771,114.191407,126.879503,14.160763,0.943331,105.494106,4.377327,11.206663,0.734176,32.029730,3.862297,4.790729,28.290883
2012-01-12 04:00:00,1.913883,32.942655,25.874974,11.881631,10.142680,65.991825,91.470460,13.602535,4.563219,74.431356,10.369699,12.194070,28.191535,1.846823,79.887323,9.180789,80.893210,79.418836,115.306746,12.640681,0.920870,83.543469,4.080559,10.995217,0.598933,28.580374,3.402500,4.111447,25.650401
2012-01-12 05:00:00,3.723253,24.262527,28.919088,13.789630,6.936963,63.552702,126.223675,13.866662,2.177373,64.380406,7.327921,14.226415,22.300767,1.610051,45.486371,4.514646,92.044790,63.535069,106.679781,16.640897,0.539046,55.531835,3.709599,7.823520,0.405729,20.641382,4.092196,3.753930,24.141553
2012-01-12 06:00:00,4.970869,16.941937,21.526239,15.394084,8.671203,48.782458,128.169855,8.319997,1.273995,54.193633,6.774870,10.474393,27.139612,0.899734,40.244896,3.151162,108.506646,51.944212,157.389500,38.482074,0.875950,35.710738,4.970863,5.568091,0.560292,17.356281,3.816317,3.360661,24.330159
2012-01-12 07:00:00,2.788134,8.784708,23.918043,12.748904,10.510549,68.012079,122.331315,5.942855,1.297159,49.575629,6.705739,14.694605,22.931920,0.568253,36.268603,10.720510,115.209404,47.865947,195.263978,67.683648,2.133724,41.771734,4.305310,5.074715,0.521652,18.725073,6.072685,3.467916,41.116083
2012-01-12 08:00:00,4.144283,31.823731,102.238978,22.358216,23.426241,117.165191,131.093982,33.196218,9.436503,57.609698,8.456019,88.190153,87.481823,3.548112,31.325167,20.432337,183.194532,97.004342,311.166490,106.925896,10.928771,80.048005,29.059910,19.180641,1.741549,28.961917,23.054047,8.212989,84.739589
2012-01-12 09:00:00,6.272934,84.048199,218.677351,55.826464,55.274273,178.928167,243.425043,110.332517,22.459364,113.647235,21.760594,170.529455,191.511065,11.454892,56.025535,37.378272,236.840189,241.006766,388.227133,112.275782,20.605457,166.154152,65.196847,55.681941,2.800316,58.014846,40.977707,10.786438,182.979440
2012-01-12 10:00:00,8.174965,129.390756,308.591778,89.705697,81.487498,224.703915,375.441192,175.039739,33.001754,183.418410,32.919771,226.018581,300.547107,18.269458,107.980310,46.403251,303.607256,308.261963,356.586857,85.320021,32.443046,243.107133,97.590012,90.980913,3.102095,88.165406,49.976885,8.631905,286.808107
2012-01-12 11:00:00,8.906164,160.727860,356.428928,97.091744,90.605786,241.199990,397.607865,208.296781,37.125803,200.765260,36.971054,246.095491,375.512881,21.306553,108.146757,49.266535,345.322142,319.454239,269.993076,92.782817,36.715087,275.442665,111.155291,114.841953,5.171120,93.157743,63.652443,11.007734,341.511846
2012-01-12 12:00:00,10.113481,166.596592,372.315013,83.396507,90.464777,233.507669,414.889657,220.764290,33.868423,172.895443,40.562365,249.985257,405.010623,22.073036,93.522496,52.312738,422.710866,328.565065,285.690282,106.876135,33.521326,286.692451,117.196735,123.683800,6.216284,93.785611,79.852490,20.248042,348.283627
2012-01-12 13:00:00,10.686858,154.702148,348.566154,72.387164,82.730831,227.386992,399.142429,208.666338,26.828013,171.878235,36.576274,232.003088,387.416127,20.495315,78.594436,50.756546,410.084167,281.922131,278.554383,121.702374,33.709958,270.935870,111.195467,119.438688,6.479611,88.593066,74.598173,37.611871,321.727706
2012-01-12 14:00:00,8.774056,135.458796,280.762907,53.969890,72.996946,196.504431,302.921244,180.806755,24.900638,178.523926,33.266801,196.533859,314.254844,18.675171,69.147662,43.360960,308.720264,216.946551,187.500246,113.274487,29.880680,226.409642,90.551248,97.476437,7.478624,70.565665,54.214314,42.968216,262.521905
2012-01-12 15:00:00,6.797893,96.550929,193.352721,33.774289,64.779205,138.123755,182.538713,121.143288,20.272147,138.173687,34.613817,140.487202,180.072484,13.338451,54.388067,30.308518,190.025884,148.386106,125.865477,82.459596,24.179741,166.681137,63.382068,67.804627,7.902163,50.095607,33.557582,27.663665,193.972544
2012-01-12 16:00:00,2.932878,7.111430,7.175413,9.800178,10.720760,50.408540,62.140612,9.508568,0.648579,8.692713,21.361580,13.288409,19.355382,2.020456,5.422216,10.423075,46.730432,42.929100,44.607719,39.842147,7.366962,29.322119,4.896671,5.074715,2.646899,4.325382,8.000473,5.291253,37.909783
2012-01-12 17:00:00,2.560553,8.052649,7.827723,9.930268,3.415929,53.931717,43.928063,8.187934,2.779626,7.877771,20.151782,13.601078,11.571152,1.483772,1.325431,10.180677,38.765017,31.123598,35.349513,43.602350,9.725289,42.263167,7.122431,14.801253,3.690202,12.154872,8.368310,3.539419,31.119971
2012-01-12 18:00:00,2.547489,6.379371,12.176458,7.501906,3.363376,43.497692,59.775529,5.942855,0.741234,8.556889,25.682288,12.819407,6.311538,0.962873,1.385678,4.393447,43.013238,32.196825,46.501443,49.362661,9.747749,52.910864,7.493391,23.329594,4.327776,12.373879,9.012027,4.254454,24.141553
2012-01-12 19:00:00,0.921015,4.496934,10.871838,6.634633,3.100612,57.996922,54.215014,6.074919,0.903378,10.865891,22.225722,20.948787,14.937306,1.057582,1.506171,2.242173,54.341828,39.280127,43.555650,23.601272,7.748787,48.160353,6.677279,19.030183,2.376413,9.307785,12.690405,3.861185,22.821312
2012-01-12 20:00:00,0.901419,3.032816,11.089275,7.154997,2.469979,83.472206,33.085060,4.886348,1.297159,9.100184,16.971741,35.175201,19.144998,1.152291,1.747159,2.211873,37.171934,35.845799,39.136961,23.601272,4.514510,53.238485,4.748287,25.162131,2.859423,13.195154,10.529358,4.182950,20.746648
2012-01-12 21:00:00,1.737518,5.333573,10.871838,4.900089,4.519536,92.280149,32.529009,4.622221,1.575121,10.865891,18.838287,48.776279,30.505766,0.820810,3.132836,1.393783,21.595124,19.747386,45.238960,25.841393,3.032134,72.731961,8.383695,44.826653,4.327776,11.224093,7.816554,4.147198,20.369436
2012-01-12 22:00:00,1.953075,6.170212,13.915952,3.989453,7.304832,85.911328,40.869780,6.735236,1.667775,9.643479,18.354368,52.528301,40.183457,1.231215,5.361970,1.211985,16.992884,10.946921,47.553512,24.161302,5.233239,66.179532,10.683646,46.306778,2.956025,10.567073,8.000473,3.146151,31.874395
2012-01-12 23:00:00,2.952474,6.065632,17.394940,6.677997,8.618651,92.957683,38.089523,13.470472,1.250832,10.730068,16.522387,36.894878,33.871919,1.436418,5.000489,2.848166,17.523912,13.308021,46.501443,22.961238,5.390460,47.341299,7.790159,44.685688,0.869419,9.636295,8.920067,11.154534,42.059113
2012-01-13 00:00:00,3.448908,7.529750,15.872883,7.848815,8.933967,120.330063,41.425832,10.697139,0.949705,10.186773,21.361580,39.239891,24.194228,1.357494,4.940242,5.635732,12.390645,15.239831,46.501443,23.041242,3.054594,42.099356,6.083743,66.112265,1.777479,13.633167,10.161520,20.950502,39.418630
2012-01-13 01:00:00,7.152565,9.412187,14.133389,15.740993,11.403946,159.898056,49.210552,6.206982,1.436140,7.470300,20.843095,46.431266,17.041152,0.978658,3.253330,3.757155,10.443543,15.669122,51.340960,18.561000,1.751900,48.160353,4.896671,71.539391,1.487673,12.428630,7.126858,27.850582,36.966754
2012-01-13 02:00:00,7.988663,3.974035,12.393895,16.001175,5.833355,182.527696,56.995272,7.395553,1.181341,9.100184,17.732186,59.563341,19.565767,0.915519,2.048393,1.757379,10.620553,28.762497,58.074200,12.640681,2.717690,47.013678,6.677279,75.133981,0.927381,9.307785,4.460034,30.102940,40.173054
2012-01-13 03:00:00,7.106840,4.601514,12.393895,6.244361,4.414431,175.345834,80.627457,6.206982,0.393780,8.285242,14.275619,63.315363,20.828074,1.010228,1.867652,1.575581,17.877930,37.562963,82.692611,9.600517,3.503799,31.779280,4.970863,91.697288,0.792138,10.348067,4.965811,23.739136,30.365548
2012-01-13 04:00:00,8.347925,8.470968,15.655446,5.160270,4.046562,177.242930,67.838275,7.263490,0.857051,11.137539,10.266002,63.784365,15.989229,1.041797,3.675058,1.514982,23.365216,34.772571,75.328130,5.360289,9.006561,24.080176,7.938543,67.733354,0.927381,10.731328,5.425608,29.173396,18.671983
2012-01-13 05:00:00,6.734515,3.555715,19.351871,4.596543,3.100612,157.187920,57.551323,13.602535,1.343486,17.385426,10.784487,54.873314,9.888076,0.789240,6.747647,1.272585,29.914557,34.772571,71.961509,4.960267,13.094326,20.967773,9.422382,33.338061,2.125247,7.884241,4.965811,22.309067,11.316353
2012-01-13 06:00:00,7.028456,7.738909,28.484215,4.249635,1.681688,99.055491,36.421369,16.375867,0.625416,14.533130,13.964528,62.690026,6.521922,0.536684,4.036539,1.848278,22.480170,23.181714,54.286753,5.680306,16.193841,19.165855,8.012735,15.435593,2.898064,7.172469,5.655507,20.628737,8.864477
2012-01-13 07:00:00,5.848211,8.052649,21.743676,5.550543,2.312321,107.432540,25.022314,10.036822,0.648579,13.718188,14.552145,74.126906,7.573845,1.073367,2.891849,3.856089,12.072325,13.737312,41.872340,7.680414,14.127498,19.002044,9.327688,15.083182,3.187870,8.924523,11.544041,24.775935,7.355630
2012-01-13 08:00:00,7.569652,18.674474,85.862181,12.541977,11.608841,147.657770,36.883472,14.916995,2.674218,22.717523,14.824438,114.450825,51.623507,3.068168,6.450071,9.901469,40.322034,27.599997,48.675450,14.407604,22.167094,46.521677,40.476831,20.051609,9.663544,14.999629,25.825803,26.780126,56.685746
2012-01-13 09:00:00,12.667515,40.838253,196.460109,33.074975,23.647602,210.843782,76.394482,29.214316,4.571156,41.659661,25.870317,190.108387,137.226843,6.157750,21.414077,15.158382,109.428016,62.797518,76.578911,19.205242,29.351069,114.968387,78.292950,52.366131,17.666274,39.798662,48.426657,33.492541,116.164782
2012-01-13 10:00:00,15.176108,61.738388,291.847933,45.355537,27.361867,324.552474,127.062174,39.454993,7.653621,60.977897,35.780201,266.406651,246.395601,10.657214,55.272261,24.495661,218.071410,156.264779,132.618867,47.236666,37.101754,159.226093,108.824430,87.590588,24.014956,55.512775,62.770265,24.406966,134.467978
2012-01-13 11:00:00,14.012993,66.222259,334.778417,32.517914,29.971755,385.247182,136.844298,56.324648,16.938568,69.996189,43.495747,280.480692,252.714044,11.072940,61.904082,31.832318,279.073383,191.170664,169.276154,67.002691,44.964159,165.615055,124.365762,91.241643,21.481270,56.768243,73.477180,26.983934,140.545747
2012-01-13 12:00:00,15.461839,52.785097,356.708576,45.777530,36.643094,435.435711,182.362615,60.906319,20.002654,69.200678,47.527406,280.818375,263.429125,11.041557,73.278839,40.529900,319.528327,209.809025,191.785411,88.329927,46.589777,160.261999,122.948038,70.844312,26.128326,55.610969,75.266800,56.072528,185.515816
2012-01-13 13:00:00,14.533691,44.570506,319.594867,56.273402,51.735049,428.423395,231.014816,53.007579,22.209689,72.873887,46.150075,226.612733,240.513793,10.551788,69.253903,32.203061,350.095460,208.659706,183.742176,97.712318,41.164599,157.735792,114.947055,57.208153,24.237418,49.772598,74.079196,86.525201,211.967102
2012-01-13 14:00:00,14.411342,39.512212,224.215844,54.715521,41.994086,341.787507,235.162604,40.598683,12.726471,58.757612,42.872548,153.071727,181.740145,11.809693,51.400318,21.628804,328.946375,160.964064,160.543269,91.339731,32.256702,123.789131,93.067511,42.229734,22.598269,31.670120,56.044009,67.029591,187.534280
2012-01-13 15:00:00,13.266392,25.962297,114.171598,42.599576,27.721008,182.795269,183.674672,24.910503,10.142563,33.322004,34.430014,77.962528,125.288214,9.615285,32.391280,17.566897,258.085000,125.611812,136.894756,68.823038,22.040500,67.181148,61.944307,14.720541,23.063887,16.795048,36.035977,36.990046,116.360625
2012-01-13 16:00:00,11.515955,14.013701,13.698516,4.162907,4.729747,170.332082,101.936458,7.527616,3.150242,12.767422,12.409073,37.832883,66.691915,2.399291,12.591592,3.635956,88.681615,42.929100,41.531151,11.840638,8.916720,8.190536,6.677279,2.889768,8.346425,8.541261,10.391419,8.794921,33.194636
2012-01-13 17:00:00,17.074707,13.281642,23.265733,4.379725,5.938460,153.393728,109.820158,6.206982,2.501663,14.125659,13.446043,22.981132,59.118070,2.683418,14.880972,2.878465,69.387611,55.593185,66.069924,10.000539,10.848301,11.794372,7.790159,1.762054,8.500988,1.752054,10.897196,11.512051,36.212330
2012-01-13 18:00:00,13.834823,16.209878,25.874974,4.769998,6.831857,75.070782,144.851398,5.810792,1.505631,19.422781,12.962124,20.948787,36.186150,1.941532,12.591592,3.181462,83.548348,55.378540,67.332406,7.360397,7.524184,13.432479,7.345007,6.131948,9.737495,5.365664,8.690169,14.658201,57.713401
2012-01-13 19:00:00,12.678655,15.373239,29.353962,6.764724,4.519536,73.986728,114.268569,6.206982,0.857051,28.115494,9.470992,21.730458,35.975765,1.152291,10.663692,4.666144,103.904407,43.573037,47.343098,6.000323,6.446092,12.777236,9.793342,5.850019,8.269143,3.011342,10.345439,14.550946,83.363802
2012-01-13 20:00:00,9.334260,7.948069,52.402258,7.024906,9.039073,87.266397,106.483849,7.131426,0.857051,22.003430,7.984668,29.234501,35.765380,0.741886,9.579249,8.241501,140.722323,44.216973,57.863787,6.880371,9.118862,16.053451,10.683646,4.722305,7.631569,4.872899,18.437871,13.514147,161.635245
2012-01-13 21:00:00,7.688190,8.784708,76.755175,5.550543,5.307827,90.654067,119.273032,6.339045,0.926542,17.792897,6.567476,30.016172,34.292688,0.883949,9.579249,10.120078,141.430360,53.017439,67.963648,9.360505,9.276084,12.941047,7.493391,2.255429,12.964007,5.639423,16.552702,22.738088,143.529080
2012-01-13 22:00:00,8.328329,21.438870,48.705833,4.509816,2.049557,104.340257,159.586761,5.942855,0.764397,19.151133,5.081153,38.145552,26.298074,2.273013,9.278015,10.180677,112.577858,55.163894,78.484336,13.200711,5.682444,9.337211,6.751471,2.678322,12.442355,1.861557,16.092905,23.131357,81.854955
2012-01-13 23:00:00,9.634733,22.275509,28.484215,3.599180,1.997004,161.795152,191.281692,7.263490,0.486434,17.928721,4.389839,59.094338,22.511151,0.868165,8.434559,10.907869,140.368304,70.618370,107.100609,18.240983,5.188318,11.139129,9.496574,2.255429,3.303793,4.982402,15.403209,29.709671,107.505355
2012-01-14 00:00:00,8.615738,19.765593,29.353962,3.729271,3.048059,205.021830,167.927532,6.339045,0.741234,19.558604,7.189658,75.822101,29.453843,0.947089,11.386655,9.938280,198.250317,68.686561,104.786057,14.800798,5.031096,13.760101,8.532079,2.114465,2.627578,4.489637,17.794155,40.685446,178.421169
2012-01-14 01:00:00,7.746979,15.477819,49.793017,5.767361,8.618651,174.261780,126.501700,5.546665,1.876247,22.546725,9.470992,49.714285,50.913071,1.625835,11.868629,10.847269,295.428373,40.997291,84.586335,7.680414,3.616100,10.811508,6.380511,2.607840,2.047965,2.190067,14.345675,42.508784,233.682693
2012-01-14 02:00:00,8.217284,12.654163,77.842358,7.675360,11.298841,161.930659,120.385135,5.018411,1.737266,22.003430,9.712952,44.867924,70.899607,1.310139,9.217768,17.482890,350.301229,46.148783,85.848818,10.880586,2.897372,14.415344,4.228943,2.043983,3.052627,2.190067,11.219054,28.315355,229.910576
2012-01-14 03:00:00,5.800436,11.608364,128.287686,8.152360,9.879916,156.374879,107.873977,5.678728,1.204504,18.064544,13.238649,31.266846,92.779604,1.026013,10.422705,18.058583,372.604390,57.739640,112.992194,16.240875,2.268485,28.830687,3.041871,4.510858,9.776136,6.734456,11.540912,10.511003,260.087517
2012-01-14 04:00:00,2.965538,14.222860,162.425256,6.591270,9.354389,183.205230,111.488312,7.263490,1.042360,15.483895,16.522387,30.328840,105.613064,0.615608,10.543199,24.603304,355.434496,68.471915,143.291777,12.880694,2.043883,32.925955,3.709599,5.286162,5.834769,9.034026,11.311013,10.832768,264.425453
2012-01-14 05:00:00,2.096779,22.693829,162.860130,6.547906,9.406942,173.855259,99.533206,7.395553,1.135014,12.359951,15.519983,42.522910,110.451910,1.136506,7.892337,48.146120,356.673561,78.560254,151.497914,14.160763,1.819280,30.304984,6.899855,5.568091,3.728842,5.091906,7.862533,15.695001,322.138854
2012-01-14 06:00:00,2.377656,27.922822,172.644784,6.938179,10.720760,117.077899,81.183509,8.187934,2.177373,18.879486,17.040872,42.835579,94.883450,0.852380,11.266161,37.389750,317.554525,75.340571,156.337431,16.080867,2.403247,32.925955,7.048239,7.612073,3.825445,3.996872,9.241925,11.333292,395.883756
2012-01-14 07:00:00,1.050712,28.131981,195.910516,8.672724,16.081141,85.716765,81.739560,4.886348,10.076143,29.202083,18.872853,44.942992,124.758062,0.710316,17.471586,30.990670,334.884752,83.711746,152.129155,23.041242,1.796820,47.013678,5.373198,10.290395,2.859423,7.665235,13.416470,9.938975,459.443939
2012-01-14 08:00:00,2.951066,23.038220,225.186943,11.717704,18.811867,82.246951,96.176771,27.204149,2.961928,51.352995,32.303954,58.227592,227.490637,3.263083,16.479385,39.441288,402.565149,116.338464,177.205021,39.805631,11.487268,71.072364,37.338349,25.838228,11.463135,12.567363,28.725071,22.540592,400.526384
2012-01-14 09:00:00,4.388215,33.818849,181.610526,23.789401,22.106591,137.687494,168.340057,74.021058,3.855559,102.940673,52.931384,102.503725,372.804291,9.149054,34.850008,49.898914,534.200225,148.325591,234.977479,77.151086,25.274526,69.718098,80.965829,47.352994,17.838890,20.318106,42.232125,28.427374,313.247795
2012-01-14 10:00:00,8.200514,43.128573,245.169279,39.478667,24.190695,215.448329,275.190238,130.258985,5.315509,155.029278,54.255534,155.503897,514.251452,12.344900,60.260642,58.030086,505.754987,184.303954,261.124158,100.829539,35.457892,94.569776,113.037375,69.708282,23.009107,24.343138,55.379330,30.684896,344.329862
2012-01-14 11:00:00,10.263102,83.437504,306.122888,50.874166,41.312183,279.488401,375.030008,175.276402,6.830531,202.749631,47.970896,210.592106,539.833223,10.531255,89.686079,56.356016,564.980815,215.136666,321.504557,116.830789,41.092642,145.634141,133.868188,58.649963,22.389182,25.639412,57.158301,44.989822,341.265051
2012-01-14 12:00:00,9.932239,133.434340,287.593119,65.968100,76.772674,291.065216,490.073317,185.999807,11.225690,234.751975,53.652033,237.151655,588.643918,10.973671,109.361784,59.480875,702.522160,244.167435,334.615616,143.165173,43.246679,187.793744,134.308887,74.738881,28.167338,32.091971,65.238113,53.550398,430.043543
2012-01-14 13:00:00,9.265444,167.251219,321.039839,79.735266,93.347511,290.346560,539.165329,164.088056,20.580434,288.518518,78.574509,227.985558,595.082302,12.390900,160.868048,62.608460,878.826050,314.651150,352.401862,159.830577,41.387713,220.535430,121.030591,98.461219,31.019184,73.593589,69.998229,48.925578,525.415344
2012-01-14 14:00:00,7.724137,165.039497,337.841341,72.700949,65.941967,277.142378,557.881536,128.329918,29.634100,318.505780,94.826656,259.863546,535.285655,7.924459,216.481439,70.081665,1037.581567,361.361638,445.845114,168.731640,31.636875,239.070733,91.301969,102.783304,21.207009,84.930319,59.411413,33.531561,466.588073
2012-01-14 15:00:00,4.122654,118.296460,310.188027,50.434329,59.324171,167.302072,540.331393,93.965403,25.656079,273.943113,95.573843,218.015292,486.945643,5.244258,217.147096,87.214912,1019.908434,331.301828,625.477244,174.927228,21.912870,205.489987,59.683910,90.655011,16.755059,74.838626,39.610926,17.520758,467.596247
2012-01-14 16:00:00,2.364592,20.706811,293.322183,16.087902,18.446014,116.400365,440.748570,34.732686,3.219733,119.388981,92.912505,91.455524,283.177659,1.057582,197.609667,74.930998,931.068451,125.138328,517.634363,170.089167,2.403247,105.002674,3.783791,32.492275,6.337100,26.937824,17.104459,4.004192,463.593269
2012-01-14 17:00:00,1.456641,28.341141,223.959858,19.166719,33.423547,108.405462,286.366487,28.129514,1.737266,155.110599,94.467960,91.611858,240.890356,1.136506,221.587913,44.449565,745.208779,97.449058,377.061475,134.087227,1.459916,122.038989,3.041871,41.091098,7.322442,28.963636,17.840134,6.220798,532.057206
2012-01-14 18:00:00,1.332533,28.968620,150.683671,43.797254,25.435530,77.645412,155.694401,24.695864,1.644612,153.480715,108.017700,84.576818,215.433821,1.262785,178.571662,42.146793,686.264712,82.423873,190.424461,64.883497,1.033172,111.391292,5.267631,33.479025,4.578941,32.741502,16.000945,5.541515,530.171147
2012-01-14 19:00:00,0.581350,29.805259,145.465189,67.950789,19.234305,50.002019,158.196632,15.715550,1.760430,123.599514,139.126798,50.495956,239.838433,1.026013,136.278374,39.601623,785.920898,80.277418,131.508606,41.442234,1.774360,87.802548,4.451519,23.118148,2.511656,21.572160,14.483614,3.896936,473.023563
2012-01-14 20:00:00,0.280877,30.537318,154.162659,70.769424,34.369497,30.353529,155.416375,12.149837,0.996033,83.259892,161.490782,44.555255,215.644205,1.073367,71.874492,26.512181,850.175241,98.951577,110.888057,27.841501,3.728402,71.912907,3.264447,42.077849,2.550296,19.491596,16.598682,4.147198,428.512574
2012-01-14 21:00:00,0.326601,24.785426,261.141543,91.887506,43.303464,31.844104,144.573372,15.847614,2.200537,63.837112,162.216661,49.714285,121.181524,1.041797,47.173283,15.149818,739.721494,89.292529,86.900887,19.121031,4.177607,85.017765,8.383695,36.086865,3.110589,24.966764,13.334121,9.366948,424.174639
2012-01-14 22:00:00,0.692394,21.020551,348.551119,68.254334,40.623274,60.300538,153.748221,32.091417,1.459303,48.489040,110.990347,61.439352,114.869986,1.341709,43.739213,9.301988,691.397979,111.186370,63.965786,10.480565,1.639598,107.787456,7.493391,36.580240,2.299131,16.480254,7.218817,15.015718,452.842733
2012-01-14 23:00:00,1.188828,22.170929,413.564708,41.368891,38.048189,93.906231,239.658167,42.128239,1.088687,41.018740,97.025819,87.390834,104.350757,1.404848,35.425148,4.817642,558.110043,129.645883,44.397305,6.160332,1.167933,149.559190,4.080559,26.783220,1.313789,19.710603,6.483142,12.513099,494.336028
2012-01-15 00:00:00,1.900819,23.321308,460.313611,33.823622,31.426543,138.216964,296.375412,51.504744,0.857051,27.436376,131.349523,110.840968,84.364221,1.815253,19.881460,10.029179,459.869931,190.390561,53.024270,6.080328,1.662059,173.966988,3.932175,22.695255,1.043303,15.932737,7.034898,5.684522,471.326110
2012-01-15 01:00:00,1.881222,26.981603,458.791553,25.150898,21.756837,124.801788,319.729572,87.558065,1.482467,20.645194,117.246732,94.425874,58.907685,2.273013,20.423682,14.816522,445.886203,254.140275,45.238960,5.600302,2.695230,170.363152,3.264447,29.109131,0.734176,16.480254,7.218817,2.645627,347.977860
2012-01-15 02:00:00,1.809370,32.942655,465.532093,24.153535,13.033081,84.827274,351.980555,156.627247,2.802789,38.166443,99.929335,69.568732,50.281917,3.898848,24.881949,18.149481,397.031661,259.935703,28.826686,3.920211,2.987213,169.544099,3.041871,33.056132,0.405729,22.502939,7.310777,3.003144,265.745694
2012-01-15 03:00:00,1.541557,36.602950,489.232699,21.464991,8.408440,94.854779,385.343641,227.281191,2.409009,38.981385,89.213979,80.512128,68.795761,6.014012,19.098251,32.481209,392.075403,346.437841,23.145515,2.400129,4.581891,221.144476,3.190255,19.312111,0.309127,16.808764,11.908750,3.825433,256.692611
2012-01-15 04:00:00,1.195360,40.472404,479.882919,21.941991,4.939958,102.036641,398.966901,222.262780,2.571154,35.585794,83.856301,101.617249,78.052683,9.565595,7.410363,33.087202,386.411108,471.790814,33.666203,2.800151,6.580854,243.422735,3.190255,16.210896,0.386409,14.344939,14.023817,5.076743,249.714194
2012-01-15 05:00:00,1.149636,39.635765,494.016308,30.094351,4.099114,121.956144,378.949050,187.133904,4.285256,30.017025,69.649813,128.819405,70.478838,15.895303,7.229622,27.845365,321.094709,585.552931,53.655511,3.520190,5.053557,213.609183,2.374144,14.519325,0.367088,13.468912,11.081114,7.078839,220.857493
2012-01-15 06:00:00,2.044523,39.217446,409.215973,15.307357,6.096119,120.330063,336.967167,153.193598,6.207831,42.648623,55.823547,105.525604,50.492302,16.858177,11.025173,28.421058,261.088587,514.719915,120.987918,3.520190,4.402209,181.502281,2.374144,7.118698,0.328447,9.526791,9.241925,6.935832,124.102673
2012-01-15 07:00:00,3.264006,43.923540,354.856784,20.771173,8.040570,80.073260,259.676018,77.917433,4.563219,32.190203,51.122617,79.472134,49.440379,20.362404,11.627642,31.111869,254.050834,480.161989,239.450870,3.680198,4.828954,194.770950,4.855666,15.012700,0.367088,14.016429,15.961685,5.970536,118.444497
2012-01-15 08:00:00,4.163305,47.661266,421.627776,25.553984,13.299990,121.766410,386.793539,48.737679,3.005959,31.656482,64.671322,111.755989,97.317044,32.199007,21.167288,45.636601,305.957770,478.029914,264.798606,14.048307,13.620004,193.347867,35.773794,25.144965,6.524252,24.327396,28.434711,20.663590,140.971650
2012-01-15 09:00:00,7.019422,56.812552,453.589618,41.805791,20.399342,193.896195,572.565941,55.313665,8.597992,52.224902,74.231115,168.439513,153.427191,30.274483,30.711600,83.163177,380.346484,374.037989,312.351842,29.743906,25.017965,164.775642,77.701847,26.023804,15.580598,42.081611,35.473677,25.595529,159.895417
2012-01-15 10:00:00,10.080470,53.080883,533.938496,30.114482,25.432964,232.390759,592.609642,53.968425,12.134192,73.440498,89.876398,222.360726,211.064792,30.249016,40.676462,89.950191,358.572872,420.663398,356.829626,41.809479,34.912561,200.340518,108.706593,42.640330,11.131682,53.423231,45.276870,20.414850,159.175478
2012-01-15 11:00:00,10.855337,66.007041,448.852749,36.887501,22.730990,243.998388,304.823619,61.774177,9.175772,69.236790,68.793789,245.622984,320.018324,29.461395,48.058657,98.419606,274.567855,492.720629,484.252355,73.522727,40.954040,280.550733,127.586461,73.983201,8.660028,55.204782,54.678751,16.255302,185.758907
2012-01-15 12:00:00,10.985553,66.061119,448.570673,34.868279,21.304878,241.546917,205.115833,85.167654,6.444995,73.982466,69.565273,253.925916,322.008535,25.897806,37.679633,109.522488,267.694510,383.062692,589.138453,92.100878,41.966476,305.274152,129.690759,77.837587,7.419611,66.266875,51.076694,18.405719,229.088379
2012-01-15 13:00:00,10.424547,47.407371,385.747534,78.347956,30.073962,229.071915,270.802422,134.968200,8.014200,84.469416,70.694480,240.822665,280.336670,26.601150,62.242522,108.821917,275.343702,405.962806,386.783004,126.138190,38.226366,311.496103,120.127396,62.595783,8.174577,51.632130,42.836818,25.492690,281.213096
2012-01-15 14:00:00,8.819037,40.638069,270.807699,133.943664,22.007353,177.209096,468.519085,118.413083,4.859722,56.760160,72.838055,200.763518,264.607884,24.644153,49.154408,141.595274,270.239216,423.295166,174.740144,118.452126,31.032752,301.011985,97.221330,48.575145,5.387029,40.858964,32.863376,21.142932,231.794402
2012-01-15 15:00:00,6.896033,20.839051,209.185087,157.658269,23.598604,109.449673,704.751073,189.507084,2.872248,39.209622,64.775176,132.819867,143.474659,15.082281,48.091112,151.370531,183.570661,509.370557,154.829359,129.597882,21.557926,248.012183,64.511257,28.949478,6.340512,28.871938,19.598268,11.851031,183.224370
2012-01-15 16:00:00,1.842030,6.170212,83.495714,162.890732,10.878419,16.396326,969.333705,155.702803,1.737266,21.595959,47.735182,26.733153,71.951530,2.951759,41.992054,91.232202,120.897291,505.060867,278.317064,105.365679,1.594678,153.490648,2.299952,13.603057,2.994666,12.264375,8.920067,1.573075,121.273585
2012-01-15 17:00:00,1.332533,12.235843,41.095547,157.496659,6.884410,15.583285,763.180588,148.571377,1.598285,18.336192,37.918533,21.417789,114.659602,2.320367,45.486371,68.113580,102.488333,477.586243,327.193412,70.963825,1.302695,80.758687,1.928992,4.792787,0.985342,11.935865,12.966283,1.859089,148.621438
2012-01-15 18:00:00,0.600946,27.086183,27.179594,150.385026,4.992511,16.667340,510.177187,113.442500,1.690939,34.499205,31.178229,21.417789,104.771526,2.730772,43.919953,73.809911,78.415081,396.879534,273.958728,71.363846,1.392536,56.187078,3.116063,6.907252,0.502331,16.425503,11.311013,1.501572,86.758708
2012-01-15 19:00:00,0.496434,49.361692,16.960067,64.004700,7.567596,23.036161,461.522687,64.843152,0.810724,54.872751,33.390431,15.008086,77.421529,1.957316,44.582669,69.416464,119.658227,407.826455,303.206242,35.521915,0.920870,45.211760,4.006367,9.092198,0.714856,12.154872,9.839662,2.395365,73.556296
2012-01-15 20:00:00,0.470306,116.188220,15.655446,30.224441,5.307827,22.900654,524.078473,28.789831,3.821985,62.071404,20.635701,15.633423,60.801147,1.152291,47.595011,38.601735,163.379502,487.245290,344.026513,28.881557,1.100552,19.493476,4.303135,13.884985,0.328447,8.212751,12.966283,5.398508,53.941284
2012-01-15 21:00:00,0.542158,157.288103,13.263642,24.066808,14.399453,24.391229,375.890767,21.526342,3.891476,32.054379,11.579497,18.134771,82.260375,0.915519,57.595988,27.602968,126.915604,453.331301,347.813961,16.240875,1.572218,10.975318,5.119247,16.563307,1.043303,4.982402,12.184628,2.681378,44.133777
2012-01-15 22:00:00,0.698926,101.651620,10.654401,31.481986,10.247786,25.204270,420.930933,20.998088,2.872280,36.672383,10.646225,20.792452,55.120763,0.631392,57.053767,22.633827,63.723316,443.886899,318.145620,27.761496,2.133724,16.381072,6.677279,28.192863,1.835441,13.687919,15.357229,3.074647,64.503213
2012-01-15 23:00:00,0.679330,71.114302,12.176458,32.479350,9.459494,28.998461,452.625864,18.356819,8.686330,61.120639,11.717760,28.140161,29.664227,2.793911,44.763409,13.786334,37.171934,376.273566,283.216934,52.082807,3.369038,37.021223,6.083743,30.377810,3.632240,25.952294,15.311249,1.608827,48.094501
2012-01-16 00:00:00,0.914483,64.839511,23.918043,35.428076,9.459494,39.974514,447.065350,16.639994,15.079469,98.879611,9.920346,37.207546,25.035766,3.725215,91.213730,7.968804,61.599205,274.102307,195.263978,62.483368,3.818243,41.116492,5.490207,36.862169,6.047294,15.056711,18.529830,1.608827,39.984448
2012-01-16 01:00:00,0.960207,44.237279,21.091365,34.907712,10.352891,61.249086,465.415047,18.488882,11.002685,64.244582,10.577093,80.668462,87.730374,2.999114,50.727847,3.605657,116.295052,316.387471,164.964395,35.201897,3.346577,28.339255,7.938543,43.698938,4.598262,10.457570,23.725540,2.466868,21.312465
2012-01-16 02:00:00,1.992267,40.472404,18.047251,23.936717,4.151667,76.425851,395.630593,23.243167,1.019196,66.281937,10.127740,102.711588,89.623836,3.709430,24.701208,4.817642,152.581940,615.817946,320.249757,30.721656,3.256736,36.365981,13.651326,34.113365,2.318451,21.791167,39.404627,2.073599,25.461795
2012-01-16 03:00:00,1.515429,38.694547,24.787790,17.779083,1.734241,76.290344,272.187175,47.146650,0.833888,84.346481,9.401861,123.191372,50.702686,4.230329,12.290357,14.392327,127.092614,549.707132,389.686301,27.841501,1.998962,63.230939,12.390062,46.377260,1.101264,28.689878,52.324930,1.894841,27.536459
2012-01-16 04:00:00,1.717922,48.420473,32.398077,11.924995,4.151667,75.070782,282.196101,56.126965,1.111850,114.363506,8.399456,178.064687,33.451150,3.409519,11.446901,20.179557,148.333719,402.031026,273.537900,42.482290,1.864201,96.648327,9.941726,62.094782,0.444370,26.335556,52.232971,1.859089,31.119971
2012-01-16 05:00:00,3.938810,74.774597,51.097637,8.716087,13.400951,91.196095,123.165392,66.295850,0.648579,146.825357,7.224224,249.040426,18.934613,2.935975,10.663692,9.847381,241.794582,324.758645,199.261840,37.602027,2.717690,115.322749,15.506125,103.397326,0.347768,16.754013,70.854761,3.038895,47.340077
2012-01-16 06:00:00,5.669795,76.238715,58.490487,6.721361,28.273378,112.470667,67.004197,82.539654,0.579089,126.723458,14.310185,310.636113,22.511151,1.594266,10.723939,12.362251,272.948204,264.228613,166.858119,33.361798,3.077054,150.214433,13.206174,92.613556,0.618254,17.137274,86.855706,4.719226,55.261525
2012-01-16 07:00:00,6.344294,59.087619,69.833615,11.404631,28.798905,137.530947,122.609340,142.232332,0.833888,151.579184,8.745113,397.542605,24.614997,1.878392,14.338750,14.737252,281.073952,136.514540,117.621297,31.841716,3.324117,164.465966,13.346119,102.410576,0.618254,34.931569,55.252462,7.472107,68.463937
2012-01-16 08:00:00,11.928024,52.251541,116.286330,31.250448,39.510718,152.341241,174.551657,176.271802,2.279678,200.412854,12.055245,412.663421,40.884202,6.843447,17.177920,19.091350,382.494427,116.086821,128.204871,21.269442,10.487716,187.579054,23.526782,110.718323,2.040874,50.622528,81.950592,7.449454,95.988815
2012-01-16 09:00:00,18.969741,72.759264,137.720770,68.651335,78.242387,149.526092,252.026579,242.306015,6.990817,234.188015,19.378229,400.446190,71.089148,9.939506,14.783644,28.418373,305.527170,212.391059,184.736628,12.943832,22.339803,230.853436,47.743918,121.803548,3.995796,99.797671,130.480514,8.686767,163.973539
2012-01-16 10:00:00,16.739162,62.856362,148.271688,120.750799,117.524704,180.496381,520.005543,320.951688,8.916414,234.595107,24.052775,410.798939,97.281371,10.706551,13.230259,30.912416,326.254792,339.684835,355.383095,18.503513,32.489784,332.309660,61.868354,147.427478,5.510246,165.082453,107.393825,14.861360,290.650887
2012-01-16 11:00:00,18.830421,58.764758,168.614999,134.222217,152.153664,201.207772,718.926955,399.032886,13.742127,237.114621,32.131760,480.105844,111.339261,6.720617,21.738897,21.372999,202.839593,537.867047,568.293927,60.856908,39.788536,422.016780,71.598636,99.038747,8.176505,192.485112,103.905739,24.677038,454.370406
2012-01-16 12:00:00,28.243913,54.908951,249.355502,160.481430,186.035920,226.101085,1391.839531,490.845183,26.516540,201.876964,40.868683,536.167664,117.864853,5.392071,33.213841,9.259340,163.888058,703.597044,1103.160976,63.334521,33.822980,454.608484,69.870268,115.859931,9.683377,177.913869,145.146200,29.240358,582.565419
2012-01-16 13:00:00,34.041341,66.446524,346.102113,179.052299,266.834174,323.990915,1880.853367,586.066891,46.087749,232.603817,33.485436,750.131372,164.568763,2.828697,38.803807,21.333333,259.465504,873.032333,1601.419391,137.574295,24.879316,515.321219,72.578508,168.398847,8.830353,295.300047,154.334271,36.101767,715.369102
2012-01-16 14:00:00,34.156447,149.051109,330.563957,207.497971,349.784852,347.467956,1886.837860,742.760125,108.281647,296.153452,44.658180,836.290656,240.932054,2.972633,42.175234,57.896366,230.420922,884.615548,1513.182239,192.355567,18.724407,537.065062,98.017764,191.631695,13.096406,363.324590,160.603841,20.809641,717.801893
2012-01-16 15:00:00,30.513347,237.392625,406.223298,243.259073,383.264252,344.981912,1965.171629,863.535509,129.527000,422.261959,41.335543,795.766213,304.575814,1.359961,81.659413,56.122621,160.307234,934.882134,1432.093264,151.904151,11.987820,519.792918,81.469948,227.030510,27.822683,350.756616,158.979951,15.782746,639.840668
2012-01-16 16:00:00,33.078161,256.638967,412.477525,202.193650,415.429467,343.780821,1852.984959,880.070807,176.158776,648.150418,17.179135,756.188665,466.843406,0.805025,136.278374,50.691290,105.497490,803.632761,1302.911980,178.889642,3.234276,549.748787,24.483356,258.317111,26.101897,277.262483,179.366919,27.564569,695.955721
2012-01-16 17:00:00,32.960585,251.305394,369.207610,162.787020,388.522460,421.697246,1404.863939,895.786357,194.944413,893.312091,12.201679,850.770873,718.252992,0.915519,192.609178,51.085185,324.103866,828.316994,1080.053879,287.695506,5.794745,528.781014,19.215725,299.619655,40.862704,295.385288,211.092931,32.498305,626.925966
2012-01-16 18:00:00,27.695775,260.090102,305.063768,150.124844,352.734039,405.165413,1226.093404,793.437186,156.261289,755.043624,8.745113,839.045806,1004.376035,1.799468,244.541963,35.359674,382.693915,611.739682,769.062328,263.534204,2.627849,437.538442,11.054606,217.226012,36.979298,234.008660,244.336275,25.312211,576.002377
2012-01-16 19:00:00,29.204672,243.461905,323.980765,121.374766,321.044733,424.949410,1242.496921,669.033419,116.883259,720.272771,8.088365,754.781657,1214.550240,2.130949,325.634222,78.657853,505.007280,599.290243,706.569438,237.852820,2.088803,424.925016,7.345007,193.966900,26.063256,230.230794,264.429416,16.088270,542.619135
2012-01-16 20:00:00,33.711768,192.113195,479.013172,143.403483,297.238338,381.451719,1238.326536,606.963600,118.157254,689.848276,9.056204,955.045804,1256.627158,3.646291,264.001695,133.833489,725.206738,502.270476,615.881104,207.291172,1.684519,356.288323,6.751471,135.748637,32.825406,176.081387,298.316475,16.195525,510.556134
2012-01-16 21:00:00,39.152942,151.013312,584.687435,140.107848,246.157068,374.811884,1059.834026,694.389601,115.099666,485.705342,5.253981,946.603755,1299.545615,4.356607,354.612957,171.253538,634.224004,461.273185,542.446698,135.527305,1.841741,288.306873,11.128798,104.806970,20.267128,133.813094,319.329211,21.880047,405.125444
2012-01-16 22:00:00,39.087622,79.062371,568.597115,137.029032,208.476748,382.942294,943.619277,562.722345,91.681320,285.093824,5.634203,911.584888,1350.248301,2.509785,335.936433,214.975912,866.283080,475.225142,519.301183,179.209659,1.662059,183.795631,7.270815,71.750837,3.748163,105.177968,323.237488,12.942119,261.407759
2012-01-16 23:00:00,35.534202,50.721230,477.925988,101.514229,148.198747,414.515384,883.565723,366.608127,83.435097,202.648873,7.189658,969.115884,1433.350214,3.441088,337.864333,220.763142,1271.811182,516.437079,633.345446,218.891798,1.235314,125.479014,3.932175,51.451976,0.966021,91.654304,314.041542,8.830672,106.562326
2012-01-17 00:00:00,34.214733,42.564001,392.473343,62.313518,107.207604,410.043659,854.373023,320.650048,74.053860,201.154813,7.742709,955.827475,1432.298291,1.089152,325.634222,164.830015,1395.009593,517.724952,675.849028,145.447839,1.482377,163.810723,3.857983,43.910385,1.622916,132.827564,287.051442,12.763361,51.866619
2012-01-17 01:00:00,43.366097,60.447157,0.000000,40.675073,73.363635,402.590784,764.292691,328.837982,59.507153,207.674348,6.947698,418.233254,1385.172143,1.294354,341.479144,127.531165,1450.059458,430.149587,801.255635,194.410478,0.000000,207.384376,0.000000,27.629006,0.000000,161.791200,273.165564,0.000000,42.813536
2012-01-17 02:00:00,48.846464,46.956355,0.000000,38.506892,73.626399,413.024809,718.696474,371.362411,50.149080,167.198903,5.219415,948.948769,1291.130231,1.215430,230.986421,95.201454,1285.794910,466.639322,967.903340,347.858749,0.000000,212.134887,0.000000,22.272362,0.000000,123.355524,241.071714,0.000000,40.550266
2012-01-17 03:00:00,47.585783,36.289210,0.000000,28.706715,69.054310,415.328425,696.454417,364.627176,55.175569,131.477285,5.841597,969.741221,1189.514474,0.678747,230.082719,89.262725,1222.779631,380.351830,970.638719,323.217420,0.000000,158.404969,0.000000,12.968717,0.000000,74.517030,236.703640,0.000000,44.699595
2012-01-17 04:00:00,39.832273,15.791558,75.638759,18.906537,77.672960,410.179166,581.629796,256.995467,64.672624,88.692838,8.537719,969.272219,1171.421399,0.899734,259.904909,85.081376,1055.859945,344.506031,947.072377,306.816537,0.000000,162.008805,0.000000,22.765737,10.375069,62.690668,226.496140,0.000000,49.414742
2012-01-17 05:00:00,34.939788,9.412187,448.789463,11.838268,82.034838,413.973357,637.790991,216.584052,69.143188,54.872751,11.752326,929.094322,1137.970249,3.109607,295.932525,81.596918,932.838543,297.284021,1019.454714,321.297317,1.774360,125.970446,17.583501,30.941668,9.969340,98.717270,232.243606,24.418418,82.609378
2012-01-17 06:00:00,30.262860,8.157229,537.938532,8.802814,49.504688,365.597420,641.961376,183.568190,44.057067,43.056094,10.542528,883.444727,1010.056419,3.725215,209.297556,65.992605,697.239283,299.215830,1083.630913,244.653186,4.289908,102.054081,12.019102,18.466326,4.347096,105.013713,208.610026,32.069284,64.126001
2012-01-17 07:00:00,24.101093,10.667145,297.671980,7.675360,35.367999,433.066398,559.387739,181.587239,37.895563,43.599389,9.332729,923.658406,1006.935885,4.893291,206.465954,63.894446,561.799320,398.382052,1219.347795,432.263298,3.613217,49.470838,10.461329,7.189180,1.719518,39.475958,189.689544,24.740184,31.119971
2012-01-17 08:00:00,22.131910,23.593814,252.833579,17.086606,52.968257,438.195791,592.721633,186.002473,48.883766,104.227822,13.340853,933.715120,963.913930,5.680185,258.664363,53.807501,522.779351,507.951470,1116.892802,393.800083,12.614810,59.761425,38.999877,20.580791,7.260787,25.314875,184.349080,32.924855,83.246800
2012-01-17 09:00:00,19.591700,53.604001,221.394928,47.187670,75.535650,423.413946,710.171663,205.647398,39.169819,177.770592,24.365862,877.484469,903.563070,7.912794,258.903040,49.228620,415.550561,744.985870,1013.910544,291.335309,27.733649,155.790869,81.305517,66.198391,18.083787,51.990557,171.762471,38.333267,185.797343
2012-01-17 10:00:00,14.171726,63.692419,244.108802,76.761339,91.571502,446.590980,805.543156,217.331284,45.575761,217.573555,45.250954,809.229848,823.398913,10.361456,151.828497,72.065857,472.064186,834.894781,938.067463,228.195937,36.842027,235.729708,112.156442,98.305795,26.631736,77.012876,149.015723,62.659699,275.028466
2012-01-17 11:00:00,9.463816,75.301732,276.761187,86.067641,107.486367,419.474152,826.848338,239.805296,53.535778,245.953683,46.701989,761.701271,702.473876,15.655701,119.120933,85.437745,616.078162,633.161266,926.936798,316.287554,41.386851,274.574686,124.996834,102.971291,32.614031,86.925489,142.571851,69.127540,317.771459
2012-01-17 12:00:00,6.966664,90.468804,330.161866,96.040040,118.111704,287.908192,789.841250,240.872586,62.922640,253.782073,40.002837,639.440413,628.173321,15.331126,128.134585,102.557948,609.738566,683.047848,910.018201,412.832763,42.394866,273.160290,128.349608,120.779226,35.031700,86.288490,118.707214,73.572153,325.928762
2012-01-17 13:00:00,5.936742,106.869743,375.199043,90.093116,139.277588,289.876050,652.638205,256.698727,59.841985,241.433495,32.718387,589.704670,514.200808,18.935780,116.652284,122.013525,596.534519,709.530129,829.302301,420.173468,39.268158,240.587559,120.770013,105.161894,32.230791,77.622633,85.529649,82.088370,311.599189
2012-01-17 14:00:00,5.790991,118.820163,336.088649,81.890749,132.830689,283.466321,592.037189,231.195274,44.732304,207.762027,22.932922,500.443261,396.178425,17.862501,96.802943,99.470258,572.414077,620.220820,669.963729,316.150792,31.614383,179.161848,100.713169,96.088681,30.047326,73.108925,64.288622,77.278805,261.049123
2012-01-17 15:00:00,5.258693,101.190757,221.836936,73.997059,83.334286,166.904681,553.819672,177.361124,29.093304,145.924734,17.613694,378.306713,261.889921,11.983876,70.044848,57.631493,518.687394,588.151909,598.112281,195.750011,22.094527,143.884468,75.052421,71.266418,18.180753,55.642758,47.322548,66.507387,170.020518
2012-01-17 16:00:00,2.175163,3.032816,39.356053,48.070469,25.540635,119.652528,442.401020,45.033635,5.397106,16.434661,9.712952,245.757408,47.757302,1.168076,13.736282,30.026938,299.322576,389.904829,378.163876,92.020078,2.762611,17.036315,20.180221,3.453626,1.874081,3.668362,19.817263,46.941996,12.636594
2012-01-17 17:00:00,2.632405,3.764875,26.309847,23.416354,16.396457,131.577129,309.442621,40.147288,10.632068,18.200368,15.312589,244.194065,53.648071,1.909962,3.675058,9.968580,205.861713,329.695492,260.071419,68.323682,4.357289,14.579154,12.390062,2.748804,2.047965,5.310912,14.621554,35.930469,14.899865
2012-01-17 18:00:00,2.266612,7.111430,19.569308,14.483448,11.509052,103.120695,300.823824,44.109191,6.115176,12.495775,9.712952,211.676546,58.486916,1.404848,3.072589,7.453710,140.722323,256.501375,213.780390,37.041996,5.659983,21.623015,6.528895,4.440376,0.811458,2.080564,9.058006,20.521482,11.693565
2012-01-17 19:00:00,4.291539,2.091597,21.743676,10.970995,8.513545,86.453356,222.698598,32.091417,2.246864,22.410901,13.411478,132.258758,45.653456,1.436418,1.867652,4.151050,126.384577,271.741206,178.641290,31.121677,6.491013,19.493476,6.528895,4.228930,1.178546,2.737584,7.448716,19.949454,11.693565
2012-01-17 20:00:00,6.930476,2.614496,45.226845,8.412542,8.828862,81.710617,195.174052,34.732686,3.266060,23.225843,15.278023,116.469000,28.612304,2.557139,5.602957,3.999552,119.304208,232.461079,170.224740,19.921074,6.985138,17.691558,8.532079,2.255429,1.236507,1.423544,7.034898,28.243851,13.956836
2012-01-17 21:00:00,6.022525,10.457986,75.885428,11.447995,8.303334,71.141084,172.097918,33.412052,1.343486,16.706308,20.428307,88.641508,31.768073,2.762342,4.879995,4.575245,86.026477,212.928338,195.684806,22.241199,7.389423,22.605880,8.754654,3.030733,1.526314,1.642550,4.506013,35.322690,18.860589
2012-01-17 22:00:00,8.406713,7.216010,76.755175,7.415179,6.358882,62.875168,109.820158,21.790469,1.366649,19.015310,22.294853,70.350403,24.194228,2.793911,4.699254,3.848054,67.263500,141.236741,165.174809,19.361044,8.400134,15.562019,6.751471,4.651822,1.371750,2.792335,4.414054,36.681255,20.558042
2012-01-17 23:00:00,10.777837,2.196177,67.405394,9.583359,5.938460,70.870071,58.107374,15.979677,2.339518,17.385426,23.435520,60.345012,23.983843,6.156076,6.084932,4.635844,49.031552,121.918645,117.200470,17.680953,7.703866,22.933501,5.564399,3.030733,2.395733,2.792335,4.092196,49.909388,22.821312
2012-01-18 00:00:00,12.848488,1.882437,71.319256,10.450632,9.985022,59.487497,61.721709,19.281263,1.945738,24.448255,40.580090,40.959568,35.554996,2.872835,10.000977,3.817754,58.236030,93.156148,115.306746,14.240768,10.713540,23.424933,8.235311,4.722305,2.956025,2.628080,3.908277,57.810516,34.514877
2012-01-18 01:00:00,12.939936,6.693111,90.888564,12.965722,10.037575,56.370840,67.282223,18.885073,2.061556,17.657073,41.617059,34.706199,30.926535,3.393734,10.844433,5.938728,49.031552,86.931428,112.360953,16.720901,11.477188,23.261123,7.715967,1.339161,5.255156,0.985530,4.781892,49.945139,47.905895
2012-01-18 02:00:00,11.319995,6.170212,115.893791,16.651629,10.878419,58.809963,81.461535,17.432375,1.343486,15.483895,38.229624,32.204851,31.557689,2.888620,7.109128,6.272024,58.236030,112.903534,118.673366,17.760957,16.171381,25.554473,9.125614,3.665072,4.830107,0.876027,8.184392,61.028170,57.336189
2012-01-18 03:00:00,9.190556,4.078614,119.807652,17.215356,10.615655,48.375937,91.748486,20.601898,0.996033,18.743663,35.810028,40.959568,29.453843,4.798582,3.795552,14.210529,43.544266,125.138328,126.037848,35.281902,17.069791,22.442069,8.309503,2.255429,4.656223,2.901839,8.920067,50.517167,69.029754
2012-01-18 04:00:00,9.778438,5.333573,140.464144,17.518902,15.818377,45.123773,90.358357,22.318722,0.810724,17.928721,40.234433,41.272236,32.609612,2.951759,4.217279,10.665472,26.197363,138.446349,125.406607,37.442018,21.224937,21.950637,13.428750,3.665072,5.467681,1.642550,8.092432,43.116563,94.680155
2012-01-18 05:00:00,13.194685,4.078614,141.333891,13.963085,24.174264,36.315830,94.528743,26.280626,0.903378,25.806492,39.301160,31.266846,36.606919,2.162519,3.554564,11.301764,19.648022,151.754370,127.510744,44.642406,20.955414,22.442069,12.315870,4.863269,8.211182,2.299570,11.081114,31.461505,106.939538
2012-01-18 06:00:00,9.517157,4.810673,145.465189,17.865810,20.705782,39.974514,112.044363,31.299037,1.204504,29.609554,34.358270,40.177897,37.869226,2.099380,1.927899,17.149594,16.638866,172.574984,113.413022,50.642729,21.449540,26.209716,9.644958,3.594590,9.718175,4.544389,9.149966,31.533009,97.132031
2012-01-18 07:00:00,8.669557,7.320590,121.518165,17.865810,16.291352,43.832807,141.237063,28.657768,2.339518,36.264912,33.632391,38.939590,32.086219,2.588709,1.686912,11.034544,30.049568,223.660614,152.760397,58.323143,20.171829,25.718284,9.139386,2.678322,12.075267,1.861557,10.900556,34.428897,97.132031
2012-01-18 08:00:00,11.278742,29.237478,198.414305,26.136634,32.621029,105.122906,196.471446,54.404058,8.892297,79.167365,39.086996,105.155769,127.018859,8.062910,23.371911,19.482265,70.865080,235.930012,188.977859,74.850467,30.194212,61.130439,41.156881,7.967730,20.334622,5.148377,25.311336,45.099398,153.375680
2012-01-18 09:00:00,14.413256,82.401631,349.523447,42.734380,60.485907,185.672905,321.207659,106.015064,22.524458,164.975114,40.623844,204.479784,253.757452,15.101734,58.143005,39.137977,175.390448,367.430722,270.454707,132.435102,41.543490,146.495837,84.471180,17.134150,35.984116,17.619647,45.986720,53.252608,262.362120
2012-01-18 10:00:00,14.814850,123.049115,445.782839,51.611410,82.135074,252.904796,447.161980,188.439524,33.424355,228.211304,35.758468,299.875837,348.439039,21.898566,86.385157,52.052410,264.521696,455.403630,343.901173,150.823252,54.323626,214.770734,115.561818,21.610874,52.383385,21.227221,59.082390,60.756849,341.655700
2012-01-18 11:00:00,13.395733,146.660299,443.880383,60.615205,94.316898,290.199987,473.619053,248.037004,39.164438,264.471194,32.363411,352.964564,389.727129,25.379001,102.470100,54.945804,305.593890,445.344354,341.624652,110.619430,52.246547,253.200985,130.148078,29.003729,56.647860,22.845280,68.417674,66.602341,387.080635
2012-01-18 12:00:00,14.060800,154.537214,465.653496,76.347873,98.840396,338.934770,499.613545,273.568104,41.007742,281.585732,29.357050,421.933506,411.256242,24.220805,109.351106,54.857823,325.788875,500.742967,386.010232,109.597155,59.726876,272.534539,133.785556,34.982515,50.819132,22.883756,72.855008,73.148172,385.362124
2012-01-18 13:00:00,11.098166,162.880541,452.915768,81.350099,93.191837,336.153660,490.061476,289.944985,39.127825,290.221385,23.311421,424.956629,408.475581,19.913965,102.895443,50.522142,321.960757,527.733777,382.457224,108.860372,52.635769,271.022404,123.519363,43.602833,59.055431,32.992146,68.458319,69.711617,386.082063
2012-01-18 14:00:00,9.030560,148.283294,367.844887,68.952198,78.775879,281.069816,432.497142,290.173261,33.021458,255.460674,17.796113,354.238476,361.445152,12.634733,88.780527,42.172783,295.827251,427.269942,300.761333,85.256457,45.828290,240.963305,101.408182,52.272188,51.214411,44.531109,57.328779,59.495335,369.197950
2012-01-18 15:00:00,6.872467,109.060665,243.711560,64.944900,58.507203,167.780100,347.712442,234.618230,23.776050,198.235698,13.950090,251.721545,291.583514,8.965805,68.509205,30.092404,253.314030,326.362286,210.041388,60.446746,32.250102,174.527363,69.326384,38.879790,43.489893,38.249758,35.999611,37.257498,295.664418
2012-01-18 16:00:00,1.156168,6.588531,42.835041,57.020568,6.358882,54.202731,253.704186,73.295213,1.343486,45.772567,10.991881,107.245281,86.257682,0.347266,8.916534,6.484122,69.210602,136.107120,109.704144,15.141604,12.353138,23.916366,4.896671,3.735554,34.912012,3.668362,12.874324,7.364852,107.693961
2012-01-18 17:00:00,0.757715,5.647312,38.921179,27.232352,6.148671,38.890459,90.358357,81.483146,1.783593,49.439806,7.811840,65.660376,84.784990,0.505114,9.458755,5.363035,61.776215,135.870603,29.668342,24.721332,12.083615,22.933501,5.119247,4.440376,36.361044,2.354322,13.012263,5.720274,75.253749
2012-01-18 18:00:00,0.535626,5.333573,47.401213,18.342810,4.099114,47.833910,90.636383,69.861563,1.181341,36.944031,6.187254,69.099729,70.058069,0.457759,8.193572,1.575581,43.544266,121.060063,23.355928,13.040703,10.466477,22.278258,4.599903,6.484359,36.902016,1.533047,6.805000,4.540467,65.823454
2012-01-18 19:00:00,0.502966,3.660295,42.617604,15.567539,8.566098,73.715714,73.954840,70.786007,0.972869,46.315862,4.666365,115.687329,70.899607,0.615608,3.735305,0.999888,42.836229,91.438984,22.724687,6.320341,11.477188,19.984908,5.119247,7.682555,28.574912,1.368792,4.184155,3.038895,83.929619
2012-01-18 20:00:00,0.502966,5.438153,40.008363,14.440085,18.761331,61.384593,41.425832,88.086319,1.968902,45.908391,3.698526,122.253367,58.697301,0.473544,3.193083,2.545169,27.259419,60.100741,20.830963,2.160116,14.464402,26.537337,9.422382,7.894002,27.087239,2.244819,4.781892,3.003144,106.373720
2012-01-18 21:00:00,0.222089,11.503784,41.965294,11.447995,19.549622,44.988267,28.914674,95.613935,3.358714,47.674098,2.246768,106.932612,78.683837,1.041797,6.627153,2.787566,19.648022,51.300275,20.410136,1.920103,12.487900,25.554473,10.980414,4.228930,20.808100,2.025812,3.264561,3.181902,92.982702
2012-01-18 22:00:00,0.418049,13.072482,67.405394,11.057722,16.711774,50.815060,29.748752,97.859014,1.737266,31.375261,2.177637,94.425874,85.836913,1.467987,9.037027,3.363260,10.797562,40.997291,21.672618,2.880155,10.848301,24.899230,10.015918,3.947001,19.146543,2.190067,3.218581,4.075695,78.460049
2012-01-18 23:00:00,1.430513,7.843489,71.754129,10.970995,18.025592,53.525197,30.582829,103.669805,1.690939,29.337907,2.315899,79.886791,72.582684,1.625835,5.241476,5.938728,11.682608,44.002328,20.410136,4.080220,12.240837,22.114448,10.312686,6.484359,12.423035,5.913181,3.770338,7.078839,73.933507
2012-01-19 00:00:00,3.122307,10.248826,58.055614,11.101086,13.295845,61.655606,27.802572,99.972029,1.621448,30.424496,2.799819,84.889486,60.801147,2.841266,4.699254,6.453822,10.089525,50.441693,23.987170,4.880263,12.375598,19.002044,9.793342,5.356644,6.356421,3.832617,5.379628,7.257597,57.902007
2012-01-19 01:00:00,2.874090,12.967902,63.491533,18.039265,8.881414,75.206289,28.080597,85.841240,1.945738,24.584079,1.659152,117.719674,56.172686,3.756785,5.723451,7.908205,6.549341,49.583111,30.509997,6.160332,9.141322,26.373526,7.864351,4.158447,4.211853,3.394604,5.149730,4.862233,49.791954
2012-01-19 02:00:00,2.044523,9.307607,87.409576,24.630535,7.672701,65.585304,23.076134,47.542841,2.038392,19.286957,2.661556,82.231804,58.276532,3.756785,9.157521,6.393223,8.319433,50.227048,31.772479,4.480241,14.127498,25.718284,8.754654,6.413876,2.936705,3.613611,4.230135,6.363804,34.326271
2012-01-19 03:00:00,1.397853,8.889288,90.236253,20.771173,7.199726,46.749855,20.017851,36.581575,1.737266,22.818372,4.597233,56.592991,54.910378,4.546025,8.675546,5.787230,15.930829,37.133672,31.772479,6.320341,14.284720,34.072630,8.754654,10.783770,3.554959,5.913181,6.023344,6.649818,31.119971
2012-01-19 04:00:00,2.351528,7.843489,91.106000,15.784357,15.397955,35.231775,25.856392,39.090780,3.729331,27.572199,7.293355,47.525606,59.959608,5.161633,19.339239,5.969028,21.949142,36.275090,44.818133,20.961130,14.149958,40.952681,8.606271,10.854252,5.854089,11.881114,6.621081,7.579363,39.795842
2012-01-19 05:00:00,4.755312,3.764875,112.414802,13.486085,21.388968,35.096268,24.466263,36.977765,2.872280,27.164728,10.266002,40.959568,48.178071,3.567367,13.073566,8.726295,14.514755,53.446730,52.393029,31.281686,14.846226,34.727873,8.086927,3.101215,9.892059,6.679704,7.310777,8.294397,56.393160
2012-01-19 06:00:00,6.721451,4.183194,182.429438,9.713450,14.504558,69.921523,22.242057,41.071732,2.640644,30.017025,14.413882,61.595686,48.809225,1.531127,5.723451,13.301540,14.868774,69.545143,59.126269,38.482074,20.618511,27.192580,10.461070,4.017483,16.422363,2.901839,6.988919,7.579363,60.165278
2012-01-19 07:00:00,5.953298,3.555715,159.929513,11.101086,8.828862,104.138285,23.910212,66.031723,2.918607,43.463565,14.966933,96.026878,62.490390,0.789240,5.060735,19.503514,21.975083,75.340571,72.171923,30.721656,15.317750,19.002044,11.847213,2.325911,24.363059,2.080564,10.587385,5.219750,66.389272
2012-01-19 08:00:00,7.708561,14.100839,141.289130,25.589891,17.004060,125.015675,89.583744,108.392296,8.681190,75.776323,18.683790,185.692124,183.292698,1.951368,32.230552,26.441920,83.297848,117.660340,129.087617,47.916589,20.760060,41.905597,38.986364,10.350844,25.023607,10.509265,32.821208,10.307171,78.419118
2012-01-19 09:00:00,10.695578,44.076652,207.255620,58.276268,34.550555,163.081063,234.249152,176.998569,11.583536,128.650772,21.297479,297.684875,324.301473,3.576190,68.087856,41.679107,168.738089,238.747073,244.776402,108.724339,34.095699,129.384074,81.265703,27.192638,30.551839,37.850029,55.717283,17.301707,141.225936
2012-01-19 10:00:00,14.589393,94.783872,378.516280,84.385863,55.855104,266.405229,361.730229,213.706220,17.494428,176.978967,24.987981,427.090480,452.138381,6.384366,95.873889,54.038146,242.540189,344.889805,329.361105,119.296514,45.542388,211.977494,112.290588,68.285263,49.445438,62.425661,77.894701,27.715109,227.948455
2012-01-19 11:00:00,14.706203,153.005881,406.568657,93.828155,80.570118,365.996410,435.478045,238.940939,28.943477,205.807417,24.807512,513.091472,469.969103,13.138128,107.813445,55.214166,297.044455,380.725572,348.578363,122.230928,50.435401,275.392368,126.641121,122.096795,50.672455,91.549733,79.568163,35.780101,289.697607
2012-01-19 12:00:00,16.448056,182.716998,438.605756,98.800211,93.250954,326.998577,472.048315,250.639936,34.974406,225.777664,27.093958,537.683029,462.010166,12.731490,107.300148,54.615426,331.619310,412.474085,378.377492,136.179823,50.764970,311.550986,128.374097,138.312463,48.662578,104.249332,82.306332,45.158825,364.813688
2012-01-19 13:00:00,15.458220,179.121800,499.918066,96.431793,92.180572,335.674344,452.114609,244.353236,37.004635,230.693001,25.200367,481.663747,419.470928,12.099966,102.612708,50.481101,327.243735,402.759466,361.340121,128.379494,44.726233,313.259052,117.761795,138.739782,51.980433,102.796025,79.260892,61.369244,374.869291
2012-01-19 14:00:00,14.797857,152.330819,443.103190,84.868909,76.098403,374.262866,405.508305,205.666387,32.533245,201.594515,21.622825,405.580989,357.859657,8.887784,89.334688,42.388771,285.314658,361.537790,303.138758,109.723735,36.589289,283.265682,94.027917,128.362181,44.704330,91.639941,66.895806,66.423733,317.267497
2012-01-19 15:00:00,14.325122,116.078900,355.318371,61.953617,59.714706,283.877132,336.859897,170.577965,24.273815,154.341440,17.538268,307.064421,285.445363,7.148415,65.661627,30.828560,204.468134,286.818982,214.598677,79.033799,32.248300,229.120574,62.814212,96.877558,39.821762,73.442745,53.366050,68.346392,271.979177
2012-01-19 16:00:00,8.014791,12.863322,142.203638,47.676313,25.277871,140.791593,252.939681,33.676179,4.841181,32.326027,12.478205,126.161723,83.733067,3.330595,8.916534,5.241837,23.896244,117.609113,122.927808,32.592137,16.193841,78.956769,7.938543,17.338611,34.235797,13.030899,25.978546,66.033409,207.466475
2012-01-19 17:00:00,6.225017,8.052649,141.986201,27.275715,34.211838,121.278610,65.614069,32.223481,3.683004,61.256462,10.646225,85.202155,47.126148,2.999114,9.759990,3.666256,24.250262,68.042624,23.355928,9.440509,14.239799,61.920453,6.825663,8.669305,44.977955,7.062966,16.874560,99.961782,281.211377
2012-01-19 18:00:00,5.846160,5.124413,191.561781,43.667163,35.946079,171.416136,46.986346,25.488245,1.250832,76.061239,11.233841,110.059297,36.396534,3.377949,5.060735,4.029851,19.825032,69.330497,24.828825,8.000431,16.328603,41.607924,6.454703,4.722305,47.760096,4.489637,15.449189,109.614744,252.731888
2012-01-19 19:00:00,7.276673,4.915253,255.053314,56.459430,37.575214,292.559240,45.318192,32.883798,1.111850,76.061239,9.747517,169.466304,50.281917,4.151405,3.434070,4.969140,19.116995,54.305312,27.143376,14.000755,23.089138,40.625059,12.761022,2.748804,38.640854,6.570201,17.472297,108.113172,200.865269
2012-01-19 20:00:00,13.286134,7.320590,308.107882,54.811613,35.525657,456.658008,37.533472,40.675541,1.227668,86.383836,10.266002,238.722367,72.582684,8.981557,3.373824,10.483674,24.958299,39.280127,22.093446,11.360612,32.208000,49.634649,14.022286,2.466876,32.496959,9.362536,21.472533,117.515872,180.495833
2012-01-19 21:00:00,10.797433,7.738909,366.598369,46.312344,43.723886,509.641177,39.201626,31.959354,2.571154,64.516230,9.954911,252.948782,82.891529,13.717000,2.590615,11.301764,43.013238,30.908952,22.514273,10.000539,26.840000,54.057539,14.244862,2.396393,25.097235,6.624953,18.161993,137.072058,167.482027
2012-01-19 22:00:00,10.216083,13.804541,418.565754,32.175804,48.821502,597.043081,37.533472,33.940306,3.080752,61.663933,6.567476,277.962259,84.995375,6.487557,3.072589,16.907196,62.484252,25.542815,25.880894,11.120599,19.473038,61.756643,10.757838,2.819286,24.285777,8.650765,11.219054,168.390556,132.212726
2012-01-19 23:00:00,13.847887,10.039666,383.340999,42.149436,38.678822,650.703784,32.807034,32.751735,2.154210,67.096879,5.772466,344.873309,98.670373,8.287025,3.072589,12.756146,124.437475,21.893841,26.722549,13.760742,23.875247,74.370068,13.725518,4.017483,18.296445,4.653892,11.127094,210.863588,107.316749
2012-01-20 00:00:00,14.350853,8.052649,374.208656,46.529162,21.914496,681.192820,38.645574,33.544115,1.737266,62.207228,4.908324,383.018861,116.553063,12.264797,4.578761,13.483338,155.414087,17.171640,28.405859,12.800690,47.233908,176.915581,26.560731,10.501842,44.939314,17.411033,17.978074,238.821425,113.163532
2012-01-20 01:00:00,12.770104,3.555715,422.697052,53.077068,27.012112,656.530578,39.201626,46.354270,0.903378,47.809922,2.488728,448.679237,131.700754,20.425544,4.157033,16.392103,151.696894,8.800466,36.401582,15.360828,57.408402,174.622231,36.354074,10.219913,62.076533,29.018388,24.875033,274.430129,168.425057
2012-01-20 02:00:00,5.976800,3.869455,478.578298,74.108422,51.711903,686.884107,36.143343,59.824741,1.297159,74.703003,2.799819,503.083548,191.239593,15.769025,3.373824,10.210977,210.109934,7.083302,28.195445,15.680845,69.447097,114.176074,51.786007,7.753037,50.793403,15.549476,26.898141,298.240768,140.888597
2012-01-20 03:00:00,5.343194,4.810673,600.995191,59.624974,43.145805,756.534616,39.201626,55.598711,2.547990,69.405881,3.180041,549.358480,308.844579,18.626075,3.614811,11.241165,214.181146,5.795429,38.716134,14.080759,81.126427,127.280932,55.866566,6.554841,41.017267,12.428630,48.830471,318.404733,135.984844
2012-01-20 04:00:00,6.068249,4.078614,760.811206,55.939067,44.617282,812.363429,30.304803,43.580937,2.988098,59.490755,4.977456,634.091632,515.021477,34.174113,7.169375,13.937832,265.690826,7.941884,44.397305,12.720686,93.906310,205.910079,72.262996,7.471109,47.528251,12.154872,50.623681,320.657091,142.020232
2012-01-20 05:00:00,6.231549,4.601514,831.695589,65.479063,54.286988,845.969122,27.802572,40.279351,1.575121,37.487325,8.779679,743.056589,425.608026,34.189898,4.398020,12.998544,332.954326,10.732275,43.134823,15.040811,98.937407,350.718758,71.150116,5.427126,65.554209,12.264375,58.256315,318.225974,184.267951
2012-01-20 06:00:00,5.441175,3.346555,957.156596,42.366254,63.431166,786.346118,28.358623,37.241892,2.455336,32.326027,9.989477,743.838261,312.210732,19.304822,2.229133,13.756034,307.465000,14.166603,38.084892,28.321526,98.488202,347.606355,74.711331,14.448842,77.243068,19.984361,50.945539,308.751771,213.501863
2012-01-20 07:00:00,3.143051,12.863322,1175.472658,41.152073,23.333420,841.155301,38.645574,37.241892,1.250832,52.835397,6.671173,851.482580,389.847785,16.416202,2.952096,23.672494,334.628317,8.800466,38.295306,21.441156,85.669354,196.245246,65.907595,5.427126,90.265036,19.601100,19.339400,294.159609,123.348250
2012-01-20 08:00:00,3.631791,41.364070,1101.896492,49.317247,31.186958,834.031742,93.599676,72.416665,7.578667,110.203114,8.999395,890.322315,512.555004,20.970467,16.619218,32.004260,458.323544,63.553945,83.329469,43.059208,81.845846,125.974791,77.894185,13.683917,66.797580,12.721111,21.320942,271.107689,117.953965
2012-01-20 09:00:00,7.228145,105.291848,1211.332580,51.919653,57.696210,847.426943,204.487129,181.704746,21.935154,207.679753,9.145903,1117.987920,647.325647,45.350683,54.839771,55.461212,509.190785,167.168414,201.214883,96.023000,98.592448,123.025514,92.544127,30.173989,59.944168,27.964390,46.159867,253.798173,183.372571
2012-01-20 10:00:00,10.768328,161.990917,1397.776635,43.402105,82.561729,1097.358866,290.017510,291.502557,34.633822,264.149690,8.881168,1372.267700,818.416922,45.845531,96.897665,69.373927,491.247764,246.006679,278.138343,114.081806,132.309660,124.819429,158.848830,31.681756,77.399143,22.123422,70.748962,268.953804,209.729094
2012-01-20 11:00:00,12.079182,191.229344,1550.139264,49.741146,113.536277,1162.520036,310.502236,383.620637,48.700691,346.798708,9.510120,1459.474085,1300.655111,47.375479,127.439119,66.730374,516.656436,312.929046,288.367610,111.184480,144.133204,128.970940,216.849724,42.345712,87.821225,35.351969,78.956179,323.903484,233.288641
2012-01-20 12:00:00,12.828135,177.094569,1555.631933,61.289907,110.459722,885.428223,305.671356,509.715333,49.945849,413.125383,7.310743,1367.617592,1586.320391,40.391973,174.214218,59.992734,574.136257,369.891741,301.181621,121.907599,133.568674,149.610635,193.286753,48.437575,104.286274,47.481816,73.089074,353.383426,277.702761
2012-01-20 13:00:00,12.296858,193.983010,1523.874177,75.305262,216.791055,885.164511,292.399511,645.050045,66.143666,349.406371,14.485551,1218.555750,1601.702983,42.641016,168.381499,50.325204,694.503261,380.687227,343.462211,175.244931,117.881105,258.671426,167.555335,35.496745,86.169699,36.460681,60.585013,337.127126,442.034427
2012-01-20 14:00:00,13.756959,285.998906,1644.106686,85.859761,273.290903,858.328686,320.281717,588.968605,71.804267,417.030335,22.401263,976.266571,1248.471656,32.910898,156.980044,43.169901,547.932960,341.215519,292.860334,153.661628,112.443232,283.065736,159.022375,62.012646,71.473231,57.797482,52.250506,348.550459,490.319639
2012-01-20 15:00:00,12.378465,334.879516,1520.644485,94.204622,215.904917,702.427978,245.805005,633.743548,86.867555,496.916814,17.090921,825.279299,1069.141616,21.456722,120.677385,29.360180,362.602086,281.852027,212.523594,105.296185,131.697214,201.120477,135.412961,51.877478,59.649831,38.634586,50.022381,339.122412,452.366946
2012-01-20 16:00:00,12.894212,177.785755,1354.630985,119.599570,157.658242,718.186184,201.772498,509.236649,59.808279,354.092234,16.349559,685.056591,798.199136,17.615848,64.343635,4.332848,67.794528,209.043456,144.200553,65.887181,103.564218,174.458420,79.608002,2.748804,76.083842,11.278845,21.426553,309.216543,451.522492
2012-01-20 17:00:00,16.036115,151.117892,1083.704788,65.652517,121.291741,714.120979,101.479386,413.490651,64.047208,223.294067,13.376912,734.301873,788.942214,21.419987,72.838441,6.211425,70.980694,89.936466,77.853095,63.843441,108.123649,233.594091,74.414563,5.286162,64.201780,23.871730,13.242162,309.216543,363.820755
2012-01-20 18:00:00,9.327728,139.614108,978.900272,58.974520,112.042457,689.458737,104.815695,226.620874,61.337073,207.945995,7.811840,804.964944,818.606441,13.543367,70.970789,7.574909,59.298086,52.158857,107.942264,48.802630,95.792971,354.486405,73.524259,17.620540,63.003913,45.936655,10.069560,317.296430,393.809091
2012-01-20 19:00:00,7.929875,133.025577,1241.346435,68.254334,82.034838,688.510189,68.394326,243.392932,53.345649,278.302642,3.871354,964.269523,619.372234,7.450430,62.777217,8.877793,65.493408,48.295238,153.812466,44.402393,72.389390,379.385635,43.550696,42.500742,71.427619,113.171713,13.655979,318.404733,390.602791
2012-01-20 20:00:00,8.439373,130.829400,1255.914698,68.601243,122.132584,655.988550,80.905483,313.386558,38.266180,284.007235,3.041778,1122.948765,730.244913,9.028911,45.606865,14.059031,102.488333,60.744677,214.411631,46.962531,74.433272,309.766078,64.398645,26.148881,51.682143,75.995325,23.863479,279.435368,268.951994
2012-01-20 21:00:00,9.197088,120.685154,1161.982020,60.448883,129.647627,718.186184,94.806769,302.821483,49.106720,317.012379,5.081153,1157.811298,800.513366,5.698316,63.620673,25.178997,171.344916,62.461841,244.500800,48.402609,76.230093,270.779125,75.972595,16.845236,47.818057,68.165836,18.116013,248.724649,283.851859
2012-01-20 22:00:00,13.090173,97.050106,1026.736358,34.170531,108.573976,800.574335,108.430029,333.328139,51.863182,348.387641,4.251577,1193.768171,835.647593,10.749455,80.550038,19.876561,194.179105,65.037587,284.269003,46.322497,71.760503,237.689359,53.789191,11.911485,42.253774,57.598762,13.242162,245.936016,178.798380
2012-01-20 23:00:00,11.529020,56.473122,958.461217,33.043077,97.800663,849.356793,122.331315,400.548433,33.332344,301.664308,3.594829,1268.026930,772.321831,18.704999,115.854692,19.937160,204.622648,67.827979,300.891691,84.004528,54.892854,174.294609,49.115096,10.078949,20.209167,57.927272,9.839662,252.514331,115.615408
2012-01-21 00:00:00,15.363317,28.445721,861.484424,39.070619,81.824627,809.924306,115.658698,407.019542,19.758506,235.382371,2.557859,1249.735825,662.711460,19.304822,132.663563,14.452926,196.657234,81.136000,280.271141,93.845058,53.680000,204.271972,66.846980,14.730771,20.460332,86.124385,8.184392,227.881402,177.100927
2012-01-21 01:00:00,23.828818,20.811391,813.430901,54.421340,107.943343,761.277355,128.725906,378.493837,12.461988,192.190453,2.419596,1132.016151,557.308780,11.507126,101.937670,11.877457,160.547355,118.698963,320.039344,117.606339,66.954009,234.413145,83.911138,14.589807,14.528961,83.824815,9.287905,219.873019,312.897166
2012-01-21 02:00:00,27.147085,16.628197,861.701861,66.259608,139.159675,864.127037,179.882638,291.331963,9.033783,140.849116,2.177637,1188.140139,538.794936,8.650076,132.723810,7.211313,153.998014,152.398307,348.445202,76.084101,72.254628,247.845624,105.055854,10.572324,12.751482,62.581165,14.069797,246.722553,287.435371
2012-01-21 03:00:00,34.658911,15.686978,871.486515,55.462067,110.360769,906.811688,188.501435,246.958645,12.647297,167.606374,1.659152,1167.035018,521.333015,6.692759,108.866057,9.938280,121.959347,188.673397,330.349618,51.602781,69.267415,215.247290,146.232407,8.598823,15.166535,71.560439,19.955202,235.818282,295.545424
2012-01-21 04:00:00,32.006910,12.131263,702.320719,52.990341,80.563361,846.782163,162.923069,228.337699,18.160221,151.443360,2.108506,1108.878685,578.768008,4.546025,81.513988,5.756931,118.065144,191.249143,334.557894,51.202760,69.761540,192.641410,150.980694,6.413876,24.266457,54.258910,27.449898,208.003451,250.845829
2012-01-21 05:00:00,34.129817,6.797691,631.871211,50.778796,44.512177,749.623768,195.452078,236.525633,5.744560,88.557014,3.110910,1088.242567,652.612999,2.746557,34.702185,4.332848,70.449666,228.382815,271.854590,59.363200,89.908386,162.664048,149.719430,5.568091,23.068590,53.547138,33.473242,195.919373,176.912321
2012-01-21 06:00:00,35.024704,10.144246,621.434246,22.202172,40.991143,622.382857,232.707524,201.792946,6.369975,82.580774,3.387435,988.032326,611.377620,6.708544,22.291334,4.363147,51.155662,266.160423,249.971558,54.242924,99.745976,196.736679,170.567379,5.074715,26.198499,57.434507,50.669660,212.722677,170.876933
2012-01-21 07:00:00,36.547294,17.464836,610.613695,18.082629,41.359012,577.772871,213.801775,180.926922,7.829279,96.027315,4.113314,802.149303,482.288395,19.809936,30.725893,7.621278,64.931624,248.130201,228.509354,40.482182,99.962804,191.003303,132.373364,4.440376,30.622877,57.927272,39.980245,213.351039,203.317146
2012-01-21 08:00:00,39.821779,19.186280,635.711635,27.536758,71.601672,679.574466,224.160249,223.794091,14.183382,146.978906,5.571613,800.575089,484.428070,21.542366,50.469876,20.749035,122.379209,277.114387,212.788986,53.490067,98.351576,232.395978,116.927765,12.074288,41.868715,45.824096,37.771264,246.469946,268.912250
2012-01-21 09:00:00,44.445403,24.273182,783.937652,48.323596,104.165785,806.039483,340.150839,254.717401,27.220371,206.452696,9.011259,845.990181,554.524613,23.166020,79.107353,37.307629,245.340587,400.102224,284.156192,101.467581,97.450770,296.438660,141.926273,39.482504,45.251611,42.276279,72.365062,298.777267,359.789628
2012-01-21 10:00:00,43.692730,35.366894,1040.234289,69.385067,119.993039,966.800075,475.602232,337.552150,36.354600,251.147206,10.632740,1071.431858,600.714094,25.488392,103.648381,58.901354,348.053369,501.814541,353.678566,130.951072,98.921565,281.608019,178.756461,75.283556,41.161127,50.344568,83.216991,285.720258,429.304525
2012-01-21 11:00:00,27.418093,53.295225,1153.852205,68.345812,132.890431,990.908585,495.273916,369.969166,45.196788,265.529063,7.470819,1272.596526,701.606355,19.879861,115.541900,60.253209,354.095896,468.573551,335.465648,116.062772,97.434331,263.136962,187.973872,102.938632,36.862027,54.097828,91.073169,295.478554,472.022643
2012-01-21 12:00:00,19.722045,88.936450,1174.634031,78.168889,144.988529,959.242936,516.347831,360.888031,71.777743,284.133301,7.690627,1243.275350,939.624294,17.410502,157.033986,59.893715,378.476353,503.795487,384.012280,128.314893,95.627762,275.180651,176.252884,105.051621,45.708761,60.782729,85.604015,324.611732,545.637903
2012-01-21 13:00:00,17.186275,112.293956,1340.298381,84.952000,147.589912,886.493380,520.622704,341.897897,81.001376,267.280554,9.548470,1144.391157,870.402477,18.860501,251.614939,54.109170,338.788737,533.401137,399.590159,124.403725,70.670848,346.597665,137.983020,0.000000,69.632925,88.286868,64.134834,309.291313,649.178191
2012-01-21 14:00:00,12.289592,115.138995,1342.240742,81.865137,183.792661,760.222495,498.728289,361.555811,65.733769,243.433694,8.585212,963.584375,724.286044,19.338287,181.390025,42.140115,271.373793,493.757024,319.560813,107.017549,60.508798,410.886341,111.005456,88.829756,86.801477,111.932676,49.407526,304.166369,613.689219
2012-01-21 15:00:00,16.591510,101.125074,1316.342853,81.699202,179.518393,650.794615,452.997788,352.590608,74.381466,232.522400,6.504474,684.312628,546.043162,14.846379,126.295730,31.969945,192.394080,478.959211,264.194294,86.821387,68.126271,349.012068,98.491653,77.478291,71.028876,143.568102,36.504693,310.210056,552.616441
2012-01-21 16:00:00,17.159623,51.244129,1067.397031,71.572759,75.833614,492.702824,337.057901,212.490085,55.963130,124.821927,4.873759,502.458211,264.243046,12.470000,45.546618,5.060039,43.013238,417.254090,217.695047,62.832467,65.247030,228.679770,58.685862,23.611523,52.416319,103.918680,6.437162,282.724526,376.645955
2012-01-21 17:00:00,18.929801,37.753328,913.016935,47.830070,51.186376,387.007498,154.304272,291.067836,25.850519,133.650463,6.152688,456.183280,252.251124,9.518240,40.606377,5.241837,41.774174,167.852783,104.365230,22.881233,64.663063,188.218521,54.679495,25.303095,49.711459,61.376628,8.322331,276.575232,308.747836
2012-01-21 18:00:00,16.297396,26.981603,835.609450,68.514516,35.000130,392.427772,226.034906,351.949085,11.906063,109.473855,4.217011,547.013467,268.450737,8.144962,46.691308,3.211761,28.675492,113.976762,123.092055,21.361151,38.451950,203.452918,28.267147,34.677222,50.658160,56.120467,11.356993,253.586882,252.543282
2012-01-21 19:00:00,14.115700,30.851058,699.711478,86.423690,28.851458,422.239274,195.452078,326.592903,8.454695,84.753952,3.076344,646.911039,323.992269,6.613835,55.788583,1.666480,28.321474,75.125926,128.773227,17.680953,33.870059,280.935390,18.102845,43.064599,59.931965,78.021137,14.161756,244.756209,234.814329
2012-01-21 20:00:00,18.002254,25.099165,707.539201,70.465879,25.488082,469.124636,155.972426,286.973869,7.041718,79.728478,3.456566,608.296484,354.918804,11.933316,54.282411,2.030076,33.454741,44.860910,110.256815,9.120492,35.464737,362.676941,23.593052,64.561657,50.967287,126.531121,16.368783,230.455525,261.030547
2012-01-21 21:00:00,21.529546,19.242694,825.389923,45.184890,24.121711,541.620788,107.873977,240.883726,4.146275,81.765832,3.283738,528.253359,309.686117,11.128291,45.546618,3.272361,38.588008,40.782645,106.258954,9.040487,46.313038,312.714671,23.518860,60.614656,57.652155,143.723147,20.782837,237.713122,275.930412
2012-01-21 22:00:00,23.404236,19.661013,840.393059,25.757989,25.645741,630.106746,85.353895,196.906599,4.447401,75.925416,2.868950,544.043116,292.644965,16.005797,34.822679,4.363147,39.296045,34.557926,103.313161,13.760742,62.529339,205.254836,31.531595,35.452526,57.227105,92.749338,14.115776,257.877087,268.574782
2012-01-21 23:00:00,31.712969,21.961770,723.846958,18.819810,31.058674,677.127616,60.053554,148.043123,4.540055,69.405881,2.488728,581.719665,302.953810,13.969556,35.786629,5.150938,29.206520,32.626116,91.950817,13.440724,64.595682,118.435153,51.340855,17.761504,44.166497,54.806427,19.403445,270.461689,165.973180
2012-01-22 00:00:00,29.256928,18.615214,536.416475,13.052449,41.464118,615.336502,55.049092,91.784095,6.555284,60.169873,2.350465,576.091633,321.046885,9.028911,44.582669,7.847606,19.471013,36.275090,84.796749,11.200604,58.082210,95.337841,58.240710,18.395843,53.111854,38.435676,15.908986,286.585711,119.953344
2012-01-22 01:00:00,22.777162,8.052649,442.918670,9.756814,43.093253,513.841889,61.721709,56.919345,5.721396,48.081569,2.004809,500.582201,264.032661,6.392848,42.534276,8.059703,18.762976,38.636190,75.538543,12.880694,58.464034,98.122623,52.676311,25.937434,72.026553,54.806427,19.403445,267.387042,135.041815
2012-01-22 02:00:00,18.315791,5.542732,549.680117,8.672724,36.944581,479.694168,70.896557,66.295850,3.474532,40.611269,2.281334,515.277618,200.706899,6.077152,25.785652,7.090115,19.825032,34.128635,71.961509,14.960806,62.461959,153.163026,67.143748,37.778437,61.535561,82.072761,20.414999,259.342907,179.552804
2012-01-22 03:00:00,17.714845,6.379371,732.761865,6.547906,39.256902,500.426713,55.327117,68.276802,5.675069,28.387141,2.626990,557.644194,218.799974,6.850607,18.375289,12.937944,21.064096,44.431619,74.486474,19.761065,69.492017,223.929259,88.140081,69.565890,61.129832,137.262450,16.322803,229.955001,204.637387
2012-01-22 04:00:00,18.368047,9.725927,876.487560,6.200997,49.294477,523.733887,64.779992,65.767596,7.342844,38.302267,3.422001,595.789746,263.611892,7.592493,15.844921,16.119406,27.967455,61.388614,97.842403,17.360936,79.621591,211.315833,90.959376,76.543624,72.393641,159.436878,10.621317,214.975035,197.093151
2012-01-22 05:00:00,16.728509,9.621347,926.063140,6.938179,32.898020,567.909113,93.972692,80.954893,5.744560,70.899941,4.182445,657.698101,321.257270,8.081823,14.700231,18.573676,44.606321,56.881058,113.623436,27.121462,77.667549,135.471468,85.320785,48.209796,78.363653,116.402061,11.173074,230.848794,201.996904
2012-01-22 06:00:00,14.337789,7.634329,889.098892,6.504543,38.416058,622.924885,102.591489,127.045035,13.990783,88.149543,3.802223,707.256051,342.085344,6.187645,16.808871,13.240941,48.677533,47.007365,103.523575,17.680953,66.886628,99.105488,93.556096,37.003133,75.600832,77.856882,8.322331,230.813042,166.727604
2012-01-22 07:00:00,16.086748,10.980885,651.383618,6.374452,31.689307,549.166757,98.699129,149.231694,13.828638,85.025600,5.495941,648.452846,312.965063,4.909076,12.169864,20.124878,73.985280,60.315386,97.842403,15.760849,59.811069,93.863544,83.567100,39.610973,62.250416,60.664856,20.709527,224.841584,128.629215
2012-01-22 08:00:00,19.144560,11.182601,532.054693,12.916071,40.432245,533.937699,146.514216,189.656842,16.474084,98.851841,11.868162,612.922640,309.634297,4.212033,23.910096,20.095003,160.012997,130.052560,129.873107,38.005728,57.556142,130.686323,101.486046,50.951814,74.690776,59.818135,32.506644,227.430501,205.170831
2012-01-22 09:00:00,30.301140,23.264822,586.950421,32.568386,76.573355,555.179410,273.191837,206.324580,26.261241,155.160647,28.668010,645.959875,390.505232,3.328832,57.788461,31.487329,238.287638,245.305819,216.187516,72.636888,67.321071,215.134015,125.692207,72.864831,77.646991,85.224365,67.683359,216.003974,357.655868
2012-01-22 10:00:00,28.438183,41.531049,759.375648,53.077408,98.607555,600.946460,376.610504,257.750347,34.248253,213.162177,39.905736,622.851079,486.821007,4.155965,88.986240,43.382760,290.936584,339.423160,282.896829,101.831819,71.912713,280.175793,139.492125,97.153536,83.077704,112.285219,91.225461,201.226292,447.080466
2012-01-22 11:00:00,26.382082,60.356226,866.439962,63.959498,109.433422,648.936919,436.188550,306.070180,42.423143,244.112528,31.412788,628.960963,500.479273,7.669137,101.312461,49.690160,320.866215,373.752215,291.614917,115.772647,66.849377,315.339775,149.914469,119.242734,107.074012,105.599211,117.748939,261.912987,506.929606
2012-01-22 12:00:00,22.009930,83.859473,856.632245,69.958909,142.890929,616.506011,471.163751,315.962590,59.496084,255.300302,27.280125,594.169181,515.317480,9.505551,106.394680,51.202837,331.576941,393.153893,311.145126,119.870933,68.155301,324.848915,143.547730,142.231379,106.950135,119.849815,113.357239,293.193363,451.408141
2012-01-22 13:00:00,22.653227,118.205601,736.976480,69.102877,126.572292,498.818011,461.186228,294.799538,60.227360,246.164290,31.203983,479.661521,431.546974,24.538880,103.675499,47.711655,322.455221,380.682734,291.185712,115.887523,65.491715,333.753450,128.178702,137.932754,116.066328,117.730853,94.522338,271.889560,412.591389
2012-01-22 14:00:00,18.239818,135.391801,732.468572,63.450855,105.048989,426.261946,414.909434,242.472368,37.541356,219.959615,33.981760,395.452608,346.653484,21.806279,88.931669,39.525868,282.215082,331.094078,248.136097,105.949511,60.811315,407.000958,110.958652,129.092333,110.778962,129.439420,63.809950,272.312818,402.888120
2012-01-22 15:00:00,18.321179,112.935812,817.793300,60.636608,104.670629,451.233432,365.213489,190.795929,29.620602,177.968783,34.579526,338.189992,264.003899,14.202176,66.643991,27.097857,212.410203,258.131528,194.028148,77.009184,52.523559,519.354190,85.472590,131.648379,116.934398,187.890978,44.503312,271.897071,475.872538
2012-01-22 16:00:00,17.538480,27.295342,729.717750,64.743268,97.485346,386.194458,317.485845,65.503469,19.943814,66.146113,15.589114,252.323445,98.249604,6.897962,14.037516,2.666368,53.102763,181.322734,147.431658,51.615932,41.394243,412.311590,30.567099,122.145581,108.329635,180.899535,19.541384,243.755162,359.105608
2012-01-22 17:00:00,28.335913,26.144964,656.876437,52.643432,93.701548,404.894400,130.394060,134.440588,21.843225,122.241277,14.137357,292.188674,124.968447,5.761456,10.904680,3.545057,43.544266,27.259979,49.868063,10.320556,40.316151,356.943566,30.641291,133.563690,97.703400,165.514314,11.586891,259.986438,344.582954
2012-01-22 18:00:00,20.334186,13.281642,557.290404,45.401708,61.959689,470.344197,104.815695,164.418991,28.097383,149.949300,8.364891,348.781664,128.755369,4.814367,9.217768,1.878577,50.624634,13.737312,41.872340,6.080328,32.702126,320.413775,24.112396,106.428059,86.883961,162.612475,10.115540,210.613326,309.125048
2012-01-22 19:00:00,10.340191,12.967902,543.157014,43.320254,40.097746,441.481243,88.690203,157.947882,16.098665,104.040909,4.286142,307.665762,97.197681,6.834823,10.844433,0.999888,65.316399,12.234794,47.553512,6.800367,36.610209,287.815441,24.631740,86.340644,86.478232,151.059872,8.690169,159.166615,289.510036
2012-01-22 20:00:00,7.962535,16.523617,598.385950,52.860250,39.204349,394.460374,68.950377,163.890737,8.755821,79.456830,4.182445,319.390829,60.801147,6.629620,12.350604,1.848278,63.369298,13.522667,43.345237,9.360505,41.618845,301.739352,42.289433,67.662872,100.891271,137.098195,7.816554,132.674597,279.513924
2012-01-22 21:00:00,6.251145,22.902988,596.211583,52.903613,35.052682,376.166952,80.071406,174.323749,9.473891,80.135949,5.012021,293.283013,38.079611,9.186759,9.037027,3.120862,48.500524,14.810540,45.659788,8.240444,30.074276,324.345232,37.912105,67.169497,108.039829,136.660181,4.184155,116.193059,252.166070
2012-01-22 22:00:00,7.276673,19.870173,603.821869,39.981255,36.524159,363.564817,108.152003,215.791671,9.705526,89.643603,5.565072,294.221019,37.658842,6.203430,12.350604,2.969364,30.799603,21.464550,50.920132,6.480349,24.189691,350.391137,30.938059,77.530374,83.135798,134.743873,3.264561,99.103741,260.464729
2012-01-22 23:00:00,11.764172,7.216010,486.840895,30.354532,36.681818,386.194458,61.721709,301.368785,8.385204,107.436501,5.807032,332.522905,37.238073,3.677861,16.688377,4.484346,25.489326,18.674159,41.241099,5.360289,21.651682,289.781169,29.899371,59.134531,75.504229,119.139645,18.299932,122.485360,211.238593
2012-01-23 00:00:00,19.184550,4.287774,372.686598,27.752715,36.576712,363.429311,37.533472,307.179576,6.786919,96.027315,7.569880,325.175196,33.240765,2.430861,12.832579,4.726743,21.241105,22.967069,30.299583,3.520190,21.898745,236.870306,33.015434,42.571224,69.978587,97.184223,20.414999,153.124576,147.301197
2012-01-23 01:00:00,21.144157,4.183194,263.315911,20.554355,27.852956,305.567895,40.869780,213.942783,7.435499,65.059524,6.982264,295.940695,26.298074,1.610051,13.856775,5.908429,21.772133,21.249905,25.460066,2.480134,17.586377,255.544728,27.376843,44.826653,74.847335,91.216291,19.679324,158.666091,152.016344
2012-01-23 02:00:00,17.616864,3.974035,260.924106,11.621450,25.961057,350.285148,50.322654,169.173275,6.694265,58.539990,5.876163,283.902960,20.617690,1.499557,16.266649,6.090227,24.781290,21.035259,19.147653,2.800151,15.430193,253.251378,24.483356,50.394743,85.763376,87.438425,10.621317,161.704986,170.311115
2012-01-23 03:00:00,13.175089,4.183194,296.583734,3.425726,28.325931,404.894400,52.268834,144.213283,8.917966,51.748807,5.599638,311.574118,24.404612,1.799468,24.098740,10.029179,29.383529,21.035259,17.885170,2.800151,14.127498,290.927844,25.151084,67.451426,88.023866,132.663309,7.724594,171.000431,170.122510
2012-01-23 04:00:00,16.630529,4.601514,343.115200,2.168181,32.792914,370.611172,40.035703,119.253292,8.385204,43.463565,6.429214,270.145547,22.300767,4.025126,32.051324,14.271128,41.597165,30.479661,20.620549,3.520190,16.665506,303.049838,25.225276,59.839352,95.636115,148.322288,5.379628,168.533563,191.623581
2012-01-23 05:00:00,24.331783,5.961052,454.442818,2.688544,36.208843,371.695227,30.304803,134.572652,9.798180,49.439806,7.397052,196.512126,26.929228,8.287025,33.979223,12.756146,65.493408,39.924063,18.937239,4.160224,20.618511,230.317877,28.489723,47.223046,99.113792,123.574531,30.622499,150.478949,198.601998
2012-01-23 06:00:00,27.186277,5.438153,490.754756,2.081454,35.893526,366.410461,28.914674,225.696430,8.987456,62.478875,6.602042,191.353096,36.186150,5.382620,24.339727,11.574461,83.548348,34.772571,16.412274,3.600194,20.551130,169.216477,30.567099,56.879102,96.795340,99.045780,56.417126,132.710349,174.649051
2012-01-23 07:00:00,14.790126,3.974035,429.533792,2.254908,30.270382,381.410379,30.860854,302.425292,10.052979,69.813352,4.839193,222.653565,38.038944,2.888620,9.398509,12.919084,125.943104,29.621079,15.149791,3.680198,14.412475,140.385790,23.941594,58.077299,94.631452,75.502560,51.508416,119.588374,152.204950
2012-01-23 08:00:00,16.368250,9.858604,390.957358,8.810054,73.840243,395.832619,70.878947,335.314898,29.266391,135.608581,6.354650,316.449962,137.080028,2.767122,29.924523,18.537458,195.063786,83.417567,59.937213,25.991872,27.511207,184.043236,53.887356,60.688336,93.705151,79.330707,45.376798,124.173449,222.806994
2012-01-23 09:00:00,20.130932,26.069431,425.165338,22.984647,115.695923,426.041939,134.215502,327.992615,40.120430,206.806710,13.111014,447.286497,292.890306,5.085066,69.323652,32.083426,264.102327,182.947480,144.855844,61.640959,40.368347,265.951917,96.132680,96.566954,99.122016,101.213306,89.959206,123.486906,314.530398
2012-01-23 10:00:00,20.950256,42.649462,483.614558,36.381904,103.114439,457.464378,198.410988,310.457485,34.868997,236.238642,16.747647,491.824685,389.818002,6.224635,92.551483,43.334678,318.116577,265.132147,213.836949,89.897215,49.501709,326.498903,122.864577,114.590960,112.501284,110.902978,108.497972,127.387784,370.860389
2012-01-23 11:00:00,18.608775,50.382460,521.644749,48.313271,113.506791,463.369768,262.050682,355.834505,47.923443,245.741843,16.827231,414.909259,409.124793,7.022445,102.242187,49.011494,341.954151,321.717978,251.647462,105.288262,52.541508,429.727897,133.416460,109.713870,114.948534,113.574654,96.818781,153.280105,420.875041
2012-01-23 12:00:00,19.380734,54.518072,544.570443,62.561297,129.439332,438.725993,330.124475,408.896917,66.177353,266.475469,24.761952,380.429613,409.484782,8.604010,105.644558,51.158053,383.058952,352.912277,270.806863,111.420084,51.764239,450.050029,132.947544,121.385232,105.456947,170.163623,102.132742,162.260645,412.499915
2012-01-23 13:00:00,24.046663,76.591866,553.692468,72.636640,133.324750,419.486709,363.423237,471.765569,57.712620,268.688835,25.562652,389.684036,379.060644,8.383959,107.008373,48.290308,401.604525,352.378285,284.719326,108.161874,47.287878,482.783251,123.548148,154.468613,112.095988,219.043764,91.953611,165.003248,386.053894
2012-01-23 14:00:00,25.098464,94.157779,524.780054,63.039397,113.142440,352.637178,357.768298,436.427490,48.058690,256.094865,26.698207,352.131875,322.024834,14.472478,91.105853,40.044366,345.471850,328.746158,273.764381,107.698084,35.581054,596.355748,102.152483,212.475675,134.544679,275.719504,92.651170,183.590870,373.320953
2012-01-23 15:00:00,24.958967,72.540472,510.971982,58.365568,104.574031,289.857900,306.355445,317.294094,40.507130,204.071186,33.395270,290.207218,230.466570,12.496932,68.296428,27.708438,246.849303,262.922482,229.659889,90.810365,24.959000,670.677345,63.060396,248.670304,132.929529,313.181226,71.550742,205.858448,432.309973
2012-01-23 16:00:00,29.772958,58.983039,446.180222,56.388602,77.462749,224.805826,206.066628,201.925010,30.043121,113.684388,13.860831,154.458218,37.869226,11.017797,18.074055,1.484682,70.095648,167.753633,167.566550,68.317081,9.860050,665.562968,14.764205,245.700804,129.388901,319.968790,33.519222,192.630216,407.388715
2012-01-23 17:00:00,34.391098,85.964642,534.024671,34.777621,92.072413,269.116559,39.757677,291.067836,32.452130,167.742197,16.522387,156.021560,42.287303,8.350164,26.026639,2.030076,70.272657,32.626116,59.757511,30.801660,7.973389,674.244937,11.202990,250.000216,119.207036,285.913248,40.784019,218.085433,441.526380
2012-01-23 18:00:00,23.730837,70.486823,627.087602,32.522713,78.829121,341.612711,39.201626,377.437330,36.065643,205.908641,23.608349,264.517515,63.536146,10.733671,30.786140,3.484458,81.247228,37.348317,48.395167,28.241522,14.441942,622.808370,13.354558,224.697121,100.562824,289.636362,29.427026,193.738519,465.479328
2012-01-23 19:00:00,17.499288,93.180652,683.621158,21.638445,105.158047,420.071164,33.085060,382.455741,28.444836,195.586044,20.151782,394.587593,81.208452,8.444873,26.026639,5.332736,82.840311,31.982180,39.557789,21.041134,16.463364,546.308762,22.035020,245.207429,95.249706,246.656297,25.288850,125.095235,475.098228
2012-01-23 20:00:00,14.154893,112.005026,695.362743,16.781720,125.022986,420.342178,24.466263,326.592903,39.563339,144.380531,18.077842,501.989209,79.314991,5.066924,17.652327,6.150826,87.619560,47.436656,45.238960,14.960806,20.483749,575.630881,25.225276,266.070148,92.853973,291.333664,50.485741,117.158355,443.601045
2012-01-23 21:00:00,11.378783,123.613390,642.960485,12.618813,106.524419,420.477685,27.524546,319.593540,50.635514,140.034174,28.793198,484.167107,63.536146,3.235886,10.844433,4.817642,96.293011,62.247196,34.087031,8.000431,24.077389,559.249809,31.754171,279.250312,104.620113,291.716925,58.256315,119.231954,404.936838
2012-01-23 22:00:00,9.869886,114.410362,633.175831,13.876358,95.751105,406.791495,25.022314,338.610677,48.643449,97.385551,45.281020,469.471689,90.465374,1.894177,13.314554,4.635844,91.690771,41.855873,19.989308,4.080220,31.713875,463.256725,45.999032,231.181480,96.003203,264.176833,39.588546,119.803982,368.158690
2012-01-23 23:00:00,18.381111,74.670017,585.339745,9.800178,74.992770,470.615211,36.143343,328.573855,50.311225,65.331172,44.900798,488.544465,119.919217,1.894177,30.484906,3.969252,56.642948,24.040296,15.991446,3.200172,29.872134,438.521306,46.369992,234.071248,101.606127,253.226498,46.347566,122.664118,288.189794
2012-01-24 00:00:00,21.039644,56.159383,499.017353,11.751540,51.238929,523.056353,29.748752,291.067836,41.068969,50.118924,37.123523,509.024249,117.815371,1.783683,26.809848,3.605657,31.330630,29.191788,15.360205,2.320125,27.940552,452.772839,49.040904,213.208529,96.003203,287.282040,79.452970,130.028971,334.775448
2012-01-24 01:00:00,23.783094,71.009722,423.784236,21.118082,67.162411,505.982493,24.466263,210.377070,38.057708,45.636744,38.091362,487.293791,101.405373,1.988886,17.230599,4.423747,29.737547,28.118561,14.097723,3.280177,39.822025,408.216322,50.524743,221.243495,101.335641,297.082590,77.153984,111.652592,246.507894
2012-01-24 02:00:00,24.044374,51.034970,413.999582,17.518902,72.890660,491.754276,23.354160,194.529457,35.648699,49.032335,36.950695,436.016164,92.779604,2.683418,10.663692,6.150826,32.569695,19.532741,14.728964,4.320233,37.665841,475.051097,40.286249,225.190496,79.252392,273.594121,85.752193,124.415952,247.073711
2012-01-24 03:00:00,15.885878,28.864040,452.703324,13.312631,54.865068,454.083378,24.744289,179.078033,19.827996,49.983100,44.347747,378.797836,84.574605,3.456873,9.458755,7.877905,26.905400,12.878730,19.147653,3.360181,33.331013,513.055185,32.496090,262.687004,92.738051,297.246845,67.452261,117.265610,254.806553
2012-01-24 04:00:00,9.660861,20.915971,452.268451,12.662176,37.890531,433.757354,21.964032,151.608836,14.986815,33.684263,45.142757,376.140154,109.399987,2.430861,4.639007,11.059367,21.595124,15.239831,23.987170,3.600194,43.775030,682.107851,39.173369,292.571440,106.107786,361.142050,56.601045,116.943845,342.508290
2012-01-24 05:00:00,19.040845,19.451853,510.324064,13.789630,34.159286,419.393630,18.905749,132.591700,11.859736,35.721618,43.932959,317.671153,111.924602,2.557139,6.386166,9.635284,15.753820,15.883767,27.353790,4.880263,51.007230,688.496470,42.512009,338.737253,111.401583,347.837393,64.325639,113.082660,432.850509
2012-01-24 06:00:00,18.224342,17.569416,534.894418,16.304720,40.728379,379.148103,15.013389,176.832955,18.044403,32.869321,45.522979,292.501342,143.692675,2.367721,6.807894,10.453374,15.399801,12.020148,26.301721,5.520298,54.061825,495.363627,60.466470,297.152780,101.258359,278.959785,84.832598,94.205757,383.058555
2012-01-24 07:00:00,12.492299,15.791558,503.186889,27.579261,34.001627,332.056903,17.237594,141.836141,17.812768,33.140969,40.234433,290.908389,139.028686,2.067810,10.241964,11.717692,26.053212,12.664085,26.301721,7.120384,40.066722,380.204689,45.051932,281.858151,101.683408,215.174084,66.894832,65.515221,219.725858
2012-01-24 08:00:00,9.483330,29.792634,536.847407,40.024557,67.618518,364.950698,67.688287,128.971247,29.668383,73.267994,43.926748,301.661165,234.329388,4.015136,36.233205,23.433735,112.417778,84.764457,73.937968,19.365779,45.341810,390.044538,70.651276,285.855125,107.110643,216.740257,77.279549,72.079564,265.777155
2012-01-24 09:00:00,12.552236,88.799905,627.927010,61.351875,91.635420,403.918462,191.564832,164.593268,36.415394,162.442614,61.193366,324.925758,345.195028,9.941258,67.942095,36.375783,207.418000,220.081303,159.765591,42.574936,65.524174,452.185851,135.770409,323.069068,121.270387,262.505132,92.186489,93.643908,346.060227
2012-01-24 10:00:00,16.890037,155.409904,652.161729,82.092374,103.245986,482.217674,333.585613,204.911514,36.420890,220.599873,73.556194,378.061795,402.520505,13.770831,97.756929,46.045935,282.518827,333.158298,222.948443,71.485940,71.083753,561.729848,154.631536,344.248786,125.651055,288.716590,97.610596,104.452126,411.014231
2012-01-24 11:00:00,17.018754,189.112716,714.964840,103.439025,150.901941,493.410622,428.219492,241.159660,56.990315,278.317907,106.155124,392.934472,453.096641,16.674179,105.927882,50.927772,317.114806,368.457975,267.328454,95.720725,66.320833,538.725248,154.209528,385.802914,137.546534,299.452121,100.729237,118.910811,434.489416
2012-01-24 12:00:00,15.156088,197.320010,656.627303,107.007904,144.344327,456.040587,464.232453,257.479588,49.857915,285.134586,119.427286,390.313639,443.281533,15.819508,109.756774,52.168345,328.856212,392.697041,296.899011,115.494451,64.923705,461.503983,148.921912,300.400376,139.206945,222.360196,106.215547,140.507413,398.697337
2012-01-24 13:00:00,17.434579,184.903177,556.171369,105.054370,121.887947,396.087299,453.243541,248.286848,44.001853,272.205654,115.111369,323.630259,404.953071,14.068749,104.640752,48.758060,312.389907,389.636432,284.774927,114.322775,61.124176,415.026434,141.811959,238.861631,143.805665,177.000325,99.591111,169.922788,368.179245
2012-01-24 14:00:00,17.104969,157.794880,484.187359,84.065039,94.344145,316.952604,402.465854,212.993927,34.737937,228.016810,123.644498,269.006456,315.261109,16.985744,90.046215,40.935869,261.059208,340.430633,252.867185,100.574449,58.005037,343.899540,119.334167,190.980980,153.531847,137.304557,79.570573,184.866529,303.933601
2012-01-24 15:00:00,17.379815,115.830186,453.551836,58.408444,62.489513,293.464292,311.113025,159.752265,24.257554,170.870694,139.374211,192.327185,231.524366,15.857533,66.451815,29.447739,189.427540,266.897093,198.105085,77.326072,49.708771,424.681998,85.500600,225.806198,138.559877,138.861139,50.911513,204.405875,245.905632
2012-01-24 16:00:00,26.951124,5.333573,299.627849,38.262795,15.818377,189.574051,206.578221,8.848251,2.015229,12.359951,90.492908,67.223718,20.407305,2.020456,4.759501,5.484234,13.275691,186.150685,129.882084,49.614259,29.894594,406.905836,24.483356,260.995433,118.530821,191.411856,42.531248,205.500831,122.782432
2012-01-24 17:00:00,26.866208,11.712944,222.437801,7.978906,25.382977,148.108962,43.093986,12.942218,2.293191,12.359951,67.575873,72.070079,21.459228,1.736329,6.205426,8.574797,12.036626,45.934138,24.618411,5.920319,25.896670,371.358909,18.770573,232.732087,94.013199,204.442755,29.564965,204.178018,149.564468
2012-01-24 18:00:00,9.582477,10.980885,180.255070,5.463816,22.334918,136.319868,44.206089,26.940943,3.150242,16.027190,71.343530,71.601077,24.614997,1.436418,1.626665,1.666480,5.487286,39.924063,21.251791,5.680306,29.625071,259.967618,19.735069,185.086148,78.614818,144.599174,55.957329,169.427356,99.206696
2012-01-24 19:00:00,5.166830,4.287774,151.770855,5.507179,9.722258,161.795152,41.425832,20.073644,1.690939,21.867606,60.213387,78.636117,22.300767,1.673190,3.434070,0.787791,6.726350,29.621079,15.781033,2.400129,24.616435,172.165070,16.619005,169.721037,75.156462,92.913593,52.416890,109.972261,57.147584
2012-01-24 20:00:00,3.455440,4.287774,115.241480,7.501906,12.087132,162.608193,30.582829,15.055233,2.895443,23.769137,44.382313,71.601077,23.563074,1.610051,6.024685,1.424083,10.443543,25.757460,14.518550,1.680091,26.592937,151.197298,19.512493,179.095164,78.595498,85.412613,48.600572,79.404549,34.703483
2012-01-24 21:00:00,2.279676,7.216010,80.886473,4.769998,7.409937,140.520580,28.358623,10.168885,1.227668,20.101899,40.891181,48.150942,16.830767,2.036240,5.964438,1.272585,12.390645,28.762497,14.308136,2.480134,19.944703,161.517373,14.170670,213.772386,75.948599,80.156452,46.807363,67.499229,26.216218
2012-01-24 22:00:00,2.044523,6.588531,62.186912,3.078817,6.516541,113.825735,30.304803,11.357456,0.833888,11.001715,50.189344,31.579514,11.360768,2.825481,4.337773,1.181686,13.983728,34.987217,15.991446,4.160224,16.710427,156.766862,10.832030,203.622956,73.861993,63.238185,35.542330,54.092338,17.163136
2012-01-24 23:00:00,1.763646,3.660295,54.794062,3.078817,6.411435,128.053952,31.972957,10.036822,1.482467,7.606124,59.141851,18.916442,9.256922,2.115164,2.108640,1.454382,13.452700,44.216973,21.041377,4.640250,12.667582,117.943721,10.312686,154.285445,69.302372,45.060629,36.415945,67.856746,11.504959
2012-01-25 00:00:00,1.103912,3.451135,51.532511,4.726634,4.887405,138.894498,29.748752,10.961266,1.412976,7.062829,60.489912,13.444744,9.888076,1.625835,1.626665,1.999776,14.868774,39.280127,17.464343,5.920319,10.825841,75.025311,7.641775,112.348560,68.239749,21.298402,30.852397,80.691610,12.825200
2012-01-25 01:00:00,2.227420,4.183194,44.791972,3.425726,3.468481,118.297460,30.026777,13.206345,1.714102,8.149418,45.419282,13.132075,7.573845,2.888620,1.747159,1.969476,12.390645,31.982180,22.724687,9.760526,7.546644,49.634649,5.935359,95.926218,59.545557,12.100120,53.060606,42.759046,16.031500
2012-01-25 02:00:00,3.906149,7.006850,37.833995,3.165544,3.678692,127.511924,36.977420,13.998725,1.667775,8.013595,28.689501,19.854447,9.888076,2.809696,2.831602,1.939177,9.027470,33.484698,31.982893,10.320556,8.175531,26.537337,5.638591,72.667105,35.298420,8.650765,50.163883,19.234420,17.728953
2012-01-25 03:00:00,3.017794,7.111430,28.484215,3.122180,2.575085,113.148201,33.363086,9.904758,0.810724,11.545010,23.746611,14.382749,9.467307,4.135620,3.735305,2.272473,15.576811,23.825651,47.763926,18.801013,4.918795,22.114448,6.083743,49.267029,25.889372,3.777866,39.496586,8.115638,18.483377
2012-01-25 04:00:00,2.168631,4.810673,32.832950,2.775272,2.837848,98.513463,34.197163,7.263490,1.158177,11.545010,19.944388,16.884097,8.836153,4.782797,4.940242,2.030076,31.684649,21.464550,39.978616,18.480996,4.155146,21.623015,8.457887,38.553741,17.001976,2.847087,31.174256,3.932688,21.501071
2012-01-25 05:00:00,1.502365,6.170212,24.352917,2.558453,4.782300,79.000480,31.972957,9.376505,1.227668,10.594244,18.941984,29.234501,9.256922,3.062253,5.241476,0.969588,36.640907,23.611005,43.555650,22.881233,3.526259,23.916366,6.677279,28.968167,8.906717,3.175597,20.277060,1.823337,24.330159
2012-01-25 06:00:00,1.032060,8.052649,22.395986,3.208908,4.887405,44.446239,28.914674,8.055870,1.621448,16.027190,24.126833,23.450134,13.674998,2.194089,7.952584,1.060487,49.031552,23.611005,44.397305,22.721225,3.054594,17.200126,5.119247,16.704272,2.492335,1.971060,15.633108,1.823337,27.536459
2012-01-25 07:00:00,0.895803,9.412187,38.817999,3.772635,4.466984,39.162976,26.968494,7.659680,4.007294,22.139254,26.200773,22.133254,25.388855,2.304582,17.100604,2.843789,41.221901,16.527704,51.340960,21.361151,4.441221,19.002044,7.474597,5.779537,0.560292,2.409074,8.710903,2.782770,33.194636
2012-01-25 08:00:00,3.779589,43.825456,155.013292,10.968321,24.651055,84.368135,78.254522,47.362304,12.344199,60.199352,42.555014,83.311489,117.265265,6.903899,33.255253,12.733460,108.973202,77.586488,82.005781,38.633955,12.994958,76.289048,38.034553,24.315805,8.109605,20.354480,27.211682,14.810713,105.730517
2012-01-25 09:00:00,7.302263,92.778172,324.390308,29.567576,55.981077,148.287945,191.944830,129.025716,23.856047,139.731157,70.505738,175.058271,241.670101,15.432863,67.394491,30.148775,202.870235,193.401600,174.497063,74.758780,25.569393,181.683938,82.515525,65.517326,19.577972,54.203167,50.612838,31.122025,218.082117
2012-01-25 10:00:00,9.745682,134.490356,422.841365,43.076537,81.532643,204.109667,288.480691,197.064383,35.376688,202.570019,94.160554,232.194417,341.315032,22.554247,110.633695,44.449908,274.434584,303.770287,242.586781,95.015236,36.660370,283.784893,114.355797,101.632622,28.580942,86.835968,69.197930,50.155432,311.640120
2012-01-25 11:00:00,11.011841,171.663935,446.508743,49.769766,95.790172,236.895982,356.688856,235.710500,40.286310,239.137099,116.293115,265.734102,395.677064,27.344105,115.853141,51.925398,319.700895,360.234042,292.255087,105.055727,41.620434,378.469667,130.435785,130.479795,34.607190,104.707290,71.449787,61.098099,363.307738
2012-01-25 12:00:00,11.265519,194.221366,445.591352,57.993210,100.453981,232.628483,401.429351,247.628097,42.538686,254.077795,116.607505,276.046498,408.235248,28.958374,116.972984,54.696916,348.496206,384.083210,311.002890,109.804127,42.854040,442.703019,131.712271,140.395253,36.652243,107.352679,69.140378,62.955167,380.038253
2012-01-25 13:00:00,10.537283,190.796722,423.431010,58.749507,98.309880,215.927321,419.532902,245.587611,41.207388,242.752681,121.209227,255.967403,399.748218,27.118370,111.793773,52.286223,360.294677,365.712970,290.708996,109.374965,41.536972,426.771196,125.593839,136.126975,35.624539,104.192365,66.018267,58.411008,382.838384
2012-01-25 14:00:00,8.990752,168.239437,347.026493,50.225689,84.597536,178.733922,381.357023,232.305695,37.812401,214.117303,130.894951,215.044507,350.627303,22.100519,94.659366,47.887891,303.596140,318.984506,246.216103,96.996039,35.386467,386.950784,104.082717,124.058933,29.605922,88.247247,56.862266,48.213039,336.512142
2012-01-25 15:00:00,6.789411,131.138473,242.572786,40.975316,62.746556,124.197904,280.968489,195.064538,26.487058,163.876109,132.766571,154.230875,250.970773,15.806753,66.848276,34.212964,217.004167,238.322279,179.703799,71.961272,23.999197,268.903261,70.804684,97.221313,19.890739,66.267372,38.197836,33.088219,262.330006
2012-01-25 16:00:00,1.051656,14.745760,37.181685,33.862846,9.354389,10.840546,192.455947,47.014587,2.270028,16.842132,103.973517,26.576819,26.929228,1.026013,5.000489,7.817306,24.958299,150.514887,118.419700,42.901558,2.538008,83.215847,4.599903,12.545824,0.927381,6.351194,9.517804,1.322813,74.876537
2012-01-25 17:00:00,0.888355,7.843489,39.138616,24.153535,6.516541,12.873149,75.344969,33.940306,1.575121,21.324312,83.856301,27.045822,15.989229,1.831038,10.061224,7.847606,18.054940,26.616042,23.776756,15.440832,2.538008,71.749097,2.819296,10.995217,0.405729,6.077436,7.908513,2.002096,67.898119
2012-01-25 18:00:00,0.640138,6.379371,32.832950,25.584534,5.780802,21.816599,104.815695,20.337771,1.158177,19.694428,68.128924,28.609164,15.358075,1.736329,9.458755,2.545169,18.408958,31.767534,22.093446,10.880586,3.032134,49.143217,2.522528,12.404860,0.483011,7.610483,8.828108,2.574123,78.271443
2012-01-25 19:00:00,0.614010,9.516767,33.267824,20.857900,8.828862,26.965859,71.452609,19.545390,1.042360,26.621434,62.667549,38.458220,15.358075,3.441088,9.037027,2.393671,12.921672,18.459513,17.464343,9.440509,2.717690,36.038359,2.670912,9.726538,0.579613,6.898711,7.632635,2.574123,99.772514
2012-01-25 20:00:00,0.574818,17.046517,47.618649,18.169356,6.621646,34.960761,47.264372,14.394916,0.764397,30.288672,62.874943,37.363881,21.038459,3.977772,14.037516,3.817754,11.505599,17.171640,14.097723,6.320341,1.257774,29.158309,1.483840,5.286162,1.004662,5.091906,4.368074,2.252358,85.815678
2012-01-25 21:00:00,0.633606,32.942655,83.713151,15.914448,8.145676,34.147720,47.264372,15.187296,1.945738,32.869321,65.087145,38.145552,29.664227,3.662076,19.158498,6.453822,14.868774,17.386286,15.360205,3.440185,1.145473,34.564063,2.077376,5.215680,1.275148,11.771610,3.126622,2.145103,99.206696
2012-01-25 22:00:00,1.143104,38.171647,82.191093,11.231177,6.306330,23.307174,61.999734,14.130789,2.733299,30.696143,72.207672,31.423180,32.399227,3.204316,16.025662,8.574797,16.992884,19.318095,17.885170,4.640250,1.751900,48.979406,1.483840,3.242179,0.386409,7.281973,2.896723,2.574123,78.082837
2012-01-25 23:00:00,2.031459,28.654881,47.618649,11.794904,5.412933,29.811502,69.228403,14.791106,2.524827,25.399021,93.603818,28.452830,25.035766,3.551582,8.494806,10.089779,20.179050,22.967069,16.412274,5.200280,1.729439,55.204214,2.077376,2.889768,0.811458,8.158000,3.356520,1.966344,32.628818
2012-01-26 00:00:00,2.181695,22.275509,49.793017,10.493995,6.201224,34.418734,61.165657,12.017774,2.802789,24.312432,148.770618,19.385444,20.828074,3.851494,4.277526,10.059479,28.852501,25.113524,18.937239,5.840315,1.414996,57.661375,1.854800,3.665072,0.772817,6.351194,4.551993,1.573075,23.575736
2012-01-26 01:00:00,3.070051,20.706811,45.661719,11.101086,5.097616,29.540488,46.708320,7.791743,4.377910,22.139254,130.969301,14.539083,17.672306,4.672304,2.590615,7.605208,41.597165,22.537778,19.989308,6.480349,0.988251,57.169942,1.558032,3.524108,0.521652,6.789208,6.575101,2.002096,21.878283
2012-01-26 02:00:00,4.036790,20.602232,37.616559,7.631997,3.415929,34.012214,46.986346,6.603172,1.945738,24.448255,125.922714,15.164420,16.199613,3.756785,4.819748,5.060039,49.031552,20.605968,33.455789,7.040379,0.853490,59.463293,2.596720,3.876519,0.425049,8.869771,4.827871,2.895889,19.426406
2012-01-26 03:00:00,3.579548,21.648030,30.441146,5.420452,3.205718,43.226678,57.273297,6.339045,0.787561,22.275077,129.655806,14.226415,12.412691,5.824595,5.542710,4.635844,42.482211,23.181714,54.497166,7.920427,0.786109,54.876592,3.487023,3.665072,0.483011,8.650765,4.873851,3.146151,21.501071
2012-01-26 04:00:00,4.324199,23.635047,33.050387,5.073543,2.102110,45.665801,62.833812,8.187934,0.787561,16.706308,68.681974,15.008086,14.095768,4.530240,5.060735,4.605545,35.932870,33.270053,72.803164,12.320664,0.965791,41.771734,4.451519,2.960251,0.483011,5.529919,5.977365,4.147198,22.444100
2012-01-26 05:00:00,5.532623,18.824374,26.309847,5.333725,3.363376,39.161473,56.717246,9.376505,1.366649,12.495775,17.248266,20.479784,20.617690,4.893291,3.976292,4.696443,34.516796,45.290201,75.117716,11.840638,1.325155,36.202170,4.599903,2.537358,0.695535,4.818147,8.920067,4.004192,26.027612
2012-01-26 06:00:00,6.597343,22.066350,25.005227,4.119544,5.833355,22.494133,51.712783,12.678091,1.088687,11.952480,11.925154,26.576819,15.568460,4.719658,5.542710,3.908653,42.482211,36.919026,66.911579,10.960591,3.413958,33.745009,5.786975,4.792787,1.294469,8.048496,14.023817,5.541515,40.927477
2012-01-26 07:00:00,3.409697,21.229711,35.444012,4.119544,6.306330,29.516865,62.833812,7.131426,1.459303,9.371831,13.273215,36.909937,17.567334,6.377063,8.877939,4.807303,52.806925,24.898878,74.696888,9.440509,3.078888,39.314574,6.433735,6.061466,1.487673,10.786080,16.104953,7.151340,46.805848
2012-01-26 08:00:00,5.443673,42.865700,109.309390,6.865475,23.191020,73.079838,125.240868,38.301811,9.787432,52.392668,16.741783,69.913347,97.288565,7.472769,25.069585,9.995138,113.946875,52.048765,94.580035,21.684970,12.367638,80.241539,35.884901,19.386824,9.732899,18.130523,28.252763,23.620828,105.080333
2012-01-26 09:00:00,9.081767,91.869794,215.660700,16.159118,52.756032,115.298694,216.242586,100.753170,22.542272,125.985482,32.075966,123.460256,204.141041,5.862851,57.224293,22.720077,225.800892,93.556984,161.078658,50.086055,26.457835,153.738262,80.788607,37.933618,21.205000,21.202883,40.119020,46.566988,207.310654
2012-01-26 10:00:00,11.996777,105.517137,292.662144,19.456768,73.574330,166.624854,266.664131,131.107582,32.197883,168.393453,43.825837,189.447978,268.427852,5.808127,80.846399,35.781928,324.889248,137.669559,226.864997,79.959834,37.323300,207.193146,115.455061,51.384988,29.721656,23.477122,61.937521,58.585575,276.265788
2012-01-26 11:00:00,12.689181,127.315433,340.859211,17.080916,87.652490,203.893309,319.562058,159.520762,36.260572,196.643634,40.578809,205.919271,310.997335,6.693156,92.087166,45.762857,379.121515,198.846676,280.388641,98.653533,42.682430,238.843712,130.846818,57.800439,31.743317,31.240971,81.519799,57.581758,308.322342
2012-01-26 12:00:00,12.974652,165.187063,366.819916,39.042418,97.439221,217.070970,389.602633,189.711315,38.601497,225.348487,40.314532,220.688665,338.185984,19.162440,96.392357,50.709712,440.662665,255.062531,318.185449,112.097834,43.059113,253.942878,133.247160,74.296708,33.925097,43.797444,90.786510,52.367722,342.556747
2012-01-26 13:00:00,8.035368,158.968028,368.014832,51.722974,93.826210,219.538120,434.495111,196.405172,37.361771,221.865222,43.217865,226.436716,353.114334,26.438664,97.382541,48.242416,474.456354,298.359063,354.793532,112.022178,39.880979,246.334650,119.891048,85.006849,33.726620,56.802248,81.967655,48.054414,340.683454
2012-01-26 14:00:00,6.273796,121.719499,283.523275,42.172800,75.678054,175.060530,464.028903,149.888885,32.107185,194.391122,44.341189,216.183290,324.813713,21.235339,95.387752,42.349845,407.825167,315.126126,434.395031,103.662469,28.161288,257.121461,83.818777,59.811763,32.761232,54.993188,83.009425,45.637194,275.962412
2012-01-26 15:00:00,4.715231,72.266653,183.459271,55.612180,47.214779,102.377334,463.018816,85.180742,20.539457,134.703408,37.054091,149.734615,248.681646,25.241816,72.495545,31.162829,311.114887,258.354108,383.056832,88.706558,20.052681,291.118181,55.080590,44.094633,50.007482,45.012603,92.907794,33.720274,198.412877
2012-01-26 16:00:00,0.875291,14.745760,38.703742,72.567401,5.885908,14.770244,312.175771,27.734246,1.551958,15.483895,19.183944,21.261455,74.476145,26.171214,22.291334,5.969028,78.946108,197.923680,306.027463,61.400213,1.774360,265.537182,4.377327,57.372477,47.257765,44.786870,100.511685,3.932688,65.069031
2012-01-26 17:00:00,0.489902,24.680846,69.797198,100.690320,7.515043,10.298519,182.940921,21.394278,2.455336,20.509370,13.999094,17.665768,81.418836,15.784810,18.616277,4.120750,77.530035,107.322751,246.394524,21.521160,3.885623,284.539226,7.345007,111.009399,52.899330,100.359821,83.545166,4.039943,88.267555
2012-01-26 18:00:00,0.535626,22.902988,96.107046,149.300935,15.292849,8.401423,164.313198,41.732049,1.760430,20.237723,15.105195,15.320754,47.126148,4.546025,14.579738,2.545169,71.334712,79.418836,291.423071,40.722195,2.178644,338.924386,10.015918,144.911318,60.994589,146.843993,47.589018,3.539419,128.629215
2012-01-26 19:00:00,1.032060,21.438870,140.029270,170.635835,19.234305,12.060108,185.165126,33.147925,1.320322,19.694428,10.093174,10.630728,36.186150,3.772569,14.579738,1.121087,52.571736,56.666413,238.609215,37.122001,1.212854,383.317092,13.799710,217.930834,55.662151,229.135761,37.841316,4.468964,156.165674
2012-01-26 20:00:00,3.305203,28.864040,170.470416,185.986556,27.747851,17.615888,205.182978,26.940943,2.432172,22.275077,8.987073,16.415094,31.978458,4.877506,7.711597,1.030188,34.516796,74.911280,232.086388,23.841285,1.010711,431.149823,20.106029,248.167680,63.081195,301.626979,33.519222,9.223941,143.151868
2012-01-26 21:00:00,3.475036,19.765593,171.122726,217.034906,55.495701,22.900654,245.218681,46.486333,2.571154,31.918556,6.152688,18.134771,36.817303,5.493114,3.193083,1.242285,25.666336,112.044952,241.765421,27.441479,1.302695,459.980511,11.128798,237.595356,62.965272,318.873756,28.185573,11.833816,135.984844
2012-01-26 22:00:00,3.187627,11.190045,125.895881,226.358084,55.863570,28.727447,254.393529,92.444412,2.524827,19.015310,6.913133,24.075471,56.803839,1.957316,3.373824,1.121087,17.169893,139.948868,248.709076,35.041889,1.527297,458.014782,7.196623,246.335144,57.439630,291.771677,29.427026,10.189237,126.177338
2012-01-26 23:00:00,2.652001,30.118999,117.415848,215.603907,55.863570,42.142623,342.249655,119.649482,4.655873,19.286957,4.251577,32.986522,62.484223,1.546911,5.663204,1.545281,9.912516,207.776846,245.552869,41.282225,1.100552,425.088827,8.977230,232.591123,53.865351,306.554629,20.093141,7.686618,142.397444
2012-01-27 00:00:00,1.822434,45.492237,141.768764,226.314720,79.617412,62.739661,354.760813,173.795495,10.701559,14.804777,5.392244,50.964959,53.858455,2.383506,5.060735,1.878577,10.266534,174.077502,297.314656,54.722949,1.145473,404.284865,10.015918,219.269995,45.557567,277.098228,16.966520,7.472107,178.986986
2012-01-27 01:00:00,1.482769,40.472404,146.334936,207.798456,76.043825,76.019330,294.151207,219.753575,7.273354,9.507655,8.848810,60.657681,39.762688,1.925747,4.036539,1.999776,7.965415,114.191407,252.496524,49.042643,1.549757,413.458265,8.309503,202.495241,44.958634,283.011409,19.495405,7.257597,233.494087
2012-01-27 02:00:00,1.071252,49.780011,116.546101,201.597458,67.635386,67.753414,309.164595,281.031014,4.980163,8.828537,9.470992,68.161724,51.333840,1.546911,3.735305,2.393671,7.080368,133.938793,193.580668,25.921397,0.920870,391.671439,7.567583,197.491008,53.324379,250.324659,19.771283,6.328053,229.910576
2012-01-27 03:00:00,0.777311,58.983039,82.625967,205.543547,45.668337,55.693306,375.334716,336.497661,3.544023,15.619719,8.987073,75.196764,52.385763,0.947089,4.639007,2.939065,4.779249,143.812487,168.541429,23.681276,0.831029,344.330140,8.161119,206.583206,59.255750,232.037599,13.655979,3.682426,206.523446
2012-01-27 04:00:00,1.071252,63.166233,54.359189,213.739271,54.076777,52.305635,437.334450,314.311002,5.489761,29.337907,4.770062,64.722371,52.596148,0.962873,6.566907,3.514758,6.549341,150.466497,227.036457,21.921181,0.808569,276.021069,7.345007,187.271095,72.026553,204.935520,27.357938,1.787586,185.210980
2012-01-27 05:00:00,0.966739,73.101319,43.704788,215.126907,65.007748,58.538949,611.934599,329.894489,7.852443,55.823517,3.871354,57.999999,51.123455,0.868165,14.820725,4.544945,8.142424,145.744296,304.047897,34.561863,0.831029,271.270558,8.161119,178.742754,74.731412,230.285546,31.680033,1.465820,190.303339
2012-01-27 06:00:00,2.109843,76.343295,51.532511,205.847093,45.037704,58.132429,746.777071,361.985907,6.323648,71.443235,4.147880,62.377357,38.500380,1.026013,20.965904,3.605657,10.443543,116.337862,296.893829,29.361583,0.831029,271.598179,7.493391,150.408926,72.335679,236.253478,38.668951,2.466868,171.254145
2012-01-27 07:00:00,2.657015,92.971492,76.048088,178.441286,30.112724,89.781970,826.570451,413.094460,4.424238,100.373671,5.495941,69.363689,37.469011,1.104937,39.945721,3.753708,14.010533,106.893460,283.848175,17.520944,1.443632,234.904577,8.713287,128.488975,71.640144,223.605842,44.886523,4.550646,157.737697
2012-01-27 08:00:00,5.469846,187.467164,109.152038,177.414311,61.070510,153.743447,644.135051,487.316329,6.909462,136.677065,19.815874,103.926708,97.469290,1.926881,46.434976,5.308463,71.333976,89.044781,287.637879,31.856409,4.245740,260.193844,16.335699,141.380718,81.208946,226.224867,53.890329,10.535527,193.639151
2012-01-27 09:00:00,9.727923,212.023945,128.659288,215.168487,105.028408,181.424098,641.910756,571.239103,8.337633,142.004518,32.043435,130.187861,161.159156,2.377922,44.910727,8.249515,165.233232,114.137785,341.547427,62.994732,7.685216,270.821996,30.667645,122.720555,81.363739,207.774317,56.754047,21.137518,236.834638
2012-01-27 10:00:00,15.046028,210.682872,110.385344,188.552885,132.099858,225.993496,625.520510,724.019371,9.618223,146.242728,47.318922,179.763817,178.126902,2.996691,41.139097,8.915325,236.634528,151.688615,352.110335,73.709662,13.086633,320.503973,44.269010,152.504161,68.362103,187.650153,53.280554,22.740083,252.190949
2012-01-27 11:00:00,13.840521,229.295678,118.386349,224.841674,125.286595,219.678147,721.744300,835.872689,14.810139,208.794586,58.238685,246.234891,252.822829,3.759065,42.295602,17.046263,290.492021,169.248805,320.907915,90.682546,13.605961,415.229098,50.142603,225.189369,62.609928,229.739941,49.415248,19.163141,238.973929
2012-01-27 12:00:00,12.038918,266.007587,160.187922,296.430581,120.390023,185.906238,768.705272,748.230299,18.458842,226.788043,69.858374,251.966511,277.237426,5.765829,46.669826,19.793508,287.348714,173.101042,314.282528,109.542918,13.678890,453.429804,49.966209,299.191799,59.666064,264.099234,57.485212,28.356145,222.362265
2012-01-27 13:00:00,9.765323,291.497997,192.907224,317.430463,146.615861,162.852360,828.481277,720.753177,24.651996,212.439551,73.409347,220.646944,273.380181,7.366726,28.182409,25.591861,239.291267,203.085657,288.296554,101.213447,12.771562,534.703013,52.022513,388.251589,62.508553,327.582255,75.839693,32.078116,281.606888
2012-01-27 14:00:00,8.649660,343.148768,201.849441,303.706545,165.213885,153.872403,1025.043463,749.825750,27.233624,170.639990,80.031278,238.611134,218.935788,6.598293,16.832962,14.112717,185.788285,248.324034,325.628923,88.913489,12.066485,595.711133,44.313276,464.136970,54.074411,368.798536,79.507414,44.782847,418.468689
2012-01-27 15:00:00,10.029098,340.489316,231.057432,292.773177,229.826844,171.197306,969.837967,598.102083,35.774943,167.641633,74.687067,301.476922,166.004164,4.320775,13.760835,34.833882,146.166381,261.250546,321.544426,65.961659,8.713841,621.108881,22.732674,410.065348,52.229223,357.424363,87.172936,60.091065,529.528599
2012-01-27 16:00:00,6.956604,301.085405,269.186703,277.329590,278.634666,142.146662,1182.253953,509.793106,62.680559,134.057934,52.055890,303.913741,133.383830,0.773456,5.482463,37.329151,72.219758,297.695940,318.246248,34.975806,4.042845,584.640471,4.006367,331.900484,52.010590,292.154939,114.397563,67.034457,562.422753
2012-01-27 17:00:00,4.036790,300.144187,236.571190,216.904815,279.948484,171.958164,887.458083,525.084263,114.682722,156.333011,49.567162,321.423174,175.671133,1.610051,11.808383,39.753121,95.407965,219.582349,250.813213,6.400345,4.042845,574.975638,4.080559,340.851718,38.331728,267.680940,160.377291,53.234297,567.515112
2012-01-27 18:00:00,1.450109,240.219929,186.343299,196.914188,253.619558,173.719752,633.620605,504.878556,112.412695,173.718438,37.883968,297.035035,176.723056,1.120721,35.907122,20.967348,140.899332,228.382815,274.800383,8.320448,4.289908,499.950327,6.974047,323.019732,46.214462,229.902284,151.871042,49.301609,517.157341
2012-01-27 19:00:00,1.619942,244.716863,164.382187,152.553207,249.835760,172.229177,456.240199,452.581431,107.200896,226.010540,33.079340,240.754712,141.799214,0.615608,67.175237,18.361579,180.726405,257.145312,324.458033,11.920642,5.907046,442.616574,11.425566,285.452742,55.662151,202.909708,174.217189,51.768477,516.214311
2012-01-27 20:00:00,1.384789,270.548087,178.298139,147.826572,200.541283,176.971916,465.415047,491.936338,80.516490,251.273737,27.064915,189.789754,110.451910,1.136506,92.237927,13.968132,156.299133,245.125164,337.503686,24.001294,4.177607,451.953785,10.238494,263.321344,66.114502,214.626567,186.033979,48.336312,465.479328
2012-01-27 21:00:00,0.679330,221.918454,254.618440,133.516579,155.240815,268.032504,422.877113,445.714132,42.458782,214.058059,20.912227,220.274928,83.312298,1.373278,85.128798,12.937944,100.541232,251.564529,292.475140,35.041889,5.884586,461.618618,7.048239,230.829069,63.911973,246.382538,164.837325,62.386735,491.506940
2012-01-27 22:00:00,4.023726,228.297826,398.561572,101.254047,136.742248,357.873531,441.782861,495.502051,51.701037,202.784697,13.342346,328.614549,91.517297,1.057582,97.720390,16.058807,112.046831,198.547090,314.778999,23.921289,5.143398,331.225282,7.715967,188.751220,77.281709,188.236259,154.170028,65.389878,424.740456
2012-01-27 23:00:00,7.080712,166.491131,474.664437,108.539135,129.069547,438.635600,397.298747,425.376361,59.947260,230.085249,9.159901,438.048509,121.812678,1.436418,103.323347,17.664687,110.807766,201.337481,260.281833,16.240875,6.850377,194.770950,9.051422,122.145581,65.959938,132.882316,145.801717,83.909264,227.835911
2012-01-28 00:00:00,3.331331,167.014030,355.943968,101.080593,105.998891,452.457296,373.388536,318.537033,44.890954,226.010540,10.093174,513.088939,158.419597,1.594266,90.671509,11.847157,147.271664,238.041862,238.188387,45.842471,8.467515,172.165070,9.273998,104.947934,70.983250,143.230382,140.881887,84.052271,221.611917
2012-01-28 01:00:00,2.397252,193.891053,288.538574,84.602418,125.390855,440.803709,261.622198,423.131282,52.604416,216.367061,12.236245,554.361175,136.118830,1.310139,47.474517,5.060039,184.266589,192.107725,205.784667,46.322497,7.524184,135.962900,8.457887,102.481058,75.581511,135.346141,144.376346,63.352031,131.458303
2012-01-28 02:00:00,1.685262,125.914147,249.182521,74.585422,83.611421,434.434888,271.631124,363.438604,42.180819,208.217643,9.090770,611.735837,146.217290,2.194089,60.066109,4.908541,222.854597,153.256889,142.029294,36.161949,6.468552,147.593462,9.496574,91.203913,75.813356,128.611685,154.629825,62.958762,87.890343
2012-01-28 03:00:00,0.796907,86.696701,259.619486,69.164970,48.768949,364.242352,287.200564,351.684958,15.797539,161.901781,5.081153,516.528292,92.569220,1.578481,51.812291,5.544833,229.934965,151.539725,196.316047,79.284273,3.885623,193.296653,6.083743,105.441309,98.205731,161.791200,150.123812,63.387783,93.925731
2012-01-28 04:00:00,0.862227,113.469144,305.933515,61.836519,33.949075,333.753315,235.487781,256.335149,7.690298,86.248012,5.219415,427.417782,103.929988,1.531127,30.846387,3.817754,167.627723,148.105397,191.266117,38.242061,14.217339,252.923757,6.232127,92.049699,101.664088,174.986354,110.535266,100.784072,163.521304
2012-01-28 05:00:00,1.110444,133.862216,482.274723,53.640795,40.307957,392.563278,193.227872,260.164989,10.469923,94.397431,4.942890,435.234493,93.831527,1.199646,32.593546,8.453598,127.800650,134.797376,215.253286,29.121570,12.824803,232.775038,9.570766,66.041782,87.173768,138.302732,92.097395,82.586451,214.256287
2012-01-28 06:00:00,3.259479,84.082204,548.375497,50.735433,48.979160,419.935657,170.707789,290.275455,11.581774,95.619844,4.389839,489.326136,129.176139,1.215430,37.353047,8.726295,125.145512,128.787301,166.647706,49.202652,9.815130,204.108161,6.528895,59.909835,76.933941,91.106788,104.695841,74.113296,188.605886
2012-01-28 07:00:00,2.052044,41.204463,614.986860,56.112521,35.735868,443.122250,185.999203,241.808170,17.237672,94.804902,5.081153,611.787491,194.435442,1.925747,25.259995,14.565857,124.227115,132.865566,132.560675,33.121785,8.496918,142.842951,9.619279,39.681455,62.985348,70.301151,65.046144,82.766557,145.419745
2012-01-28 08:00:00,4.631915,38.298852,678.707971,89.187659,49.761110,435.987094,246.441472,243.148160,26.669633,132.132424,10.149141,575.946776,296.455826,4.747934,56.619132,22.523414,184.154806,250.032806,170.289041,48.200801,17.287279,209.590738,19.034620,57.686426,76.864062,83.107121,76.403492,109.914180,222.623260
2012-01-28 09:00:00,5.199832,89.150499,859.871789,105.040402,82.523222,605.913295,380.803099,261.587096,38.167434,189.591040,22.464577,722.547547,388.336937,10.305983,87.778864,44.948614,254.900567,460.382411,293.507454,99.926873,40.871987,283.240985,59.611737,87.220568,77.318909,90.594080,87.404128,144.550750,382.673460
2012-01-28 10:00:00,8.570036,130.448451,1142.238227,106.233343,112.055301,641.573171,486.304574,277.598203,48.549295,231.133645,31.674189,932.668723,574.316187,11.556871,104.623809,49.951755,299.646477,501.675688,323.024666,112.561317,49.969535,330.667453,112.191545,112.603885,63.113017,117.238470,94.678665,173.220703,423.215441
2012-01-28 11:00:00,11.637397,154.255804,1283.781365,123.471133,137.474696,771.415874,481.543653,352.174424,79.894893,295.824182,37.297554,1107.057472,861.749109,21.282792,180.554347,41.850651,342.401554,514.766372,328.277773,129.840949,60.066241,399.299576,138.046341,125.775689,75.787932,116.076229,86.763544,242.062629,460.594420
2012-01-28 12:00:00,16.089916,191.402308,1116.958061,123.747469,143.077450,767.563805,512.143527,385.605922,95.618626,306.336818,35.029275,1014.832060,755.815991,49.135117,209.523034,45.515470,364.417523,566.554057,344.873926,146.131348,65.723780,461.293417,168.107867,127.166002,105.157610,118.967370,65.463575,320.648331,551.230539
2012-01-28 13:00:00,17.806270,200.041786,1193.011610,117.234935,162.796319,735.392100,514.483020,403.553188,77.560046,283.134102,37.178476,898.950456,576.551729,75.333428,158.609906,46.300110,326.489623,588.042274,324.082638,127.691603,74.885978,700.872710,0.000000,120.613522,125.599174,141.461634,68.069005,79.850814,674.702769
2012-01-28 14:00:00,19.734174,204.760066,1186.489112,87.504020,172.954180,761.539336,490.642424,462.547117,60.648393,282.975530,26.773294,921.015423,501.083116,54.189648,148.896540,42.721580,315.937252,535.306881,274.438382,104.641806,62.293738,834.674175,40.271410,110.625515,148.966590,121.593271,65.737585,320.784428,744.066293
2012-01-28 15:00:00,20.556429,173.091780,969.641996,72.764778,163.493215,769.123105,428.492835,517.871469,40.221619,289.752209,25.778245,754.434548,452.971839,65.867797,125.632174,45.096432,315.809276,417.911664,240.031645,79.777817,45.736910,691.663181,139.030505,121.093172,131.921981,108.799413,52.071757,300.282931,670.665695
2012-01-28 16:00:00,22.731438,130.306501,909.103073,76.616233,139.580097,701.383338,371.282432,455.922281,46.628221,208.896761,9.056204,647.536376,316.418424,46.786176,84.586577,28.936152,160.724364,284.191405,208.688335,65.553366,38.878695,710.283296,80.498306,129.757654,130.219679,103.973431,41.933512,297.025210,748.576763
2012-01-28 17:00:00,37.728961,153.000329,1002.600878,67.820698,148.987038,615.336502,139.846935,371.362411,57.491924,372.835896,4.458971,768.539069,497.769941,36.668113,127.422087,17.331391,167.981741,136.943831,94.475783,17.520944,58.239431,780.721907,82.872450,162.179446,95.423590,139.124007,51.635235,232.600628,733.676898
2012-01-28 18:00:00,39.845337,104.266116,883.880410,61.359519,128.911889,409.772645,151.245989,318.933223,35.139101,355.857941,6.671173,695.843652,467.264175,45.523391,113.926793,17.391991,207.631805,113.332825,119.935849,10.640573,79.621591,749.106437,98.378575,186.495791,72.625486,122.972262,28.829289,188.769031,639.185349
2012-01-28 19:00:00,39.531800,67.035688,879.749112,66.433062,151.772334,602.734367,122.609340,265.447527,30.274756,232.801722,7.846406,765.881387,491.668788,36.005151,66.030547,9.180789,172.229962,77.701672,111.940125,5.920319,94.669959,737.475876,129.168250,176.346360,67.370330,117.113833,22.943884,184.550329,644.466314
2012-01-28 20:00:00,38.186203,58.250980,1128.496759,77.707603,151.404465,903.424017,70.062480,254.486261,63.305974,218.268592,13.031255,810.280308,581.503008,32.516708,46.872049,9.332288,237.369352,51.300275,90.267507,3.200172,77.195883,743.864494,115.516924,127.502225,60.492258,87.876439,17.932094,224.020217,604.104654
2012-01-28 21:00:00,20.118629,34.825092,1398.335773,42.366254,143.206236,1113.053079,44.762140,207.603738,74.354987,197.487575,15.727377,1001.008067,669.654151,39.462024,78.682386,8.938392,109.037674,37.562963,73.013578,4.000216,101.879699,831.503231,121.452283,123.414259,68.645478,100.414572,14.115776,237.891881,753.103304
2012-01-28 22:00:00,13.057513,25.517485,1400.727577,25.801352,141.577101,1230.401991,35.031240,167.456450,39.586502,202.241402,10.784487,1208.776257,610.115312,26.802607,79.706582,14.786222,90.982735,28.547852,72.171923,8.320448,89.077356,821.510777,130.800473,138.356477,65.959938,136.824436,11.356993,271.891758,683.696338
2012-01-28 23:00:00,22.639990,23.007568,1417.905081,18.559628,122.763217,1282.707626,24.744289,161.909785,38.497815,240.951140,18.941984,1343.223694,616.426850,25.887088,48.679454,12.816746,147.625682,28.762497,66.701165,9.600517,98.061457,958.947974,141.261544,136.312494,71.446940,171.701253,12.000709,294.880107,552.992459
2012-01-29 00:00:00,27.623923,63.375393,1435.082584,13.442721,131.434421,1287.585872,36.699394,114.895198,40.814170,262.139628,26.166208,1452.188651,734.662990,26.013366,56.391051,80.718228,185.151635,27.259979,90.267507,8.400453,98.308520,981.881475,114.700812,129.898618,69.456936,172.303522,20.323040,265.313443,503.577717
2012-01-29 01:00:00,29.289588,104.475276,1360.284341,12.011722,150.195751,1248.695413,45.874243,111.989803,30.877008,290.255122,25.163803,1417.482453,725.406068,22.161873,34.882926,265.848999,243.210656,20.820614,121.408745,16.640897,87.797122,660.484836,127.313450,56.597173,47.566892,101.509606,54.945775,260.236700,484.151310
2012-01-29 02:00:00,29.805618,46.328876,1449.433410,9.670087,127.282754,1238.125880,60.331580,102.745361,26.290626,324.211032,13.584306,1364.485149,711.520685,19.367961,46.209334,244.639255,213.650118,23.181714,146.447984,22.161194,69.649239,739.769226,121.452283,39.681455,45.789412,79.608936,47.634998,261.631017,487.923428
2012-01-29 03:00:00,37.578725,48.106734,1697.528748,10.754177,146.832376,1197.202818,88.968229,101.028536,29.672504,301.528484,8.537719,1352.603748,818.816826,17.584278,61.813268,220.793442,177.894257,18.030222,140.766812,20.721117,89.796084,873.602587,108.691261,71.468909,57.961282,120.398934,56.876924,265.813967,539.790047
2012-01-29 04:00:00,38.519336,59.192198,1644.691616,16.131266,152.823389,1106.955271,93.416640,144.741537,24.692341,388.727262,5.461375,1360.733127,828.494517,20.962227,52.535253,194.099463,233.652159,15.669122,115.937987,12.640681,96.893524,735.018715,169.083539,44.192313,54.135837,82.510775,70.716822,273.178819,547.334282
2012-01-29 05:00:00,33.822812,49.675432,1608.814552,18.906537,141.997523,1025.515668,111.488312,135.232969,17.002044,382.071904,8.330325,1379.180566,839.644900,15.816379,15.362947,120.925844,361.452809,18.030222,112.571367,19.841069,93.636787,579.562339,258.188115,25.162131,49.440973,69.041862,60.509322,265.670960,519.232005
2012-01-29 06:00:00,35.161877,90.043256,1579.895463,12.835631,170.481112,931.473930,112.600415,101.028536,21.217809,477.012629,15.105195,1401.849030,812.715673,11.128291,32.714039,93.625873,411.015388,29.835725,131.508606,28.161518,111.110863,538.609658,269.687873,26.783220,49.286410,52.671112,63.176146,266.600504,414.555738
2012-01-29 07:00:00,36.245695,163.458315,1564.258833,5.246998,177.235809,919.989565,105.649772,151.344710,29.535220,438.438715,11.510366,1437.103592,939.725423,10.828379,83.150070,114.920765,556.297707,44.431619,150.025018,40.277507,133.416055,521.573343,257.407987,40.315795,33.143364,101.564357,53.753200,260.042897,439.554771
2012-01-29 08:00:00,35.661770,252.960063,1637.785993,15.562461,277.630592,981.739012,167.532396,233.787599,64.165807,558.516199,14.123844,1481.509114,1239.579113,16.340461,305.853160,213.444143,769.601842,110.353406,167.812139,89.613081,0.000000,493.980898,0.000000,67.222372,51.748127,108.258964,72.776539,0.000000,526.424962
2012-01-29 09:00:00,31.942606,304.100710,0.000000,37.115915,305.613741,1077.772222,349.969614,268.351823,118.953077,558.349099,23.329350,1579.841843,1429.767231,12.961906,419.411663,299.929475,1008.051539,261.396294,264.901802,125.414759,0.000000,559.032963,0.000000,0.000000,0.000000,105.987285,75.755514,0.000000,829.565038
2012-01-29 10:00:00,34.123176,291.484206,0.000000,59.444287,394.880324,1306.385335,439.139398,332.518994,169.760824,588.261011,35.779385,330.932859,0.000000,22.578347,308.271992,299.887589,980.003183,393.769066,324.356730,160.078717,0.000000,760.395211,0.000000,104.791333,0.000000,97.155302,97.329180,0.000000,0.000000
2012-01-29 11:00:00,35.257541,441.169144,0.000000,69.788625,421.763127,1416.706681,506.076711,417.355983,0.000000,741.546096,53.286607,1742.408538,0.000000,46.825489,166.839713,280.829268,0.000000,431.114691,345.335821,167.602111,0.000000,855.527862,0.000000,102.723594,0.000000,150.862149,98.425277,0.000000,0.000000
2012-01-29 12:00:00,37.262959,575.353711,0.000000,75.829230,426.873030,1401.832497,538.774963,458.426333,0.000000,725.491230,75.446798,1764.761361,0.000000,48.703915,0.000000,289.711163,0.000000,484.012602,388.043960,227.254847,0.000000,832.718965,0.000000,126.224450,0.000000,228.601274,162.608100,0.000000,0.000000
2012-01-29 13:00:00,45.469732,604.248476,0.000000,76.286191,243.656907,1447.017906,517.424757,381.202671,0.000000,631.490180,77.088333,1763.203708,0.000000,46.471901,0.000000,305.510995,0.000000,481.784063,427.192094,318.873866,0.000000,850.037746,0.000000,179.312468,0.000000,230.158850,230.830546,0.000000,0.000000
2012-01-29 14:00:00,37.987585,551.431050,0.000000,69.148202,466.159306,1424.956710,462.393797,347.623994,0.000000,632.625108,65.603453,1742.362371,0.000000,43.750536,0.000000,291.046037,0.000000,395.886465,360.398138,300.227028,0.000000,684.339939,0.000000,137.439327,0.000000,191.053851,227.445869,0.000000,0.000000
2012-01-29 15:00:00,39.517327,418.398975,0.000000,60.692227,0.000000,1316.073972,372.877890,305.821165,0.000000,644.987048,55.552521,0.000000,0.000000,49.087299,449.689510,311.439572,1415.574794,297.162260,254.007257,197.213194,0.000000,789.042423,0.000000,0.000000,0.000000,165.553096,180.864225,0.000000,1453.646913
2012-01-29 16:00:00,40.100086,295.019774,0.000000,52.506945,0.000000,1235.009223,252.636021,265.284596,108.335910,453.515139,36.792607,1520.663044,1572.624813,25.539822,343.226302,264.334017,1184.545641,204.217307,176.548961,149.405587,0.000000,853.290057,0.000000,0.000000,0.000000,153.578449,126.214353,0.000000,1316.091875
2012-01-29 17:00:00,38.467080,233.840558,970.382602,29.617351,285.676734,1221.187527,68.116300,194.925647,86.979120,368.897011,36.017422,1508.625308,1239.586007,16.431987,303.162147,226.338275,929.121350,55.163894,57.863787,87.844735,0.000000,758.116027,0.000000,149.069765,140.633390,185.936689,108.742057,0.000000,1089.198994
2012-01-29 18:00:00,25.808021,176.739957,1962.149279,34.387349,262.763736,1169.694932,112.600415,149.495821,92.075100,316.604909,42.792292,1519.412370,1115.669483,3.662076,279.304395,225.520185,776.716419,65.252233,74.907302,56.723057,156.368269,535.169633,351.373251,129.334761,117.487518,167.485374,101.385300,282.152498,794.407994
2012-01-29 19:00:00,22.137024,135.430914,2034.120845,26.148261,233.912278,1188.665888,106.205823,87.822192,79.242495,246.927380,27.687097,1548.646870,1201.927165,2.636063,233.275802,265.606602,636.525123,43.787682,71.961509,27.281470,152.213122,460.963375,347.441076,107.908185,86.883961,135.674651,91.867497,287.729765,625.228513
2012-01-29 20:00:00,18.792628,113.050824,1871.260715,22.028718,191.554764,1108.987874,65.892095,86.105367,46.535566,202.648873,17.905014,1528.167087,1054.868336,1.688975,188.391899,284.271177,699.009375,55.593185,60.178338,14.560785,149.225909,473.904422,310.196698,95.221396,72.915292,124.943323,86.763747,275.323922,437.942868
2012-01-29 21:00:00,29.178544,92.762332,1724.056032,19.123355,163.544149,997.059235,41.703857,91.519968,22.283332,162.988370,13.688003,1459.692694,1104.308715,1.420633,106.516430,260.213267,723.259637,61.388614,60.809579,13.360720,141.926327,388.231414,277.700608,86.693055,77.532874,112.514693,88.878814,289.124082,418.516462
2012-01-29 22:00:00,28.205273,84.500524,1511.185449,24.500444,155.451026,941.772449,41.981883,114.366945,22.769767,192.597924,14.517579,1418.889461,1223.596778,0.710316,114.950989,262.394841,800.789671,66.969397,91.109162,23.601272,143.745608,332.535768,276.216768,77.671339,77.416952,95.432170,100.971483,299.063057,341.753866
2012-01-29 23:00:00,31.856673,59.401358,1402.467071,19.210083,157.185267,924.427575,37.811497,135.629159,23.348856,252.224502,22.951601,1379.493235,1302.070230,0.678747,130.193442,245.336146,725.383747,78.774899,137.400192,44.962423,153.021691,321.069017,291.945470,44.756171,93.433586,77.364117,98.120740,298.455278,380.983891
2012-01-30 00:00:00,31.366772,37.021269,1370.286431,15.177266,146.149190,980.798415,29.470726,137.874238,21.426281,307.097254,20.220913,1354.167090,1328.157919,0.757671,131.820107,181.131219,717.949361,117.840381,187.478669,64.083454,151.494394,316.154696,0.000000,20.933201,81.338999,45.717649,90.350166,121.294315,326.476789
2012-01-30 01:00:00,21.431565,36.602950,1308.534393,7.588633,119.610053,905.727633,27.524546,171.550417,12.554643,312.801847,13.722569,1320.867899,1182.782167,1.026013,76.874980,150.922483,684.671629,96.375831,213.359562,66.963609,154.279465,297.807895,308.861243,7.612073,72.239077,24.309744,110.627226,246.937064,329.871695
2012-01-30 02:00:00,19.040845,25.622065,1385.507004,11.404631,113.408828,926.189164,41.981883,179.210097,14.963651,319.457205,12.823861,1321.805905,1049.819106,1.010228,45.968346,140.953903,579.528157,37.348317,173.170532,48.082592,149.472972,244.733220,305.745179,5.074715,54.135837,23.214710,116.604590,223.090673,243.678805
2012-01-30 03:00:00,16.787298,15.059499,1452.477525,11.751540,93.911759,891.499416,33.363086,109.480597,9.659199,166.248137,9.989477,1307.266821,1107.674868,1.247000,21.568372,108.775690,532.266698,22.752423,140.766812,31.281686,137.726260,190.348060,288.235870,2.678322,48.900001,17.903798,134.858542,223.984466,223.309369
2012-01-30 04:00:00,19.040845,16.105298,1366.155133,7.545269,91.914755,809.382279,31.138880,55.202521,12.693624,111.918681,8.019234,1207.681917,1149.331017,1.104937,22.351581,67.659085,428.008273,50.012402,213.780390,66.243570,121.352737,138.583872,251.881797,3.383144,44.958634,11.224093,140.743947,213.509215,251.223041
2012-01-30 05:00:00,19.073505,12.549583,1176.115409,4.856725,92.177519,758.702725,33.085060,37.373955,5.536088,93.718313,8.053800,1163.595665,989.438729,1.483772,15.905168,33.117501,384.109988,72.120889,281.954451,143.927757,104.260486,115.158938,202.173165,4.369894,33.617543,9.253033,155.641379,224.985514,277.627865
2012-01-30 06:00:00,16.584805,11.190045,976.943341,5.897452,84.767581,620.485762,37.811497,24.299674,2.756462,86.519660,4.908324,1045.563322,838.172208,1.183861,18.194549,20.573452,273.125213,78.560254,229.771836,180.809745,80.317858,91.242573,152.316150,6.907252,27.705493,11.826362,168.193845,191.986685,247.639529
2012-01-30 07:00:00,8.707806,6.379371,781.382575,6.634633,66.606812,479.347562,48.098449,25.620309,2.505171,108.930561,4.320708,869.895024,685.414938,1.578481,39.822789,26.441644,273.177958,53.661376,223.880251,239.615231,65.180574,43.409842,97.713902,10.854252,28.702807,5.256161,160.429761,156.780157,228.161003
2012-01-30 08:00:00,12.786869,35.897456,707.346957,18.296136,75.050423,468.744524,135.112385,79.189410,12.836405,148.208238,11.927509,758.647346,630.135770,5.108187,63.331969,35.456601,468.340564,114.518248,251.373792,226.443337,68.063826,67.914808,113.713694,25.159033,42.986360,15.001386,164.774925,129.316256,263.099424
2012-01-30 09:00:00,20.584983,88.947688,646.555712,42.054872,97.596948,498.865152,281.929911,162.635541,24.689192,228.165618,24.518820,652.188153,743.091603,8.631636,86.965342,44.611597,677.178215,247.757093,359.003705,295.792832,84.153174,127.350556,157.665330,55.897175,78.068213,30.140741,162.253591,120.330576,382.698463
2012-01-30 10:00:00,23.889940,137.763349,644.992235,59.101874,102.857690,510.802848,399.870716,229.505543,34.924199,264.000313,37.410980,574.291346,730.235541,8.405802,114.581608,52.117767,591.690801,355.687838,406.654784,272.225295,87.404065,202.848101,174.307117,98.175504,76.791124,58.006058,154.310698,115.602967,448.841883
2012-01-30 11:00:00,25.916895,174.551741,716.530295,70.296136,118.828446,489.507443,451.483478,270.375726,41.324499,263.334939,48.917655,489.684865,799.192801,14.760274,145.274205,56.223295,567.755158,399.352400,447.700866,299.581589,83.279452,267.636562,177.901624,134.959814,95.391654,90.734494,143.681280,143.037227,482.071403
2012-01-30 12:00:00,26.245643,193.837420,649.131729,79.830807,129.190873,414.758355,484.679010,287.824598,45.272939,275.996679,49.313836,427.823314,735.260992,22.422505,188.485238,57.752528,538.817549,452.263941,543.169768,322.568655,74.309489,301.611686,170.404868,143.150451,100.943547,101.058605,138.016972,198.081289,497.439691
2012-01-30 13:00:00,23.747876,186.956532,625.036762,77.558108,120.785733,405.056840,482.630858,266.882727,43.340407,260.169954,43.966538,366.108194,613.838838,26.469188,174.001567,55.149888,472.489615,448.031694,557.382893,363.499121,64.600939,314.240888,154.667158,140.458800,98.674347,98.001757,129.358184,205.252139,483.129203
2012-01-30 14:00:00,25.749465,159.599448,546.656955,67.635413,98.868156,376.245751,440.686191,221.225913,37.087865,225.304129,37.535776,331.006259,509.728852,22.150440,130.056430,46.007559,416.282948,367.855530,472.227890,352.039869,52.344192,281.636149,125.676728,121.777239,81.747670,90.726203,116.836049,192.640668,414.272126
2012-01-30 15:00:00,30.473753,118.117004,422.865487,51.328934,73.517669,320.395683,385.345847,172.547397,27.822381,177.252226,26.898794,297.533899,382.281003,13.598201,88.464282,34.865876,321.532122,279.002922,341.629645,236.347699,36.521249,213.355650,74.663391,77.682753,51.583534,71.124682,98.629795,182.430049,315.438424
2012-01-30 16:00:00,27.512878,5.333573,153.292912,30.130745,13.506056,170.061068,277.855989,115.919271,3.937803,57.153129,13.534689,139.137464,105.613064,0.599823,13.013320,7.696107,123.375420,182.080210,236.013346,223.864342,18.170343,60.609968,31.012251,30.377810,29.714817,15.549476,60.739221,135.820748,134.664603
2012-01-30 17:00:00,26.147686,7.843489,145.900063,5.333725,35.630763,154.884303,74.510892,22.054596,7.273354,61.120639,6.221820,96.145551,87.730374,0.520899,14.820725,11.756258,85.141431,25.113524,119.515021,221.531940,18.552167,64.541425,25.225276,33.408543,25.792770,27.594844,55.957329,143.686124,230.853605
2012-01-30 18:00:00,34.639315,8.784708,123.504077,8.195724,28.693800,172.093671,83.129689,18.356819,3.196570,68.319292,4.458971,93.956872,76.790375,0.363051,11.145667,5.635732,55.403883,25.113524,119.304607,139.687529,18.574628,70.930043,15.580317,24.457309,20.904702,20.093865,46.715404,160.239166,232.739664
2012-01-30 19:00:00,26.735568,4.183194,131.331800,6.721361,32.635256,182.934217,87.300075,13.866662,1.853084,60.713168,4.493536,102.711588,66.902300,0.931304,7.289869,3.151162,51.332671,17.815577,140.135571,138.887486,20.753272,40.625059,10.832030,18.113915,14.026630,9.417288,41.703613,148.155088,239.718082
2012-01-30 20:00:00,17.414372,2.509917,174.166841,5.637270,28.588694,188.218983,74.232866,11.489520,2.084719,56.502635,5.599638,106.619944,54.910378,1.846823,4.819748,2.120974,69.387611,14.595894,126.248262,73.923984,15.789557,26.701148,6.677279,12.757271,7.457685,6.022684,31.863952,147.297047,242.924382
2012-01-30 21:00:00,9.386516,6.379371,212.218273,4.856725,16.711774,171.280630,60.887632,10.697139,1.389813,60.034050,9.090770,107.557949,46.074225,2.351937,5.482463,7.029515,88.150587,13.093376,97.000748,57.043074,10.241875,19.821098,4.674095,8.951234,4.501660,5.201409,30.990337,115.621031,203.882963
2012-01-30 22:00:00,7.080712,9.098447,227.873719,9.930268,9.617153,193.503749,54.215014,11.357456,1.065523,48.896511,13.584306,111.935308,52.806532,4.719658,7.530856,6.817418,72.396767,13.308021,67.963648,51.202760,8.422594,19.493476,5.935359,11.065699,2.859423,5.091906,21.380574,122.413856,122.405220
2012-01-30 23:00:00,5.140702,15.896138,269.186703,15.263993,7.830359,263.967299,49.766603,11.225393,0.880215,38.438091,21.603540,141.482477,42.287303,4.372392,11.808383,8.150602,55.049865,13.093376,51.340960,40.162165,10.152034,31.287848,7.048239,26.642256,2.588937,8.979275,24.277296,123.986932,86.004284
2012-01-31 00:00:00,2.939410,23.216728,243.964039,12.055086,5.150169,284.835351,57.829349,9.640632,1.343486,40.747092,31.731280,155.865226,34.923842,3.946202,8.193572,13.604536,67.263500,14.381249,67.542820,36.641975,10.196954,41.280302,6.306319,19.594040,3.265152,12.428630,30.806418,120.805029,81.666349
2012-01-31 01:00:00,2.168631,20.393072,231.787581,9.323178,4.099114,209.764569,66.170120,9.112378,1.111850,31.103614,29.484511,99.584904,29.874612,5.761456,7.892337,21.724838,47.969496,17.171640,82.903025,40.162165,12.330678,43.901274,6.083743,10.431359,4.269814,6.843959,28.921249,118.159403,116.181226
2012-01-31 02:00:00,2.906750,15.791558,332.460799,10.450632,10.720760,174.261780,71.452609,8.319997,0.579089,31.103614,24.645318,76.447438,42.497687,5.445759,8.494806,23.542817,56.996966,15.669122,56.811718,28.001509,16.351063,45.703192,6.380511,5.427126,4.347096,4.161127,30.162702,148.870122,197.658969
2012-01-31 03:00:00,3.337863,17.464836,452.268451,10.190450,19.707280,160.169070,69.506429,10.433012,1.111850,33.276792,26.615561,71.913745,53.858455,8.760569,5.120982,22.300532,71.688731,12.020148,42.924409,39.522130,17.968201,47.996542,7.493391,6.413876,3.941367,5.091906,17.288378,129.027923,279.325318
2012-01-31 04:00:00,9.321196,22.902988,534.676981,8.455905,20.548124,136.726389,76.179046,10.565076,1.297159,42.241153,30.832572,87.234500,58.697301,10.339050,6.566907,35.480873,81.424237,10.302984,43.345237,26.481427,19.023833,47.505110,7.567583,11.841003,3.593599,9.417288,12.414527,109.865006,294.413789
2012-01-31 05:00:00,12.423907,23.739627,579.034079,6.244361,18.971542,170.467589,94.250717,8.980314,1.459303,28.794612,33.217603,112.091642,58.276532,10.859949,3.614811,45.722150,108.860665,11.376212,44.186892,16.880910,18.529707,52.910864,7.122431,17.409093,3.477677,12.483382,9.563783,80.977624,248.771164
2012-01-31 06:00:00,14.938735,34.302193,637.524566,3.078817,16.133693,215.320348,98.421103,8.187934,1.992065,23.090019,35.360674,166.808622,50.492302,8.302810,5.181229,40.480313,148.864747,12.449439,41.872340,14.960806,14.239799,55.859457,7.048239,25.937434,2.762821,16.699261,23.909459,73.898785,240.472505
2012-01-31 07:00:00,17.925497,39.844925,607.921759,2.428363,11.998016,281.077344,82.573637,6.867299,2.431461,19.966075,40.407261,240.458982,66.035510,10.054924,7.691332,45.256089,223.108809,11.805503,39.557789,15.635773,9.594587,55.531835,7.966552,18.325361,3.579402,14.892456,53.040572,80.823290,293.705694
2012-01-31 08:00:00,22.889428,68.833324,643.452111,13.523007,29.401302,350.693061,141.045610,51.015660,11.370167,76.238010,48.249480,300.664801,184.606833,15.241605,33.304443,60.545079,322.052888,90.482146,98.825765,39.107418,14.480876,105.734968,22.475099,33.289959,8.659165,26.561632,58.455766,121.480769,355.135149
2012-01-31 09:00:00,27.550812,120.609404,731.299903,35.922734,64.261344,363.630307,271.765274,132.731050,25.283232,158.060051,57.811170,378.758344,303.312493,23.270103,71.465926,81.314879,443.877109,222.641472,191.978483,74.839577,27.061423,186.908161,61.039144,73.684058,19.549173,60.932197,66.016493,164.097730,480.973977
2012-01-31 10:00:00,29.296617,167.042060,878.024803,55.517430,93.708818,480.247242,381.886443,206.272791,34.719639,224.205313,61.711172,506.781676,376.755073,33.576868,102.268127,88.108976,538.255511,345.204061,263.902873,100.151200,47.916544,278.540205,113.042035,104.007865,28.265060,89.148988,90.402216,209.112925,527.020801
2012-01-31 11:00:00,43.689571,191.979577,1027.084908,69.556629,124.570704,720.737176,455.513202,248.899703,42.183620,259.421455,77.884953,663.151356,491.405429,44.505167,110.721396,121.397471,565.008363,408.700488,297.684789,112.474161,66.579571,321.171235,137.062636,118.642727,39.530541,98.372640,115.946694,257.517847,773.575685
2012-01-31 12:00:00,48.372940,219.987347,1074.203286,76.142171,127.941708,765.437464,491.731104,281.821195,45.662840,313.889485,101.746181,685.492370,711.412803,34.324295,120.631898,162.322255,770.833884,460.775766,310.381441,118.422626,79.553994,322.462288,136.414168,138.557060,62.565196,115.957938,116.412281,296.816087,823.611788
2012-01-31 13:00:00,60.647344,240.237524,1034.689731,76.926367,136.213906,804.904741,506.030474,289.842874,46.968533,394.609958,106.140812,564.216347,810.491171,58.669968,140.468751,224.167553,950.587664,459.830906,311.892057,115.129707,79.854347,328.173257,127.073122,139.009071,90.169947,123.352165,100.183739,286.365386,796.048081
2012-01-31 14:00:00,54.714171,250.114445,996.825993,80.374480,130.985989,815.988601,527.470899,268.828472,42.728132,427.591027,95.588684,472.079592,845.691754,68.826308,170.768207,241.143975,980.156227,444.334935,329.183969,103.909656,91.689879,288.729735,106.453029,108.587534,99.202171,101.315628,102.679610,295.037733,810.311053
2012-01-31 15:00:00,59.691713,242.780644,1001.965265,81.582770,116.103217,859.931794,511.016983,225.452678,37.782819,449.313141,98.115614,515.713325,878.616863,83.894886,220.352961,214.849324,965.867761,409.502144,350.773841,82.851694,95.253018,191.856319,95.379989,70.956847,104.033329,60.554285,89.981545,302.005375,752.580799
2012-01-31 16:00:00,54.385619,127.378265,955.851976,63.925429,58.018233,794.747542,415.881313,166.662139,14.616198,355.942678,106.137440,464.781662,687.536841,60.787302,187.488196,200.038192,744.677752,394.968406,362.864347,61.576784,97.410109,34.400252,64.695413,4.087965,103.692733,2.354322,85.108477,290.160882,485.282946
2012-01-31 17:00:00,52.210455,93.285232,845.611541,35.297985,34.579708,700.570297,190.447615,98.651394,4.980163,268.659163,100.931739,451.180584,522.805707,74.472732,145.014167,162.769640,632.807930,198.117799,234.611353,14.880802,106.326829,24.735419,83.391794,5.638573,51.913988,3.996872,136.099995,296.917955,284.417677
2012-01-31 18:00:00,51.080415,58.146400,569.249425,36.598893,25.908504,654.226962,164.313198,117.932658,4.007294,278.302642,91.529878,465.876002,344.820344,24.071835,111.396425,126.925172,656.704174,79.204190,127.510744,11.200604,113.019984,21.786826,114.997580,4.017483,42.176493,3.339852,111.133003,294.486839,175.403474
2012-01-31 19:00:00,33.234930,41.727363,442.483797,37.509529,25.488082,768.323710,184.053023,83.728225,3.474532,276.129463,98.754102,487.606460,217.748051,6.392848,99.467549,85.051076,564.836393,68.471915,104.996471,8.560461,84.562846,12.941047,116.778188,3.453626,26.797433,1.752054,72.556011,255.731984,107.128143
2012-01-31 20:00:00,11.411443,28.236561,443.788417,40.024619,19.707280,853.964025,182.106843,45.826016,1.343486,193.684513,108.155963,524.345003,144.323829,4.830152,72.958935,41.692298,504.653261,78.774899,97.000748,12.880694,84.023800,9.664833,100.307567,4.299412,23.184513,1.861557,90.901922,263.561609,57.902007
2012-01-31 21:00:00,2.580149,35.870891,358.335773,35.037803,11.824368,766.020094,188.223409,38.298399,1.806757,144.788002,114.965398,591.256053,83.522682,3.914633,65.729313,35.480873,516.689887,77.487026,75.748957,20.721117,56.509992,11.302940,50.598935,2.678322,22.237812,2.080564,106.443070,225.021265,44.888201
2012-01-31 22:00:00,1.430513,43.505220,307.673009,25.237625,13.453503,699.486242,146.241526,40.543478,2.154210,95.891491,104.492002,482.916433,86.468067,8.050253,45.908099,36.541360,484.828229,96.161185,63.965786,17.840962,41.641306,14.579154,29.602603,3.030733,21.252470,2.135315,90.488105,228.846698,64.126001
2012-01-31 23:00:00,1.130040,51.244129,308.542756,28.099624,11.088630,694.879010,97.030975,43.316810,2.084719,93.446665,112.684065,481.040422,117.604986,21.072721,27.412317,46.843236,460.400958,113.547471,61.651234,11.840638,26.323414,14.087722,15.654509,4.369894,13.389056,2.628080,52.049052,247.473339,57.336189
2012-02-01 00:00:00,2.279676,60.237997,257.445118,24.326989,8.408440,661.408824,85.631920,46.222206,3.034425,97.521375,124.609219,411.940693,135.698061,25.334619,29.942684,84.020888,506.423353,109.039915,80.588474,14.880802,14.329640,32.925955,10.238494,4.581340,5.641565,3.832617,38.576992,242.110583,46.774260
2012-02-01 01:00:00,3.755913,54.486105,227.873719,15.394084,9.354389,550.293225,68.950377,38.826653,2.084719,83.395716,106.842467,317.358484,163.048058,17.852620,35.666135,126.319179,624.488497,95.731894,88.163369,15.120815,13.431230,87.638737,12.019102,9.303645,2.530976,8.541261,35.956147,227.416630,80.157502
2012-02-01 02:00:00,6.166229,39.322026,230.482961,14.526812,11.509052,425.220424,80.071406,45.561889,1.366649,56.095164,103.040244,242.474389,147.900367,29.533379,25.484417,99.716099,662.368468,102.815196,82.903025,9.600517,10.780921,94.518787,12.686830,34.042883,0.927381,32.193985,28.323512,180.188620,103.733238
2012-02-01 03:00:00,3.357460,47.897574,317.892536,16.348084,12.087132,347.032984,119.273032,55.070457,1.158177,43.871036,93.327293,169.622638,102.457296,28.491581,16.146156,50.388293,583.422360,111.830307,97.421575,4.720254,6.176569,114.176074,12.761022,31.012150,1.449032,60.500601,14.897432,134.247673,158.806156
2012-02-01 04:00:00,3.559952,50.512070,369.425047,16.434811,8.460992,327.791015,113.156466,51.372681,1.412976,42.920271,73.486602,170.560644,109.189602,55.025846,11.085420,21.452142,430.840420,178.585058,159.493637,4.240229,5.996887,77.810094,10.683646,22.695255,1.294469,36.300361,15.771047,92.990199,218.782828
2012-02-01 05:00:00,2.632405,56.682282,342.897763,14.049812,11.246288,244.860837,94.250717,44.637445,1.760430,36.808207,58.104881,132.727760,97.828835,62.807757,6.205426,26.087986,387.650173,204.557164,188.530738,9.600517,4.604351,97.958812,6.232127,32.210346,2.221849,16.096993,14.391655,72.361462,285.737918
2012-02-01 06:00:00,1.221488,58.564719,355.509095,8.802814,12.717765,131.983650,105.371746,34.864750,2.964934,39.117209,35.637200,77.541777,75.738453,68.127238,13.615788,22.936824,369.064205,172.145693,165.174809,9.360505,5.547682,104.838863,7.048239,61.178513,2.260490,30.222925,13.564020,60.170129,335.907084
2012-02-01 07:00:00,1.687960,39.740345,506.914420,7.415179,15.940499,88.439679,122.887366,30.374593,2.937972,44.166095,32.007805,63.470605,145.817810,89.973415,17.101697,39.566757,563.445148,109.039915,117.831711,7.581348,13.648607,103.364566,9.178838,69.142997,9.876635,39.366454,21.733126,82.601745,368.270959
2012-02-01 08:00:00,4.029168,60.745499,555.795964,12.059636,33.003788,136.935552,197.293726,70.348901,13.026271,101.183686,30.822880,132.299541,253.900735,67.246296,47.180432,89.008172,712.588200,181.359127,150.370430,28.625695,12.383593,131.673301,23.067082,82.606270,9.220657,32.633642,27.362120,131.590220,379.576260
2012-02-01 09:00:00,9.566705,132.574566,599.383616,25.204664,65.578059,224.340030,296.448580,155.644381,27.264338,171.366597,27.991180,212.000537,331.676829,56.970308,99.034304,113.146453,824.547091,285.722684,226.585254,63.103451,15.064545,149.065589,44.379392,151.952846,8.444834,42.932955,34.332290,140.488604,439.922383
2012-02-01 10:00:00,21.212102,192.275799,662.086583,35.188552,83.383431,317.789810,394.381076,227.287191,35.661666,267.108143,30.874230,278.218062,383.148827,48.962893,123.760277,154.248365,887.500738,352.104771,270.303577,91.715470,19.065213,218.928181,62.351353,176.703990,8.709401,94.532341,27.541529,134.023282,447.314606
2012-02-01 11:00:00,21.775005,192.555604,632.336138,51.617363,103.427849,372.336461,502.475216,260.127031,41.856582,344.360044,35.268403,365.904269,462.645137,67.033019,114.931906,135.063178,968.463618,462.923417,317.743391,104.986839,24.857357,257.239435,78.448944,152.527283,16.627622,123.195361,34.689813,154.903778,504.083661
2012-02-01 12:00:00,19.555653,200.256345,470.501284,77.342895,119.686891,355.974386,674.951829,276.594597,44.150727,381.460087,44.038710,345.877362,540.593583,69.288022,137.724766,161.789634,1094.825838,598.840606,463.656549,113.505927,30.288897,277.418677,69.029719,196.865184,44.502025,154.855775,50.467922,169.168535,574.712819
2012-02-01 13:00:00,22.361688,183.024824,436.842286,98.702818,120.491650,369.633301,810.736900,276.700394,42.081962,418.993287,50.687858,268.845551,562.140898,38.547805,171.326111,181.921278,1226.640014,767.393794,744.849260,121.067523,18.852067,259.428530,53.915003,255.071838,127.993587,179.339669,39.314764,201.295950,665.607698
2012-02-01 14:00:00,19.426782,173.798952,439.265344,151.058293,113.765666,415.592557,804.270049,248.016175,38.462451,352.656565,150.331029,217.808572,534.420631,19.909844,178.820221,206.595963,1142.978515,878.701639,799.341939,137.713072,17.485597,247.848491,44.685529,219.614785,152.818784,131.233463,44.329561,232.623754,694.318300
2012-02-01 15:00:00,16.555276,111.772514,609.572945,126.464479,106.005643,344.148038,861.793571,218.413132,31.719045,340.571387,202.303047,151.461632,563.408627,8.024345,175.594933,190.617525,1091.579135,834.529746,814.164199,150.748592,17.469735,197.207196,21.177593,113.452914,163.671956,74.017465,87.589417,287.921696,780.549879
2012-02-01 16:00:00,11.920941,61.094049,762.115827,176.560357,94.227076,379.419116,953.612715,124.961974,10.956358,276.280833,196.174123,137.730456,393.208799,14.158974,75.730290,161.800052,742.553641,710.002245,860.784357,167.069510,15.654795,178.389878,8.680463,79.926768,140.729992,41.228011,85.798172,308.537261,565.817659
2012-02-01 17:00:00,7.328929,84.395944,805.603178,182.213921,110.255664,385.110403,587.190311,87.558065,22.144351,174.125909,222.948533,160.398919,325.464961,25.303050,43.618719,145.317050,509.609519,408.041100,528.769803,131.607093,17.182092,260.459050,9.867534,225.120014,151.781276,30.989448,71.774355,288.480551,421.722762
2012-02-01 18:00:00,3.004730,84.918843,1031.302530,137.549395,67.057305,404.352372,477.092127,131.271066,22.584459,145.738767,216.795845,291.250668,258.983431,26.044936,37.895268,102.746063,381.808869,379.278603,313.937344,80.084316,24.436753,369.884613,19.067341,291.373243,140.691351,119.358652,78.763274,250.941255,364.763784
2012-02-01 19:00:00,6.643067,75.402076,933.455990,91.583960,47.034709,582.272836,417.594624,70.918071,18.438184,119.388981,215.240390,309.229105,217.958436,35.515822,65.006351,53.903051,388.535219,383.356867,345.920237,81.444390,21.516921,490.940737,24.334972,301.945567,143.550774,248.463102,79.912767,294.915859,420.402521
2012-02-01 20:00:00,7.113372,91.925693,1118.929542,98.218594,50.345532,688.239175,390.070078,55.070457,16.747245,83.667363,204.628731,360.819400,204.283437,26.029151,81.453741,28.784653,477.393843,490.894264,382.953061,78.404226,25.267783,668.347751,29.009067,341.415575,130.799292,272.718094,135.548238,326.270109,543.184953
2012-02-01 21:00:00,7.439974,170.151426,1085.226845,90.586597,61.013739,807.485183,420.652907,102.481234,16.144992,59.898226,174.625735,465.719668,192.712285,21.293708,77.778683,14.513525,504.299243,578.254983,426.087883,76.484122,24.032469,709.136621,19.883453,390.189229,133.562113,330.645367,168.193845,324.089255,574.870742
2012-02-01 22:00:00,13.521286,257.475605,1014.559900,50.475251,88.498826,833.909015,564.114176,142.364395,6.949064,60.169873,152.123487,490.576810,201.969207,31.348632,103.986062,8.938392,482.173091,710.905904,476.797602,96.885222,19.989624,728.630097,16.989965,357.274061,137.387558,317.121703,173.481514,324.125006,464.913510
2012-02-01 23:00:00,9.007659,503.133687,1065.440100,50.995614,90.338172,1008.848329,501.002339,279.842443,14.060273,135.551994,131.971705,660.199448,194.395362,25.381974,81.453741,9.968580,488.014395,663.469248,504.993047,111.766024,21.943665,937.488769,15.728701,332.534823,155.915848,397.661417,159.273778,326.305861,482.831069
2012-02-02 00:00:00,7.668594,560.966348,959.983274,61.359519,173.686829,1050.313418,515.459676,568.136946,7.898770,391.036264,173.865290,724.921819,151.897674,20.172987,85.430033,15.180117,519.699044,609.163936,484.162084,125.206748,0.000000,1018.575077,0.000000,321.328160,163.257610,448.361468,166.722494,0.000000,698.218991
2012-02-02 01:00:00,7.002328,542.351133,618.118977,77.404057,246.367279,985.812168,441.504836,843.489232,37.108003,665.128373,169.371754,799.649580,180.720363,35.121201,66.211288,32.329711,616.169064,597.787724,579.058694,100.885437,0.000000,1071.813562,0.000000,274.175596,0.000000,390.598451,155.089623,0.000000,789.692846
2012-02-02 02:00:00,5.513027,348.564660,0.000000,109.406407,265.759243,943.669545,426.769473,861.978115,101.178374,805.705842,134.494999,904.080845,411.091490,39.335746,112.962843,42.873984,521.646145,677.635851,578.006625,77.764191,0.000000,969.923292,0.000000,118.903401,0.000000,281.149852,178.309385,0.000000,119.657627
2012-02-02 03:00:00,3.657933,255.384008,0.000000,98.565503,243.319220,868.598762,480.150410,801.493056,0.000000,816.164262,144.691870,969.272219,0.000000,30.070062,209.478296,39.025930,0.000000,763.708698,633.976688,115.686235,0.000000,981.881475,0.000000,113.476275,0.000000,221.306271,183.459115,0.000000,0.000000
2012-02-02 04:00:00,7.283205,216.271142,0.000000,76.146513,235.436307,881.200897,605.818033,779.570524,0.000000,875.790841,140.060071,1023.520196,0.000000,24.182328,51.225392,21.906636,0.000000,780.880338,700.257025,128.486925,0.000000,946.662169,0.000000,140.259495,0.000000,251.857706,142.445197,0.000000,0.000000
2012-02-02 05:00:00,13.919740,229.971103,0.000000,60.275428,267.230720,977.952772,723.978962,788.550838,0.000000,991.648407,178.877311,1197.520193,0.000000,31.269708,0.000000,16.967796,0.000000,641.575407,766.116535,162.088736,0.000000,1054.122004,0.000000,175.782503,0.000000,276.714966,109.799590,0.000000,0.000000
2012-02-02 06:00:00,2.965538,337.583775,0.000000,48.610615,257.876331,976.326690,844.364097,864.883510,21.604013,972.768921,209.917277,1291.164396,906.967969,39.982923,253.699484,21.967236,258.964476,558.936888,866.063076,215.531617,34.880770,1153.391302,0.000000,276.571990,0.000000,384.192505,105.523476,0.000000,568.757379
2012-02-02 07:00:00,2.163280,566.509080,1096.575113,34.430712,269.650126,1027.019450,941.395072,893.673342,0.000000,933.723937,218.662390,1245.174934,906.859621,55.530960,248.521702,43.049037,516.653943,439.808634,964.352852,297.984199,39.225254,1289.219427,27.716118,328.940233,0.000000,433.359509,107.678039,0.000000,742.516895
2012-02-02 08:00:00,4.008620,547.871973,980.340629,81.363821,0.000000,1081.569534,916.803414,905.680243,0.000000,961.208179,232.692578,1234.114895,939.651290,68.760437,150.295627,53.614285,545.182446,495.812388,918.029432,257.577612,57.834773,1446.518651,68.672271,332.856249,0.000000,468.324510,123.082412,0.000000,1017.927166
2012-02-02 09:00:00,4.982114,508.583447,707.092241,103.050862,0.000000,1210.305633,1034.799693,989.096791,0.000000,137.899753,225.110779,1374.926676,1261.136278,51.604828,0.000000,70.331989,507.506175,511.124120,840.282281,242.723390,65.060393,1460.288933,113.072062,342.170176,0.000000,466.090353,132.554825,0.000000,1075.963693
2012-02-02 10:00:00,6.499358,409.998287,0.000000,119.531734,0.000000,1248.941288,1187.149628,0.000000,0.000000,0.000000,233.694984,1481.806973,1545.285119,47.378200,0.000000,66.400713,640.695548,549.354094,810.420339,213.616027,73.438946,1474.991438,147.039569,453.471147,0.000000,434.550294,158.636349,0.000000,1348.367326
2012-02-02 11:00:00,9.663400,0.000000,824.166567,140.932392,0.000000,1309.081192,1124.935321,0.000000,0.000000,0.000000,289.442585,1520.071933,0.000000,49.188188,0.000000,79.790764,831.951103,488.499029,754.425445,221.819856,82.814699,1496.452474,171.273583,665.555897,0.000000,469.243562,194.658056,0.000000,1471.560800
2012-02-02 12:00:00,7.467629,0.000000,1176.306684,156.381537,0.000000,1201.091378,1136.632699,0.000000,0.000000,0.000000,260.521193,1547.275409,0.000000,74.588227,0.000000,116.053275,1223.743391,476.863088,636.735706,176.384865,76.912261,1599.406998,179.556215,718.036480,0.000000,573.348428,200.559679,0.000000,1592.257644
2012-02-02 13:00:00,7.748036,0.000000,552.913647,136.898382,0.000000,1155.616812,188.916013,0.000000,0.000000,0.000000,243.675090,1495.840407,0.000000,70.600871,0.000000,123.491106,1257.345370,0.000000,600.207261,253.263848,67.753603,1670.639172,165.361107,696.452511,0.000000,573.193037,195.028905,0.000000,1839.041666
2012-02-02 14:00:00,6.679360,0.000000,0.000000,187.916825,0.000000,1157.588858,200.469136,0.000000,0.000000,0.000000,220.662135,1553.715893,0.000000,50.366805,0.000000,145.100919,1285.718596,0.000000,640.283662,208.298599,65.837741,1697.780079,142.688231,654.742320,0.000000,572.387426,232.083228,0.000000,1587.352591
2012-02-02 15:00:00,5.777608,0.000000,0.000000,229.350049,0.000000,1181.751382,1436.320698,0.000000,0.000000,0.000000,191.761062,1517.821292,0.000000,53.115499,0.000000,157.702627,1327.346018,483.137835,727.553089,175.226721,56.118798,1632.394559,117.116845,604.945616,0.000000,540.268939,238.830881,0.000000,1196.046538
2012-02-02 16:00:00,2.671597,0.000000,870.914915,230.332436,0.000000,1114.679161,1417.440933,0.000000,0.000000,0.000000,181.289452,1397.002669,0.000000,42.587416,0.000000,145.862444,1098.873183,486.560323,779.586723,180.027019,37.531080,1518.853026,62.543845,532.633671,0.000000,495.831171,203.460296,0.000000,1603.904458
2012-02-02 17:00:00,4.023726,728.818951,787.583657,163.871111,0.000000,1144.490663,1103.484064,0.000000,0.000000,0.000000,167.919996,1399.660350,0.000000,44.891999,0.000000,163.254434,1017.802964,498.621502,685.738475,196.570595,45.639230,1554.891385,80.720882,543.205995,0.000000,512.858942,169.435298,0.000000,1638.796547
2012-02-02 18:00:00,5.356258,804.846572,1723.371634,108.452408,0.000000,1123.893625,682.831157,457.335715,0.000000,0.000000,161.801873,1441.714258,1205.714088,60.803087,0.000000,174.222902,888.409231,625.047703,566.854695,170.729202,37.867984,1560.297138,73.672643,539.893333,0.000000,516.198794,119.271414,0.000000,1630.120676
2012-02-02 19:00:00,6.453638,834.338091,1048.805772,80.699692,497.516858,1137.308801,512.123367,465.259522,132.217527,898.880860,151.605002,1419.671132,1208.869856,64.386238,234.179504,168.253874,1042.938272,680.855534,546.654973,214.491560,36.542829,1524.422590,0.000000,490.978715,0.000000,511.763908,93.522767,0.000000,1513.373632
2012-02-02 20:00:00,8.380585,795.329805,0.000000,54.334613,492.787110,1067.522785,468.195304,583.192179,172.522100,885.570143,147.076900,1413.417763,1406.210602,65.270188,210.321752,138.348134,705.558716,541.979894,603.045864,201.210845,0.000000,1518.853026,0.000000,454.468957,0.000000,504.043922,88.832834,0.000000,1530.536768
2012-02-02 21:00:00,7.635934,839.567084,0.000000,29.227078,488.950760,1022.534518,448.455479,733.348318,0.000000,984.993049,152.227184,1366.048491,1602.920194,59.050973,319.007069,145.650346,720.781508,437.447534,653.124341,138.887486,0.000000,1513.119650,0.000000,449.112313,0.000000,502.565627,78.763274,0.000000,1585.609687
2012-02-02 22:00:00,4.814101,750.255887,948.142618,14.786994,0.000000,948.547790,398.132824,710.105151,0.000000,1062.140877,140.025505,1365.110486,1654.347351,53.052745,0.000000,151.376977,857.255610,309.089523,618.406069,225.292143,35.329975,1475.443184,0.000000,423.527290,0.000000,495.009895,73.705504,0.000000,1540.532880
2012-02-02 23:00:00,4.774908,619.008168,0.000000,36.598893,0.000000,926.460178,273.021252,685.805477,0.000000,968.558388,127.892957,1349.633397,208.186064,45.397112,423.475106,128.470453,990.366537,216.791957,529.611458,233.612591,33.331013,1416.798945,0.000000,448.830385,0.000000,500.539815,79.085132,0.000000,1511.676179
2012-02-03 00:00:00,8.870486,714.489576,0.000000,42.713163,0.000000,1005.054137,158.752683,676.825163,0.000000,992.734996,126.925118,1317.428546,0.000000,42.145442,466.732344,76.839875,1236.763359,190.175915,445.866778,251.933578,0.000000,1405.659816,0.000000,0.000000,0.000000,526.656364,84.280841,0.000000,0.000000
2012-02-03 01:00:00,11.822961,871.150200,0.000000,55.939067,0.000000,1024.838134,120.107109,765.175608,0.000000,0.000000,95.954283,1226.754693,0.000000,39.777720,0.000000,68.658973,1421.737984,220.870222,474.272637,328.577709,0.000000,1277.887452,0.000000,287.778653,0.000000,491.451037,86.211990,0.000000,0.000000
2012-02-03 02:00:00,15.160824,685.520956,0.000000,54.985067,0.000000,1141.780526,121.219212,870.694302,0.000000,798.394993,76.770340,1232.695394,0.000000,20.409759,0.000000,43.510276,0.000000,157.120508,430.085745,281.935195,0.000000,1179.273396,0.000000,261.277361,0.000000,381.947686,85.154456,0.000000,0.000000
2012-02-03 03:00:00,14.220213,613.988335,0.000000,52.079705,0.000000,1061.018457,151.524015,776.136874,0.000000,456.991514,88.902888,1182.355772,0.000000,17.379075,0.000000,41.752897,0.000000,121.489354,425.456642,278.014984,0.000000,1242.504335,0.000000,320.693821,0.000000,438.013402,77.843680,0.000000,0.000000
2012-02-03 04:00:00,19.752836,722.855965,0.000000,49.781433,413.117146,1002.208494,154.860323,566.684249,0.000000,827.437625,70.479389,1180.636096,0.000000,25.776594,0.000000,46.903835,0.000000,115.693926,370.328234,286.975467,0.000000,1204.664058,0.000000,345.151130,0.000000,400.015739,84.188882,0.000000,0.000000
2012-02-03 05:00:00,21.340117,625.073799,0.000000,70.856151,444.648794,931.880451,165.425301,541.063940,0.000000,860.171122,50.638698,1092.463591,0.000000,33.716353,318.826328,37.238252,484.627584,141.022095,377.061475,284.015308,0.000000,1140.941687,0.000000,295.884101,0.000000,326.210481,79.406990,0.000000,0.000000
2012-02-03 06:00:00,27.062169,597.673877,1196.377879,63.484336,439.551178,895.429114,189.057486,618.717246,121.515969,974.534628,69.960904,1139.520194,1434.612522,45.160340,318.284106,50.842788,826.633016,118.913608,345.920237,236.492746,65.359331,1062.640161,0.000000,232.168230,0.000000,299.655918,86.120031,0.000000,1282.520028
2012-02-03 07:00:00,29.561941,713.652937,1770.732557,54.594795,467.897976,963.996427,151.524015,758.968626,163.995587,1087.527103,68.681974,1264.115323,1603.344488,39.698796,414.041450,66.989259,991.083592,104.961651,391.322387,233.987699,70.411697,1088.857079,55.197441,0.000000,0.000000,291.716925,78.857204,0.000000,1334.147500
2012-02-03 08:00:00,37.398777,596.066575,845.132193,66.718003,432.797364,1153.187467,214.709109,824.124384,118.025290,1119.756832,72.293578,1413.983748,1788.370476,35.806205,354.613084,109.595284,1185.750622,198.083503,352.043514,243.041011,106.362536,1163.353355,0.000000,228.910215,0.000000,276.818319,91.012540,0.000000,1465.179242
2012-02-03 09:00:00,46.956991,630.038829,0.000000,105.431729,532.044790,1246.286987,399.942155,973.076012,0.000000,1203.341547,90.354079,1544.851748,0.000000,43.536433,374.613737,121.199285,1423.167664,325.750702,377.693375,195.452876,0.000000,1333.780074,0.000000,306.909522,0.000000,328.565569,107.975364,0.000000,948.584590
2012-02-03 10:00:00,45.969762,791.940709,0.000000,122.098140,0.000000,1314.861275,465.224586,1069.535415,0.000000,1207.544593,106.218007,1632.149887,0.000000,53.688611,578.438921,141.980396,1565.281610,401.126930,420.354325,206.087152,0.000000,1430.603077,0.000000,372.830409,0.000000,449.389259,112.101389,0.000000,0.000000
2012-02-03 11:00:00,51.777632,856.623825,0.000000,131.202764,0.000000,1446.375480,547.806419,0.000000,0.000000,0.000000,110.435559,1733.900258,0.000000,54.344776,0.000000,142.947723,0.000000,471.761482,602.429609,332.964522,0.000000,1434.659938,0.000000,449.857326,0.000000,480.467464,118.065560,0.000000,0.000000
2012-02-03 12:00:00,56.541719,882.896577,0.000000,139.817000,0.000000,1489.760750,613.961921,0.000000,0.000000,0.000000,129.968971,1793.702519,0.000000,53.771941,0.000000,197.728787,0.000000,555.792427,713.170137,539.284162,0.000000,1472.500218,0.000000,585.471196,0.000000,542.222998,123.386832,0.000000,0.000000
2012-02-03 13:00:00,44.373956,1000.230869,0.000000,159.718288,0.000000,1502.606090,633.758263,0.000000,0.000000,0.000000,125.188777,1765.925106,0.000000,50.690400,0.000000,218.532689,0.000000,612.297518,0.000000,0.000000,0.000000,1514.673878,0.000000,615.850679,0.000000,531.421329,125.193368,0.000000,0.000000
2012-02-03 14:00:00,35.004101,967.101824,0.000000,162.559752,0.000000,1506.174046,646.880774,0.000000,0.000000,0.000000,117.042741,1763.423303,0.000000,41.885296,0.000000,160.016988,0.000000,724.932330,0.000000,478.395169,0.000000,1439.577689,0.000000,573.080993,0.000000,486.187199,143.350603,0.000000,0.000000
2012-02-03 15:00:00,27.711528,893.291943,0.000000,163.512837,0.000000,1471.095069,574.988487,0.000000,0.000000,0.000000,106.991717,1699.169251,0.000000,47.792207,0.000000,265.813417,0.000000,785.560917,952.701702,331.571242,0.000000,1394.413135,0.000000,533.140921,0.000000,488.814515,223.105263,0.000000,0.000000
2012-02-03 16:00:00,30.249796,834.628991,0.000000,141.700736,0.000000,1313.196662,514.614837,311.438934,0.000000,0.000000,102.587237,1537.547140,0.000000,36.020936,0.000000,199.341300,0.000000,783.186179,834.540492,377.799467,0.000000,1190.248715,0.000000,435.848536,0.000000,393.390786,241.761410,0.000000,0.000000
2012-02-03 17:00:00,32.568664,728.084957,0.000000,85.686508,0.000000,1295.038748,278.581767,713.274674,0.000000,1138.337940,75.318582,1501.746602,0.000000,36.368201,0.000000,249.578095,0.000000,374.771047,442.920985,163.848831,0.000000,1281.982720,0.000000,390.894050,0.000000,436.042341,208.334148,0.000000,1137.091893
2012-02-03 18:00:00,41.125613,680.187383,0.000000,75.192513,0.000000,1286.501817,255.505632,584.909004,0.000000,962.038853,62.287327,1447.185956,0.000000,46.438910,0.000000,260.031469,1679.994423,278.180571,384.215543,116.966304,0.000000,1241.849093,0.000000,360.234312,0.000000,396.237873,153.342393,0.000000,1166.904619
2012-02-03 19:00:00,57.991295,611.478418,0.000000,85.079418,0.000000,1265.498259,233.263575,432.771914,0.000000,906.215337,66.262378,1441.557924,0.000000,58.908909,333.285572,275.453984,1584.409449,388.508359,401.259059,166.168956,0.000000,1204.172626,0.000000,326.332393,0.000000,369.464304,178.953101,0.000000,1165.207166
2012-02-03 20:00:00,63.536982,591.503666,0.000000,80.092602,0.000000,1231.757059,299.155670,372.683046,0.000000,901.597333,76.908602,1315.239867,0.000000,57.898682,292.136974,279.392936,1408.285284,467.068613,487.528704,301.056226,0.000000,1266.748323,0.000000,287.849135,0.000000,335.025501,198.448506,0.000000,1294.213592
2012-02-03 21:00:00,63.667622,635.008886,0.000000,62.313518,281.244268,1237.448346,278.025715,422.735092,0.000000,952.259551,85.550018,1345.881376,0.000000,34.852860,379.494906,273.333009,0.000000,540.692021,639.026618,335.778097,0.000000,1315.236297,0.000000,285.664188,0.000000,349.808453,280.568300,0.000000,664.521855
2012-02-03 22:00:00,58.376684,585.960933,0.000000,38.767074,458.312508,1223.491143,231.873446,496.558558,0.000000,909.882575,71.170702,1425.142830,0.000000,21.293708,0.000000,271.999825,0.000000,675.489396,869.640110,322.337373,0.000000,1123.413940,0.000000,295.954583,0.000000,328.017286,345.307757,0.000000,419.148507
2012-02-03 23:00:00,53.562584,498.741333,0.000000,35.991803,452.216390,1288.127899,278.859792,516.896329,0.000000,1039.050858,62.460155,1437.493234,0.000000,15.990012,0.000000,0.000000,0.000000,762.635470,1108.249324,379.860473,0.000000,942.239280,0.000000,301.029299,0.000000,288.596080,406.138937,0.000000,0.000000
2012-02-04 00:00:00,57.429541,422.293459,0.000000,48.870797,452.216390,1309.537978,442.060887,572.759167,154.385042,926.181412,50.223910,109.134710,0.000000,13.054038,410.461786,0.000000,0.000000,683.645925,1193.466901,382.260603,0.000000,789.731497,0.000000,279.532240,0.000000,292.921462,414.645187,0.000000,0.000000
2012-02-04 01:00:00,56.711018,368.643992,0.000000,84.342236,441.443076,1268.479409,528.248859,634.036606,0.000000,877.284901,23.677480,471.302028,0.000000,2.162519,396.966492,0.000000,0.000000,502.699767,1178.317110,372.500077,0.000000,617.402616,0.000000,191.077131,0.000000,240.305102,385.861877,0.000000,0.000000
2012-02-04 02:00:00,55.803067,286.653385,0.000000,95.746868,402.869360,1240.293989,371.164330,583.852497,152.925739,778.676937,15.658246,0.000000,0.000000,0.726101,370.277138,0.000000,0.000000,508.280550,958.224307,364.259633,0.000000,549.912598,0.000000,132.224529,0.000000,152.866677,417.082113,0.000000,0.000000
2012-02-04 03:00:00,54.470535,272.744264,0.000000,116.908313,378.695096,1259.129438,347.532144,465.655712,133.769485,713.753237,9.470992,54.944810,0.000000,0.899734,416.064743,0.000000,0.000000,681.499470,1106.355601,377.460344,0.000000,537.135361,0.000000,145.898068,0.000000,115.416531,430.140355,0.000000,0.000000
2012-02-04 04:00:00,58.899246,228.611565,0.000000,215.430452,344.220494,1273.086642,353.092658,424.055726,0.000000,793.753362,4.942890,213.280979,0.000000,0.868165,359.553198,0.000000,0.000000,740.526983,1173.898421,439.623694,0.000000,455.557621,0.000000,83.380393,0.000000,80.977728,428.531065,0.000000,0.000000
2012-02-04 05:00:00,64.934835,177.994915,0.000000,247.476166,311.690344,1307.640882,387.845873,456.807461,113.756180,815.620968,6.394648,653.582414,0.000000,0.962873,330.273230,0.000000,0.000000,775.084909,1091.416223,439.223673,0.000000,418.864019,0.000000,55.258012,0.000000,77.254614,430.922011,0.000000,0.000000
2012-02-04 06:00:00,64.804194,161.680457,0.000000,188.328191,292.245827,1331.761098,475.423973,395.794149,99.255800,695.552869,5.737900,0.000000,0.000000,1.767899,302.439185,0.000000,949.734563,649.731936,990.628027,294.895894,0.000000,486.681659,0.000000,70.059265,0.000000,102.276129,403.288194,0.000000,0.000000
2012-02-04 07:00:00,64.138603,148.175717,0.000000,154.938206,351.800669,1332.188663,438.724579,380.210662,87.787743,640.152083,4.908324,1110.702547,0.000000,7.159838,277.643465,0.000000,0.000000,517.081015,977.804524,351.163717,0.000000,572.396506,0.000000,106.709988,0.000000,142.765127,344.415965,0.000000,0.000000
2012-02-04 08:00:00,68.441701,197.547409,0.000000,129.931801,300.344528,1409.793589,657.453869,441.688181,73.492182,752.683156,11.649307,1212.142945,0.000000,23.037539,214.166411,0.000000,0.000000,510.907529,975.598713,359.597560,0.000000,737.120138,0.000000,128.705095,0.000000,166.820217,278.912482,0.000000,0.000000
2012-02-04 09:00:00,71.820589,217.624189,0.000000,111.817708,310.894871,1468.879821,898.017286,498.634533,0.000000,961.843984,25.629631,1729.924277,0.000000,37.237985,256.864444,0.000000,0.000000,732.053369,1048.563170,316.875320,0.000000,909.587570,0.000000,158.272486,0.000000,160.144258,249.720475,0.000000,0.000000
2012-02-04 10:00:00,73.253819,322.896258,0.000000,107.374146,0.000000,1542.647929,1113.529285,579.703061,0.000000,1216.069834,29.165351,1769.914779,0.000000,49.594771,0.000000,316.070280,0.000000,693.878980,1396.504041,536.032291,0.000000,1237.976632,0.000000,176.814509,0.000000,174.451448,235.348179,0.000000,0.000000
2012-02-04 11:00:00,76.489007,512.429404,0.000000,113.554655,0.000000,1592.044997,1361.444510,640.461556,0.000000,0.000000,43.397940,1761.453836,0.000000,55.968871,0.000000,345.377175,0.000000,787.369608,1685.786119,743.861974,0.000000,1538.588286,0.000000,150.675367,0.000000,228.148742,257.619750,0.000000,0.000000
2012-02-04 12:00:00,77.076520,551.449805,0.000000,129.650239,0.000000,1597.374431,1224.845444,0.000000,0.000000,0.000000,56.217332,1798.801285,0.000000,60.368691,0.000000,347.315971,0.000000,916.400017,1617.930624,0.000000,0.000000,1545.424441,0.000000,219.522665,0.000000,252.721852,286.215437,0.000000,0.000000
2012-02-04 13:00:00,75.891944,569.681948,0.000000,138.967673,0.000000,1551.753300,1284.678747,0.000000,0.000000,0.000000,55.258499,1670.987210,0.000000,71.972377,0.000000,351.474337,0.000000,1043.881919,1747.863497,0.000000,0.000000,1505.035439,0.000000,373.250548,0.000000,265.729138,291.226063,0.000000,0.000000
2012-02-04 14:00:00,73.927278,407.691618,0.000000,112.618717,0.000000,1483.098586,1140.449503,0.000000,0.000000,0.000000,44.697218,1549.973573,0.000000,80.677683,0.000000,344.643851,0.000000,972.890126,1806.750551,0.000000,0.000000,1537.286143,0.000000,403.898629,0.000000,411.374134,292.577529,0.000000,0.000000
2012-02-04 15:00:00,70.390331,548.090110,0.000000,82.403640,0.000000,1456.118881,1015.741873,18.245760,0.000000,0.000000,38.136795,1336.939110,0.000000,33.092848,0.000000,225.417073,0.000000,731.473396,1499.624094,679.455249,0.000000,1634.533010,0.000000,397.535953,0.000000,477.132424,334.268150,0.000000,0.000000
2012-02-04 16:00:00,63.739475,596.653112,0.000000,80.789148,0.000000,1326.476331,939.590068,474.382964,0.000000,270.422407,38.080910,1193.924505,0.000000,37.236366,0.000000,149.839158,0.000000,526.113813,1106.376361,651.350141,0.000000,1307.373382,0.000000,380.392653,0.000000,427.020389,272.843706,0.000000,0.000000
2012-02-04 17:00:00,63.941967,413.927070,0.000000,79.138602,0.000000,1319.700990,586.078208,304.274181,0.000000,817.115028,14.068225,1308.048492,0.000000,20.267696,0.000000,0.000000,0.000000,291.703238,777.899706,509.467459,0.000000,1353.895627,0.000000,397.801302,0.000000,415.291456,215.874823,0.000000,0.000000
2012-02-04 18:00:00,59.167059,558.874750,0.000000,118.165858,499.145993,1303.575678,478.760282,313.122431,0.000000,803.940135,9.609255,1397.784340,0.000000,10.323265,192.178701,289.906910,0.000000,314.455661,519.090770,324.257477,0.000000,1340.954580,0.000000,293.205779,0.000000,394.047806,180.194554,0.000000,197.561204
2012-02-04 19:00:00,47.069753,489.538306,0.000000,109.016135,473.395147,1287.314858,356.150941,276.144666,0.000000,716.198062,6.774870,1453.908328,0.000000,14.427316,467.154072,267.636678,1102.767386,263.584677,491.105738,376.020266,0.000000,1228.908045,0.000000,161.404143,0.000000,325.005944,141.893441,0.000000,965.473532
2012-02-04 20:00:00,42.510402,341.453230,0.000000,135.771487,295.766861,1289.889488,379.505101,401.208750,150.470403,696.775281,5.219415,1532.700779,1041.788165,19.731012,427.150164,278.332449,1053.204807,240.402963,384.636371,375.060215,0.000000,1228.088992,0.000000,131.872118,0.000000,272.499087,101.201381,0.000000,840.805042
2012-02-04 21:00:00,45.515132,250.573335,0.000000,115.173768,339.333089,1289.482968,380.617204,464.995395,96.730973,662.411900,6.325517,1541.142828,1782.167865,18.704999,398.593157,271.515031,1072.144792,144.241778,327.193412,273.774756,0.000000,1084.754609,0.000000,102.762987,0.000000,204.607010,78.073578,0.000000,900.645990
2012-02-04 22:00:00,49.146937,233.108499,0.000000,71.549969,350.579377,1281.488065,432.886039,403.982083,90.083035,614.737802,11.130144,1543.956844,1731.044410,11.491341,235.866416,254.001842,938.502838,118.055026,330.139205,180.329719,0.000000,1072.468805,0.000000,55.892352,0.000000,164.309777,73.659524,0.000000,888.522331
2012-02-04 23:00:00,50.766878,151.954531,0.000000,66.346335,369.656024,1288.669927,452.347839,363.438604,93.464913,607.810796,18.976550,1550.991884,1764.916329,4.040911,190.440292,240.185208,825.747970,94.873312,319.828930,172.009271,0.000000,831.503231,0.000000,41.161581,0.000000,143.120879,72.326112,0.000000,567.703718
2012-02-05 00:00:00,54.803668,132.188938,0.000000,34.690894,348.056845,1251.405549,395.630593,282.351648,91.357030,534.194382,20.462873,1519.881372,1615.964039,3.046468,159.533658,199.311000,1021.697167,72.979471,270.381694,70.083777,0.000000,468.334858,0.000000,31.435043,0.000000,62.362158,137.157529,0.000000,461.707210
2012-02-05 01:00:00,55.959836,135.953813,0.000000,25.064171,284.783337,1178.502876,380.617204,289.351011,49.778463,497.793646,35.084149,1526.760078,1384.540989,2.793911,108.263589,191.008900,990.720555,58.168931,278.798245,27.041457,0.000000,422.140234,0.000000,31.153114,0.000000,48.017219,145.893677,0.000000,403.993809
2012-02-05 02:00:00,48.441478,124.763768,0.000000,16.434811,192.710924,1168.204357,363.379610,315.763700,30.714864,587.165603,47.147566,1537.703474,1197.719473,1.831038,66.090794,186.191258,1000.987089,57.739640,302.785414,6.640358,0.000000,363.332184,0.000000,49.337511,0.000000,29.949166,159.227798,0.000000,347.034831
2012-02-05 03:00:00,43.731890,82.618086,465.674584,10.710814,186.036725,1127.552309,408.975827,308.104020,20.268104,541.936330,69.960904,1512.533664,1115.669483,9.644519,34.159964,189.584817,956.026750,37.562963,340.239065,3.360181,0.000000,282.082065,0.000000,63.997800,41.867366,23.871730,163.182055,0.000000,381.172496
2012-02-05 04:00:00,41.439150,43.609800,1411.816852,10.580723,199.437676,1049.635883,391.182181,205.490723,13.689656,430.425120,92.186626,1505.342289,1126.819866,9.644519,48.137233,123.077118,931.422469,23.396360,327.824653,3.440185,0.000000,243.422735,0.000000,72.455659,31.608219,31.153703,143.640670,0.000000,446.241527
2012-02-05 05:00:00,34.332310,69.127285,1213.949404,12.098449,238.379261,985.676661,309.720647,91.387905,65.784474,423.362291,123.053764,1507.843637,1188.672936,31.096075,111.818153,83.687592,912.836502,16.313058,208.099218,4.880263,0.000000,198.702407,0.000000,107.344327,33.888029,46.374669,127.639725,0.000000,559.593665
2012-02-05 06:00:00,34.626251,118.384397,1013.907589,11.361268,234.490358,861.281394,221.586495,52.165061,48.712940,348.115993,135.635666,1416.075444,1083.059871,35.168556,91.334224,71.598038,925.050138,13.308021,91.950817,4.800259,174.336470,228.024527,408.055930,218.847102,44.108535,80.101701,97.752902,266.672008,599.012295
2012-02-05 07:00:00,43.224881,202.312541,966.615323,12.922358,192.198306,916.460697,156.250452,87.161875,36.839270,363.540934,128.238613,1305.116337,843.583776,56.296793,135.772603,106.789426,885.327320,17.280536,63.090600,6.084148,143.900432,371.692132,0.000000,227.023032,19.350399,115.316465,71.126706,155.092134,683.270692
2012-02-05 08:00:00,41.665866,261.766664,0.000000,47.749312,152.055489,922.586419,230.784113,231.307792,30.912279,548.569984,129.041823,1204.931312,794.011709,97.628100,173.977178,166.326624,920.926927,106.594939,134.911313,31.050962,0.000000,492.822904,0.000000,311.365978,0.000000,204.341123,81.750241,0.000000,943.646056
2012-02-05 09:00:00,42.300315,303.445787,0.000000,90.178092,184.000372,652.852348,378.974939,359.759173,33.134348,736.530569,145.710261,920.087550,754.299235,144.299574,155.061475,164.995322,1049.330624,237.371127,337.737669,69.227103,0.000000,604.490264,0.000000,285.599710,0.000000,237.789888,93.587674,0.000000,0.000000
2012-02-05 10:00:00,27.525167,416.128867,0.000000,130.341150,228.450169,691.293766,478.290276,484.919840,37.811978,836.674772,161.375698,689.793013,0.000000,148.034218,164.258685,139.867346,1134.626707,333.338943,361.602211,104.428556,0.000000,635.567320,0.000000,252.908778,0.000000,243.362830,97.344821,0.000000,0.000000
2012-02-05 11:00:00,24.982711,466.386532,0.000000,144.390110,341.139470,591.203076,563.840999,566.171300,0.000000,969.604129,174.035920,712.429478,0.000000,146.974532,184.429061,153.738489,0.000000,394.461688,387.065937,122.845744,0.000000,672.842206,0.000000,214.649999,0.000000,208.927083,78.755796,0.000000,0.000000
2012-02-05 12:00:00,38.092790,457.637073,0.000000,164.144741,0.000000,566.024577,672.703984,0.000000,0.000000,0.000000,194.444833,915.428534,0.000000,155.186489,0.000000,215.320056,0.000000,444.655784,435.925255,128.100994,0.000000,576.119463,0.000000,256.197043,0.000000,179.033929,83.312067,0.000000,0.000000
2012-02-05 13:00:00,35.522633,560.431116,0.000000,194.687542,0.000000,836.621403,817.276358,0.000000,0.000000,0.000000,227.153689,1073.396577,0.000000,154.038725,0.000000,226.585262,0.000000,495.831735,0.000000,0.000000,0.000000,1000.824313,0.000000,247.831455,0.000000,126.805721,64.547931,0.000000,0.000000
2012-02-05 14:00:00,12.474467,525.872108,0.000000,287.426320,0.000000,1092.148298,1058.735838,0.000000,0.000000,0.000000,244.945680,1237.480727,0.000000,151.073329,0.000000,258.897022,0.000000,549.155636,0.000000,0.000000,0.000000,1075.759545,0.000000,214.183478,0.000000,72.307592,57.818669,0.000000,0.000000
2012-02-05 15:00:00,4.044370,432.799539,0.000000,313.605790,0.000000,1104.290870,1414.264923,0.000000,0.000000,0.000000,155.221370,1269.417885,0.000000,146.821972,0.000000,247.883897,0.000000,0.000000,0.000000,0.000000,0.000000,882.975010,0.000000,213.641900,0.000000,42.923862,50.298831,0.000000,0.000000
2012-02-05 16:00:00,1.103912,0.000000,0.000000,0.000000,0.000000,1070.368428,0.000000,0.000000,0.000000,0.000000,128.638459,1383.557925,0.000000,111.030351,0.000000,224.550596,1449.787338,0.000000,0.000000,389.648395,107.764285,918.814346,0.000000,286.032732,0.000000,41.850415,46.393546,0.000000,0.000000
2012-02-05 17:00:00,1.273744,0.000000,0.000000,0.000000,0.000000,1161.293509,0.000000,0.000000,0.000000,0.000000,170.374158,1457.660349,0.000000,85.774655,0.000000,253.668546,1431.296482,0.000000,892.785624,338.818261,111.065942,1232.839503,159.661156,242.881518,0.000000,120.234679,56.784964,0.000000,1480.632374
2012-02-05 18:00:00,2.070651,0.000000,2145.231027,0.000000,0.000000,1212.379583,0.000000,0.000000,0.000000,0.000000,130.036028,1479.078139,0.000000,63.360226,0.000000,256.940906,1443.156099,0.000000,691.630061,205.771090,128.113273,1271.498833,186.147696,189.244595,0.000000,266.750162,27.082060,0.000000,1550.717598
2012-02-05 19:00:00,2.834898,0.000000,2002.470555,301.333779,0.000000,1271.325053,118.223987,0.000000,0.000000,0.000000,95.090142,1463.444716,0.000000,65.980504,0.000000,255.607723,1224.726732,957.533586,1064.062433,152.808236,153.381055,1271.662644,165.596515,104.595523,0.000000,246.108780,35.450370,0.000000,1413.223907
2012-02-05 20:00:00,2.442976,0.000000,1035.647641,321.324406,0.000000,1263.465657,1647.580388,0.000000,0.000000,0.000000,97.267778,1477.358462,0.000000,72.325998,0.000000,258.758885,1036.211922,931.132189,1355.485504,146.727908,163.465708,1250.367250,148.680742,69.072515,0.000000,226.726687,51.037498,0.000000,1287.800992
2012-02-05 21:00:00,0.646670,0.000000,0.000000,305.583413,0.000000,1233.518648,1695.678837,0.000000,0.000000,0.000000,115.069095,1502.684607,0.000000,68.632352,0.000000,249.275099,1081.703290,819.087237,1542.964172,134.967274,165.442210,1222.519427,142.745383,68.226729,0.000000,223.770097,34.668715,0.000000,1148.421242
2012-02-05 22:00:00,1.045124,0.000000,720.237956,273.320882,0.000000,1190.156463,1818.288177,0.000000,0.000000,0.000000,102.141537,1525.196736,0.000000,71.047428,0.000000,211.036959,1042.407245,713.910941,1517.083279,96.485200,165.150227,1164.202810,160.551460,65.195997,0.000000,214.571815,49.520167,0.000000,1056.758781
2012-02-05 23:00:00,2.671597,0.000000,0.000000,231.301536,0.000000,1158.041345,1668.432317,0.000000,0.000000,0.000000,68.923934,1508.156305,0.000000,68.490289,0.000000,155.800724,1015.324835,547.470459,1378.841432,65.763544,166.991968,1128.492072,0.000000,70.341194,0.000000,188.619521,48.462633,0.000000,0.000000
2012-02-06 00:00:00,4.644268,367.598194,0.000000,225.013812,0.000000,1181.077506,1534.701948,0.000000,0.000000,0.000000,58.796194,1456.566010,0.000000,69.595226,0.000000,193.099575,0.000000,402.460317,378.584368,34.801876,0.000000,1048.388628,0.000000,56.033316,0.000000,154.947241,57.474660,0.000000,0.000000
2012-02-06 01:00:00,6.499362,382.762273,0.000000,236.418443,0.000000,1238.125880,1492.442039,0.000000,0.000000,0.000000,68.336318,1466.258732,0.000000,61.418694,0.000000,175.010693,0.000000,105.416279,0.000000,0.000000,0.000000,1031.024692,0.000000,95.926218,0.000000,136.769685,77.245943,0.000000,0.000000
2012-02-06 02:00:00,12.084241,288.849562,0.000000,225.707630,0.000000,1270.647519,1533.867871,0.000000,0.000000,0.000000,93.119899,1472.355767,0.000000,23.519366,0.000000,155.649226,0.000000,207.776846,0.000000,8.560461,0.000000,969.431860,0.000000,78.023749,0.000000,122.753256,72.601991,0.000000,0.000000
2012-02-06 03:00:00,20.608531,177.785755,0.000000,214.649907,0.000000,1267.530862,1384.846087,0.000000,0.000000,0.000000,95.470364,1474.700780,0.000000,26.029151,0.000000,207.370703,0.000000,156.691217,739.183573,12.640681,0.000000,942.075469,0.000000,100.859969,0.000000,101.509606,55.957329,0.000000,0.000000
2012-02-06 04:00:00,29.714170,130.724820,0.000000,218.379178,375.962353,1229.182430,1179.941135,239.959282,0.000000,363.599889,89.732464,1515.660348,0.000000,8.918417,0.000000,248.547908,0.000000,134.797376,539.711319,8.400453,0.000000,799.723951,0.000000,88.948484,0.000000,87.055164,65.153275,0.000000,0.000000
2012-02-06 05:00:00,42.373229,106.985193,0.000000,211.657818,327.981695,1177.418822,1017.574118,225.696430,37.108003,378.133018,89.041150,1520.194041,0.000000,3.456873,295.631291,269.787952,1408.108275,116.767153,411.569333,6.320341,0.000000,539.592522,0.000000,59.627906,0.000000,70.465406,69.567328,0.000000,0.000000
2012-02-06 06:00:00,43.646974,113.364564,1332.231916,197.000915,192.816029,1085.274179,994.776009,231.507222,19.781669,445.637368,73.486602,1503.622613,1489.733285,1.515342,225.262971,281.089716,1461.565057,128.787301,338.555755,3.600194,0.000000,374.635124,0.000000,36.721205,0.000000,42.706307,77.889659,0.000000,592.222483
2012-02-06 07:00:00,48.769975,99.495582,1963.290329,151.772662,172.724487,1192.111755,871.054566,241.147853,21.758637,537.832049,64.672357,1518.242123,1440.302597,1.523967,107.783296,301.514694,1494.120177,114.447244,281.847150,5.593637,177.431690,313.272976,355.488509,19.676327,95.361207,45.673404,81.137201,315.231338,570.223114
2012-02-06 08:00:00,55.931018,107.733016,1894.321914,156.623790,144.023354,1306.727333,677.281614,250.302349,33.100419,585.686614,51.347262,1584.316468,1384.780599,2.991293,85.835365,301.223815,1495.180263,176.533723,298.343287,30.171727,185.267326,286.977642,383.080828,34.148435,87.041195,30.982189,107.487084,331.774325,523.632069
2012-02-06 09:00:00,59.560065,162.932133,722.171089,202.379483,136.673599,1328.245210,898.793373,266.496205,19.231386,629.659638,44.582644,1686.164965,1457.339800,4.802834,104.818674,325.422187,1494.154039,279.061484,413.343550,66.352862,0.000000,305.172523,0.000000,62.063698,113.740652,37.035096,136.923747,0.000000,603.942514
2012-02-06 10:00:00,49.502606,124.027405,0.000000,191.369861,129.749142,1503.559901,939.645454,321.577724,14.577356,651.401469,44.928025,1716.731556,1459.622031,6.728515,67.723305,318.227389,1499.584262,353.811900,471.972472,98.522725,0.000000,284.246361,0.000000,117.295497,0.000000,50.014567,169.466526,0.000000,687.902537
2012-02-06 11:00:00,51.371284,215.635127,0.000000,218.641630,215.620184,1575.181485,936.485631,430.088997,49.286534,784.223058,56.317609,1775.025861,0.000000,9.081917,101.868469,319.986460,397.916631,421.699648,465.089483,112.876784,0.000000,321.802915,0.000000,146.799192,0.000000,56.244338,215.777271,0.000000,0.000000
2012-02-06 12:00:00,55.036833,293.949020,0.000000,328.568897,0.000000,1583.746440,1053.038652,41.035248,0.000000,0.000000,63.211998,1751.171558,0.000000,13.960601,0.000000,322.568125,0.000000,500.846771,478.779242,122.503130,0.000000,307.580305,0.000000,317.741937,0.000000,59.465288,263.260317,0.000000,0.000000
2012-02-06 13:00:00,59.368407,422.666023,0.000000,347.287282,0.000000,1571.604729,1564.569057,0.000000,0.000000,0.000000,57.000310,1662.710105,0.000000,12.885637,0.000000,280.622075,0.000000,567.011958,532.311239,120.875184,0.000000,313.987897,0.000000,398.442237,0.000000,98.374320,298.989223,0.000000,0.000000
2012-02-06 14:00:00,62.712566,574.498020,0.000000,312.725177,0.000000,1514.093251,1492.687526,0.000000,0.000000,0.000000,60.092632,1572.809417,0.000000,17.870685,0.000000,299.661430,0.000000,551.554034,278.568662,0.000000,0.000000,320.096787,0.000000,446.711891,0.000000,117.836648,297.118169,0.000000,0.000000
2012-02-06 15:00:00,51.297896,639.048822,0.000000,367.475760,0.000000,1451.876187,1314.060734,0.000000,0.000000,0.000000,51.096187,1449.768591,0.000000,9.129128,0.000000,286.090998,0.000000,501.164162,0.000000,0.000000,0.000000,284.933037,0.000000,518.920591,0.000000,141.222987,288.152102,0.000000,0.000000
2012-02-06 16:00:00,60.858853,728.008841,0.000000,345.650419,0.000000,1337.045864,241.407582,0.000000,0.000000,0.000000,51.105788,1299.450110,0.000000,3.520013,0.000000,242.669778,1669.710228,0.000000,382.304009,57.124870,0.000000,314.631130,0.000000,556.561555,0.000000,221.176633,244.382254,0.000000,0.000000
2012-02-06 17:00:00,61.459799,659.864016,0.000000,308.792321,0.000000,1333.387180,1063.448361,0.000000,0.000000,0.000000,71.585490,1292.571404,0.000000,0.915519,0.000000,193.251073,1497.851945,232.890370,285.741899,24.801337,198.997826,441.633710,427.716806,481.816035,0.000000,343.785769,218.081850,0.000000,0.000000
2012-02-06 18:00:00,61.048281,598.405936,845.533935,321.714679,0.000000,1339.756001,1050.381152,473.447455,0.000000,0.000000,92.359454,1355.886766,1637.212882,1.657405,0.000000,151.831472,1415.011634,198.761735,260.492247,55.442988,192.461893,421.321180,412.136489,341.415575,0.000000,280.711839,209.161783,0.000000,591.090848
2012-02-06 19:00:00,56.593442,535.135123,0.000000,308.618866,0.000000,1325.798797,1080.685955,505.142682,0.000000,839.390105,133.630857,1387.778949,1617.226346,3.377949,203.205880,171.344437,1409.524349,286.981037,287.846037,78.964256,197.627750,352.848298,278.854391,245.771286,0.000000,156.863549,231.140093,0.000000,507.349834
2012-02-06 20:00:00,60.231779,434.633882,0.000000,314.039319,175.105754,1319.972004,1344.532359,438.186515,105.046687,854.194882,114.827136,1396.846334,526.657866,1.625835,327.682615,181.737212,1363.501954,371.336719,422.931677,62.803385,0.000000,297.971706,0.000000,147.519158,0.000000,69.753634,273.395463,0.000000,0.000000
2012-02-06 21:00:00,62.295898,257.580185,0.000000,302.851505,100.165536,1285.011242,1125.170069,383.644312,32.544784,768.897635,106.254851,1399.191348,1406.210602,1.089152,279.726123,205.158830,1213.929170,247.271619,552.756973,24.081298,0.000000,267.011479,0.000000,124.260045,0.000000,56.339474,320.294785,0.000000,448.693404
2012-02-06 22:00:00,61.374882,250.259595,0.000000,272.366882,99.692561,1283.791681,932.776274,327.913537,21.518935,737.794021,108.190528,1344.161699,272.412105,1.310139,143.989971,206.704111,1219.062438,168.926010,512.147115,19.601056,0.000000,332.863390,0.000000,94.798503,0.000000,61.540883,368.251642,0.000000,0.000000
2012-02-06 23:00:00,62.511454,251.723713,0.000000,264.864976,98.115979,1305.201760,813.781268,302.161165,28.630144,738.744787,123.226592,1355.886766,0.000000,0.694532,75.308562,210.461266,0.000000,134.368085,458.281190,18.160979,0.000000,314.680399,0.000000,34.254329,0.000000,52.233098,403.104275,0.000000,0.000000
2012-02-07 00:00:00,58.827394,221.395555,0.000000,275.358972,91.073911,1295.309761,793.207365,328.441791,0.000000,778.541114,122.846370,1356.512103,0.000000,0.599823,0.000000,213.733627,0.000000,116.337862,484.793325,13.280716,0.000000,221.308287,0.000000,13.109681,0.000000,41.775528,419.840896,0.000000,0.000000
2012-02-07 01:00:00,62.785799,165.759072,0.000000,220.417268,101.479355,1266.582314,847.978431,375.192251,0.000000,707.233702,115.276489,1367.924502,0.000000,1.262785,92.478914,191.554294,0.000000,96.805122,552.967387,13.040703,0.000000,177.243203,0.000000,6.554841,0.000000,24.090737,433.266977,0.000000,0.000000
2012-02-07 02:00:00,64.131396,87.742499,0.000000,190.626463,88.761590,1247.746865,911.924346,332.535758,14.013946,482.445575,102.660022,407.761894,0.000000,1.799468,45.426125,0.000000,0.000000,96.805122,568.327592,12.960699,0.000000,165.285020,0.000000,8.951234,0.000000,8.377006,427.933328,0.000000,0.000000
2012-02-07 03:00:00,64.634362,62.957073,0.000000,175.535924,91.914755,1172.540576,910.256192,284.728790,12.786278,398.778212,103.973517,0.000000,538.108815,0.994443,51.089328,0.000000,1160.649398,91.868275,563.908903,8.800474,0.000000,141.532465,0.000000,36.580240,0.000000,6.953463,404.759546,0.000000,0.000000
2012-02-07 04:00:00,64.634362,66.617368,0.000000,173.020834,60.908634,1196.931805,692.006005,262.278005,3.706168,505.128123,106.185720,0.000000,1007.321419,0.852380,34.822679,0.000000,1183.306577,84.999619,491.526566,9.840530,0.000000,102.217891,0.000000,91.979217,0.000000,12.811892,412.622079,0.000000,0.000000
2012-02-07 05:00:00,64.333889,113.364564,0.000000,187.677737,41.779434,1271.189546,504.894699,275.880540,4.956999,599.933025,109.780549,1328.840945,1020.365263,0.805025,50.306119,193.463171,1116.928123,77.916317,418.723402,5.360289,0.000000,81.741551,0.000000,59.627906,0.000000,14.235436,382.459378,0.000000,137.305085
2012-02-07 06:00:00,63.020952,92.866912,1659.259879,183.037830,54.024224,1297.613377,501.280365,306.387196,40.142427,641.223412,151.432174,1320.398896,1063.073335,0.789240,55.969323,174.768296,1029.839591,52.802794,422.721263,7.680414,0.000000,117.779910,0.000000,49.548957,77.301029,17.520536,333.950764,0.000000,142.963262
2012-02-07 07:00:00,64.668271,106.224234,1737.892172,156.022296,78.310525,1331.016883,517.405856,284.773672,48.160749,653.783260,145.797971,1369.071283,1225.109258,0.798097,67.720318,165.987872,1112.278451,47.376292,371.542377,9.431121,158.557995,171.796182,632.100355,54.764981,64.186801,35.380624,319.112639,269.953107,119.377129
2012-02-07 08:00:00,67.418904,119.495586,1941.451064,207.556328,70.937922,1390.410100,552.009559,304.992744,48.827982,619.697119,158.972372,1563.328394,1279.790025,2.655505,54.062026,205.616350,1149.487570,123.871281,444.813904,34.201835,0.000000,224.163831,0.000000,27.928396,72.634183,20.628238,314.725827,0.000000,176.447061
2012-02-07 09:00:00,68.153586,108.610889,0.000000,233.008934,90.367661,1482.644179,747.658898,370.367563,25.658487,609.210360,165.929745,1706.021824,1465.726553,6.414151,70.255607,187.883792,897.269210,248.152233,512.588991,71.223797,0.000000,295.337593,0.000000,35.431180,95.796626,42.670430,352.212650,0.000000,363.312462
2012-02-07 10:00:00,73.271491,141.430500,0.000000,238.104081,133.336445,1559.754647,806.811447,408.833602,30.354626,614.912490,164.989638,501.662333,1747.557345,14.798386,87.534850,219.580806,990.533427,359.580816,474.080522,96.825545,0.000000,486.975225,0.000000,53.138286,0.000000,67.626038,353.218197,0.000000,706.185992
2012-02-07 11:00:00,74.575452,271.306275,0.000000,282.465651,239.373626,1560.299893,1106.137573,526.634474,55.721556,686.044175,155.695276,1824.204124,0.000000,32.739822,108.159410,0.000000,0.000000,440.490042,636.343657,114.193756,0.000000,617.815528,0.000000,62.807080,0.000000,122.901388,364.682793,0.000000,0.000000
2012-02-07 12:00:00,71.257655,359.702527,0.000000,352.147984,0.000000,1585.829400,1241.222374,0.000000,0.000000,0.000000,126.169686,1818.133983,0.000000,27.076985,0.000000,312.151437,0.000000,538.380076,660.245331,120.111170,0.000000,987.280847,0.000000,119.019481,0.000000,162.348424,378.926435,0.000000,0.000000
2012-02-07 13:00:00,74.459476,478.983335,0.000000,397.491592,0.000000,1577.743015,1220.033908,0.000000,0.000000,0.000000,118.242266,1804.813855,0.000000,42.287296,0.000000,336.138133,0.000000,626.397142,0.000000,0.000000,0.000000,1209.099539,0.000000,257.697775,0.000000,231.689032,373.075304,0.000000,0.000000
2012-02-07 14:00:00,74.560406,566.699488,0.000000,420.700507,0.000000,1534.494973,198.291462,0.000000,0.000000,0.000000,135.459449,1756.171385,0.000000,42.379130,0.000000,342.995893,0.000000,0.000000,0.000000,0.000000,0.000000,1382.324862,0.000000,389.275473,0.000000,360.475938,354.667069,0.000000,0.000000
2012-02-07 15:00:00,63.797110,681.846069,0.000000,399.812104,0.000000,1448.506124,994.908558,0.000000,0.000000,0.000000,123.499197,1630.340211,0.000000,46.082755,0.000000,333.009487,0.000000,0.000000,0.000000,0.000000,0.000000,1376.092393,0.000000,482.906913,0.000000,438.909222,368.906171,0.000000,0.000000
2012-02-07 16:00:00,52.928978,740.850490,0.000000,380.983984,0.000000,1300.865541,1548.921766,0.000000,0.000000,0.000000,80.134157,1383.401591,0.000000,16.068936,0.000000,301.087475,0.000000,0.000000,0.000000,22.196746,0.000000,1203.329685,0.000000,525.776295,0.000000,468.033788,335.146237,0.000000,0.000000
2012-02-07 17:00:00,59.800665,674.644651,0.000000,331.211311,0.000000,1319.972004,1195.788601,0.000000,0.000000,0.000000,63.220599,1436.398894,0.000000,14.032696,0.000000,300.754179,0.000000,539.833439,603.677105,97.445252,0.000000,1100.808060,0.000000,454.680404,0.000000,424.434986,239.738302,0.000000,0.000000
2012-02-07 18:00:00,64.431869,582.509798,0.000000,335.591037,0.000000,1324.443729,1096.811446,36.617224,0.000000,0.000000,67.022822,1473.137438,0.000000,14.900860,0.000000,293.603465,0.000000,469.000423,529.611458,88.244756,0.000000,971.725210,0.000000,395.052498,0.000000,381.947686,113.294050,0.000000,0.000000
2012-02-07 19:00:00,57.645098,506.480243,0.000000,303.978959,236.048064,1320.920552,973.090003,546.874732,0.000000,901.325686,105.287013,1452.813988,0.000000,17.189658,0.000000,281.513911,0.000000,339.354539,470.274775,76.564127,0.000000,820.691723,0.000000,319.425142,0.000000,319.695031,109.385773,0.000000,0.000000
2012-02-07 20:00:00,48.898720,577.176225,0.000000,300.639961,310.376525,1305.066253,1078.461749,585.965512,0.000000,929.441179,87.554827,1418.107789,0.000000,25.745024,0.000000,269.151659,0.000000,358.028698,447.760502,83.444497,0.000000,893.096063,0.000000,316.887784,0.000000,352.381782,124.053306,0.000000,0.000000
2012-02-07 21:00:00,56.371353,491.002424,0.000000,285.375967,332.869101,1281.217051,1009.789398,637.734383,0.000000,1073.278416,114.516045,1442.964932,0.000000,30.212126,0.000000,263.182631,0.000000,572.244909,578.637866,207.451181,0.000000,909.313324,0.000000,343.811969,0.000000,317.176454,106.075232,0.000000,0.000000
2012-02-07 22:00:00,54.555451,459.000988,0.000000,195.309734,327.403615,1273.086642,770.687283,664.411199,73.822225,946.147487,116.935641,1429.363854,0.000000,30.464683,285.449573,0.000000,0.000000,476.083724,702.571577,220.331875,0.000000,975.820478,0.000000,352.692721,0.000000,328.948065,101.201381,0.000000,0.000000
2012-02-07 23:00:00,47.494335,539.318317,0.000000,133.169670,336.337582,1278.371408,675.880514,725.424511,56.472728,830.289921,111.750792,1398.097008,0.000000,30.291050,239.902955,0.000000,0.000000,425.427386,627.664275,156.568439,0.000000,952.231734,0.000000,396.814552,0.000000,314.603126,129.249015,0.000000,0.000000
2012-02-08 00:00:00,43.353033,445.510187,0.000000,109.232953,357.779103,1252.896124,739.826428,812.058132,0.000000,825.128623,104.664831,1373.083532,0.000000,29.596518,0.000000,0.000000,0.000000,429.934941,611.252001,204.010996,0.000000,853.945300,0.000000,352.551756,0.000000,250.215156,107.408645,0.000000,0.000000
2012-02-08 01:00:00,33.613787,268.874810,0.000000,42.886618,396.510478,1195.983257,634.176656,820.378129,0.000000,839.933400,116.382591,1359.013451,0.000000,14.190544,290.088581,0.000000,0.000000,442.169735,691.630061,339.778313,0.000000,816.432644,0.000000,367.212045,0.000000,217.966419,101.339321,0.000000,0.000000
2012-02-08 02:00:00,22.319921,125.495827,0.000000,36.555530,331.292518,1158.718879,450.957710,738.894983,70.602492,737.386550,104.042649,1349.789731,0.000000,9.976000,263.941448,0.000000,0.000000,450.755555,608.727035,256.733837,0.000000,764.996077,0.000000,272.624989,0.000000,172.686784,93.016990,0.000000,0.000000
2012-02-08 03:00:00,26.918464,132.607257,0.000000,51.862887,299.865976,1106.142230,306.940390,783.796554,32.151004,715.926415,87.278302,375.650210,0.000000,7.308367,279.726123,32.541808,372.931780,389.581587,549.179939,223.052022,0.000000,806.276380,0.000000,187.764470,0.000000,162.229214,88.005199,0.000000,0.000000
2012-02-08 04:00:00,25.853745,210.623830,0.000000,51.038978,242.688587,1044.215610,285.810435,740.347681,16.677754,828.388390,54.613749,926.085077,0.000000,1.767899,249.120723,35.511172,692.106016,346.223195,459.754087,215.851634,0.000000,987.123418,0.000000,161.474625,0.000000,184.458394,86.993645,0.000000,0.000000
2012-02-08 05:00:00,14.050380,217.107781,0.000000,49.044252,214.835631,989.064332,356.706993,697.955314,12.114535,937.318951,40.649221,1353.541753,1304.174076,1.562696,199.658060,53.751553,646.260630,392.371978,494.893186,228.412311,0.000000,1087.211770,0.000000,130.321511,0.000000,270.144765,94.396382,0.000000,847.406248
2012-02-08 06:00:00,8.158496,124.763768,1415.513276,37.032529,217.147951,974.565101,362.267507,629.942639,26.591752,901.325686,28.758632,1289.288385,1191.197551,8.208101,122.240858,43.692074,603.601410,284.190645,482.899601,238.092833,0.000000,1120.137725,0.000000,119.114848,164.262272,309.456468,100.373746,0.000000,835.524077
2012-02-08 07:00:00,3.799189,223.810087,1381.595419,34.604167,281.944829,854.831396,280.055780,631.138952,68.594731,847.226172,44.071222,1172.298956,1350.524166,18.198707,108.605899,27.049519,575.489310,199.605339,441.574675,309.620102,56.251190,1081.995433,61.563973,116.592049,174.444838,245.054438,93.611371,235.580020,907.822781
2012-02-08 08:00:00,6.932974,204.972723,1316.312201,50.992994,334.164843,820.019773,315.612838,660.768168,146.909748,965.204314,62.465020,1174.175625,1382.628305,29.206943,181.303289,32.786364,757.056548,356.353031,417.502598,364.164755,54.966961,1293.038862,109.518818,150.517847,179.336305,213.572722,104.766743,180.510011,870.799966
2012-02-08 09:00:00,11.814437,211.004713,1530.539607,92.999262,0.000000,954.197618,517.026374,587.591844,111.119079,862.620406,149.153324,1041.699302,1372.310808,41.553605,383.280665,48.483079,838.282662,465.624227,463.205756,282.573629,56.669695,1389.338997,133.092975,0.000000,0.000000,383.894295,111.208671,145.690040,1173.500972
2012-02-08 10:00:00,15.126099,42.255815,1696.495445,95.981638,0.000000,796.902857,554.116693,645.795976,0.000000,0.000000,206.471460,897.867391,1473.324488,32.822237,0.000000,56.631652,1033.625118,527.646000,544.523879,455.721516,60.481434,1176.480774,145.785812,336.483206,0.000000,412.570495,134.751702,0.000000,1298.956665
2012-02-08 11:00:00,14.628156,0.000000,1345.861913,118.106548,0.000000,688.670696,640.387463,1101.119312,0.000000,0.000000,301.950307,701.715499,1402.559366,22.544531,546.909218,62.863525,939.418547,643.207068,572.623508,493.536997,63.124441,0.000000,152.833327,390.491819,0.000000,0.000000,155.871923,0.000000,1336.936735
2012-02-08 12:00:00,16.524544,0.000000,1198.498211,143.402366,491.443708,572.433111,741.378070,1111.916813,0.000000,1064.231693,0.000000,524.064656,1063.667524,16.246205,513.673600,63.081839,815.927510,664.626085,569.912731,407.855671,63.848984,0.000000,151.281923,0.000000,0.000000,0.000000,131.683903,0.000000,1269.341466
2012-02-08 13:00:00,15.055122,515.171832,1200.152277,156.394064,412.047325,546.828120,870.170034,879.013571,179.325753,1076.002097,0.000000,463.316086,759.786140,0.000000,426.341020,59.815461,545.537600,794.718634,658.060727,542.746538,55.682229,0.000000,131.626688,0.000000,0.000000,0.000000,124.494612,0.000000,1213.759323
2012-02-08 14:00:00,14.613037,592.447150,1127.723834,191.549454,319.727770,548.330294,1007.673010,837.436624,140.083649,1227.600711,0.000000,438.469763,544.503093,0.000000,330.661959,53.360686,412.206427,877.731318,642.832953,470.148466,40.212899,0.000000,105.605957,0.000000,0.000000,0.000000,123.041896,273.357027,995.971904
2012-02-08 15:00:00,17.345687,528.566226,960.798558,219.512252,249.018614,519.648486,1181.113173,1005.963772,119.059439,1102.600497,0.000000,370.868086,453.627220,0.000000,279.776998,34.210680,320.509349,819.333207,661.316915,349.576845,28.285845,0.000000,85.039760,0.000000,0.000000,0.000000,117.103900,277.657936,779.324804
2012-02-08 16:00:00,16.865682,579.903476,579.903826,207.266084,191.111975,428.337081,1189.880268,971.184452,110.892647,989.994830,0.000000,230.436653,310.886476,0.000000,205.155240,11.362363,197.911873,671.273489,514.343827,321.254666,4.020385,0.000000,20.106029,0.000000,128.732006,0.000000,90.809963,257.305060,423.084203
2012-02-08 17:00:00,17.433968,558.770171,441.396613,132.259034,129.122100,441.074723,769.853205,825.264477,54.550154,869.814601,122.535279,285.466302,320.205347,4.119835,135.736152,15.755810,78.238071,529.101163,438.502296,303.136338,3.032134,566.457481,12.315870,169.721037,111.382263,282.847154,83.223308,266.922270,301.014995
2012-02-08 18:00:00,24.442828,380.775256,403.127744,154.894842,115.563491,412.889302,596.087133,657.808027,35.393900,749.746502,130.727341,331.115897,273.289583,2.446645,120.614193,4.211649,87.973578,627.623449,397.050783,155.848400,3.121975,621.497884,7.122431,173.456592,93.414266,274.360644,78.625335,270.640448,325.722366
2012-02-08 19:00:00,27.754563,306.000659,292.887309,148.954026,82.770577,399.067606,397.298747,512.670299,16.770408,660.374545,120.046551,294.690021,160.733827,3.235886,113.023090,1.030188,89.212642,713.696295,257.967282,107.285782,4.896335,581.855689,5.490207,131.942601,82.730069,277.317235,75.130876,244.076927,306.484565
2012-02-08 20:00:00,36.821010,251.409974,183.299185,94.402596,70.735998,385.245910,407.029647,481.767452,6.068849,623.294691,114.377782,278.900264,89.834220,7.734557,91.936692,1.757379,44.075294,655.742010,171.697636,104.645640,7.524184,511.089456,7.567583,62.729121,69.341013,139.781027,71.406518,199.244282,312.897166
2012-02-08 21:00:00,26.402435,106.880613,158.076521,64.915336,32.845467,360.312654,352.258581,411.245572,7.574480,530.662968,158.587266,264.673849,52.596148,15.847949,33.979223,2.999664,16.815875,507.421968,228.719768,120.966520,6.603314,474.887287,7.345007,67.451426,64.317702,102.878398,67.728139,173.038278,261.030547
2012-02-08 22:00:00,23.874542,97.050106,168.513485,47.569889,14.924980,414.786398,324.456010,327.385284,6.810083,380.985315,140.198333,251.541774,38.710765,13.685430,17.712574,3.666256,14.514755,363.394836,286.583554,155.128361,7.277121,444.746113,6.454703,59.416460,66.327027,112.843203,65.291214,106.540097,179.364198
2012-02-08 23:00:00,19.550343,255.174849,171.557600,50.258433,14.557111,425.626944,285.532410,274.559905,8.524185,454.601728,142.617930,272.803229,35.975765,3.172747,19.158498,4.332848,16.284847,310.806687,341.080721,114.726183,7.344502,455.393810,7.196623,64.632139,63.023234,90.942533,67.958038,75.936633,135.607632
2012-02-09 00:00:00,15.415573,283.620569,166.556554,42.192800,14.872427,390.124156,179.882638,354.722417,11.072176,425.942940,147.526254,228.560643,37.448457,1.641620,35.184160,8.938392,18.408958,218.723767,358.334650,94.725105,8.669657,462.765293,7.196623,95.150914,68.432953,165.295307,66.854525,79.118535,115.426802
2012-02-09 01:00:00,13.142429,319.909780,189.822287,28.576624,17.289854,329.959124,137.344703,364.759239,8.153569,311.579434,153.298720,153.520213,35.134227,3.141177,48.558961,11.816858,21.595124,132.650920,254.179834,63.203406,9.994812,377.092285,6.528895,73.442409,70.828686,213.422030,64.555538,85.160574,83.741014
2012-02-09 02:00:00,16.062243,227.147447,141.333891,36.078530,18.656225,434.570395,108.986080,379.814472,8.640003,259.694803,107.499215,153.207544,31.136919,3.204316,70.790048,12.816746,25.312317,165.277037,209.361701,90.804894,11.297506,304.032702,8.309503,60.121281,77.687438,163.159992,63.360065,69.358318,58.467825
2012-02-09 03:00:00,18.328855,134.908014,108.066067,62.703791,16.711774,471.970279,123.165392,450.072225,5.350779,164.346606,116.831944,239.504039,22.511151,2.604494,56.571792,12.331952,16.815875,192.537016,310.570724,183.769905,15.340352,231.628363,11.870718,63.715871,73.630148,168.032891,61.842734,65.997657,50.546378
2012-02-09 04:00:00,21.568738,99.246283,113.501986,75.496058,33.055678,447.579050,124.555520,464.467141,12.624133,85.976365,89.559635,283.277623,41.024995,2.067810,60.367343,15.331615,17.346903,218.509121,328.876722,138.327455,26.390795,198.702407,20.254413,60.967067,92.409603,147.665268,58.164356,56.165937,42.059113
2012-02-09 05:00:00,27.669647,71.741781,126.765628,59.017884,31.689307,403.268318,138.456806,486.785863,12.438825,100.645318,73.901390,331.272231,36.817303,1.373278,39.521933,7.544609,22.303161,170.428529,334.137066,131.367080,35.711799,245.388463,24.557548,58.429709,105.238367,122.479497,57.198782,62.064969,46.585654
2012-02-09 06:00:00,30.929126,34.511352,124.808697,58.150611,25.172766,315.324387,151.524015,430.130645,7.481826,97.249727,47.596919,235.908351,46.705379,0.710316,24.038493,5.756931,22.657179,168.711365,274.379556,177.609573,38.878695,260.622861,34.054122,75.909285,97.085147,126.640625,53.382464,70.001849,58.090613
2012-02-09 07:00:00,32.614766,27.230245,172.463916,60.275428,25.172620,316.552644,157.550667,410.730866,6.532056,75.729121,46.801909,235.341373,77.928626,1.681947,14.048910,11.487918,46.252768,165.700786,235.005358,159.546379,40.731925,229.046601,43.438814,94.055416,96.535169,151.462199,52.818786,80.745350,61.014861
2012-02-09 08:00:00,42.981387,59.776841,314.438893,76.713402,47.714597,424.848257,272.190339,473.529019,19.281690,150.010721,42.283024,274.461650,181.541210,8.592147,41.368566,29.171235,138.352779,255.554126,258.917401,146.663736,69.420846,274.367536,98.037647,106.813179,112.141113,191.839899,71.674436,104.921714,147.326475
2012-02-09 09:00:00,46.273371,129.103362,390.994844,120.921819,71.626064,466.597346,426.431673,429.444254,31.079227,204.312503,51.656714,336.933298,317.881591,15.481099,76.601960,44.621810,275.438702,410.579714,415.309100,272.523446,96.942242,368.268240,160.981707,122.834322,146.077883,220.484616,96.186289,141.203038,275.896076
2012-02-09 10:00:00,41.160165,184.522879,458.179923,159.072089,97.275218,515.749169,500.560439,363.713617,39.631960,254.455504,53.123222,462.348216,412.351767,18.814745,101.979296,54.062674,344.089255,491.235502,381.063955,184.305820,103.106211,562.880415,181.661703,206.546668,165.517025,262.365828,101.511268,164.371468,394.613814
2012-02-09 11:00:00,32.914214,212.075038,619.132286,147.345231,117.943925,581.045096,580.364791,403.600281,47.800336,302.165431,62.559878,488.679841,449.252905,18.344119,118.777111,59.602138,379.166482,565.718993,451.996617,179.084834,122.433971,579.896044,198.631270,238.699518,186.236883,282.806390,108.924668,215.937235,436.545395
2012-02-09 12:00:00,34.458077,225.792588,598.869396,120.940896,133.047358,480.592875,620.296483,431.896327,48.214807,306.851110,67.816415,481.261888,465.138924,16.158590,125.810353,60.550307,391.733643,584.878465,469.350874,182.875905,128.780881,655.066421,205.493382,246.890794,195.595048,300.349049,108.411248,243.256382,463.930760
2012-02-09 13:00:00,32.941272,225.071694,589.581674,103.159200,153.169302,519.388309,623.008687,487.170086,46.207434,312.210219,67.917153,470.199591,475.900542,16.864137,120.943054,57.311671,385.383914,563.858484,401.762222,164.589971,128.083970,638.463123,209.189882,276.067653,192.458654,297.229043,107.656107,237.671007,483.892184
2012-02-09 14:00:00,33.728998,202.214098,587.145258,88.242581,166.355162,416.748655,558.829249,402.346922,43.316807,291.310154,67.360905,436.178003,462.574077,13.366452,112.511227,48.508558,339.295554,488.575877,328.805349,138.745468,112.466994,552.569486,187.190170,240.061992,189.370459,228.923978,84.225427,231.215515,454.031381
2012-02-09 15:00:00,39.179307,150.027435,560.443019,75.298270,182.425298,319.445523,464.084854,330.163048,42.718255,236.167366,61.736275,304.853063,414.831890,11.291426,90.356866,36.118036,261.681517,416.383235,254.800584,118.870888,102.626769,472.961469,165.632762,224.649712,192.769666,218.058961,64.777140,220.973911,442.195270
2012-02-09 16:00:00,37.199868,117.147176,371.599415,61.455238,175.743065,186.321887,352.010218,239.204600,50.088707,176.825228,66.819992,178.377355,326.412068,7.876620,69.729319,6.726519,198.921801,286.938359,184.676587,95.989348,64.887666,452.351603,87.027201,179.491156,171.700637,183.356981,20.828817,197.027676,327.258596
2012-02-09 17:00:00,46.161802,46.642616,489.015262,39.547619,124.917880,232.394209,110.376209,143.552966,36.830040,155.653893,92.601414,158.053905,221.534974,4.530240,30.846387,7.999104,94.522919,147.032169,45.659788,43.922367,69.110193,481.931148,77.382243,232.591123,170.502770,257.332873,17.426317,208.968747,248.205347
2012-02-09 18:00:00,49.395153,53.440306,701.668409,64.091427,75.150428,349.201094,123.443418,187.001840,16.446119,204.957875,98.443011,270.770884,225.321896,1.594266,34.340704,3.060263,109.568702,131.792338,75.959371,32.721764,97.095666,432.951741,121.897435,267.550273,165.537420,325.936722,17.288378,232.779386,238.397840
2012-02-09 19:00:00,52.510928,60.028837,722.324901,53.250522,65.585829,454.354392,87.856126,203.113581,15.867030,235.382371,78.809714,344.404306,258.141892,1.231215,48.257727,1.727079,140.722323,81.136000,82.903025,29.441587,116.209340,406.578215,154.987061,240.132714,169.111699,312.194052,27.817735,206.466128,281.211377
2012-02-09 20:00:00,38.284183,62.957073,691.014008,57.803702,103.949334,484.843428,62.833812,269.937684,11.674428,220.577594,63.151468,378.172499,195.447284,1.325924,45.305631,2.939065,205.330685,42.929100,89.215438,11.360612,117.444654,381.678985,155.877365,189.033149,169.768594,261.329746,38.714931,188.375762,298.185906
2012-02-09 21:00:00,31.608456,47.165515,627.087602,42.366254,107.522921,429.692149,63.945914,221.998653,9.682363,175.212498,70.271995,453.525598,220.272666,1.373278,38.015762,5.484234,293.835291,30.908952,97.421575,4.960267,117.197591,403.957243,172.644754,169.721037,172.338211,229.354767,57.198782,159.524132,384.378796
2012-02-09 22:00:00,33.979581,34.197613,615.780891,32.002350,114.249672,466.143486,74.788917,278.917999,7.041718,148.319417,75.456845,428.668455,249.095355,1.199646,46.932296,5.514534,336.140492,24.040296,118.042125,8.080436,119.466076,413.949698,182.734864,158.937267,160.919838,224.591372,33.933039,134.283424,412.103862
2012-02-09 23:00:00,30.811550,22.693829,550.114991,22.722536,117.087521,521.023751,82.851663,281.031014,8.894802,101.596084,81.125613,449.460908,246.149971,0.789240,39.341193,4.696443,350.301229,18.030222,118.252539,8.320448,124.946377,466.205318,194.902350,119.960634,167.488783,174.384086,42.393309,140.754484,353.636037
2012-02-10 00:00:00,33.470083,13.595381,470.315701,12.532085,114.827753,501.510767,78.681277,256.599276,11.164830,79.185183,80.503431,398.652283,201.758822,0.662962,40.546130,5.696331,350.124220,15.669122,101.840264,5.280285,129.483348,433.770795,205.066653,155.624606,175.081711,211.888983,70.165065,158.237070,343.828531
2012-02-10 01:00:00,40.008637,27.609082,523.370270,7.198361,139.527544,523.869394,87.856126,267.428479,16.747245,80.679243,66.608035,346.749319,179.458056,0.741886,58.198457,5.969028,402.341937,12.664085,106.679781,4.880263,138.647131,419.683073,211.818123,132.154047,172.724619,211.505721,74.165301,153.267582,322.327460
2012-02-10 02:00:00,50.165932,42.041102,620.564499,8.239087,164.647757,630.919787,105.093720,268.352923,17.859095,110.017150,51.571971,434.609156,224.901127,0.678747,84.767317,7.726407,437.743779,15.025185,100.367368,8.560461,133.324051,329.914797,198.018414,108.472042,160.243623,186.046192,77.705740,154.554644,270.649447
2012-02-10 03:00:00,50.812602,31.896856,727.543383,5.550543,216.202002,699.621749,119.829083,335.044964,20.592393,142.071529,41.064009,590.161714,318.943039,0.631392,99.949523,8.998992,486.244303,12.878730,112.571367,8.080436,146.890043,334.501497,226.804905,92.825003,149.173018,193.656675,83.545166,157.736546,248.959770
2012-02-10 04:00:00,53.209854,24.994586,750.374242,8.542633,245.053460,665.609535,140.402986,427.225249,24.923977,158.370366,38.920938,535.913736,434.023410,0.915519,129.831961,13.816634,594.219922,13.308021,106.048540,9.520513,158.479532,333.846254,268.649186,70.341194,155.200992,171.263240,78.717294,153.231831,284.794888
2012-02-10 05:00:00,48.095281,17.151096,763.637884,11.664813,207.373140,686.748600,139.846935,437.262071,12.716787,151.986655,30.002996,532.630718,457.165715,0.899734,122.963820,9.998880,577.581056,13.737312,99.104885,7.280392,166.363081,357.762619,336.831622,69.847819,157.538763,146.843993,78.165538,152.087776,365.329602
2012-02-10 06:00:00,44.091151,15.896138,779.728204,13.659540,232.388248,676.585588,152.080066,420.886204,17.511642,152.801597,24.679884,580.937994,474.417251,0.789240,171.884262,5.575133,539.347067,16.956995,142.870950,10.480565,171.506478,395.602897,350.631332,65.618889,151.510790,177.066918,102.534793,154.375886,517.911764
2012-02-10 07:00:00,51.940153,21.614898,866.092476,14.266630,238.680752,701.446151,165.219102,561.313699,19.127901,226.088546,25.440329,695.717691,620.808812,1.580871,251.261820,13.244070,743.269585,18.387316,134.378396,12.499612,171.024939,436.234129,357.447779,70.833782,137.691197,182.550911,139.616699,188.328933,514.002635
2012-02-10 08:00:00,52.077107,55.234951,1001.183372,27.533641,240.289572,844.431082,304.414951,731.122135,19.634397,350.829624,37.546246,901.729201,859.091170,4.206404,180.990787,34.017612,990.080960,109.095043,204.374967,47.878569,181.833604,408.441868,410.939169,95.902709,124.599364,189.099793,231.571548,222.890383,542.802482
2012-02-10 09:00:00,49.283466,114.528374,1057.997795,64.654076,229.053299,905.902642,511.949824,807.386429,33.371884,486.166180,47.990757,864.495952,960.010890,5.952372,194.489068,51.831008,991.900717,240.248547,317.654477,88.917776,171.664363,517.095596,395.215596,123.218802,127.880549,199.430896,327.042629,239.503950,676.560653
2012-02-10 10:00:00,38.880936,157.842463,1143.927802,86.310513,281.368773,931.692531,601.706801,899.803566,62.279621,507.111457,62.968775,899.711963,928.569923,15.380496,147.203112,54.330444,793.707351,345.403580,350.950196,111.039306,164.904268,732.294308,365.435152,158.741468,128.389973,210.727738,327.017395,217.615545,775.071631
2012-02-10 11:00:00,26.270563,207.266846,1202.958164,86.282474,446.160181,869.064002,695.475982,925.657775,112.833441,544.018144,90.382141,833.291172,1067.778455,23.791707,206.057726,58.483165,641.306747,411.189210,369.222410,125.011592,169.568007,1031.306837,392.106991,189.796212,160.950677,296.144975,309.963210,252.642815,1079.040226
2012-02-10 12:00:00,28.266167,294.736328,1186.214018,103.569031,489.728537,738.781273,838.124990,939.895192,162.437167,600.957727,101.267550,648.438466,961.778387,25.223477,244.597800,59.293919,647.038734,437.787280,368.846862,131.652925,161.103204,1193.534211,383.469501,276.333004,169.207389,403.530661,348.043460,276.200772,1267.332475
2012-02-10 13:00:00,29.185742,512.413642,1245.550123,157.379342,515.995412,769.671997,883.500955,991.391734,189.766111,633.081867,100.486365,571.105236,801.638130,38.638847,396.920797,60.211597,577.345895,427.993422,352.487117,131.724882,0.000000,1084.686730,0.000000,351.413177,0.000000,374.496532,387.459431,0.000000,1413.408983
2012-02-10 14:00:00,26.504125,447.300967,1225.442960,149.173805,429.251325,791.966201,910.913034,920.044847,173.161355,665.860670,94.344936,614.082675,884.389010,33.983418,354.633982,73.004745,479.806280,379.423171,328.124088,128.281993,0.000000,1023.572524,0.000000,274.724556,178.292223,304.023828,439.742074,0.000000,1332.728567
2012-02-10 15:00:00,25.331443,335.487657,1390.377868,157.577362,406.987955,699.937635,839.485627,794.777275,157.895041,622.725335,92.198648,500.105703,998.036177,27.032572,302.949163,82.248564,324.737311,303.359570,310.020643,102.626537,120.816297,971.654577,253.734996,307.178367,163.913874,239.568459,375.911305,227.584435,1324.341983
2012-02-10 16:00:00,20.249269,366.557579,1142.860331,166.577120,367.913829,558.559142,785.900619,735.115928,148.791249,663.669669,68.775705,364.258753,843.930705,5.161633,320.753430,27.275361,270.667475,239.564464,339.885658,77.777159,87.999264,920.556143,186.741232,334.696803,146.970490,315.937531,305.397353,210.541823,1237.352019
2012-02-10 17:00:00,17.923869,437.143798,1166.983065,94.792868,339.017772,584.305439,472.643716,646.714697,121.492805,681.291386,50.949789,391.148240,765.379140,2.067810,272.857982,10.059479,138.775222,87.146074,301.312518,49.762682,80.834444,683.909769,170.864147,244.502607,118.994511,263.738819,295.603671,199.816309,994.330233
2012-02-10 18:00:00,5.506495,332.459362,1117.842358,84.385600,262.658631,623.060391,329.460473,623.603594,95.642286,747.030029,81.644098,406.312661,611.588004,1.546911,226.949882,2.363372,136.651111,49.583111,261.544316,57.843118,87.617440,493.561709,145.490487,212.503708,97.819323,221.634781,252.014889,191.879430,711.798615
2012-02-10 19:00:00,4.605076,214.388705,1208.730922,50.692069,272.643652,569.806208,359.765275,635.885494,84.454293,673.549439,69.649813,462.905651,514.179939,0.883949,200.200281,1.817978,130.455789,20.176677,173.591360,68.163674,96.534160,445.565167,146.009831,201.578973,99.886609,233.077881,179.045061,173.252789,610.140043
2012-02-10 20:00:00,15.552745,180.818571,1194.162660,63.917972,245.736646,587.828616,350.034375,652.657552,84.083676,586.486484,41.617059,578.592981,591.601468,1.341709,242.252582,3.029964,152.935958,21.249905,87.532128,65.763544,103.856202,538.937279,174.573746,190.654238,87.579496,209.315654,129.800772,168.283301,586.941518
2012-02-10 21:00:00,23.907202,138.149990,1110.884382,55.245249,212.365651,578.072125,365.047764,660.449295,55.615677,553.888810,41.893585,733.676536,652.192230,2.462430,257.254048,7.605208,204.445639,24.254942,65.438682,46.562510,104.934294,515.184724,179.025265,160.135464,78.460255,189.331293,136.421853,144.722924,470.383081
2012-02-10 22:00:00,28.100760,105.207335,1099.795108,47.266343,148.724275,560.591744,475.701999,708.652453,27.495131,511.376011,54.164395,798.711575,713.203761,3.851494,204.959782,26.360683,219.491422,33.270053,62.492890,30.641651,110.908720,466.205318,183.921936,185.790970,75.794036,176.409897,134.812562,168.247549,423.043003
2012-02-10 23:00:00,40.165406,134.698855,1058.482124,32.566077,134.797797,634.578472,521.298216,691.748332,19.642688,446.044839,69.511550,842.172491,760.961063,5.303696,208.936074,25.754690,271.178112,35.416508,91.109162,21.121138,108.258411,492.578845,198.834526,233.859802,68.471594,202.964460,131.548002,182.154964,381.549708
2012-02-11 00:00:00,45.417152,138.672889,925.628267,26.451807,136.532037,633.358910,551.046968,687.786429,36.714222,352.326526,79.639290,797.617235,742.867989,7.166304,237.191847,14.634724,300.561641,28.333206,137.821019,17.040918,99.319231,439.504170,168.490003,297.223262,66.983921,239.429076,133.111313,177.328484,393.620485
2012-02-11 01:00:00,36.448685,133.548476,803.428810,14.830357,150.616173,599.617710,570.230742,674.315957,50.149080,223.294067,95.332101,752.436643,738.449912,7.560924,241.288633,8.605096,319.324617,30.050370,136.558536,15.120815,99.588754,378.566581,145.713063,246.899001,65.786055,197.160782,136.467833,151.944769,399.278662
2012-02-11 02:00:00,32.431491,82.722666,692.970939,25.584534,156.029106,593.655410,503.782596,623.735657,55.221897,159.049484,95.193839,755.406994,673.441074,2.399291,190.741526,8.544497,281.267637,42.929100,149.393776,12.240660,115.153708,279.788715,155.358021,226.741104,68.548876,157.137308,106.029253,132.138322,352.881613
2012-02-11 03:00:00,40.583455,65.362410,693.188376,31.395259,157.290372,597.178587,355.038838,598.643603,58.765919,136.231113,85.411756,771.978422,624.211080,0.757671,152.424529,10.392775,253.831209,60.744677,145.816742,9.040487,121.397658,235.559820,189.115375,170.778270,63.197117,116.730572,101.339321,128.277137,350.618343
2012-02-11 04:00:00,47.716424,63.061653,672.966757,59.234702,183.776957,640.676279,253.837478,560.081076,63.699755,117.894921,62.321892,848.113191,653.875307,0.426190,156.039340,10.877569,270.293066,80.706709,128.983641,6.320341,120.723850,178.389878,194.605582,141.175763,56.782736,102.221378,63.222126,124.165690,307.050383
2012-02-11 05:00:00,51.171863,47.688414,612.301903,77.100512,130.488471,658.698687,185.721178,489.163005,32.289985,125.501045,56.618558,855.617234,732.979913,0.426190,128.687271,17.482890,278.612498,106.678815,113.413022,7.680414,118.140921,107.787456,190.302447,106.709988,55.971278,59.186561,40.324221,161.418972,210.484169
2012-02-11 06:00:00,54.751412,32.628915,529.241062,62.096700,108.363765,557.204073,140.681012,411.509699,23.812127,143.293942,60.489912,763.223705,687.747226,0.441975,100.491745,11.180565,280.382591,126.640846,116.358815,16.000862,120.836151,108.606509,173.089906,90.499091,55.604189,59.460319,56.463106,183.513529,207.466475
2012-02-11 07:00:00,51.045904,54.445164,568.804842,65.045426,147.721189,660.159088,97.904478,329.104505,27.720753,125.380955,67.230216,825.651878,738.887273,1.345256,117.939073,15.659668,237.946579,167.961379,119.520614,31.165470,123.044623,154.228540,168.945251,96.588199,59.232358,78.373795,55.530780,198.390457,258.124596
2012-02-11 08:00:00,55.662690,122.976280,761.285689,91.442257,209.971956,910.634004,174.255716,397.936382,51.216285,203.832711,72.393455,987.877944,826.316100,5.842440,190.184969,31.321198,339.983442,300.518688,186.955892,72.444181,141.812258,248.538599,262.773215,120.920482,75.081339,106.865872,79.287038,230.900238,382.994072
2012-02-11 09:00:00,46.858974,183.877591,942.969353,109.279409,233.260492,986.334854,354.713096,525.455486,73.899978,301.865725,95.849333,1168.697016,937.708658,10.178823,269.053941,54.941193,505.819095,419.742066,306.317839,133.224294,160.891013,382.623915,360.235498,179.598283,100.368247,140.280672,95.581490,248.184505,551.037846
2012-02-11 10:00:00,39.887200,200.883314,1181.437693,111.483007,226.025305,1125.184787,441.419078,583.313471,97.533878,333.089051,108.894103,1326.834217,1179.463462,19.656957,238.900541,64.980565,514.008712,430.909930,334.182200,135.563035,183.572326,488.285611,335.019053,209.509427,110.637318,167.254297,117.709107,265.384321,603.593876
2012-02-11 11:00:00,46.210685,257.841460,0.000000,155.151604,344.517412,1166.016256,492.610897,608.235311,136.974174,385.040884,134.801412,1342.638169,1353.796389,28.475533,405.676771,68.134689,537.514131,518.482603,385.826653,153.096295,0.000000,610.350210,0.000000,235.122783,0.000000,201.782508,129.060202,0.000000,845.327794
2012-02-11 12:00:00,46.916167,313.532606,0.000000,170.365180,340.293830,970.336344,532.037025,630.969025,142.999800,412.897432,139.221814,1249.930879,0.000000,36.078282,374.433966,68.098786,518.105374,626.046364,430.718568,184.394483,146.962920,708.247066,0.000000,382.325337,0.000000,252.115536,150.083246,0.000000,0.000000
2012-02-11 13:00:00,50.783712,382.375854,0.000000,180.110870,0.000000,1043.407919,547.677555,677.534337,0.000000,239.150444,146.984467,1112.916474,966.170782,40.691985,0.000000,61.283905,476.652854,658.736289,399.351543,163.922015,222.502760,808.249796,0.000000,384.908387,0.000000,313.603233,171.804779,0.000000,225.834945
2012-02-11 14:00:00,56.046585,428.017042,0.000000,143.741306,286.337229,1236.300495,523.218623,729.250400,107.221704,529.385682,146.803319,1131.925559,0.000000,36.185284,226.272121,52.014668,434.230178,545.830355,339.421602,140.039559,0.000000,848.831869,0.000000,307.537076,0.000000,261.430923,232.855188,0.000000,0.000000
2012-02-11 15:00:00,50.657698,396.374445,0.000000,117.582255,335.465427,1279.843396,479.479758,685.177148,113.043253,554.601012,138.285690,1215.229763,840.892693,38.376277,190.348853,44.646443,310.977410,435.475151,261.694218,109.756248,0.000000,855.261519,0.000000,287.553636,0.000000,260.402676,244.999259,0.000000,158.407027
2012-02-11 16:00:00,37.911858,437.679034,0.000000,108.816781,321.397937,1234.331689,411.922635,607.702258,114.656635,606.936144,144.535149,1222.544157,1020.659931,35.327715,237.942475,63.740814,236.278898,315.874311,186.818168,65.724430,0.000000,752.680563,0.000000,242.531225,157.828570,210.351085,219.737120,0.000000,1078.702488
2012-02-11 17:00:00,24.194611,303.177003,1743.842777,58.107248,218.777087,1220.374486,189.891563,513.198553,74.725603,584.177483,140.993343,1281.940676,851.426437,22.919544,197.067445,104.745839,143.023443,127.928719,78.484336,23.681276,139.231097,571.863235,363.540737,179.588540,145.869225,156.644543,168.561683,336.316340,855.139089
2012-02-11 18:00:00,18.413771,202.780341,1568.806189,51.732796,172.635775,1133.785623,176.268303,521.782677,61.730853,577.929595,133.458029,1303.202131,716.780299,18.215670,123.144561,114.835617,138.067185,181.375450,111.729712,62.883389,117.624336,597.253897,242.978758,166.760787,143.106404,166.554596,119.133475,332.776920,838.918983
2012-02-11 19:00:00,5.003529,191.485716,1582.722141,77.013785,195.233456,1148.284854,128.725906,536.441719,63.444956,556.605283,121.256349,1317.272212,843.431823,13.054038,147.122807,156.527915,188.514810,148.749333,96.369506,56.643053,108.213490,646.888546,152.464534,188.469292,114.203045,202.745453,131.777900,320.049312,925.489085
2012-02-11 20:00:00,4.931677,181.341470,1578.808280,103.552319,187.035227,1121.996529,102.869515,615.283597,44.914118,523.871786,109.815115,1400.442022,972.607961,11.128291,225.142477,192.826878,256.840365,106.464169,67.753234,37.282009,97.477490,663.924861,104.017166,164.434876,118.163733,193.218662,113.753847,280.972692,792.333329
2012-02-11 21:00:00,18.740372,143.274403,1384.202384,118.859676,159.234824,976.055676,105.093720,618.056929,23.997435,530.119673,101.311961,1396.690000,849.743361,14.853506,187.668937,196.735531,229.049919,101.098032,78.273922,33.521807,90.222829,617.402616,77.308051,161.968000,116.038486,184.075132,90.672024,269.889662,743.295798
2012-02-11 22:00:00,14.161425,90.670735,1194.814970,99.346048,135.480982,812.769950,89.246255,695.974363,10.400433,559.185932,105.321578,1243.638790,774.004908,17.300151,150.315890,161.375857,201.967510,105.605587,97.211162,28.961561,88.673072,620.678830,60.095510,141.246245,122.163061,182.815843,92.005436,264.777167,759.704510
2012-02-11 23:00:00,11.757640,88.683718,1121.321347,138.286577,121.974926,751.114343,96.196897,692.672776,5.026490,513.413365,116.382591,1095.746610,835.437208,20.094063,91.093237,112.108650,211.703017,107.322751,136.979364,45.602458,76.140252,668.839183,42.289433,144.840836,112.502848,199.296098,95.269996,256.625777,746.690704
2012-02-12 00:00:00,11.986261,104.161537,975.856157,188.241464,93.018363,724.283991,102.869515,692.144523,4.262093,515.858191,108.743579,959.892165,843.431823,17.899974,81.333247,33.056902,237.723371,174.936084,161.597775,62.163350,73.534862,773.514235,38.950793,145.968550,131.050458,243.809210,127.731684,234.423965,699.350627
2012-02-12 01:00:00,6.623471,152.686590,836.696634,234.857353,168.957082,642.844388,111.488312,712.878484,8.037751,570.866766,91.357050,819.035025,740.974527,7.308367,81.574234,13.665135,375.790555,401.816380,192.107772,102.565528,89.481641,747.140709,53.121463,136.735387,154.737301,258.811169,153.848170,218.836219,741.598345
2012-02-12 02:00:00,3.494632,104.266116,806.472925,275.358972,155.083157,719.676759,121.219212,721.066417,11.790246,692.157278,73.417470,752.436643,670.916459,3.078038,88.683363,8.271800,535.806882,517.081015,229.561423,119.926464,102.598427,710.447107,77.530627,89.230413,161.499451,227.985976,161.158947,170.571410,699.350627
2012-02-12 03:00:00,4.820633,53.440306,743.851140,236.895443,146.464506,712.901418,142.071140,735.461333,9.867671,661.461135,76.113592,769.008071,587.814546,1.010228,93.563357,8.817194,551.737711,452.258074,287.846037,183.609896,106.865875,691.772684,84.801441,113.405793,159.277602,266.038390,200.425634,144.722924,709.912556
2012-02-12 04:00:00,5.793904,67.767747,794.731340,214.693271,149.932988,659.105208,149.021783,750.384502,6.508957,582.819246,64.084741,763.223705,552.049165,0.868165,77.537695,13.574237,499.342985,368.331682,328.035067,277.774971,113.469189,659.174350,106.465502,120.665455,147.801268,293.359476,176.975973,142.077297,733.111080
2012-02-12 05:00:00,5.911480,54.276945,857.787999,210.703818,146.727270,629.835733,141.515089,730.971176,3.613513,549.949925,54.855709,786.517505,532.483398,0.789240,70.910542,18.513077,446.417231,300.503703,327.614239,274.974820,117.826478,689.970766,122.342587,115.167847,139.435523,292.483449,94.856179,157.879553,710.478374
2012-02-12 06:00:00,9.419176,39.740345,950.633494,168.554382,140.158177,690.271778,135.398523,722.519115,4.841181,546.690157,55.823547,789.018853,618.109927,1.041797,84.466083,17.088994,343.574879,296.425439,321.722654,282.335217,122.520670,714.706185,140.816392,144.558907,145.482817,294.290254,53.934221,221.446094,744.993251
2012-02-12 07:00:00,14.953326,99.748822,1047.280263,133.516579,164.215490,685.690636,168.715893,762.320716,12.626558,561.469817,76.009895,790.774006,670.588918,2.070024,77.123746,23.327104,254.152001,327.807720,331.022779,355.370111,130.390003,620.409624,163.729135,145.751054,143.482742,273.866122,70.416745,298.925140,734.862629
2012-02-12 08:00:00,18.211164,147.648295,0.000000,156.101310,221.982955,813.442000,329.399834,799.082464,37.937059,663.362099,88.096124,923.419000,866.925465,9.220488,175.760411,42.162611,364.907526,471.821228,430.947009,477.502416,0.000000,678.927440,0.000000,168.202894,0.000000,280.805716,84.339362,0.000000,837.099399
2012-02-12 09:00:00,23.528905,193.815232,0.000000,215.459653,276.635908,873.962543,619.945594,876.322996,0.000000,670.672218,86.298409,1026.555299,0.000000,19.625256,195.316212,71.696849,499.480486,615.448287,584.376989,489.118224,0.000000,772.522472,0.000000,219.116985,0.000000,302.083716,110.917988,0.000000,0.000000
2012-02-12 10:00:00,33.031881,226.094212,0.000000,269.556091,0.000000,935.502825,626.121059,1045.890990,0.000000,0.000000,91.252870,1097.710126,0.000000,26.671306,0.000000,74.371782,430.439983,618.051301,588.369030,367.683629,0.000000,850.997874,0.000000,297.182100,0.000000,326.500748,123.742760,0.000000,0.000000
2012-02-12 11:00:00,27.857074,79.235876,0.000000,359.116364,0.000000,996.173481,640.895023,0.000000,0.000000,0.000000,148.285346,1253.889569,0.000000,34.626487,0.000000,75.810942,450.821122,754.250093,794.603614,555.796161,217.874867,1193.700657,0.000000,430.067333,0.000000,387.469165,125.005530,0.000000,0.000000
2012-02-12 12:00:00,33.507657,0.000000,0.000000,408.341310,0.000000,954.906605,664.465269,0.000000,0.000000,0.000000,188.482089,1270.666827,0.000000,46.125418,0.000000,72.435524,466.279721,137.754810,751.227931,501.445069,220.399443,1261.556021,100.469839,476.358619,0.000000,475.573934,118.580413,0.000000,0.000000
2012-02-12 13:00:00,35.216002,0.000000,0.000000,370.285558,0.000000,1086.141747,141.874548,0.000000,0.000000,0.000000,180.286234,1209.632202,0.000000,43.810823,0.000000,71.700573,507.185400,0.000000,717.121614,575.216523,213.495431,1312.821460,0.000000,523.020070,0.000000,490.349741,119.178376,0.000000,0.000000
2012-02-12 14:00:00,33.149850,679.674271,0.000000,334.075154,0.000000,1166.459288,643.331977,0.000000,0.000000,0.000000,171.498283,1247.663476,0.000000,40.263757,0.000000,78.267748,0.000000,743.336124,0.000000,534.765817,0.000000,1258.763346,0.000000,493.718624,0.000000,477.623128,120.690017,0.000000,0.000000
2012-02-12 15:00:00,29.581050,669.588042,0.000000,241.907320,0.000000,1114.716837,610.492631,0.000000,0.000000,0.000000,173.632155,1160.621221,0.000000,36.724655,0.000000,83.428347,0.000000,719.215686,601.516656,418.322964,0.000000,1207.367011,0.000000,483.918651,0.000000,477.816688,178.419337,0.000000,0.000000
2012-02-12 16:00:00,26.663715,681.991006,0.000000,196.553309,0.000000,1084.325631,524.139018,0.000000,0.000000,0.000000,148.564178,1135.764896,0.000000,27.102364,0.000000,60.242718,0.000000,565.606939,584.656961,372.268968,0.000000,1053.420818,0.000000,376.599062,0.000000,388.148382,210.725093,0.000000,0.000000
2012-02-12 17:00:00,22.476689,588.784589,0.000000,155.892205,455.789976,1101.670505,341.971630,801.493056,198.140983,890.323971,117.419561,1316.177872,-0.000000,14.301037,389.556130,40.934807,302.154724,265.301841,490.474497,289.055579,0.000000,793.826765,0.000000,262.757487,0.000000,272.006322,231.048133,0.000000,0.000000
2012-02-12 18:00:00,16.107967,418.842323,781.863550,161.876385,416.585627,1115.627708,281.083998,745.234028,199.252833,891.138913,121.982228,1310.393506,1654.043650,15.232341,327.742862,47.085633,305.694908,215.504084,379.376027,155.368374,0.000000,661.303890,0.000000,223.216996,117.758004,233.132633,186.217898,0.000000,912.098067
2012-02-12 19:00:00,14.566410,308.615155,1976.065231,142.145938,408.282293,1129.313898,243.828552,693.333094,191.539372,798.914660,86.379594,1367.299165,1826.348629,10.733671,365.758624,70.022457,454.205636,259.506412,396.629956,124.566714,126.877959,568.423210,259.300995,188.892185,119.805969,205.975802,103.132530,249.153670,849.669518
2012-02-12 20:00:00,0.875291,218.362739,1913.226009,161.095839,340.804566,1142.864581,199.066412,700.200393,162.399629,670.561319,89.041150,1406.226388,1829.083629,13.527582,340.575441,54.842340,483.058137,289.127492,333.716239,102.165506,121.599800,575.467071,214.043883,156.611356,122.047139,208.713386,64.049761,221.732108,812.325553
2012-02-12 21:00:00,0.999399,190.858237,1786.677817,189.845918,326.667877,1141.916033,172.653969,747.875297,155.890673,555.247047,97.336910,1411.698086,1816.460554,13.717000,350.034196,69.022569,459.869931,281.614899,273.748314,89.204808,127.012721,668.347751,205.215037,178.108414,129.408221,251.091182,42.255370,194.954077,893.614690
2012-02-12 22:00:00,5.911480,137.836250,1666.435292,182.387376,291.194772,1015.759177,198.510361,759.364817,128.001762,578.201242,120.288511,1355.730432,1784.482096,12.975113,405.581792,68.204479,436.681724,262.726095,293.316795,71.683864,138.826813,691.117441,88.585393,187.975916,115.555475,270.801786,38.485032,195.526104,808.364829
2012-02-12 23:00:00,9.850290,98.932544,1367.242317,152.639934,258.349305,907.624729,187.389332,808.228292,90.129362,624.652928,135.117181,1262.242563,1633.846729,6.219215,414.257338,50.115597,356.319542,259.935703,335.820376,53.842902,91.333712,643.612331,0.000000,145.827586,105.914582,198.584326,72.096214,0.000000,563.931600
2012-02-13 00:00:00,11.999325,78.434892,1164.808698,161.009112,271.487492,876.864679,202.124695,810.869561,79.728929,553.481340,127.996654,1210.339599,1481.738670,4.356607,419.137333,47.691626,290.118097,347.511068,500.995185,94.645101,0.000000,590.537657,0.000000,115.661222,0.000000,157.246811,81.935875,0.000000,472.080534
2012-02-13 01:00:00,18.916737,119.325616,0.000000,222.975722,0.000000,804.097513,239.380141,806.775594,0.000000,527.267377,115.138227,1086.835559,1322.687920,4.325038,395.942296,58.084401,297.906502,578.040338,768.220673,200.970832,158.120168,528.453393,29.603726,114.674472,0.000000,155.659013,88.281078,0.000000,510.556134
2012-02-13 02:00:00,35.181473,56.054803,0.000000,227.919174,199.700439,855.454600,284.420307,730.707049,52.882378,559.593403,85.619150,1099.967634,255.488074,1.247000,371.723062,46.843236,319.324617,600.148825,823.559494,172.969323,142.054535,517.641885,0.000000,96.842486,0.000000,142.956624,104.833780,0.000000,0.000000
2012-02-13 03:00:00,44.522265,33.151814,0.000000,248.386802,210.841622,817.512688,249.111041,783.004174,39.517012,594.907550,71.689187,1127.013455,41.436093,0.805025,331.899894,41.116605,335.078437,571.600973,865.642248,342.738473,0.000000,504.373217,0.000000,96.701521,0.000000,157.027804,90.947902,0.000000,0.000000
2012-02-13 04:00:00,42.144609,16.314458,0.000000,278.524516,194.392612,795.289569,265.514558,843.225105,32.869073,654.262482,49.670859,1114.819386,975.460424,1.215430,256.350345,46.328142,389.774283,588.772613,850.282043,482.025980,0.000000,391.343818,0.000000,61.108031,0.000000,94.063378,98.856415,0.000000,0.000000
2012-02-13 05:00:00,34.476014,11.712944,934.543174,321.627952,209.370145,888.518266,329.738498,804.530515,54.781789,615.960215,27.790794,1179.854425,1162.164477,0.868165,179.716352,52.388069,484.651220,648.229417,913.195760,482.105984,0.000000,330.242418,0.000000,36.227829,0.000000,70.355903,115.409117,0.000000,397.769814
2012-02-13 06:00:00,20.641191,8.784708,981.944386,289.842420,228.762109,840.413342,474.589896,805.851150,81.188233,646.792181,12.270811,1178.603751,1253.261005,1.341709,189.596836,31.602520,524.655302,633.204232,854.700732,396.901392,163.106344,325.655718,274.361969,31.505525,118.666064,59.241313,127.501786,260.415459,386.830673
2012-02-13 07:00:00,9.774718,15.909275,1147.453210,286.156513,248.720564,844.878623,595.814876,811.119127,69.165010,609.167327,8.848810,1191.249021,1277.763985,1.816233,196.041525,25.101039,541.003643,663.123090,921.607006,463.665651,142.998276,331.937340,192.036459,30.101292,126.065518,67.899222,106.347530,265.915209,406.940168
2012-02-13 08:00:00,14.115586,67.281120,1250.815031,288.750616,238.925183,856.895131,693.354579,744.950183,52.164972,717.774585,15.546634,1326.706685,1304.563731,4.689576,279.269585,41.887800,704.403164,607.093280,1018.257948,500.077999,147.969031,450.398906,230.008107,77.459451,122.981168,97.205086,103.992282,242.868977,477.500625
2012-02-13 09:00:00,22.916445,136.048180,1427.476406,286.075777,289.348099,838.909439,1073.204108,752.287680,52.665326,807.735902,21.037958,1364.272483,1378.420917,6.469933,340.085650,60.372673,718.463362,817.180158,1087.302226,448.753762,157.164131,510.353750,286.509528,126.069862,133.181330,137.306505,118.755156,267.941005,707.436216
2012-02-13 10:00:00,26.563584,180.543736,1753.477683,292.905469,315.556959,860.486159,1056.025412,822.966325,63.023684,861.809826,29.962707,1296.034495,1459.952954,8.961994,274.829484,70.803128,579.200847,723.718301,1335.942607,495.744582,173.561511,727.056363,355.333962,155.227344,0.000000,153.782672,135.501637,0.000000,860.235156
2012-02-13 11:00:00,29.622056,173.976077,704.416975,310.016780,469.009882,925.640567,1182.056376,910.608625,0.000000,811.700003,31.507159,1219.786918,1637.246974,10.323806,436.438779,70.120129,534.726082,826.452615,1663.112016,649.911592,180.534189,808.238239,418.704637,143.280792,0.000000,140.405077,140.056536,0.000000,1161.317936
2012-02-13 12:00:00,31.639188,194.837241,1343.820175,315.248251,0.000000,721.955122,1270.601883,994.566511,0.000000,365.623302,40.518573,1035.905562,1632.747563,11.550548,0.000000,66.551728,493.533952,984.543898,1689.644841,607.116459,174.517851,739.914195,424.633731,155.670748,0.000000,172.144428,148.515765,0.000000,1252.697423
2012-02-13 13:00:00,34.171854,260.444570,1739.484306,328.845311,0.000000,714.579128,1427.083908,0.000000,0.000000,0.000000,54.563070,914.556602,464.753100,12.307129,0.000000,61.695286,501.512458,1214.007878,1632.172815,598.478025,149.495140,634.762571,361.715353,185.849309,0.000000,188.644894,137.740402,0.000000,1302.404615
2012-02-13 14:00:00,30.159031,323.125633,1092.371876,322.120400,0.000000,684.930195,1129.909379,898.061583,0.000000,0.000000,79.071793,791.020895,1811.494152,12.755713,0.000000,67.065404,478.627250,1018.200249,1224.058382,520.862970,124.837091,520.998365,361.070508,174.483875,0.000000,142.614973,119.564496,0.000000,1268.525045
2012-02-13 15:00:00,33.232268,328.504891,903.378531,248.033388,379.358302,783.594309,888.814459,765.984034,0.000000,766.644844,69.706532,778.168247,1759.942433,9.182629,527.578554,69.064248,435.778662,899.284688,917.128646,377.211639,97.551207,524.986402,261.244281,136.171189,0.000000,108.188815,109.403188,0.000000,1238.739258
2012-02-13 16:00:00,27.898268,179.805908,1993.149878,231.584523,396.001934,814.260525,675.508579,556.685770,132.909267,611.579265,61.531335,839.185352,1718.246196,16.952919,483.961978,65.864601,436.705945,671.023644,699.844945,471.414124,87.842042,483.849783,59.477077,112.608701,0.000000,47.242902,72.234153,0.000000,1187.941880
2012-02-13 17:00:00,30.707037,114.096623,1905.398286,187.070646,334.866105,928.628287,541.872119,333.724329,131.406803,419.830876,157.170074,1063.854427,1508.457513,12.911974,313.524605,52.539567,439.336862,300.074412,503.520151,396.661379,107.135398,408.380133,194.308814,116.577490,133.523472,38.928441,73.843443,320.263822,1003.194710
2012-02-13 18:00:00,30.445756,50.407491,1686.222037,130.004126,256.299748,897.461717,313.613007,218.697067,69.027371,418.880111,178.013170,1156.716959,1357.822146,6.329709,198.995344,66.992493,477.924870,104.532360,221.986527,196.490590,107.899047,337.613901,199.279678,101.494308,95.771358,51.630830,74.625099,316.760154,699.539233
2012-02-13 19:00:00,26.689844,69.127285,1657.302948,140.324667,242.846245,886.485664,175.156201,162.966293,62.286778,422.139878,108.432488,1252.706175,1278.927925,3.993557,287.799201,97.261829,397.031661,84.999619,118.462952,136.327348,127.776369,368.082695,179.841377,78.446642,89.608141,57.927272,90.580064,316.617147,732.545263
2012-02-13 20:00:00,33.489679,91.089055,1781.459335,137.852940,218.041348,937.029710,190.169589,182.907873,42.088165,395.518444,80.192340,1347.288384,1199.612934,1.752114,234.299998,88.444635,358.443653,92.297566,176.747566,89.844842,129.258746,326.638582,167.673891,45.672439,62.366339,48.893246,98.902395,278.720334,657.857332
2012-02-13 21:00:00,30.053835,81.990607,1739.711478,105.850591,220.931749,856.267641,253.003401,110.801232,23.279365,396.061739,62.909508,1388.091618,1206.134857,0.615608,213.996810,85.717668,503.237187,128.787301,235.242594,52.722842,123.396620,334.337686,113.884700,44.333278,49.228449,38.326173,78.441416,227.130616,547.711494
2012-02-13 22:00:00,23.449960,90.984475,1464.219110,70.682697,224.190020,657.479126,349.200298,78.841878,10.493087,384.109258,64.464963,1275.218304,1214.550240,0.678747,176.222035,36.389862,485.359257,101.098032,303.627070,33.281794,117.287432,322.870935,103.794590,50.535708,38.834059,28.470871,71.268578,229.025457,585.432671
2012-02-13 23:00:00,22.424433,81.572288,1317.666737,54.291249,215.886685,607.748120,364.769738,76.068545,7.273354,346.486110,53.957002,1140.301865,1208.238703,3.346380,134.169734,18.725175,666.262671,81.779936,277.746176,20.721117,111.627448,286.177333,93.333520,77.036999,30.159187,26.499811,64.877396,255.338716,568.835353
2012-02-14 00:00:00,18.537880,89.520357,1243.085929,48.003525,176.945100,649.484223,273.577304,82.539654,2.663808,307.368901,53.161991,1092.619925,1167.424092,14.964000,139.049729,26.390982,615.107009,73.408762,238.398801,22.801229,110.908720,357.271187,87.323969,122.357027,30.159187,34.274549,67.314322,284.941132,624.474090
2012-02-14 01:00:00,13.782567,158.333902,1126.104955,48.957524,166.434550,677.534136,204.904952,105.650757,3.590350,320.136323,60.213387,1078.862513,1150.382940,34.868644,161.220570,39.722822,711.046001,36.919026,174.853843,15.840854,113.132285,434.426038,77.011283,147.448675,45.441645,67.235057,56.049288,307.035689,580.151707
2012-02-14 02:00:00,13.926272,171.615544,1021.735313,63.224154,165.015626,722.251389,157.918606,143.156776,7.342844,355.586294,85.100665,1086.679224,908.651046,65.222833,129.892208,43.904171,808.047049,22.752423,119.515021,7.200388,114.592202,475.706340,75.379059,98.604540,45.538247,82.948788,63.084187,304.425814,511.499164
2012-02-14 03:00:00,10.398980,162.412516,987.380305,62.443609,164.963073,711.139829,137.900755,127.177099,8.338877,377.997195,106.323982,1118.727741,838.172208,90.841579,146.520338,49.176308,876.549614,18.244868,121.198331,8.880479,106.865875,511.089456,70.037236,57.583923,37.133861,57.817769,69.843207,296.167169,508.104258
2012-02-14 04:00:00,14.200617,141.496545,1132.628058,61.879882,166.171787,783.906995,162.923069,166.003752,12.786278,358.574414,147.526254,1146.711568,976.605269,64.670365,146.761326,61.023465,949.654418,18.459513,156.758258,8.640466,73.984067,528.781014,51.489239,51.804386,39.684157,43.472830,52.141012,292.341736,521.872488
2012-02-14 05:00:00,9.954802,102.174519,1188.074430,106.761227,204.377634,846.511150,197.676284,195.189774,23.487837,378.540489,188.106343,1084.021542,1108.095638,50.416682,155.436872,90.747407,951.070492,18.244868,192.528599,7.840423,72.591532,588.244307,40.212057,73.160480,56.975940,61.759890,58.946011,269.210379,622.965243
2012-02-14 06:00:00,4.827165,143.588142,1026.301485,114.176405,163.596702,905.456619,224.644778,142.232332,43.153688,280.883291,238.675910,1087.148227,1001.430650,39.083189,174.414630,116.138502,989.304481,15.669122,226.194802,7.520405,45.010343,599.219625,22.257596,97.265379,80.991231,73.750506,55.037734,229.847746,644.089102
2012-02-14 07:00:00,2.856071,175.704375,990.035219,120.941571,224.003243,906.259888,200.115970,104.545959,45.795885,239.662285,236.014354,1281.750413,966.357059,35.743022,237.361446,99.884809,1009.265761,22.547964,244.942870,9.582147,62.158017,671.478559,38.013635,164.033427,97.353691,86.439637,36.298972,225.425487,710.041409
2012-02-14 08:00:00,3.348512,224.228991,1022.100086,231.071819,272.347445,766.809295,294.004428,142.868136,59.913154,338.612984,235.137203,1364.633838,1077.931073,32.814394,292.342773,91.724313,1052.855612,107.362151,268.980659,43.428566,74.753580,591.044181,77.301996,127.997322,79.459053,78.412117,40.530734,215.107837,722.169441
2012-02-14 09:00:00,2.956303,203.557576,1688.226768,252.856750,321.138253,744.091498,510.988922,208.043247,84.133076,464.031853,252.766920,1342.114902,1139.419608,44.005009,329.337114,91.510906,963.812325,227.741738,389.154079,84.965702,82.827956,516.589866,134.318567,153.132108,57.229196,104.848962,49.100117,242.990578,664.938941
2012-02-14 10:00:00,8.756753,151.834117,1974.118021,209.475869,357.157752,800.617387,560.129553,270.363374,109.679947,568.098735,265.766560,1307.016876,1231.921589,64.063669,199.694176,84.479995,962.337338,338.151916,373.457197,110.326684,86.990909,761.683063,168.801275,151.127573,72.996876,127.115089,65.572004,247.603321,631.818011
2012-02-14 11:00:00,12.101932,179.980913,1856.570620,231.003161,360.542877,767.769969,796.484243,328.413694,89.802164,638.278517,316.726005,1361.880919,1483.791883,54.552985,166.422444,189.256833,1073.760006,418.359986,442.201054,126.646264,101.222840,1025.122377,18.257043,234.386875,0.000000,231.907046,84.155006,0.000000,702.321869
2012-02-14 12:00:00,14.149436,0.000000,1974.341830,283.357954,0.000000,534.598900,989.358444,0.000000,0.000000,0.000000,328.744751,1251.155068,1316.762372,46.990960,0.000000,217.276004,1424.468363,449.260702,480.156023,126.575466,107.481680,1157.760279,204.802303,497.080371,0.000000,277.416769,90.867231,0.000000,1031.300552
2012-02-14 13:00:00,16.587886,0.000000,2153.236897,0.000000,0.000000,512.414116,984.574494,0.000000,0.000000,0.000000,299.044684,1066.752091,611.844674,40.249425,0.000000,199.041839,1413.246873,467.064593,508.312621,124.817748,147.870996,1284.758260,250.773791,594.663140,0.000000,332.911889,111.108623,0.000000,1111.837112
2012-02-14 14:00:00,12.618413,0.000000,2208.303020,0.000000,0.000000,513.941092,1033.372952,0.000000,0.000000,0.000000,270.845120,928.838485,1277.607931,46.181529,0.000000,130.260121,1252.350063,417.212162,509.865408,117.078382,167.082691,1250.828403,339.584498,653.170167,0.000000,325.569968,130.824180,0.000000,1514.728112
2012-02-14 15:00:00,10.628786,0.000000,2150.614605,342.148849,0.000000,501.288492,794.268410,0.000000,0.000000,0.000000,259.257194,815.434053,1273.151537,56.885898,0.000000,118.995528,1408.591627,331.122385,418.984230,101.581279,155.413704,0.000000,346.003993,639.628740,0.000000,0.000000,147.386484,0.000000,1477.643033
2012-02-14 16:00:00,7.884151,685.622619,2029.403247,274.346089,429.599826,349.799921,576.226551,642.109991,135.771493,926.696179,0.000000,719.404535,1350.872123,0.000000,396.374788,91.467601,1053.196656,237.722226,298.869771,64.534118,119.219013,0.000000,288.235870,0.000000,0.000000,0.000000,126.766110,74.123908,1411.508563
2012-02-14 17:00:00,12.463099,681.860661,1849.517040,152.119571,432.193793,340.664164,390.070078,614.359153,145.814530,841.155812,207.774206,664.107804,1342.464071,0.000000,365.517637,41.813497,541.825195,46.792720,139.293915,26.001401,113.177206,0.000000,271.616865,0.000000,0.000000,101.055727,105.017699,297.060962,1176.523519
2012-02-14 18:00:00,13.998124,589.202909,1631.210538,179.265195,316.998171,579.562700,240.492244,609.208678,112.088405,913.549813,194.639254,810.592976,1136.918327,32.658771,273.339957,24.663903,405.174084,30.694307,99.525713,21.761173,102.665808,1061.821108,200.615133,433.958649,93.646111,300.915207,96.097632,273.750847,927.563749
2012-02-14 19:00:00,17.440500,399.285890,1347.890445,183.905102,246.840254,672.926904,215.191904,641.432159,50.728168,858.948709,205.423741,849.051197,909.282200,22.524923,201.826946,23.633715,328.352087,21.464550,80.588474,14.400776,119.466076,995.313954,188.744415,322.173946,86.613475,247.313317,72.280132,222.482894,755.366575
2012-02-14 20:00:00,13.024853,275.045021,1033.259461,181.303285,175.368517,637.966142,199.344438,483.484277,65.784474,696.096163,201.483255,1001.946072,1040.141415,27.197227,174.896604,36.904956,282.152683,18.888804,77.853095,11.440617,116.591164,1075.253587,156.174133,259.303861,79.522878,276.331705,49.198309,155.090920,640.505590
2012-02-14 21:00:00,8.282604,296.902211,925.193393,160.098476,144.940477,578.072125,195.174052,485.333166,48.180178,718.778711,184.960868,904.549848,982.706422,21.735683,134.892696,38.268439,273.125213,34.557926,69.226130,6.720362,111.155783,1065.588754,154.987061,252.819502,85.492890,281.697369,53.796282,150.228687,689.731727
2012-02-14 22:00:00,11.705384,283.202250,890.186076,109.493134,93.491337,540.536734,176.546329,566.023931,21.796898,715.654768,121.152652,878.442032,990.280267,19.367961,139.471457,37.601847,174.885101,187.385524,83.744680,5.200280,98.914946,829.373692,127.610218,127.079332,80.237734,241.564391,59.451788,123.164642,514.894070
2012-02-14 23:00:00,16.924470,223.382572,938.457035,117.298586,59.805026,512.351314,144.573372,572.627104,11.720755,511.511834,120.599602,766.819392,822.814133,9.518240,140.375160,22.694427,142.138397,450.755555,132.981502,8.160440,79.531749,712.740457,112.994397,97.335861,87.734060,232.585116,48.968410,99.532762,367.970084
2012-02-15 00:00:00,21.242137,162.517096,780.380514,146.829209,64.061799,512.486820,165.147275,525.480453,9.311746,530.798791,104.492002,724.140148,725.195683,4.056696,156.099587,13.543937,82.840311,659.820274,302.364587,38.882096,76.005490,666.054401,115.071772,79.644839,90.806008,230.395049,37.703377,81.299389,353.636037
2012-02-15 01:00:00,29.955855,104.789016,775.162032,160.098476,74.677454,480.778223,238.546064,451.524923,7.458662,440.611893,92.497717,642.533680,667.971075,2.257228,139.170223,6.938616,80.539191,627.838095,468.591465,56.563049,71.625741,552.697380,108.097725,88.948484,64.472266,207.125587,66.624626,59.276336,442.658015
2012-02-15 02:00:00,26.330582,71.218882,888.881455,155.632024,68.633888,464.923924,281.362024,376.380822,9.566545,503.362416,91.979232,645.973033,764.747986,3.614721,143.748983,7.211313,107.621600,434.227851,478.691326,75.204053,74.388352,507.977053,88.882001,71.257462,66.191784,143.558892,60.279423,65.926154,388.528126
2012-02-15 03:00:00,23.567537,41.518203,788.208238,165.779110,58.123338,407.062509,247.998938,346.138293,4.841181,452.700197,72.034844,576.091633,718.463376,1.925747,105.793468,8.332400,142.669424,263.584677,374.326096,64.723488,70.255666,477.344447,87.175585,72.032766,105.450892,121.548719,52.876687,68.571781,435.868203
2012-02-15 04:00:00,25.109094,64.421191,654.702070,169.334927,62.853086,316.001921,240.770269,373.739553,2.779626,377.046429,44.347747,450.398913,679.121458,2.115164,107.540627,12.513749,159.662309,292.991111,437.450227,167.929051,73.871766,488.483577,74.785523,60.544174,94.399607,131.404020,66.440707,68.750539,384.567402
2012-02-15 05:00:00,24.867409,151.222472,679.924734,176.923560,70.473234,335.243890,253.281427,466.051902,7.296517,391.036264,28.896895,324.080856,416.561489,2.367721,106.275443,18.331279,220.730486,303.079449,434.504434,249.453445,67.942260,480.620662,74.785523,79.151464,70.963929,127.297645,65.751011,70.967145,284.229071
2012-02-15 06:00:00,34.769955,165.445332,707.756638,153.333752,68.633888,433.350833,353.648710,457.335715,7.134373,480.000749,10.611659,381.142850,389.001108,3.220101,155.677859,10.453374,194.356114,365.326645,495.524427,286.895463,81.979917,428.692663,75.453251,60.755621,77.049864,119.303900,69.061551,63.888306,253.109100
2012-02-15 07:00:00,33.233175,158.426440,831.976148,147.024989,64.628548,443.063729,453.832392,434.644671,8.133283,502.653536,18.388933,462.617159,528.376129,4.207594,108.705539,16.935361,158.755277,341.802967,637.501193,424.837142,82.941022,422.350456,83.879245,65.580181,53.790375,154.640471,81.264717,87.102418,293.492346
2012-02-15 08:00:00,44.052629,169.844767,994.403077,158.690197,99.270309,556.953347,577.462314,534.585461,22.819053,592.573338,31.657275,620.310092,714.520400,7.505793,139.293325,35.195513,253.915833,418.510954,880.959189,377.048864,110.200010,488.284791,126.002849,81.682774,49.393732,156.317791,97.948663,112.446613,379.336591
2012-02-15 09:00:00,46.270472,220.660216,1189.951860,175.831725,133.256684,617.959223,789.746482,577.543778,33.049826,531.654398,54.492619,758.664663,951.085181,9.398152,164.698241,58.780028,443.175375,571.002287,949.582915,330.444535,136.347789,677.842156,182.477968,117.380391,51.702706,178.848584,116.197541,138.799066,504.179349
2012-02-15 10:00:00,34.423918,323.528116,1234.034472,195.253005,171.792960,572.564754,740.146778,671.519410,40.384266,517.945027,71.535178,809.307682,1008.538973,11.391434,124.622316,64.208231,366.311879,488.537229,972.340341,352.731926,139.058945,783.169257,214.830957,130.655434,63.277787,165.494793,104.774204,187.660302,743.432700
2012-02-15 11:00:00,42.518452,393.571589,1361.584574,251.118902,285.896490,620.239104,807.899085,925.481660,55.980187,609.276048,78.396073,703.586126,826.642044,0.000000,149.356738,62.792522,384.195866,618.813872,1070.275823,382.608793,141.010213,712.062715,230.560384,141.053546,99.369855,159.647979,105.169847,311.515329,968.703417
2012-02-15 12:00:00,43.349327,315.035038,1456.157122,255.141091,281.429214,713.935954,752.736440,883.975032,67.658074,577.804204,74.139413,787.031730,868.006326,0.000000,155.435153,62.471405,381.092956,873.759856,1025.370238,316.099422,122.461337,0.000000,214.065533,157.867205,0.000000,217.709551,131.104502,347.235429,866.802672
2012-02-15 13:00:00,51.251146,413.603558,1394.828729,215.291771,250.155782,771.964875,902.392391,861.232379,87.679672,445.043940,85.534584,760.217616,820.434892,0.000000,199.573390,59.317410,365.625956,986.073826,1021.614641,259.391321,124.531269,0.000000,222.607914,170.333349,0.000000,268.319203,131.892985,387.805686,912.845671
2012-02-15 14:00:00,57.207306,600.759681,1537.489088,212.951927,247.968038,859.365600,911.354058,699.073303,79.630169,476.947709,106.200252,729.866785,689.206876,0.000000,187.778924,49.973386,355.147822,829.658365,918.936334,244.808141,115.559315,342.255032,220.170760,168.126022,0.000000,313.327983,130.126862,157.579576,1032.531830
2012-02-15 15:00:00,49.330453,579.856772,1524.604477,198.362008,199.583972,940.797047,788.816634,675.951968,60.628122,656.488079,89.820167,865.197450,648.408409,47.719749,168.092540,38.547525,312.023530,678.092571,699.668385,223.409821,111.453820,607.922750,164.953230,171.674770,0.000000,334.153296,123.594131,386.163903,885.006222
2012-02-15 16:00:00,37.630981,543.460718,1478.423364,190.048038,193.288055,875.835704,653.608350,553.718536,60.873351,578.539430,65.266974,834.206807,566.201026,40.486924,151.109191,33.301056,303.144528,468.886745,448.901233,191.751034,91.188620,648.736307,84.282097,175.112261,190.891740,366.014376,80.188646,366.636459,907.550212
2012-02-15 17:00:00,35.109620,528.128273,1644.474180,144.834483,218.409217,895.022594,445.675221,416.263983,67.220614,573.039944,37.572877,922.997287,513.548785,35.105417,124.168757,40.813609,189.576865,298.142603,217.357424,197.210629,100.037959,650.983814,121.674859,112.137114,170.850538,263.519813,80.418544,347.935646,1039.407040
2012-02-15 18:00:00,29.681510,500.205451,1832.122099,118.729585,200.856600,906.269660,370.052227,401.076687,103.332584,770.527519,44.244050,1140.301865,735.083759,23.045822,119.047775,77.385268,255.955319,223.231322,195.263978,158.728555,110.526896,713.231889,149.793622,142.444442,141.290284,224.591372,123.547529,341.571841,895.689355
2012-02-15 19:00:00,33.136950,471.968890,1860.823751,121.678311,184.144826,1049.229363,278.025715,426.036678,75.652145,747.844971,63.739084,1256.145528,865.522205,10.039139,172.185496,154.103945,268.522973,192.322370,180.535014,133.527197,126.226612,814.139294,188.447647,138.497441,144.265630,261.274994,65.613072,327.735929,832.317777
2012-02-15 20:00:00,21.170285,562.012146,1752.322810,132.952852,196.967697,1079.718399,226.590958,471.070313,56.055784,708.320291,90.769434,1342.285688,975.974115,11.775468,140.435406,123.683111,260.380550,143.597841,224.301078,101.445468,117.130210,857.057704,198.982910,88.948484,119.071793,198.748581,52.738748,303.710780,836.278500
2012-02-15 21:00:00,13.488626,388.827905,1672.306084,100.950502,170.113243,1003.699069,157.084529,564.703297,58.464793,833.413865,86.103069,1372.145526,1036.775261,6.361278,104.046309,49.509604,293.304263,86.502137,267.015074,82.804463,105.361038,793.499143,154.170949,64.350211,102.011856,194.313695,61.428917,284.190346,721.040304
2012-02-15 22:00:00,15.912007,228.402406,1717.315493,53.684159,203.694448,977.681758,122.887366,685.013096,38.497815,698.948460,83.614341,1378.086227,1118.825252,4.467101,131.820107,21.482441,215.774228,49.797757,221.986527,84.324545,101.250812,755.495055,155.358021,87.961734,78.846663,261.329746,70.211045,268.030573,887.956513
2012-02-15 23:00:00,18.341919,240.638249,1587.288313,32.566077,236.277151,932.286971,102.869515,699.936266,51.793692,690.799041,79.846684,1367.611834,1052.133337,3.946202,138.808741,25.421394,213.827127,49.797757,190.003634,63.763437,117.646796,708.317567,208.479484,92.613556,71.814028,230.176043,74.395200,263.382851,620.513366
2012-02-16 00:00:00,13.821759,161.052978,1274.614259,35.341348,201.171916,868.734269,102.313463,731.235303,52.210635,685.501919,68.336318,1332.280298,872.254512,3.693645,109.046798,21.906636,193.648077,48.080593,181.166256,33.121785,145.317825,777.445692,254.033364,92.049699,74.151800,245.178002,85.706213,296.739196,566.572083
2012-02-16 01:00:00,23.221340,156.137725,1361.154088,62.703791,264.865846,906.134153,94.528743,753.289898,28.375345,554.024634,48.875849,1335.094314,676.386458,4.182975,73.440910,22.209633,158.423244,45.290201,167.489361,34.001833,170.742830,909.477135,316.577209,50.676672,79.851326,218.732942,87.545402,329.344756,722.549151
2012-02-16 02:00:00,35.246793,202.257442,1582.722141,77.057148,251.780212,910.876892,103.147540,806.115277,32.498457,706.011289,45.868636,1436.711563,641.673001,2.683418,52.294265,30.572332,227.810855,32.626116,183.059980,41.122216,189.003014,994.003468,347.960420,63.786353,112.831295,269.049732,81.062260,313.184983,796.105446
2012-02-16 03:00:00,33.705236,230.284843,1730.361698,51.862887,190.135839,767.781683,83.129689,817.208606,22.491804,794.160832,71.378096,1402.630701,727.930683,4.277683,49.522910,43.995070,314.191350,37.133672,139.083502,37.282009,164.543800,1050.518168,300.625932,101.635272,114.241686,342.745487,82.395673,251.763545,886.259060
2012-02-16 04:00:00,28.355509,302.026624,1673.610705,53.120432,181.569742,691.220326,94.806769,771.118464,29.950467,734.534254,67.022822,1329.466282,985.020652,19.904645,90.671509,53.842452,270.824093,88.219301,128.983641,28.001509,165.554512,1009.893109,309.825739,124.894385,114.261006,360.594533,111.546820,182.619737,866.266836
2012-02-16 05:00:00,22.711842,280.169434,1293.313820,75.496058,179.204868,567.502592,126.501700,699.804202,28.769126,587.301426,82.992159,1085.115882,1020.575648,17.300151,97.358909,32.329711,284.984830,119.128254,196.105633,58.883174,154.796051,935.359229,331.786567,145.122764,92.506205,379.921874,94.902159,151.515749,744.616040
2012-02-16 06:00:00,19.550343,239.383290,1290.487142,71.333151,211.314596,486.740523,112.878440,641.696286,44.705646,464.516854,89.248544,1014.921813,1040.141415,31.080290,126.156903,8.453598,205.330685,105.605587,164.122740,64.643484,158.277390,966.155645,344.918548,194.178346,98.031848,384.630518,81.981855,156.699747,755.555181
2012-02-16 07:00:00,15.678859,222.302620,1359.584083,40.829699,241.337545,476.325179,109.851039,733.312929,61.124738,469.244238,77.841875,931.212198,1084.132790,31.824489,169.228145,5.738324,221.300550,85.950770,140.378963,36.208810,146.375746,994.589781,317.646393,200.131999,109.733946,314.005328,89.993340,152.017994,843.664008
2012-02-16 08:00:00,21.053793,257.864223,1423.356936,73.746172,252.678416,544.893884,204.878969,784.846798,91.152423,545.810480,75.820797,883.112248,1289.705849,22.231324,215.441895,12.511255,344.218075,183.741500,221.466270,63.671567,144.182135,1085.962103,316.241252,286.267149,120.948154,346.259796,104.897165,132.041694,1019.376656
2012-02-16 09:00:00,31.224941,356.592500,1405.646088,114.003159,214.406560,545.459850,387.906894,900.930571,111.636096,705.702964,89.981836,958.124537,1416.966513,25.036041,166.149253,25.222704,327.649377,311.009365,369.575265,147.655248,152.858815,1123.558783,325.815438,362.819285,153.858110,393.277693,116.120756,152.139169,1309.496214
2012-02-16 10:00:00,29.851470,593.240077,1400.917715,130.282143,422.048701,536.053610,475.174956,1088.885243,194.260389,687.942199,114.773525,778.891126,1421.528915,18.976040,151.952102,45.051080,282.419882,400.428921,397.187016,206.112350,157.994754,1113.507005,334.752700,416.498851,182.234251,447.068482,135.329411,164.904251,1628.045376
2012-02-16 11:00:00,35.257742,601.722722,1428.857203,137.173090,491.644970,587.448921,546.852022,958.373660,210.322637,539.685244,158.333261,685.131424,1233.893464,0.000000,193.839301,57.025083,270.410926,462.043418,494.919069,279.117332,161.554869,286.518917,342.521736,475.231394,0.000000,414.191419,148.209189,209.039176,1701.245916
2012-02-16 12:00:00,33.310871,553.831352,1389.575501,195.451676,460.568364,534.279027,596.327760,880.106946,179.169557,590.016387,186.638958,623.558593,943.640980,0.000000,283.521426,60.467485,248.609640,533.242366,618.853908,309.783654,158.382833,0.000000,332.640948,495.374635,0.000000,416.293495,164.028418,207.529421,1538.610127
2012-02-16 13:00:00,35.441154,591.133520,1430.155754,222.246896,493.063381,544.122707,606.085292,918.267844,167.338997,665.377467,98.662654,498.351053,723.687046,0.000000,297.152644,56.446577,223.860465,539.589162,672.216846,345.734446,133.834091,0.000000,290.165180,0.000000,0.000000,0.000000,175.343361,0.000000,1484.112106
2012-02-16 14:00:00,39.559756,656.323478,1373.691083,203.781607,436.460990,545.186471,637.461558,866.825398,133.308998,755.402760,179.157018,417.763121,634.531251,0.000000,222.601813,49.064101,210.045840,515.437570,679.425663,314.713764,117.111344,0.000000,272.844638,0.000000,0.000000,0.000000,136.381026,164.383643,1288.019892
2012-02-16 15:00:00,41.793570,571.304942,1330.067318,164.958131,343.976294,513.740731,604.305757,947.994465,99.217202,767.246903,229.736469,307.194038,558.919935,0.000000,165.317779,37.109551,168.881251,474.629606,598.748575,218.352744,101.308495,0.000000,275.835251,0.000000,0.000000,451.327918,112.420936,152.220054,1202.032843
2012-02-16 16:00:00,31.824013,543.487137,1284.312581,132.580485,357.589323,532.801779,491.936267,938.762278,120.834513,769.617796,213.484954,290.064674,451.273195,0.000000,136.761948,23.671587,124.728997,314.279972,431.603152,188.129462,83.686896,0.000000,186.147696,464.784932,190.276858,416.721840,40.186282,142.039948,1214.457792
2012-02-16 17:00:00,26.382838,555.423615,1123.930588,104.939955,351.210010,446.630502,298.043567,808.888609,123.785996,621.800631,177.149028,315.013471,355.549958,13.448658,88.803856,8.968692,61.776215,83.711746,259.229764,129.446977,79.239766,1059.527758,142.671191,385.114513,169.227622,366.836224,35.404391,131.888060,1075.996582
2012-02-16 18:00:00,22.542009,444.882707,977.160778,91.106961,313.214373,371.966241,269.128892,662.298184,95.202179,522.513549,130.727341,367.229103,468.736867,4.624949,127.783568,5.484234,55.757902,71.476952,197.788943,76.484122,72.726293,1107.851921,95.856047,369.396992,155.857886,386.930089,59.175910,146.367502,975.846856
2012-02-16 19:00:00,24.782493,397.089713,888.664019,102.077956,273.484496,334.295343,220.474392,565.099487,77.296757,460.306321,110.575559,260.921828,499.453018,4.830152,223.515812,3.423859,31.507640,58.383577,156.968672,24.881341,79.801273,1048.061007,103.349438,277.699704,138.759308,385.670800,88.464997,116.514824,877.205978
2012-02-16 20:00:00,26.402435,377.742440,718.193602,107.455044,223.033859,311.123675,174.044098,515.311568,79.821584,407.742572,114.204954,205.579511,364.386111,13.148746,218.756311,1.484682,25.489326,50.656339,142.239708,12.000647,84.248402,981.717664,101.494638,296.025065,152.032442,404.395873,98.396618,95.457067,776.679040
2012-02-16 21:00:00,6.656131,281.738132,522.935396,95.183141,195.706431,248.790535,144.573372,520.329979,67.892357,300.713543,121.290915,149.455523,311.158809,22.067164,156.943043,1.878577,21.064096,62.247196,132.771089,12.080651,61.698310,1036.758067,56.534294,424.020665,156.765946,455.041173,105.201618,77.759970,777.810676
2012-02-16 22:00:00,1.665666,240.847408,470.533138,112.918860,174.370015,222.502210,97.865052,534.989021,80.887107,204.007110,99.445415,97.239890,285.491889,19.225898,108.564823,3.969252,19.825032,115.264635,138.031433,11.840638,50.063900,979.260503,35.686346,476.036498,148.013793,467.031789,77.062024,63.173272,692.560815
2012-02-16 23:00:00,3.096179,223.487152,448.789463,132.345761,175.473623,237.136948,79.515355,467.504600,70.602492,136.910231,88.107878,105.056602,260.245738,10.749455,98.142118,4.938841,29.914557,123.206518,123.723297,11.840638,42.719398,914.391457,34.647658,437.200829,130.548127,464.458461,42.853106,73.469765,693.126633
2012-02-17 00:00:00,6.015993,198.910886,435.525821,124.583673,185.458645,274.401325,75.622995,526.140770,37.872400,122.512925,69.718944,99.584904,165.993442,9.391962,51.752044,6.847718,20.179050,97.449058,96.790334,9.440509,36.273306,766.306563,34.721850,364.181312,134.412212,405.162396,42.577228,68.357270,662.006661
2012-02-17 01:00:00,8.073580,121.208053,308.107882,135.988305,136.006510,213.152239,66.448146,590.059479,24.437542,85.433071,68.612843,83.013475,102.457296,5.019569,27.171329,8.756595,16.815875,115.264635,65.649096,7.920427,32.859348,645.741871,25.447852,273.752703,134.199687,339.515138,68.233916,66.390926,523.758547
2012-02-17 02:00:00,8.008259,70.591403,226.351662,142.796393,69.369626,177.649450,48.098449,502.897604,17.187352,73.073119,69.027631,65.660376,70.689222,6.408633,20.182695,8.483898,18.939986,151.754370,91.740404,10.800582,30.972686,587.425253,23.741436,238.652588,138.855910,258.920672,67.498241,69.823090,422.099974
2012-02-17 03:00:00,5.434643,52.394508,155.684717,161.616203,48.874055,168.570493,43.650037,396.850656,13.458021,82.852421,75.975329,51.902964,54.489609,9.849721,23.496271,7.787006,21.772133,101.312677,91.529990,8.800474,27.491347,561.215538,21.589868,248.520091,130.470845,227.328955,68.739693,77.080688,411.915256
2012-02-17 04:00:00,4.121706,35.452571,113.501986,173.714652,43.986649,125.343815,36.977420,290.935772,14.662525,74.023885,74.212481,51.277627,45.232687,5.935088,26.568861,6.332624,28.144465,74.052698,83.744680,11.680630,18.394946,580.545203,16.173853,253.171913,118.202374,255.526068,60.693241,59.490846,356.087914
2012-02-17 05:00:00,2.325400,25.831224,74.798244,148.823936,43.461122,108.405462,28.914674,197.038662,11.465956,66.553584,62.874943,58.938004,36.396534,4.498671,30.786140,4.181350,29.383529,77.487026,91.740404,18.160979,11.746711,609.703512,11.573950,274.034632,107.634100,249.448632,35.864188,28.494113,234.814329
2012-02-17 06:00:00,1.763646,14.118281,53.489442,110.273680,26.328926,105.153298,26.412443,140.647570,10.886867,72.665648,62.391024,49.088948,38.289995,3.172747,25.725405,3.757155,33.985769,75.769862,81.640543,30.481643,11.859013,563.508888,10.312686,282.351527,111.189059,244.575733,24.966992,14.729705,173.328810
2012-02-17 07:00:00,2.432237,22.002128,95.767160,99.972735,32.016029,150.251192,42.427418,104.454722,10.196875,83.519692,68.658302,83.515796,76.135146,3.869030,37.829388,8.842208,59.371955,99.543238,90.584670,29.464753,12.334801,537.068604,22.539868,285.778248,102.824743,286.243210,30.482941,19.881244,158.377879
2012-02-17 08:00:00,5.585253,67.582454,218.813153,126.529974,56.888371,208.943897,144.841246,126.728750,19.900414,129.063929,81.355820,160.061030,206.936672,9.473265,69.776701,26.314126,165.144416,207.552771,183.753577,57.076281,26.912697,530.613691,65.630504,356.553797,94.229419,284.925350,33.924361,38.672996,206.023182
2012-02-17 09:00:00,9.346011,137.810055,331.217490,186.962245,78.648072,255.899154,290.711186,189.043071,30.555890,226.281527,89.785390,222.872799,324.051601,19.266875,98.996172,43.589761,276.893193,334.093866,292.782328,110.663078,43.517893,512.288045,105.166190,308.454768,96.635090,264.223831,44.548582,55.732798,298.573006
2012-02-17 10:00:00,11.315915,179.461740,435.665887,257.485541,102.085646,308.311946,383.947910,247.868446,40.541820,278.130806,94.968894,276.376130,408.013117,24.148105,114.976555,53.344406,358.561395,375.945101,323.259669,105.500779,55.288226,527.980729,132.883552,396.594209,102.431934,278.844210,54.989570,67.087696,356.657439
2012-02-17 11:00:00,10.422286,206.878521,507.920290,262.529394,116.549792,326.523653,442.120778,293.795009,46.604043,326.439665,141.109576,310.026945,545.051154,29.837323,151.078041,60.188868,430.959027,431.239463,405.383937,111.606529,61.156779,598.122470,147.156372,479.657605,96.501035,312.060596,57.379824,80.985980,398.006618
2012-02-17 12:00:00,8.281957,217.629229,497.255723,264.520237,111.453826,319.465701,485.102208,303.178058,47.840424,324.852055,150.866549,312.266466,578.819864,38.181275,183.695130,61.507230,489.128109,442.232219,379.996248,110.149931,58.329718,570.323004,151.280732,510.176920,89.134277,281.271051,54.943596,86.690860,405.902401
2012-02-17 13:00:00,7.318409,208.262216,454.660575,257.651762,104.464787,326.515386,505.278026,284.142397,45.590682,318.530331,144.518285,320.627554,519.908947,38.666858,169.740942,62.703526,471.192370,377.972625,298.146385,101.872645,51.538337,497.319892,145.219976,465.384796,81.164823,226.133325,43.799826,77.892945,381.918654
2012-02-17 14:00:00,5.932581,182.672115,374.741716,191.750211,91.969187,263.101952,475.352007,249.373215,41.528283,279.842677,128.600846,296.977305,437.962897,37.059099,147.124661,58.698349,387.351268,318.416060,228.319160,82.342061,43.716494,433.997613,119.642171,389.648741,75.852298,191.601485,36.009444,64.085451,323.676811
2012-02-17 15:00:00,3.716128,140.199994,280.237750,128.770068,76.263798,185.324903,376.223264,193.144320,33.494686,215.967651,125.881866,214.968957,334.882369,24.856934,116.268898,48.591928,319.895066,282.422567,197.724461,61.499320,36.535529,384.033051,88.404702,356.620839,64.182044,174.019281,21.978325,46.606133,244.547357
2012-02-17 16:00:00,0.607478,87.897803,183.314667,111.742259,50.533450,110.344964,249.768150,127.094530,21.647751,147.991755,108.312174,124.104996,229.021915,15.312510,84.109901,27.220683,221.797987,212.727482,149.030553,37.351204,7.119900,323.294704,13.428750,309.656455,51.674311,155.015099,10.529358,34.178260,163.961701
2012-02-17 17:00:00,1.352129,7.634329,58.490487,76.276603,14.662216,24.933256,73.676815,19.149200,6.740592,27.164728,94.364263,24.231805,63.325762,5.240557,33.376755,8.453598,103.550389,150.681143,83.744680,16.080867,2.246025,193.951896,15.357741,223.639889,42.408338,110.269874,12.828344,17.804352,56.958978
2012-02-17 18:00:00,1.221488,14.118281,48.270960,72.764150,8.933967,15.041258,92.304537,20.733961,5.188635,15.755542,98.443011,15.946091,58.276532,3.062253,23.315531,5.120638,100.541232,213.572275,79.115577,25.601380,1.078092,207.548186,5.564399,196.081365,59.159148,125.874101,8.046452,16.338532,80.723319
2012-02-17 19:00:00,1.855094,21.334291,29.788835,88.158235,7.304832,15.041258,129.003932,13.206345,4.956999,10.730068,81.333007,16.727762,35.975765,2.367721,26.568861,1.121087,84.433394,218.509121,58.074200,22.001186,1.572218,216.230155,5.712783,234.564623,61.748085,148.924557,4.781892,15.766504,48.283107
2012-02-17 20:00:00,2.900218,22.170929,33.267824,84.125418,5.991013,15.854299,136.788652,15.979677,8.593676,9.100184,60.075124,17.509434,25.877305,1.467987,38.738724,0.939289,78.769099,156.261926,39.347375,13.440724,4.761573,146.119165,5.045055,195.376543,37.346386,89.628492,5.471588,11.512051,28.856701
2012-02-17 21:00:00,2.162099,19.242694,35.659628,57.543521,6.201224,17.209367,128.169855,17.300311,13.133731,11.545010,34.807624,15.164420,23.142305,1.341709,45.968346,1.242285,78.415081,96.805122,29.878755,13.760742,1.998962,89.113033,2.745104,132.506458,19.223825,39.640213,6.161284,13.585650,22.255495
2012-02-17 22:00:00,1.770178,23.530468,36.311938,52.079705,5.570591,20.190517,118.995006,14.791106,8.802148,12.903246,18.665459,16.571428,20.407305,2.020456,32.051324,2.151274,86.203486,57.095704,31.772479,18.721009,0.853490,52.419431,2.151568,104.736487,11.263809,17.739543,5.839425,19.019910,15.842894
2012-02-17 23:00:00,2.586681,25.517485,42.835041,45.141526,7.304832,28.862954,87.578100,16.772058,5.860377,11.273362,16.073034,21.730458,16.409998,2.746557,24.460221,2.090675,112.931877,49.153820,62.703303,58.403148,1.078092,29.813552,2.596720,75.274945,6.182537,7.117718,3.172601,25.955742,14.334047
2012-02-18 00:00:00,2.874090,26.354124,44.139661,29.964260,6.884410,39.839007,54.215014,18.092692,5.142307,11.409186,14.863236,25.482479,15.778844,2.052025,24.942196,2.423971,149.041756,47.436656,134.664813,85.844627,2.290946,27.684012,2.448336,54.764637,3.400395,5.420416,2.436926,23.846391,13.579624
2012-02-18 01:00:00,3.102711,27.922822,46.096592,30.527987,5.412933,56.912867,34.753214,16.243804,4.146275,11.680833,10.335134,25.326145,14.516537,1.673190,23.134790,2.575469,117.357107,56.237122,186.005772,48.882635,1.841741,27.192580,2.967679,29.884435,1.680877,5.420416,2.620844,14.515194,15.654289
2012-02-18 02:00:00,4.598544,26.981603,90.888564,26.234989,4.414431,67.346893,34.197163,15.451423,3.405041,8.964360,12.063417,26.889487,13.885383,2.478215,23.134790,2.908765,53.279773,69.974434,220.724044,41.362229,0.943331,36.038359,4.154751,8.669305,1.217187,6.077436,3.264561,15.480491,20.746648
2012-02-18 03:00:00,5.826564,27.086183,125.026134,25.367716,4.677195,58.538949,35.865317,16.507931,1.968902,11.409186,14.241054,22.824797,11.781537,2.683418,25.122936,5.302436,30.976612,66.325460,265.331763,41.362229,1.414996,43.737463,4.896671,4.722305,0.869419,5.529919,3.310540,16.374283,28.856701
2012-02-18 04:00:00,6.871688,25.412905,110.892745,25.194262,5.045064,46.207828,47.542397,17.036185,1.204504,16.434661,14.206488,17.196765,11.150383,2.225658,21.026151,6.665920,21.418115,72.335534,305.520793,57.603105,1.909121,46.358435,4.822479,4.228930,0.714856,5.529919,5.885405,9.652962,35.080695
2012-02-18 05:00:00,11.137098,19.451853,109.805561,23.286263,4.677195,37.128871,70.340506,18.224756,1.459303,20.645194,13.204084,15.946091,12.412691,1.909962,16.447390,7.726407,17.346903,108.610624,325.720515,65.603536,2.111264,53.566106,5.193439,5.356644,0.811458,6.241691,10.023581,9.152438,38.475601
2012-02-18 06:00:00,14.030784,17.883155,111.979929,18.472901,4.782300,26.423831,79.515355,18.885073,1.088687,22.954195,11.683194,16.571428,13.885383,1.515342,13.615788,6.272024,19.294004,106.034878,302.785414,117.286321,3.121975,61.592832,5.564399,8.880752,0.869419,4.982402,15.725067,7.972631,46.208442
2012-02-18 07:00:00,11.935555,25.249212,137.378910,17.232263,10.576562,43.873394,97.939134,24.848388,4.063206,34.672658,10.982463,43.367764,47.322735,3.669632,19.214877,11.787975,41.419416,104.337337,291.212381,145.469847,7.806670,81.376207,20.034840,13.321030,3.190621,6.353258,22.295080,12.005464,83.886846
2012-02-18 08:00:00,19.086328,81.462529,263.324414,33.914201,39.794976,117.188809,194.249235,88.198480,16.284492,109.673185,20.294113,121.942651,170.912018,11.479291,48.432078,28.423280,101.114264,170.926129,310.358102,120.284788,20.644500,152.479098,63.933149,24.979557,13.444875,15.650880,31.830970,32.609276,191.485524
2012-02-18 09:00:00,18.038583,154.239821,399.967108,57.579946,69.042545,185.236424,308.543089,164.765331,29.464681,197.065985,32.698277,204.274943,299.459214,19.780185,85.052705,48.093328,204.365488,284.314680,308.918207,116.265697,33.794470,236.546014,105.139060,41.502287,23.982437,31.056771,45.378214,54.251635,296.323556
2012-02-18 10:00:00,17.072965,194.158019,441.824825,70.839213,90.937716,227.226142,336.674866,228.170810,39.373589,254.865439,39.928063,261.944140,379.699140,26.171127,108.404562,55.822231,315.101496,301.633417,337.344192,124.741847,43.226053,311.638661,133.351640,71.477815,32.097638,55.652004,52.256304,63.021481,376.721131
2012-02-18 11:00:00,18.052810,227.903159,478.271809,87.402533,105.901755,257.370933,447.623607,274.140319,45.336077,294.141694,47.239924,300.060841,427.246061,29.776277,126.191005,61.060812,364.220877,370.476809,389.007619,132.766277,48.383400,358.170856,149.096133,125.473938,36.493959,89.496870,51.957723,71.658625,474.114161
2012-02-18 12:00:00,18.715849,247.455579,507.755961,91.451024,119.067997,270.303244,469.787243,308.970602,47.301940,331.895454,50.666790,308.928288,450.033370,31.087374,129.234921,63.017835,380.530553,413.556898,365.939247,119.051868,49.544766,380.233294,153.523784,147.343624,38.282885,107.779880,57.027884,77.493489,599.478902
2012-02-18 13:00:00,17.851406,244.889322,517.129259,87.146902,118.596782,259.047482,431.872300,328.018611,45.716522,328.246034,52.626690,288.763357,432.882253,30.880288,118.945407,58.183171,376.071229,342.860036,295.744334,110.829083,47.118197,363.905720,146.115251,142.981157,35.976231,109.819676,63.691129,81.154260,611.052431
2012-02-18 14:00:00,17.574021,230.996182,456.930685,75.176319,104.481105,226.022259,379.136635,357.590316,40.673043,296.757697,51.299965,271.983738,379.760947,26.996145,104.742915,49.653643,330.610615,265.190714,227.121219,95.862037,39.562335,323.292088,123.412346,129.739560,30.762978,100.235725,53.002743,80.444390,557.592596
2012-02-18 15:00:00,12.115302,214.477380,343.044804,67.560353,94.599756,171.805359,309.787004,323.117975,34.152721,257.671480,42.738627,242.828194,286.927015,21.881514,82.552902,39.243783,250.234098,165.301761,158.673571,75.563152,29.124633,263.684755,89.674664,101.431897,23.722777,83.189996,32.747901,67.958162,554.817860
2012-02-18 16:00:00,4.422179,155.410997,228.182658,52.723531,86.227877,109.051100,253.559840,258.479873,26.004082,208.076609,29.906364,147.471173,187.029856,14.095417,56.197490,31.267978,155.827408,96.270985,101.981144,48.671480,1.819280,172.908802,10.535262,62.118197,19.893435,53.571555,5.333648,53.252758,550.550727
2012-02-18 17:00:00,5.160298,77.389093,88.931633,17.258720,55.390596,30.489036,155.138349,156.495184,10.006652,124.142808,18.458065,36.113207,81.839606,3.772569,22.592569,15.664911,34.162778,14.595894,29.878755,13.200711,0.808569,34.236441,11.054606,5.638573,12.906045,8.760268,5.609527,31.175491,378.154802
2012-02-18 18:00:00,5.813500,51.244129,73.711060,38.767074,36.629265,22.358626,153.470195,93.368857,6.068849,116.129214,14.517579,21.574124,109.399987,2.083595,16.507637,8.998992,30.976612,18.244868,25.880894,12.160655,1.123013,27.356391,6.825663,6.202430,14.219834,6.296443,8.506250,40.113419,242.735776
2012-02-18 19:00:00,4.794504,41.204463,63.926406,66.519789,23.858947,28.862954,179.326586,57.711726,5.466597,135.144523,9.816649,32.517520,83.943452,1.657405,7.229622,4.726743,21.949142,22.967069,30.930824,15.280824,1.819280,25.390662,5.119247,9.937984,20.151206,3.504107,9.747702,55.343648,170.311115
2012-02-18 20:00:00,5.415047,36.812109,69.579762,85.946690,20.915993,44.581746,253.281427,56.919345,6.972228,180.102149,8.675982,45.024258,71.951530,2.825481,6.868141,8.392999,26.020354,27.474624,42.293168,21.601164,3.953004,32.106902,6.528895,16.774754,18.006638,3.066094,9.747702,64.639092,111.277473
2012-02-18 21:00:00,4.957805,40.472404,77.842358,100.473502,9.985022,57.183881,296.097387,71.050134,3.150242,201.154813,8.053800,59.094338,50.281917,3.804139,5.663204,14.968020,34.870815,25.328169,57.232545,19.041026,4.155146,53.729917,4.377327,33.126614,13.814105,5.803678,10.805236,76.258398,62.428548
2012-02-18 22:00:00,5.153766,35.452571,132.636421,85.686508,7.725254,67.617907,364.213687,62.466010,0.880215,158.234542,6.118123,70.663071,44.180764,3.772569,7.771844,11.089666,35.755861,31.123598,79.115577,12.720686,2.627849,124.496150,3.264447,71.327944,13.640222,27.485341,6.942939,113.261419,36.212330
2012-02-18 23:00:00,8.393649,25.308325,177.645829,67.777334,9.249284,133.880745,384.509564,52.693315,1.227668,124.957750,6.947698,101.148246,38.500380,3.709430,11.205914,7.817306,44.252303,42.285164,105.838126,12.080651,3.189356,226.550230,3.932175,77.107481,16.441684,93.734868,6.988919,179.151821,37.909783
2012-02-19 00:00:00,10.568812,18.092315,181.994564,52.643432,11.719263,303.399786,399.800978,49.787919,1.644612,113.548564,9.436426,148.673852,33.871919,4.214544,13.073566,8.302100,52.748745,38.636190,134.875226,10.880586,8.692117,331.061472,5.045055,54.623673,24.652865,110.434129,11.540912,216.691117,81.100531
2012-02-19 01:00:00,6.460170,18.092315,255.705624,47.873434,15.555613,329.959124,308.052492,46.486333,2.246864,96.570609,9.678386,181.191371,32.188842,3.804139,12.772332,7.877905,72.750786,24.898878,130.246123,6.960375,9.006561,287.979251,6.232127,26.924185,24.807429,98.826774,11.770810,223.126425,124.102673
2012-02-19 02:00:00,4.415647,17.569416,307.020698,45.184890,16.921985,389.175608,338.357295,42.524430,3.520859,74.431356,17.939580,178.846358,32.188842,4.025126,13.254307,7.332512,86.911523,22.108487,129.404468,7.920427,10.084653,204.927215,8.903038,13.532574,30.313750,73.421996,15.633108,211.435615,97.886455
2012-02-19 03:00:00,3.514228,12.131263,313.543801,22.939354,14.557111,430.098670,364.213687,33.676179,2.710135,49.168158,13.134952,202.765495,39.552303,4.593380,15.483440,8.908093,99.125158,20.176677,118.673366,5.200280,10.152034,182.157524,10.312686,10.008466,35.993956,68.001581,16.552702,204.857301,81.477743
2012-02-19 04:00:00,3.475036,14.222860,342.680326,21.811900,14.819875,402.997304,395.630593,34.204433,2.825953,35.585794,12.236245,239.973041,68.795761,5.493114,11.567395,9.756483,112.400849,17.171640,133.612744,8.240444,15.475113,141.696276,8.977230,6.625323,43.953972,59.788829,9.012027,193.845774,88.456161
2012-02-19 05:00:00,3.958406,15.059499,310.717123,26.711988,15.713271,344.051834,439.558656,51.108554,1.899411,31.239438,12.685599,267.018863,87.730374,6.219215,7.892337,5.605433,98.063103,18.244868,137.189778,11.920642,19.809942,108.115077,10.461070,5.145198,50.890005,74.352775,4.414054,161.311717,94.302943
2012-02-19 06:00:00,1.541557,8.889288,333.982856,25.324353,9.091625,321.151180,444.007067,58.504107,1.783593,35.721618,13.480609,252.948782,77.631914,4.435531,3.012342,3.029964,72.573777,17.171640,157.179086,11.920642,23.066678,109.753185,10.312686,4.933751,60.047888,48.728991,4.230135,121.663070,83.552408
2012-02-19 07:00:00,1.745395,16.257899,431.818321,21.047378,10.673379,387.588394,408.213316,78.049774,4.234613,60.593552,9.053648,304.465837,107.392160,7.922796,10.812355,8.218729,126.652749,39.133636,182.162724,18.072277,32.288124,108.535751,25.833154,9.166960,52.536057,22.115703,15.555404,102.237841,81.943139
2012-02-19 08:00:00,3.995720,69.055621,539.528118,34.205414,41.521442,496.315867,475.165419,160.392949,16.248672,161.303609,10.442907,459.934562,230.832280,11.326212,46.355475,24.803288,232.672752,140.469686,223.593882,48.832302,60.201893,189.925565,73.032463,41.797447,66.891365,42.403282,34.992690,115.493891,192.632164
2012-02-19 09:00:00,6.628471,129.847536,685.116825,45.737453,81.874474,603.408777,654.210073,226.064243,29.630819,228.638015,20.351325,499.305619,344.855745,16.273478,84.377839,43.613020,338.636922,267.791624,312.101848,80.842726,71.082750,225.412139,115.993043,77.728004,89.416679,64.825565,53.078030,122.106809,301.765353
2012-02-19 10:00:00,6.616724,168.963396,925.352426,65.273011,100.590148,847.916454,647.885441,277.408357,39.987253,261.288011,27.417507,685.683089,431.754424,17.137897,107.245955,53.194388,409.975593,357.492480,356.553685,111.349996,68.012515,229.831487,141.903496,111.005667,71.066547,74.146608,59.739078,142.755230,379.881232
2012-02-19 11:00:00,6.879692,150.903775,1061.918946,76.348229,115.851790,874.189637,732.378062,356.654629,49.123147,323.836268,30.851308,777.536254,607.111525,33.431125,122.181205,58.791046,450.324185,419.102783,421.800423,125.863311,67.888052,323.727043,156.766487,103.144964,106.863215,95.940336,82.966489,183.878404,433.462679
2012-02-19 12:00:00,7.371494,177.566020,1148.561044,88.223729,129.739945,805.820750,698.550312,429.756678,49.899458,351.696986,64.048098,690.895601,766.827051,47.797450,136.944164,62.600829,443.199843,444.444735,490.745453,132.902350,60.406327,425.781127,158.158169,79.259823,87.182238,109.543816,93.984831,213.979498,512.228867
2012-02-19 13:00:00,6.355042,245.579636,1166.601770,90.621774,144.963885,673.297007,652.681101,470.172977,51.960771,394.313952,65.698656,622.833199,749.466577,30.594817,129.366346,58.902180,475.380560,435.524139,447.354385,139.089973,56.702078,513.889459,145.049847,74.351598,124.562289,118.632899,66.875432,217.737819,621.534994
2012-02-19 14:00:00,4.546169,241.373160,1163.767958,83.632185,156.584751,516.774707,600.182256,539.867270,46.259482,371.447430,71.148653,509.131742,694.484990,34.836216,113.216952,54.291898,519.637430,409.982070,363.708605,135.298678,50.204842,605.989376,127.845123,78.064183,128.725510,115.796586,49.856196,267.981522,751.201603
2012-02-19 15:00:00,4.231260,209.605403,1359.774367,89.386950,162.236754,464.011553,587.940669,559.365933,41.998019,309.857994,79.395757,506.346374,732.477386,25.802458,101.127641,56.517873,440.002919,351.793063,354.214244,102.704164,38.910531,576.927658,93.844325,90.356654,136.994436,144.698057,32.839738,298.507570,679.504774
2012-02-19 16:00:00,1.972671,196.155761,1259.620536,97.684378,152.162651,527.115325,564.297295,493.478067,52.387669,268.075304,72.314623,590.224514,670.168598,25.800321,97.655352,51.991449,319.903706,243.106340,378.465712,75.561424,22.693083,502.074156,24.311726,130.665069,137.654944,164.904061,15.679087,356.761702,572.060878
2012-02-19 17:00:00,1.130040,188.662060,1353.326364,80.699692,137.740750,541.891802,279.415844,342.704643,61.035947,165.569019,74.730966,515.121284,394.471107,9.234114,66.512522,14.786222,163.910530,38.206899,294.579277,24.721332,43.797490,584.968093,22.851132,210.318761,143.087084,277.755248,14.667533,348.007149,815.343247
2012-02-19 18:00:00,0.620542,217.212361,1681.438428,105.070045,158.814402,613.981434,203.514824,277.465301,49.569991,182.682798,104.422871,622.210231,333.038807,5.966658,44.703162,2.848166,114.878978,43.573037,300.681277,28.401531,48.469222,628.050313,27.228459,301.170263,118.125092,250.379411,13.931858,340.070269,921.528361
2012-02-19 19:00:00,0.450710,264.377876,1751.235626,108.972771,256.825276,738.783222,178.492509,234.016427,49.824790,234.295782,104.733962,781.514810,489.985711,8.429088,64.223142,1.454382,107.975619,19.532741,274.169142,54.962962,68.234243,551.878326,104.981662,354.031882,123.863259,252.678981,9.701723,324.268013,823.453300
2012-02-19 20:00:00,0.300473,385.899669,1473.351453,91.106961,250.624051,725.097032,181.550792,202.849454,106.807116,230.900191,87.451130,883.601061,631.784925,10.591607,48.799948,3.211761,95.230956,18.888804,218.619907,73.603967,71.827883,515.184724,145.787255,316.253445,124.307629,220.484996,6.759020,298.205016,624.662696
2012-02-19 21:00:00,0.261281,347.205122,1273.744512,69.164970,159.339930,694.201476,235.209755,185.549142,100.321323,258.200743,87.209170,773.698098,629.470694,8.066038,73.139675,9.180789,101.249269,27.474624,200.734736,70.403795,70.637490,511.089456,204.547309,287.990099,134.141726,208.768138,8.368310,252.192565,616.175431
2012-02-19 22:00:00,2.240484,264.691616,1188.944177,39.460892,147.042587,741.222345,277.747689,207.471674,95.387487,200.883166,100.378688,811.374647,555.204934,8.350164,245.264925,16.634500,147.094655,27.474624,241.344594,40.162165,73.737005,401.991515,204.250541,206.865135,143.396211,147.774771,23.633580,189.734327,570.155595
2012-02-19 23:00:00,5.735116,187.720842,1027.388668,32.479350,151.982545,754.773028,241.604347,363.042414,98.653548,198.302517,111.197741,946.603755,488.723403,5.572038,207.249163,28.663455,277.727452,20.605968,278.167003,21.121138,72.366929,431.477445,170.122227,195.517507,158.697989,175.862381,28.737330,134.390679,557.896212
2012-02-20 00:00:00,14.292065,169.942266,1060.439055,34.690894,177.050205,762.903437,197.954309,371.230348,114.126797,153.480715,102.694588,855.460900,539.215705,3.472658,235.926663,27.936264,226.217772,16.313058,344.026513,19.681061,74.612954,435.245092,175.538242,255.145413,157.500123,185.060662,53.796282,89.665290,598.257872
2012-02-20 01:00:00,9.164427,147.562177,1015.212210,32.175804,201.066811,617.504612,145.963500,405.038590,114.566904,167.742197,76.735774,736.490552,779.685292,2.746557,268.459962,14.452926,149.572783,15.669122,348.866030,16.400884,69.244954,395.275275,180.805873,200.098848,129.234338,138.795497,107.500604,66.140664,550.163371
2012-02-20 02:00:00,9.086043,116.501960,838.871002,37.422802,166.224339,579.427193,157.362555,423.395409,105.996392,176.706558,64.395832,702.722358,766.431063,2.793911,216.225943,17.058695,120.543273,18.674159,280.481555,7.520405,75.466444,400.844840,194.828158,131.590190,132.132402,108.353565,124.329185,58.346791,515.648493
2012-02-20 03:00:00,9.935206,95.795148,661.877483,30.311169,139.002016,507.608575,134.008395,385.097010,58.094176,129.711578,63.497125,582.814005,560.674933,1.720544,154.774157,9.938280,98.063103,26.186751,209.572115,5.760310,79.936034,382.661849,189.486335,152.170980,141.155041,147.501013,133.341211,76.186895,497.730934
2012-02-20 04:00:00,8.785570,76.552455,623.173740,33.606804,141.051573,466.956527,129.281958,358.816384,75.652145,132.156403,63.773650,523.719666,506.606094,1.404848,175.800307,6.211425,38.765017,36.489735,198.841012,6.400345,81.418411,440.978467,176.057586,235.833302,145.733982,212.710258,144.192427,70.037601,446.430133
2012-02-20 05:00:00,6.029057,65.466990,524.022580,36.815711,173.318960,437.280531,103.981617,409.924938,87.349736,116.265037,64.223004,476.350395,450.012639,1.578481,177.607713,4.726743,65.316399,39.280127,159.072810,11.600625,81.620553,398.879111,150.016198,203.763920,140.594749,216.980889,153.526312,73.183751,354.201855
2012-02-20 06:00:00,5.650199,26.877023,389.429229,41.498982,201.960207,270.471627,96.474923,365.155429,95.109525,132.292227,58.346841,366.291098,489.985711,1.767899,153.087245,4.241949,93.283854,71.476952,149.183363,18.400992,80.609842,408.707754,106.984846,187.834952,145.791944,224.427117,102.810672,58.632805,304.221295
2012-02-20 07:00:00,11.536030,36.854511,413.807183,61.127848,169.835664,281.112991,118.740575,387.324763,88.292686,132.883766,50.759829,310.505554,525.165012,5.102305,144.282839,10.467013,137.637696,111.189966,143.954881,35.755547,88.705580,431.575070,114.222008,184.754641,138.506781,211.652745,87.960504,63.100421,361.476411
2012-02-20 08:00:00,25.699000,67.601647,613.830795,88.121336,173.709314,382.760715,210.891047,435.836103,93.713199,168.740830,59.609116,336.144213,615.253230,13.016994,109.137611,25.614718,255.560796,240.734300,185.638648,66.179216,92.439783,554.203351,166.306184,233.982963,153.687151,246.064957,103.752192,79.213016,495.583627
2012-02-20 09:00:00,32.458298,124.172637,855.238099,107.316131,148.938564,580.250314,350.638132,448.373472,71.803443,227.030501,70.104666,396.742542,615.331050,22.658418,131.080542,43.555317,293.182736,464.691052,272.628450,132.950732,117.264632,559.801845,234.254398,295.313510,147.932159,240.334601,126.777753,109.832721,597.395410
2012-02-20 10:00:00,26.191049,184.906753,910.564907,153.223187,168.971065,592.928144,445.987027,463.145688,82.107149,275.581815,88.237495,457.036585,591.120679,28.978136,150.204146,56.518679,348.356006,525.774255,309.080652,155.086689,131.217778,630.334199,277.929923,249.142534,171.732877,232.044480,151.321100,107.234746,672.965306
2012-02-20 11:00:00,28.625537,218.042294,801.741531,173.138397,225.637634,568.933554,506.407695,578.606559,134.552023,333.356150,123.645827,467.444720,655.541824,38.956779,171.565628,63.318019,389.888695,615.866803,357.118728,195.141193,150.526511,692.006711,300.648463,423.577073,182.179041,313.853112,160.192880,135.428599,754.270109
2012-02-20 12:00:00,29.347916,232.764481,752.917345,186.219125,224.632751,522.563053,549.122160,533.008268,93.136215,341.909817,148.227017,427.843172,590.254627,51.712789,172.412741,63.846624,412.093779,669.469014,356.490571,185.522245,138.893057,702.831366,312.245711,389.133234,164.635850,302.278998,159.789139,177.272471,777.000739
2012-02-20 13:00:00,27.670486,227.787268,810.302439,172.278481,233.942582,517.354846,558.171442,491.964183,73.269634,338.214239,155.462454,420.532897,504.452801,46.552533,144.129010,59.650029,376.418083,703.120126,351.233575,176.598380,118.160834,726.674112,304.490706,341.987851,174.253890,309.802825,163.719183,220.712571,800.605166
2012-02-20 14:00:00,29.161514,215.575726,740.379298,135.827128,227.478152,501.807857,560.937430,457.347892,79.192001,309.573553,148.407366,386.635086,491.552243,38.046008,117.893798,53.433275,319.495598,623.988580,351.906712,152.082494,102.716126,665.253318,281.316349,337.356194,178.237066,290.106282,173.796257,236.386166,669.615412
2012-02-20 15:00:00,25.740180,177.261621,796.506655,108.144086,153.005882,449.938060,474.688260,387.738933,55.192917,283.677016,156.669329,317.299766,397.731721,24.318620,85.950354,39.284929,248.357529,495.717291,346.438715,110.988116,98.047637,723.776151,236.827093,417.683424,177.311168,345.697151,182.085559,239.639871,610.181914
2012-02-20 16:00:00,28.870760,120.870598,847.040287,87.299838,115.049960,455.249568,377.467528,395.548460,35.638016,196.538044,149.640597,299.455470,254.899662,13.909601,52.441921,25.075033,149.879627,307.962834,284.034082,76.631779,89.855693,632.439491,210.355875,394.998348,166.872257,347.566081,144.008508,244.021165,575.214007
2012-02-20 17:00:00,21.150689,42.982321,770.595860,36.772348,79.880176,414.650891,184.331049,266.239908,21.657917,73.344766,107.844872,227.778971,96.776912,5.224772,6.205426,7.696107,27.790446,84.355682,197.368116,26.081406,67.493055,556.137405,152.167766,282.633455,143.608735,297.356348,141.525603,197.599703,420.025309
2012-02-20 18:00:00,13.109769,45.910557,718.411039,41.195437,77.988277,357.331503,263.846404,230.186587,30.367410,91.137664,90.631171,276.242582,135.487676,2.525570,12.109617,5.363035,24.427271,131.792338,307.414517,23.921289,58.778477,532.712472,104.684894,300.253995,144.941845,296.480321,95.178037,139.610429,409.840591
2012-02-20 19:00:00,7.655530,71.114302,784.294376,49.217706,73.468741,322.641756,209.075338,189.775172,27.332986,97.521375,78.844280,243.881397,85.836913,2.130949,12.651838,1.969476,18.762976,131.363047,366.751200,41.442234,61.900452,429.347906,91.849680,313.363676,144.536116,270.747034,90.672024,114.941749,412.858285
2012-02-20 20:00:00,3.383588,56.368542,826.259670,48.957524,57.702916,369.256104,191.003666,183.700254,22.352823,108.658913,70.030035,314.388134,121.181524,3.172747,26.809848,1.030188,22.303161,56.022476,301.733346,39.762143,61.114344,372.669395,82.575682,292.078064,135.204350,263.574564,107.684523,78.475004,309.879471
2012-02-20 21:00:00,5.036189,37.857908,610.779845,29.140351,38.941586,281.041160,165.147275,178.681843,13.620166,109.473855,55.305062,257.169806,127.913831,2.557139,48.739701,1.242285,20.533068,38.636190,228.088526,35.761927,52.736670,274.546772,76.862899,203.622956,107.267012,229.738029,124.880941,62.172224,223.875187
2012-02-20 22:00:00,6.532022,9.203027,546.201129,14.049812,22.177259,193.097229,174.600149,165.475498,4.655873,98.607964,31.281926,145.390833,78.263068,1.610051,38.738724,1.787678,18.585967,34.557926,188.741151,38.082053,52.197624,216.721587,70.927540,173.809003,107.324973,227.055197,138.674860,67.391974,151.639133
2012-02-20 23:00:00,5.911480,14.118281,500.539410,17.692356,15.345402,187.270435,166.259378,137.742175,4.099948,81.358361,16.245862,130.070078,71.109992,0.726101,30.846387,2.090675,15.222792,37.992254,167.489361,36.161949,50.400804,221.635908,58.685862,143.431192,111.633428,189.605051,168.331784,65.640140,99.772514
2012-02-21 00:00:00,3.200691,8.680128,397.691825,11.361268,25.435530,200.550104,172.375943,88.350446,8.917966,63.429641,16.314993,141.326143,72.161915,0.710316,45.667112,2.605769,11.682608,38.850836,161.808189,44.882419,48.244620,227.041662,47.853832,161.756554,119.226356,175.698126,161.848643,58.668557,91.096643
2012-02-21 01:00:00,1.730986,4.601514,277.231863,11.794904,35.052682,191.064626,180.716715,71.710451,13.874965,42.648623,17.732186,159.460913,71.320376,0.931304,69.103136,4.817642,10.443543,34.128635,143.081363,47.122540,45.594310,220.653044,33.757354,118.691955,124.153065,145.146691,135.640198,52.054490,72.424660
2012-02-21 02:00:00,2.266612,6.902270,217.001882,12.228540,39.204349,196.620406,170.985815,74.483784,12.693624,43.599389,13.204084,120.533690,83.101913,0.836595,91.575211,5.393335,18.408958,23.825651,125.196193,38.962100,38.159967,197.883354,24.260780,78.164714,108.774005,100.688331,110.903104,41.614991,62.805760
2012-02-21 03:00:00,2.155567,6.065632,160.468325,7.978906,39.940088,190.116079,122.053289,108.424089,14.593035,46.451685,10.093174,97.865227,74.265760,0.710316,56.029570,5.878129,43.898284,20.391323,104.996471,38.482074,29.355548,163.483102,16.693197,64.279728,89.067169,86.124385,90.626044,31.890526,63.182972
2012-02-21 04:00:00,2.103311,8.366388,121.982020,7.241724,40.360510,143.095210,89.802306,107.763772,12.832605,42.241153,11.268406,97.239890,85.836913,1.215430,45.606865,4.969140,44.252303,26.616042,72.382337,29.041565,23.965088,169.216477,14.986781,51.381493,86.710077,71.341433,74.487159,28.458361,73.556296
2012-02-21 05:00:00,3.396652,7.634329,107.413757,5.723998,33.265889,125.479322,86.465997,103.537742,7.968260,48.624864,10.127740,98.959567,57.224609,1.057582,32.653792,5.756931,40.181091,18.244868,72.382337,32.401746,21.404619,135.962900,17.138349,35.170597,73.919954,45.115380,73.475605,24.918942,61.296913
2012-02-21 06:00:00,4.304603,7.948069,95.237299,5.593907,12.349896,114.232255,86.744023,90.991715,1.667775,51.477160,9.056204,89.110510,52.596148,0.584038,11.868629,5.969028,36.286888,15.669122,69.646958,32.321742,24.751197,84.690144,23.147900,29.602507,49.440973,18.396563,74.119322,20.628737,62.428548
2012-02-21 07:00:00,3.359287,18.708483,116.406051,9.232319,15.095768,127.900081,94.047771,95.861382,5.175138,73.398983,7.400231,109.547451,87.824044,2.516008,14.023769,12.423633,75.606776,35.463392,78.607574,48.826142,22.299676,89.593150,34.606292,38.357001,37.013153,14.014328,77.476548,20.116636,66.674354
2012-02-21 08:00:00,6.953158,68.920755,246.933355,26.283530,52.128919,197.359458,177.084421,164.401484,21.223614,130.051186,10.965708,183.136048,216.321324,9.849347,51.839831,29.742975,169.851529,144.696989,149.884797,75.517184,31.653801,185.611275,80.161210,79.023929,40.570162,42.785207,98.035649,36.926476,156.058547
2012-02-21 09:00:00,10.652069,132.339645,353.196812,42.395765,80.888807,249.084728,307.677781,231.572662,33.570481,212.616797,24.513809,252.469184,326.711140,18.125060,98.116013,47.162666,270.193155,224.325833,242.741594,111.012460,41.417351,272.017265,119.922008,109.672210,44.292736,70.700691,114.806225,52.761889,247.457914
2012-02-21 10:00:00,12.693146,152.740308,418.653321,57.210417,87.761080,315.233960,377.663835,281.391641,37.617927,246.079175,38.952355,303.210966,392.580902,24.448446,104.108705,55.242880,335.606773,304.931591,269.462498,115.994066,48.532315,331.759601,143.285445,142.015603,41.155467,99.086169,129.542569,65.059878,312.601971
2012-02-21 11:00:00,13.910819,197.479032,466.619446,68.461454,112.304535,332.512689,470.677055,315.307250,41.542347,283.539393,48.034917,326.221099,450.721486,27.859298,112.015085,58.865960,378.958469,386.290480,311.508108,133.835009,52.076725,375.463575,156.208106,136.615776,56.962516,115.598442,156.817126,73.369094,345.273041
2012-02-21 12:00:00,13.870693,214.190500,469.429585,83.022939,136.320774,308.774297,523.858038,350.411798,53.485589,301.477119,57.176010,331.546138,440.858075,30.622554,119.276491,63.180561,378.589505,423.360195,329.466785,129.424977,52.911814,415.904021,158.382247,167.731609,52.532084,152.190977,171.755438,74.640587,380.778727
2012-02-21 13:00:00,12.689983,210.201285,454.911394,85.185857,126.621803,298.332971,546.453201,381.029044,47.945686,298.276496,58.604598,323.876644,412.945926,30.308598,114.954105,59.101718,350.633412,418.042888,317.229531,130.054932,49.649246,418.530250,149.488061,194.797987,44.631782,167.336253,148.639439,71.354599,379.145634
2012-02-21 14:00:00,10.862863,188.019992,391.846539,71.910660,109.093095,246.352684,560.341952,361.508167,39.979526,269.837887,55.276821,283.228476,360.666894,27.785518,98.612998,50.672308,301.608156,366.717445,288.937106,114.872726,42.237566,399.461558,130.071556,171.529577,33.927092,144.639945,122.033492,63.194826,336.659029
2012-02-21 15:00:00,9.005699,144.334729,294.794482,69.399725,89.970237,178.493082,506.050168,299.398717,32.083067,217.968988,47.693546,217.077691,273.851018,22.102226,76.024885,39.610339,230.720223,313.158969,243.096212,90.647959,30.285639,378.530016,95.824056,168.521026,23.800261,146.712866,133.099995,47.410659,254.225747
2012-02-21 16:00:00,8.002890,90.366048,188.481256,76.040460,54.628786,112.989709,408.529073,221.843279,17.140073,143.335933,32.455318,126.528024,169.010335,14.806923,42.726664,29.738809,135.470484,226.713745,180.470268,57.408208,19.500250,315.934880,62.576983,153.788433,18.471665,155.103932,88.694895,32.759019,151.175985
2012-02-21 17:00:00,4.794504,11.085465,47.183776,68.557879,17.447512,27.507886,242.994475,141.968205,1.876247,44.957625,9.540123,33.299191,31.768073,3.867278,2.048393,19.512965,9.027470,40.997291,51.551374,4.560246,4.042845,159.715455,12.241678,94.164164,9.138562,111.967176,74.487159,9.724465,39.607236
2012-02-21 18:00:00,2.051055,15.164079,43.269914,68.948152,30.743357,16.938353,234.653704,119.913609,2.779626,39.796327,7.431618,26.733153,42.918456,3.725215,1.867652,9.968580,14.337746,44.646264,81.430129,6.560354,3.840703,149.723001,6.899855,111.714221,11.746820,121.220209,63.957802,8.830672,50.734983
2012-02-21 19:00:00,2.024927,8.052649,24.135480,96.180504,36.313948,24.526736,206.295081,98.387268,5.281289,41.426211,8.053800,41.428571,38.921149,2.257228,2.590615,4.302548,22.480170,28.762497,82.061370,9.600517,4.784034,145.627733,8.903038,113.546757,9.563611,132.937067,62.210572,6.721322,42.247719
2012-02-21 20:00:00,5.049253,8.261809,13.698516,111.748043,11.561604,36.451337,201.846669,110.008851,3.937803,41.426211,7.846406,60.345012,29.874612,1.136506,5.361970,1.484682,31.507640,23.825651,67.121993,8.640466,8.759498,98.941677,12.835214,93.529824,10.993323,98.991029,64.279660,5.899032,27.913671
2012-02-21 21:00:00,7.302801,6.693111,16.090320,82.043964,10.615655,52.847663,155.416375,106.311074,4.540055,54.601104,3.525698,91.455524,30.295381,1.294354,4.518514,1.908877,58.767058,22.108487,54.076339,10.400561,8.557356,77.318661,14.986781,84.860519,9.389728,79.116171,62.072633,8.830672,27.159248
2012-02-21 22:00:00,5.767776,6.588531,21.743676,46.008798,9.879916,62.333141,184.331049,113.442500,3.428205,53.650338,3.767657,78.792451,43.339226,0.757671,1.807405,2.969364,62.661261,21.464550,57.863787,20.001078,8.489975,71.912907,16.248045,66.958050,9.099921,56.503729,61.336957,10.224989,24.141553
2012-02-21 23:00:00,4.239283,6.483951,23.918043,55.505431,9.617153,69.515002,192.671821,120.441863,4.169438,47.809922,5.979860,58.625336,58.276532,0.962873,2.409874,4.666144,38.056980,22.323132,73.223992,14.960806,8.332753,71.585286,19.364109,71.468909,6.646227,68.056332,60.371383,11.655058,17.917559
2012-02-22 00:00:00,4.219686,7.529750,22.395986,52.079705,5.938460,86.453356,152.636118,81.483146,3.011261,41.697858,12.201679,54.716980,55.751916,0.820810,2.409874,5.211537,16.284847,20.391323,85.007163,8.560461,6.805456,66.670964,19.141533,91.274395,4.095931,57.489259,59.727667,6.971584,11.316353
2012-02-22 01:00:00,5.036189,6.170212,23.483170,72.677423,3.521034,92.280149,145.685475,44.505381,1.158177,33.684263,11.925154,49.557951,45.653456,0.473544,1.927899,7.181014,9.735507,17.171640,88.794611,5.680306,7.142360,63.558561,17.880269,85.142447,3.748163,50.371541,69.245470,9.974727,9.618900
2012-02-22 02:00:00,5.761244,7.529750,32.615513,60.232065,4.414431,89.705520,116.770800,34.336496,1.227668,32.869321,9.229032,51.590296,35.134227,0.584038,2.048393,6.453822,11.505599,14.381249,70.067785,3.760203,12.150996,63.558561,21.664060,45.742921,3.323113,25.295274,70.165065,15.623497,12.259383
2012-02-22 03:00:00,6.734515,16.314458,36.311938,35.514803,5.518038,107.863434,111.210286,40.675541,1.412976,38.166443,6.429214,62.221023,26.508458,0.441975,3.916045,5.696331,16.461857,9.229757,61.230407,4.000216,15.654795,58.152807,22.999516,39.117598,3.400395,19.436845,66.762565,14.801208,16.220106
2012-02-22 04:00:00,6.061717,9.830506,35.224754,22.115445,7.515043,137.810443,95.918872,43.580937,1.922574,56.230988,6.083557,83.951481,28.191535,1.515342,5.542710,8.635396,30.622594,13.308021,53.655511,5.280285,16.710427,64.213803,22.331788,36.862169,3.612920,19.929610,62.256552,15.945263,22.255495
2012-02-22 05:00:00,6.388318,8.993868,42.835041,12.488722,12.455001,148.515483,77.569175,46.222206,2.756462,49.439806,4.977456,104.743933,35.975765,1.136506,7.892337,8.150602,46.199404,32.196825,56.180476,8.400453,19.989624,69.291936,22.331788,27.769970,4.076610,16.261248,67.958038,15.945263,33.006030
2012-02-22 06:00:00,7.263609,9.935086,42.400167,10.840904,10.563102,160.846604,64.223940,64.314898,2.686971,47.130804,3.560263,119.283017,24.194228,0.441975,6.024685,10.150378,46.199404,31.123598,58.915855,13.680737,21.561841,69.291936,23.741436,20.157897,5.467681,11.114590,73.902626,13.371140,31.685789
2012-02-22 07:00:00,11.592175,19.636273,75.066210,16.702024,14.336449,247.975773,76.426666,120.786814,5.747373,75.033511,4.500792,189.210636,66.302567,2.733482,13.915425,18.808039,64.336613,48.455212,71.434785,21.981190,23.581227,84.691632,38.839222,22.861255,9.097872,15.864766,80.451913,17.670177,62.177296
2012-02-22 08:00:00,21.427664,78.348998,213.058135,36.472942,51.818993,338.549089,190.218685,219.949324,19.387293,137.994358,15.387658,279.024089,195.464180,11.307079,50.255292,37.910132,161.434512,182.530170,155.185381,59.090635,40.205169,199.489234,93.570907,60.273216,19.605341,51.073953,106.439982,41.578739,182.840453
2012-02-22 09:00:00,28.336433,140.504392,350.113094,65.859513,82.997262,332.402314,351.088438,280.756389,32.580930,217.218972,30.022750,314.067562,315.950401,20.332741,87.612797,53.691529,268.090043,344.279869,284.713134,99.791230,60.094531,306.772349,144.684892,109.123601,31.763622,82.855258,129.570240,71.858192,305.672118
2012-02-22 10:00:00,24.567675,191.616722,430.378973,78.646199,103.865216,428.324822,446.206021,311.473262,42.007169,266.260787,38.557145,361.776572,395.310470,27.036891,110.202802,58.208523,333.767878,387.862648,316.668964,115.175368,70.354040,386.977766,159.974552,133.509839,43.358319,110.814834,134.735736,84.756925,386.346613
2012-02-22 11:00:00,22.922740,219.048975,477.114069,97.018706,119.490730,461.340382,501.550399,368.599874,47.821560,310.108887,42.926289,404.304535,441.343297,30.980835,124.272355,60.492668,371.524082,433.691788,350.237671,119.727893,72.951358,448.941662,176.532258,144.087673,64.415415,117.432489,149.556388,109.392348,432.176004
2012-02-22 12:00:00,24.486783,226.849334,502.611526,116.691626,131.376049,364.419822,537.576676,400.479235,49.809681,327.555353,45.647907,391.645754,457.707197,31.891254,128.309609,61.651011,381.927111,455.520174,342.770088,126.621229,75.564678,517.731878,183.106765,167.879508,79.313230,147.208346,151.664391,109.131283,437.479740
2012-02-22 13:00:00,19.849731,225.445861,491.652895,123.380421,135.737120,377.973834,540.723875,438.917163,47.952249,314.416382,46.052077,366.971079,464.816667,30.389274,122.827103,58.310735,366.902202,447.207566,324.965949,127.820948,69.839664,560.280484,166.817508,239.966328,91.145893,246.259169,135.458440,106.159849,427.256852
2012-02-22 14:00:00,16.476687,210.870654,430.436783,101.584607,136.992736,324.984869,521.835000,428.450235,44.000204,300.945103,37.950986,317.820319,447.285593,26.404672,106.653998,51.548735,328.018845,420.450570,301.989193,114.031838,63.356707,649.299205,143.481978,273.657488,103.301798,309.160209,128.365620,97.058382,422.861528
2012-02-22 15:00:00,16.553394,168.673155,339.373265,93.582826,124.904429,223.871977,470.832811,395.229594,36.209202,243.019588,32.394424,261.622991,379.240779,20.245831,81.407750,39.138802,256.901775,350.848354,268.609934,92.581617,44.696688,499.435365,115.801012,285.012836,89.419120,313.225396,120.408675,84.611972,344.800534
2012-02-22 16:00:00,13.451203,110.365176,229.482424,122.353702,87.897280,171.485172,354.319306,351.430237,25.280031,173.676167,20.920428,177.935345,230.518980,12.417435,51.582699,28.151260,157.821448,244.013154,201.354047,66.772939,48.696570,317.926103,92.987259,245.054024,105.575202,212.867523,67.038443,81.383092,227.890279
2012-02-22 17:00:00,12.208350,11.399204,121.982020,105.850591,51.764456,77.509905,96.474923,205.754849,17.720114,47.130804,4.528102,43.617250,69.847684,2.367721,5.482463,11.332064,18.054940,59.456804,86.059232,15.840854,35.554578,280.771580,47.482872,186.989166,82.710749,189.988313,50.163883,89.629538,196.338728
2012-02-22 18:00:00,17.910805,19.556433,121.329709,110.794043,35.210341,83.201192,95.362820,198.095170,19.827996,30.967790,4.147880,65.973045,57.224609,1.625835,6.265672,3.848054,15.753820,69.974434,93.634127,11.040595,29.961975,259.476186,34.573466,165.633072,92.564167,159.820140,31.542093,62.029218,147.112591
2012-02-22 19:00:00,15.631130,16.209878,100.020907,91.237051,14.136689,92.822177,79.515355,154.250105,7.898770,44.685978,5.876163,126.161723,73.003453,1.152291,4.398020,1.636180,10.974571,47.865947,113.202608,22.161194,37.081875,227.860716,44.886152,141.669138,82.691428,115.033270,36.553884,28.958885,120.896373
2012-02-22 20:00:00,12.241010,13.804541,158.728831,91.106961,19.129200,100.546066,54.215014,162.966293,2.710135,63.565464,5.150284,176.188676,81.208452,1.231215,3.675058,3.484458,12.744663,65.896169,79.536405,13.040703,40.450912,187.727089,58.314902,123.132331,71.756067,71.669943,37.013681,24.025149,107.882567
2012-02-22 21:00:00,5.258278,11.190045,183.299185,69.902152,22.807892,95.938834,30.026777,134.836779,4.563219,58.675813,4.286142,144.609162,80.577298,0.852380,2.771355,4.484346,17.169893,64.393651,61.440821,19.281039,36.924653,194.607139,54.308535,116.929901,70.229753,65.044990,39.358647,24.275411,82.609378
2012-02-22 22:00:00,4.676928,11.294624,219.393686,49.607979,17.394959,113.554721,26.412443,92.972666,5.142307,35.585794,6.048991,104.431265,63.746531,1.515342,2.650861,3.423859,18.408958,89.721820,54.076339,20.561108,40.293691,184.123253,55.421414,96.983450,96.447573,44.567864,41.979492,32.569808,69.595572
2012-02-22 23:00:00,8.387117,8.784708,206.130044,34.994439,20.127702,187.134928,26.968494,82.935844,5.767723,33.005145,6.844001,126.630725,65.850377,1.688975,2.530368,5.272137,23.542225,63.749714,58.074200,21.441156,39.395281,216.230155,47.557064,86.904501,95.539513,40.461488,32.691587,45.976700,77.894231
2012-02-23 00:00:00,6.381786,8.889288,141.551328,29.227078,23.070656,242.286207,26.134417,73.559340,4.702200,28.387141,6.809436,213.083554,102.246911,2.320367,3.795552,7.453710,19.648022,51.514921,52.393029,26.561432,34.049741,222.291151,43.476504,73.724338,81.802689,52.287850,42.577228,44.296369,95.057367
2012-02-23 01:00:00,12.436971,12.967902,101.760401,30.354532,21.914496,226.431908,23.354160,53.749823,3.474532,22.139254,6.671173,192.291101,81.629221,2.683418,6.024685,9.423187,18.585967,40.997291,55.759649,5.920319,39.597423,245.224653,49.263480,70.834569,103.364286,59.186561,64.693477,37.360537,82.232166
2012-02-23 02:00:00,15.670322,10.144246,79.799289,22.505718,18.551120,243.505768,29.192700,40.543478,3.127079,19.151133,6.325517,172.436654,65.850377,2.683418,6.145179,9.211089,18.762976,37.348317,60.178338,12.880694,43.864871,222.618773,46.740952,57.583923,70.055869,40.078226,63.084187,28.279603,109.014202
2012-02-23 03:00:00,15.056312,5.124413,85.452645,20.554355,20.022597,228.600017,34.197163,34.468560,3.103915,19.966075,3.698526,171.498649,58.486916,1.546911,8.796040,9.059591,32.392686,46.792720,59.757511,13.600733,46.021055,239.818899,60.911621,83.098465,64.916635,46.100911,60.325403,24.096653,115.615408
2012-02-23 04:00:00,16.186352,9.203027,101.977838,22.809263,16.606668,191.606654,54.771066,38.694590,3.219733,22.954195,3.145475,155.396223,38.289995,0.915519,6.446413,7.665808,47.615478,39.494772,67.542820,19.041026,55.319599,210.332969,68.405012,76.191213,57.941961,36.355112,64.141721,17.732848,98.452273
2012-02-23 05:00:00,15.944667,6.483951,87.627012,29.530624,14.294347,166.131370,66.726172,30.242529,4.702200,15.348072,2.903516,146.641507,43.549610,0.710316,5.301723,8.635396,44.960340,39.065481,71.540682,23.121246,57.969908,185.925171,58.982630,67.310461,43.007271,37.778656,64.141721,19.877951,81.666349
2012-02-23 06:00:00,19.099633,5.647312,76.102864,30.788168,14.767322,138.081457,76.179046,37.902209,2.617481,14.940601,2.246768,140.075469,50.492302,0.457759,7.048881,10.907869,34.162778,32.626116,72.803164,17.600949,61.945373,178.062256,64.992181,92.825003,43.780088,35.862347,60.667298,17.875855,70.538602
2012-02-23 07:00:00,16.086493,22.325939,129.474561,29.812572,19.244025,164.776729,89.477046,71.115291,6.042324,39.298434,3.250556,166.903270,87.358497,2.382900,14.914648,21.023317,64.264970,51.255041,104.058700,30.891561,50.705029,163.419317,67.835138,79.843153,40.326154,34.242454,74.475939,25.631880,101.315320
2012-02-23 08:00:00,18.441276,79.142287,261.846361,49.386308,69.153882,247.934321,210.173992,161.838643,25.130349,124.480711,13.004075,212.071594,214.535331,10.638973,51.983658,38.558456,165.355520,183.632756,240.052828,90.041411,66.665304,223.645199,107.939767,119.949225,46.683965,70.574528,93.663293,54.376280,209.252911
2012-02-23 09:00:00,19.693801,140.207146,371.456188,77.649440,108.149344,316.733773,361.590870,233.634898,38.708877,217.266269,26.158413,308.173945,345.851734,20.193960,88.216359,53.239213,265.337940,344.067021,441.983596,173.995606,76.187104,319.259570,152.374764,171.682836,67.849959,115.661789,115.005553,65.870267,296.322109
2012-02-23 10:00:00,15.966009,196.225533,447.078814,95.964305,103.921949,377.881601,460.895668,292.195686,42.385432,257.403342,38.543119,359.364286,415.523834,25.657058,111.112980,59.714497,332.160714,430.436153,378.377204,134.660676,73.964622,358.770425,162.023400,179.818880,81.131116,134.408756,125.091575,71.716607,366.390188
2012-02-23 11:00:00,18.001629,213.818085,544.002198,128.793881,118.803436,409.710134,534.584972,313.903950,48.095077,286.577180,51.904796,403.376485,462.217912,29.033311,126.324868,61.881186,370.323310,480.593104,439.240739,148.666796,74.664621,429.400401,168.099999,165.040351,90.394486,124.523385,124.419144,88.061525,410.613467
2012-02-23 12:00:00,18.799270,220.961188,533.472675,136.635239,130.408389,378.515324,590.798128,338.050181,50.476413,298.881115,55.729107,426.340652,501.513732,30.349233,129.968310,62.428018,382.258401,514.906878,479.142801,157.112139,77.793336,506.442082,174.665239,221.822313,95.440070,178.164400,121.234961,91.339006,439.195486
2012-02-23 13:00:00,18.397348,211.905361,499.497916,123.883281,125.013022,377.073713,605.597294,334.016485,47.739671,292.125855,59.388139,436.676235,514.516026,27.750875,123.531651,59.284911,365.227964,521.148972,442.748479,144.058349,62.090344,542.743018,159.126237,289.729142,78.831365,251.015879,121.766790,84.512900,411.466602
2012-02-23 14:00:00,20.927606,184.567470,444.728887,92.950270,101.122277,346.788691,575.834273,320.895386,40.687817,269.072043,58.163297,315.974986,438.461773,20.908793,106.685151,52.760234,322.126896,473.032128,379.617064,156.740586,54.738710,502.133960,143.519462,282.079589,63.458547,224.834873,97.740804,85.071779,360.910087
2012-02-23 15:00:00,20.529950,146.587539,342.396136,76.005305,76.216307,209.000157,515.657236,271.702349,30.889118,213.861010,54.258769,240.548548,332.512497,13.407395,82.223290,41.249141,251.811124,433.337534,332.354409,149.595612,53.594474,421.759703,119.613486,247.958698,47.529508,233.130801,79.904239,75.177637,277.124055
2012-02-23 16:00:00,16.615377,86.886815,198.986805,65.697973,58.096021,162.194257,420.189800,190.724045,19.098678,141.617807,42.685656,148.020349,207.491630,9.807709,51.646183,28.982460,163.647806,355.478429,292.766955,134.843055,60.002383,373.178442,92.585390,216.182112,55.465483,213.698923,39.144738,76.431617,193.095059
2012-02-23 17:00:00,19.080037,21.857190,43.052478,25.497807,19.707280,72.631659,169.039635,91.916159,3.150242,20.237723,19.287641,48.150942,45.653456,2.067810,2.048393,6.787118,39.827073,168.496719,135.085640,72.003881,42.674477,309.438456,48.002216,198.477758,77.610156,220.758754,21.656452,51.625470,103.356026
2012-02-23 18:00:00,21.470758,12.758742,41.095547,23.416354,20.232808,65.314291,141.237063,90.331397,4.215766,10.730068,18.976550,52.215632,34.082304,1.325924,2.349627,1.333184,31.330630,112.259598,73.013578,53.682893,33.128871,226.386419,44.811960,259.374343,59.275071,229.245264,10.299459,34.285890,98.452273
2012-02-23 19:00:00,21.751635,12.445003,41.095547,27.188988,16.133693,57.861415,93.416640,51.372681,2.988098,13.446541,14.586710,73.320753,38.710765,1.041797,2.530368,0.908989,25.135308,116.981799,64.807441,38.802091,25.492385,213.281562,33.238010,254.299628,70.538880,172.084515,8.782128,23.095605,71.481631
2012-02-23 20:00:00,21.006984,7.634329,51.967384,17.952538,11.929474,57.861415,83.407715,42.524430,1.042360,22.003430,12.547336,83.951481,31.978458,2.067810,4.398020,4.332848,26.197363,86.072846,55.338821,38.722087,19.315816,211.315833,26.634923,221.313977,66.075861,168.908918,6.850979,23.345867,55.638736
2012-02-23 21:00:00,14.572942,9.935086,48.923270,14.049812,9.827364,69.379496,56.161194,37.506019,1.227668,21.867606,12.720164,78.636117,30.505766,1.436418,3.976292,3.635956,21.064096,56.666413,36.611996,34.321850,18.619548,203.944350,25.076892,255.215896,71.640144,160.312905,4.735912,28.494113,45.265413
2012-02-23 22:00:00,10.470832,8.261809,55.228936,14.309994,8.198229,94.041738,45.318192,31.299037,2.524827,16.706308,14.794104,82.075470,28.191535,0.962873,3.012342,4.666144,10.797562,36.275090,25.039239,36.161949,22.437791,235.723631,28.489723,297.434708,79.503558,203.128715,12.690405,27.779079,44.322383
2012-02-23 23:00:00,8.792102,6.693111,56.098683,6.331088,7.988018,94.041738,56.161194,34.864750,2.385845,19.966075,15.934771,86.765497,25.035766,0.789240,2.771355,6.756819,9.912516,20.391323,39.557789,36.241953,23.515883,193.460464,31.086443,254.581556,75.021219,144.489671,16.644662,27.671824,28.290883
2012-02-24 00:00:00,5.774308,4.915253,45.444282,7.285088,6.516541,98.106943,54.771066,25.884435,1.945738,11.680833,20.324610,85.671157,23.983843,0.536684,2.831602,6.544721,9.558497,22.323132,42.924409,27.521483,25.806829,151.524919,28.341339,246.053215,89.202412,107.532290,14.207736,19.270172,27.913671
2012-02-24 01:00:00,5.010061,3.869455,33.920134,6.070906,4.519536,96.480861,36.977420,25.488245,1.714102,10.458420,14.102791,72.539082,23.352690,0.694532,2.409874,7.938504,9.558497,37.348317,79.536405,30.001617,20.775732,155.292566,26.857499,214.195279,74.132479,81.306238,12.690405,18.340627,21.878283
2012-02-24 02:00:00,4.814101,7.738909,34.137571,7.631997,2.732743,82.388151,45.874243,23.771420,2.107883,11.952480,11.752326,63.940700,25.666920,0.994443,3.434070,6.696219,11.151580,54.090667,119.304607,77.444174,17.631297,137.928629,23.889820,168.522841,61.864008,65.647259,5.609527,8.687666,11.882171
2012-02-24 03:00:00,4.526692,9.307607,48.705833,12.141813,1.944452,67.346893,49.210552,23.903484,1.644612,19.015310,11.302972,59.563341,27.770766,0.962873,4.940242,8.392999,14.337746,72.120889,182.639152,110.725968,15.879398,96.156895,19.141533,116.436526,43.896011,32.851005,10.345439,13.228133,9.996112
2012-02-24 04:00:00,6.166229,9.412187,71.101819,16.521538,1.997004,54.744758,56.439220,21.526342,1.505631,18.743663,7.569880,40.959568,30.716150,0.694532,5.361970,6.090227,14.868774,64.179005,221.986527,130.407029,15.924318,118.926585,17.509309,105.511791,40.824063,29.620656,15.725067,10.511003,11.882171
2012-02-24 05:00:00,9.170959,9.098447,75.015681,23.806626,2.102110,30.218022,62.277760,18.356819,2.107883,16.434661,7.569880,45.180592,26.087689,0.662962,7.229622,8.090003,13.275691,70.403725,223.249010,92.644993,10.691080,102.709323,16.767389,100.578040,31.376374,22.283932,14.023817,13.299636,10.750536
2012-02-24 06:00:00,9.634733,7.111430,75.450554,24.283626,2.364874,28.456434,75.344969,14.526979,2.478500,15.891366,7.742709,37.676549,22.511151,0.962873,7.109128,10.210977,16.992884,70.833016,217.567838,78.644239,11.544569,93.044491,10.683646,71.046016,21.735481,11.826362,14.740151,17.554090,14.145441
2012-02-24 07:00:00,8.144561,13.743895,119.529978,22.042896,10.288164,47.494926,105.009315,20.957999,8.048549,35.019183,7.358043,75.471161,63.747855,1.852374,24.291211,16.567051,54.828514,87.927667,239.411758,92.106504,14.170742,85.699759,25.760308,53.164550,12.858035,11.634979,30.981547,21.157677,29.938455
2012-02-24 08:00:00,10.757320,46.431195,239.262980,37.004103,32.707836,109.624050,239.026381,77.122936,20.716764,108.817866,10.837852,150.764374,182.741858,6.111299,57.715223,31.625590,156.111884,239.110754,355.533660,146.355526,25.809480,152.212977,65.725095,76.576039,21.888158,29.657298,50.226808,37.510579,88.644640
2012-02-24 09:00:00,13.183622,92.473847,336.866748,62.204520,44.795225,168.349934,429.704915,168.967124,31.724962,186.629270,16.075884,218.617059,298.805157,15.554449,94.330258,45.256643,259.257123,399.200508,604.520546,216.317948,37.239900,231.767152,103.600185,111.964920,34.350374,55.425623,64.434448,51.470661,150.045929
2012-02-24 10:00:00,12.160192,111.829076,378.861937,83.440289,64.885890,178.656075,531.733714,226.883722,40.445141,239.129138,27.327168,242.021379,377.786152,21.738393,110.755282,52.881094,326.148947,478.543557,546.551174,159.286539,43.358353,258.912983,127.100770,119.586094,33.907718,73.654301,69.169442,66.398434,228.476765
2012-02-24 11:00:00,12.815058,136.420815,372.185127,91.916497,79.217682,150.431680,574.774392,257.560228,45.973244,267.406047,26.360823,239.260643,420.546199,24.252221,123.324928,57.956844,364.776362,589.437846,650.253612,162.715000,46.544528,312.093172,140.469049,193.912852,43.813408,87.623544,84.284267,74.607256,308.236396
2012-02-24 12:00:00,12.761913,164.773706,366.539206,103.129937,101.463669,165.494627,649.032848,267.834174,49.857689,286.719165,31.539507,245.271867,438.553829,29.636207,129.880399,60.979577,380.404188,660.376763,568.460788,148.270941,47.382939,339.649042,144.893076,230.253217,39.498805,90.949413,109.493446,77.051645,385.026635
2012-02-24 13:00:00,12.544004,186.783060,321.208117,99.786559,114.308066,200.604744,645.255776,276.596533,53.163319,283.903928,41.825858,256.339294,410.102137,31.140181,122.180911,63.296811,372.549449,521.657051,408.208483,131.444898,45.121554,331.972572,145.596579,193.948954,36.601482,101.495014,113.467968,71.531611,415.937468
2012-02-24 14:00:00,11.025110,172.844090,259.443634,84.842715,110.383698,199.423408,544.471628,258.823631,46.541179,260.543588,44.682862,230.979805,353.117272,28.930230,106.082262,64.843614,365.505887,428.996547,332.474875,119.800378,38.395264,288.327813,137.691430,163.842448,31.589415,90.411524,89.164599,55.670975,387.552740
2012-02-24 15:00:00,8.888419,137.394655,182.223691,74.693350,82.792403,154.210518,435.196811,225.848224,37.000933,211.926305,37.596222,191.954735,262.575696,21.653874,80.669778,60.899797,303.103155,341.507904,279.112177,101.606640,29.795290,219.019983,99.439634,124.829514,22.544636,67.098008,63.019256,36.642882,269.544939
2012-02-24 16:00:00,6.058417,89.808775,95.293292,54.278202,47.760842,98.057116,299.854156,158.257265,19.567477,131.163557,26.262119,134.528268,164.419458,16.010170,49.051238,49.271628,214.595330,238.400915,194.587552,86.174422,16.512910,147.129703,55.478886,83.738266,13.849876,45.816684,29.770909,20.087745,161.871766
2012-02-24 17:00:00,0.744651,16.000718,23.700606,17.302083,13.453503,45.801308,67.004197,46.486333,2.316355,17.249602,16.280428,39.708894,42.287303,5.208987,4.337773,13.180341,117.534116,77.701672,59.967924,66.323575,1.976502,27.356391,7.122431,25.162131,1.816120,8.869771,10.667297,5.327005,72.801872
2012-02-24 18:00:00,0.614010,15.164079,28.266778,19.079992,7.672701,71.818618,76.457072,34.072369,1.227668,14.804777,23.746611,27.827493,44.601533,2.778126,4.217279,6.544721,109.745711,130.504465,79.746819,76.084101,2.088803,20.803962,4.080559,10.783770,4.772146,4.106376,3.862297,2.824385,72.424660
2012-02-24 19:00:00,0.548690,8.052649,20.873928,15.090539,4.414431,93.635218,74.232866,15.583487,0.555925,7.877771,29.588208,43.460916,25.666920,1.610051,3.193083,2.363372,117.534116,111.186370,61.440821,62.323359,1.909121,22.114448,3.190255,3.735554,10.452351,1.587799,4.506013,1.787586,55.261525
2012-02-24 20:00:00,0.209025,13.804541,18.916998,15.263993,3.153165,106.643873,89.802306,9.772695,0.671743,11.137539,25.785985,57.999999,18.724229,0.868165,2.108640,2.454270,136.120083,92.082921,55.338821,40.242169,2.201105,24.080176,5.045055,9.515091,9.119242,1.587799,4.735912,2.323861,30.931365
2012-02-24 21:00:00,0.320069,19.661013,20.439055,13.442721,1.839346,85.504808,106.761875,10.565076,0.694906,18.064544,24.092268,81.606467,13.254229,0.694532,1.445924,3.938953,119.127199,85.858201,40.399444,32.721764,1.414996,25.063041,4.674095,35.523008,8.404386,3.777866,5.563547,1.322813,21.878283
2012-02-24 22:00:00,0.222089,20.706811,26.527284,12.401995,1.471477,68.024427,79.515355,14.262852,0.671743,18.743663,20.255479,75.196764,12.202306,0.899734,2.530368,5.969028,69.033592,71.906243,23.987170,18.801013,1.527297,19.329665,4.748287,39.610973,5.970012,4.434886,4.506013,1.608827,9.241688
2012-02-24 23:00:00,0.195961,21.125131,18.264687,7.978906,1.786793,68.159934,68.116300,10.565076,0.741234,13.446541,22.294853,83.638812,12.833460,0.505114,4.578761,9.877681,41.420155,69.974434,21.251791,10.080543,0.943331,11.958183,5.712783,29.532024,1.391071,3.668362,3.126622,3.074647,10.750536
2012-02-25 00:00:00,0.365793,32.001436,18.699561,4.466453,2.102110,58.538949,55.049092,9.640632,1.088687,15.212248,21.672671,78.010780,10.729614,0.394620,3.434070,9.786782,36.109879,55.807831,18.726825,7.120384,1.078092,11.958183,4.154751,16.563307,1.854761,3.230349,4.827871,4.254454,10.561930
2012-02-25 01:00:00,1.286808,35.347991,25.005227,3.035453,4.256773,52.983169,44.762140,9.904758,0.764397,13.039070,16.868044,71.132074,14.095768,0.536684,1.807405,7.181014,29.914557,44.431619,20.620549,5.920319,0.673808,13.268669,3.932175,8.880752,1.874081,4.927651,7.724594,3.610923,7.921447
2012-02-25 02:00:00,0.718522,40.158665,31.745766,2.124817,4.939958,33.876707,34.197163,9.244441,0.625416,12.088304,12.270811,52.528301,21.038459,0.378835,1.506171,8.302100,18.585967,40.353354,15.991446,5.520298,0.741188,23.424933,3.709599,3.735554,1.197866,9.581543,9.609763,5.255501,11.316353
2012-02-25 03:00:00,0.757715,34.511352,32.180640,2.081454,5.623144,31.031063,39.201626,9.640632,0.694906,11.137539,15.554549,48.619945,29.453843,0.252557,1.988146,11.271464,13.806718,37.562963,17.253929,5.680306,2.133724,31.779280,4.377327,3.312661,1.429712,17.246778,11.356993,5.148246,15.842894
2012-02-25 04:00:00,1.038592,35.034252,35.442191,2.038090,7.199726,30.218022,40.313729,14.659043,0.810724,11.273362,16.003902,46.587600,44.601533,0.363051,2.289380,11.301764,10.443543,39.065481,15.991446,4.320233,4.020385,25.226851,5.267631,2.748804,3.612920,16.480254,11.862770,5.398508,29.422518
2012-02-25 05:00:00,2.279676,26.249544,46.748902,1.561090,5.570591,36.315830,33.363086,12.942218,0.579089,11.137539,8.364891,50.495956,56.593455,0.426190,2.289380,12.392551,13.275691,29.191788,13.045654,4.080220,5.031096,24.080176,5.341823,5.709055,3.342434,16.644509,9.563783,10.153486,36.966754
2012-02-25 06:00:00,5.179894,23.112148,55.881246,1.777908,4.414431,29.404982,28.636649,12.017774,1.042360,10.322597,5.323112,40.646899,72.793068,0.584038,2.409874,9.786782,19.825032,15.454476,10.310275,4.560246,5.974427,28.339255,7.270815,8.034966,5.139234,10.348067,5.964625,10.904272,39.795842
2012-02-25 07:00:00,5.053830,28.464696,89.109013,4.462724,14.258518,46.902325,42.186303,24.811709,5.084520,33.304090,7.453220,71.317942,127.153337,1.603717,14.663865,15.746698,72.089074,34.015696,29.884912,11.081949,7.565406,53.751867,18.731588,8.776382,6.937274,12.722715,12.006624,11.883140,86.420587
2012-02-25 08:00:00,9.630526,82.682165,170.669194,22.711458,44.073202,105.892781,154.230057,95.236365,17.523961,111.657841,15.087570,157.771429,258.636668,2.469965,49.373241,28.581249,205.520182,141.786619,103.791604,43.836228,17.162361,98.824053,54.858273,28.041276,14.162427,28.770841,31.420164,24.928896,163.441680
2012-02-25 09:00:00,11.681786,134.347316,257.778792,47.664700,71.181878,161.406766,299.857885,173.926092,30.671643,196.163654,23.478360,233.567295,378.908687,4.359174,82.334576,43.066358,337.129070,269.863486,205.739505,82.594185,32.295917,113.807764,93.914635,46.651568,19.990550,33.117734,55.476040,47.551420,219.274817
2012-02-25 10:00:00,12.527184,167.435931,326.845691,67.737319,81.463258,212.150311,417.605546,229.051018,39.845976,251.111190,33.858550,275.265919,431.420569,6.987119,106.533504,54.402885,394.986260,363.381527,270.321206,106.567925,44.126406,154.800231,118.112252,63.197120,33.870748,38.591985,65.347335,53.248890,264.235147
2012-02-25 11:00:00,14.208831,180.457985,403.228205,78.111688,102.397735,241.748780,498.316063,248.119580,44.780071,294.673614,46.428396,303.609192,543.676974,9.743524,119.815728,59.574164,451.080890,426.988198,310.902309,120.465367,52.133024,187.584440,134.119602,75.206090,37.313316,48.351538,71.522059,68.278181,372.840816
2012-02-25 12:00:00,14.270523,239.427669,486.077528,85.238670,119.731560,265.453777,544.986430,298.936820,47.269692,363.052430,59.135047,320.788460,583.318981,13.507623,129.122079,61.454031,494.878504,456.971015,330.220148,131.066539,61.367462,203.329819,132.622921,74.690483,46.106228,45.649373,80.398118,93.793600,427.028356
2012-02-25 13:00:00,14.545086,259.131010,529.064911,89.142837,138.319867,270.493515,571.619646,337.873051,47.884892,395.792562,68.489746,295.775314,629.142300,13.350975,134.002915,59.609030,505.319328,446.465518,329.878396,127.310685,57.149981,234.190023,127.926201,78.589726,55.475624,47.255702,80.127442,95.680507,500.114389
2012-02-25 14:00:00,12.304320,239.027739,446.181143,93.880658,134.659290,244.244923,585.926087,319.279659,42.147363,408.146352,73.549817,268.323268,636.185114,14.700593,129.581477,54.680973,452.450514,411.503462,322.496849,112.337034,48.070192,252.869587,109.269840,77.172606,57.306641,56.633942,60.628198,90.423334,459.965154
2012-02-25 15:00:00,11.654359,187.152261,298.292281,102.111164,121.401362,219.408308,604.885664,302.620862,33.450331,359.640155,55.843154,229.056535,565.983306,7.757513,115.209049,48.505322,378.951170,353.822983,332.021321,93.344412,42.943626,230.886139,70.680426,58.215413,45.374329,49.272497,41.335922,81.105960,421.985872
2012-02-25 16:00:00,10.600360,130.940550,181.424195,105.388691,126.749087,158.082669,583.985376,234.253833,27.356199,314.057246,33.412420,149.313306,453.011913,8.750237,81.392991,39.561705,291.390276,285.457860,335.737748,92.112583,47.763692,176.399121,52.460260,47.002896,52.083208,31.121609,14.584964,81.935984,406.776441
2012-02-25 17:00:00,6.636535,59.715098,65.665900,72.764150,117.875812,93.635218,436.500373,125.592338,26.962369,259.694803,20.393742,58.625336,305.268041,5.035354,59.282900,6.726519,223.385625,159.052317,298.366725,62.243355,43.325825,177.734635,38.802409,29.391060,77.957924,14.837704,3.632399,88.056463,357.408155
2012-02-25 18:00:00,6.767175,35.975470,73.711060,55.418703,83.611421,101.359107,341.693604,91.255841,35.023283,305.467370,21.223318,63.471697,253.723816,1.010228,103.263100,1.454382,296.136410,179.443640,288.266864,88.884791,38.766394,262.916211,35.537962,91.838252,110.358280,37.833408,3.310540,95.314060,312.708560
2012-02-25 19:00:00,5.702456,25.203745,121.112273,57.413430,44.512177,82.659165,263.846404,51.240617,17.233679,287.810297,19.045681,65.504042,223.428435,0.536684,133.266031,1.727079,377.206629,144.671069,316.672723,101.125450,39.170678,263.571454,33.757354,196.574740,113.507510,107.751297,7.126858,104.287739,277.062047
2012-02-25 20:00:00,7.720850,18.615214,200.259252,64.568427,36.839476,81.981630,253.003401,33.015862,3.659840,231.579309,14.586710,75.822101,212.067667,1.531127,144.110464,3.242061,466.773290,127.070137,297.525070,73.283950,45.077724,237.034116,41.399129,189.033149,99.055830,135.400893,9.425844,106.718856,193.321034
2012-02-25 21:00:00,11.692320,19.033534,293.104746,75.149149,28.063167,144.992305,273.577304,50.712363,2.293191,195.586044,12.720164,115.218327,223.638820,0.915519,159.292670,4.969140,413.847536,123.206518,258.177695,60.323251,51.546277,193.951896,43.699080,119.326294,99.519521,79.225674,9.517804,88.378228,138.625327
2012-02-25 22:00:00,16.421504,28.027401,290.712942,79.051875,27.905509,265.186861,253.281427,60.485058,2.571154,182.411151,12.443639,196.199457,228.688050,1.420633,141.339109,6.029627,381.808869,121.918645,225.773975,45.202436,63.674812,191.330925,48.818328,151.466158,112.328964,93.077848,6.988919,91.738889,99.772514
2012-02-25 23:00:00,18.740372,36.393790,293.757056,76.840330,19.181753,362.345256,281.083998,89.935207,4.470565,202.513050,17.110004,276.711585,203.441899,0.947089,134.049240,9.180789,405.528103,117.840381,247.446593,49.842686,75.803348,179.536553,56.311718,167.536091,116.734021,105.287471,8.644189,109.578992,68.841149
2012-02-26 00:00:00,16.780766,51.871609,267.012335,74.888968,21.599179,350.285148,322.787855,95.481872,3.752495,198.438340,19.667863,342.371961,207.859975,0.615608,93.563357,14.755922,466.242262,101.741968,255.442316,36.721979,88.875214,202.142432,70.853348,169.439109,127.167052,119.084894,9.655743,122.521112,76.196778
2012-02-26 01:00:00,15.239208,47.479255,189.387414,64.351609,24.804897,285.648392,311.388801,68.012675,1.644612,183.497740,16.695216,307.822097,167.466134,0.852380,83.200899,20.058359,505.538307,74.481989,283.637761,14.880802,93.906310,252.432324,86.136897,184.310844,147.221655,145.803711,13.058243,107.970165,122.028009
2012-02-26 02:00:00,13.756439,37.125849,197.650010,50.865523,35.473104,283.480283,270.519021,53.089505,0.996033,150.356771,9.159901,229.654982,165.362288,1.026013,70.127333,17.391991,523.770256,50.441693,281.112796,8.960483,101.857239,267.502911,110.175101,187.834952,152.824579,153.797456,12.644425,105.074277,174.083233
2012-02-26 03:00:00,11.796832,43.086901,274.405185,39.027256,42.883042,319.660605,215.747955,38.166336,0.926542,119.524805,3.698526,254.043122,208.701514,1.452202,79.284854,16.755698,621.656350,67.184042,256.915213,6.480349,112.638160,315.335642,139.480936,180.927701,160.436827,135.072383,12.092668,99.389755,217.839799
2012-02-26 04:00:00,11.542084,38.799127,349.420866,29.270442,34.789919,326.977974,159.030709,44.637445,0.926542,102.411026,2.073940,231.218324,183.455363,3.014899,55.728336,19.815961,706.974790,54.949249,221.776113,4.480241,120.454327,313.861346,176.354354,200.944634,171.700637,162.502972,13.931858,98.352955,287.058159
2012-02-26 05:00:00,12.913808,31.060217,383.123563,29.573987,22.755340,340.393150,115.102646,47.806968,2.293191,84.889776,1.693718,224.808621,77.211145,1.294354,17.592080,39.419825,670.687901,67.184042,157.389500,6.720362,128.921842,330.897661,212.634235,175.782503,174.560060,150.512355,17.932094,101.642113,326.665395
2012-02-26 06:00:00,22.966591,30.223578,459.661300,26.625261,21.336415,260.986149,94.528743,42.524430,2.270028,84.889776,1.313495,184.787058,54.279224,0.962873,5.301723,26.603080,623.780460,86.502137,99.736127,3.600194,114.502361,396.421950,194.308814,164.998733,171.043742,176.847911,21.531948,94.491771,389.659761
2012-02-26 07:00:00,36.822742,31.450878,603.407785,34.319737,41.890995,323.002640,105.815763,48.738785,2.957192,84.982379,2.721132,202.715135,88.420842,1.425050,21.603856,48.459689,651.184773,113.268418,85.253076,10.035695,106.979572,406.015224,195.030595,212.250011,173.308372,245.795439,31.353787,98.565544,398.400521
2012-02-26 08:00:00,42.624710,66.378580,783.291715,75.813161,60.733926,462.979576,244.484924,87.525996,12.589866,115.108310,10.156837,308.800275,192.200939,2.640282,45.847391,64.545351,854.952025,198.736130,152.747603,40.167796,123.929415,429.779785,232.718367,220.983652,181.904615,240.025652,82.448755,120.514200,418.463560
2012-02-26 09:00:00,48.216094,97.712473,923.497155,91.283260,85.404932,560.657445,418.682085,131.133846,27.447933,196.826847,18.837619,410.258622,353.202858,4.158532,65.209376,84.751044,738.296165,316.374905,258.852642,79.172248,133.891706,606.084597,261.034650,167.921803,192.198979,223.739417,91.944807,143.770200,617.377233
2012-02-26 10:00:00,38.983866,130.674249,1172.851748,105.207732,156.788215,657.852130,515.904075,183.226934,38.129902,217.956097,23.805804,485.936146,490.217847,7.063598,108.277719,96.775687,608.447003,406.918615,313.807563,107.851814,133.194296,712.333863,164.392595,198.433645,201.852277,263.851459,113.948843,165.070984,861.605016
2012-02-26 11:00:00,33.090482,189.558549,0.000000,137.489643,252.875432,745.627695,611.046815,212.393143,60.331879,242.118773,23.925872,529.972292,612.657572,10.422876,143.331002,99.478170,646.137988,497.713367,384.899778,124.125631,0.000000,709.907457,0.000000,253.544201,0.000000,283.738124,130.315781,0.000000,917.360631
2012-02-26 12:00:00,28.246388,217.975006,627.481758,160.379943,243.221570,603.657771,772.498603,262.591079,65.521581,297.970157,29.569063,494.693224,577.263192,11.277613,180.877486,108.682916,891.392225,537.359426,522.374868,136.672165,137.862816,704.476672,0.000000,307.479973,0.000000,286.796691,119.774611,0.000000,839.314384
2012-02-26 13:00:00,23.197723,227.697137,1039.229504,173.474027,0.000000,524.575042,802.252386,258.536648,0.000000,242.360285,41.906551,464.209954,521.961700,15.545009,148.728666,107.054495,859.302792,589.438296,597.101651,141.494675,128.923102,708.127376,324.046067,299.682226,0.000000,307.528586,144.264889,0.000000,900.942706
2012-02-26 14:00:00,17.725128,229.516884,1055.762433,175.384623,0.000000,472.673353,819.233599,258.174186,0.000000,359.911993,54.659238,422.419525,490.101571,24.909301,129.305257,74.568401,701.539531,628.058456,645.436441,153.969515,108.498724,236.864597,328.516379,305.066954,0.000000,305.785970,155.824319,0.000000,961.138647
2012-02-26 15:00:00,22.418648,244.974705,1046.988333,187.239806,207.099455,497.215663,848.413072,248.316243,0.000000,362.347244,58.125093,353.112443,479.202674,20.405772,125.545272,52.482778,536.738267,609.172193,769.267843,137.391795,98.665113,164.210378,321.088273,386.907215,0.000000,365.461054,164.743324,0.000000,1018.988002
2012-02-26 16:00:00,20.847298,308.486130,960.931777,178.469472,192.416809,432.509439,843.867332,209.016997,60.519755,351.512061,52.663241,268.856499,441.422703,13.261135,129.200527,61.819102,514.677699,520.273298,736.829141,136.373968,104.313763,744.228135,245.738879,413.943933,0.000000,353.695136,136.312889,39.131049,828.938543
2012-02-26 17:00:00,19.034313,334.341800,792.991846,142.406120,158.499086,324.267837,557.163533,189.775172,39.586502,303.158368,43.034252,205.735845,378.692263,4.230329,100.130264,80.021337,494.209718,256.716021,520.563666,92.084963,98.420821,716.180482,178.209153,296.941333,169.884516,286.132255,77.521821,205.036059,666.533203
2012-02-26 18:00:00,18.936333,363.937899,784.076939,129.700580,136.952459,369.798131,521.298216,179.738351,35.370737,262.954570,33.978048,230.123985,377.219571,4.798582,67.777706,46.267543,437.035742,194.468825,440.396020,160.568654,86.292285,714.214753,165.967475,252.608056,153.249629,261.548752,65.705031,202.533439,648.615643
2012-02-26 19:00:00,17.904273,355.676090,721.237717,128.573126,140.578599,350.285148,449.011530,183.172000,54.828116,228.455365,23.331823,216.991910,317.891116,1.152291,75.549549,8.756595,516.335869,212.284402,420.617125,175.929482,100.262561,592.667197,162.257876,210.036832,141.155041,240.359854,72.326112,188.769031,524.890182
2012-02-26 20:00:00,18.407239,257.580185,652.092829,167.253473,111.149060,418.851603,383.119436,246.430391,70.092894,160.815192,15.623680,204.485171,213.750744,1.357494,43.678966,6.999216,521.292127,199.191026,327.824653,114.006145,112.728001,540.903008,190.673407,160.205946,139.242319,185.170166,62.946248,170.928927,447.750374
2012-02-26 21:00:00,13.103237,116.083640,627.739912,190.583099,92.597941,367.494515,316.949315,295.161803,64.996913,94.669078,19.771560,201.358487,146.427675,3.883063,23.195037,5.635732,521.469136,175.794666,238.188387,46.802523,105.450879,537.299172,178.209153,149.915551,148.149036,188.017253,65.613072,158.987856,438.131474
2012-02-26 22:00:00,14.050380,109.076790,628.392223,167.903927,142.260287,318.983071,322.787855,322.895126,47.485272,61.528110,25.993379,136.948784,108.768833,2.288797,17.531833,5.696331,486.775331,177.941121,207.467977,29.601595,86.786411,562.853645,148.977510,187.482541,152.515452,222.729815,64.693477,143.435862,413.046891
2012-02-26 23:00:00,12.371650,119.848515,526.196948,170.245563,152.297861,346.490957,272.465201,284.992917,40.837334,51.205513,34.773058,164.463609,92.779604,1.941532,8.735793,8.756595,451.727507,131.148402,188.109910,25.681384,67.785038,550.076409,100.084991,257.189396,150.931177,263.519813,73.889423,156.342230,321.384430
2012-02-27 00:00:00,8.948871,94.226450,378.122517,171.329653,129.174653,293.778801,169.595686,244.185312,19.526870,45.636744,37.469180,182.911048,65.429608,1.973101,4.217279,5.272137,407.652213,115.693926,182.218324,19.761065,55.656502,491.759791,55.198838,335.213145,151.047100,285.091973,83.545166,152.624052,252.920494
2012-02-27 01:00:00,11.287335,99.978342,285.711896,118.339312,107.838237,189.303038,117.882903,223.319288,15.843866,37.623149,33.217603,140.700806,43.549610,2.178304,4.518514,5.453934,325.519939,98.736931,200.734736,13.520729,53.185875,469.645343,46.147416,306.033532,144.188348,283.449423,89.844389,128.241385,235.002934
2012-02-27 02:00:00,10.183423,65.048670,298.975538,70.422515,98.221085,190.793613,122.053289,228.205635,10.794213,35.178323,21.327015,131.164418,32.609612,1.610051,4.277526,6.302324,212.765072,114.406053,150.656259,6.480349,51.007230,445.892789,47.928024,246.687554,129.350260,258.756417,104.236043,104.573753,211.049987
2012-02-27 03:00:00,6.440574,43.818960,288.756011,37.552893,109.782689,155.561838,105.927797,172.210734,15.056306,45.093449,17.386529,104.431265,27.560381,1.452202,3.916045,4.484346,124.083457,121.060063,143.712605,4.960267,42.157892,424.269773,40.583017,251.832752,136.363575,253.062243,85.338375,88.270973,244.810441
2012-02-27 04:00:00,4.931677,26.667863,235.701443,30.354532,102.950832,139.843046,90.080332,109.480597,8.431531,32.054379,26.477299,77.385443,23.983843,1.026013,4.036539,3.787454,68.502565,117.411090,116.148401,4.720254,36.250845,405.595351,33.460586,266.070148,136.131730,223.167828,82.579591,77.473956,258.578670
2012-02-27 05:00:00,11.992793,11.190045,180.689944,19.123355,84.294607,118.839487,83.129689,61.277439,3.984130,25.534845,34.461967,35.018867,26.087689,0.662962,3.735305,5.150938,54.872855,92.082921,85.007163,5.520298,32.365222,436.064145,26.412347,246.194179,141.213002,207.727856,76.878105,70.931393,254.240735
2012-02-27 06:00:00,6.969668,10.039666,128.939996,8.499269,59.805026,88.485958,67.838275,45.165699,3.590350,22.818372,30.037562,27.358490,29.664227,0.662962,4.036539,6.999216,37.702962,70.833016,91.319576,8.800474,28.951264,437.866063,21.589868,237.595356,132.885898,154.947241,63.964867,58.311040,264.802665
2012-02-27 07:00:00,6.827358,27.633166,170.738079,6.411877,70.452625,103.961436,81.132761,63.311106,8.919841,39.762016,27.687491,73.570389,77.797817,2.471837,19.425721,15.636241,67.110952,77.518932,148.748854,17.869452,28.597136,399.277494,37.463848,223.099592,123.290617,161.017876,68.382639,52.891025,284.636294
2012-02-27 08:00:00,20.220005,81.835163,282.782501,23.165365,90.704432,184.387954,176.676839,123.306805,20.840906,112.284165,33.664420,148.313894,198.749586,8.179252,53.083657,29.830279,165.332173,160.063840,227.822283,56.117957,37.690969,368.806650,78.261057,267.240361,120.817172,159.639228,81.589614,66.555987,293.549345
2012-02-27 09:00:00,17.195861,141.968145,366.302345,49.284813,109.659768,255.946291,291.022914,185.770976,31.673850,189.235511,48.973969,220.861203,322.692544,8.546952,89.653328,42.340816,249.813131,243.054515,308.959334,95.229359,52.902235,351.051313,115.117495,299.504862,105.117432,143.664959,86.900569,77.247095,314.022238
2012-02-27 10:00:00,14.005116,182.952868,434.003171,66.255886,112.461532,352.708685,369.988634,230.400222,40.491355,236.099692,76.403395,275.912563,420.431975,7.843244,113.308857,51.232798,293.566032,319.345344,312.632256,108.430093,60.375607,394.769806,139.458681,227.642033,121.920569,138.494958,69.085676,82.071979,364.154820
2012-02-27 11:00:00,14.310271,208.927790,480.649502,77.917831,109.184633,442.845849,490.855866,259.864564,46.965737,275.360024,110.206646,354.078001,507.233900,9.932809,128.409754,59.083787,303.491886,393.872873,353.131487,126.201862,65.890343,500.620572,157.887340,296.656560,114.863113,164.429715,79.381323,84.437280,422.988804
2012-02-27 12:00:00,14.822435,227.826531,491.131077,83.213223,113.510645,438.361453,561.919627,275.091674,51.598721,290.331618,110.353365,422.111071,546.812630,18.783428,129.985211,66.308887,375.471642,444.741764,363.687675,134.129117,69.692521,595.221208,172.419443,396.520876,94.436622,238.171701,73.116733,86.010654,461.422157
2012-02-27 13:00:00,14.175450,238.397197,477.194791,83.114969,105.672730,399.138563,555.250784,279.429953,48.785069,283.781753,108.109427,379.814764,565.255855,27.008548,132.847630,64.399861,407.524515,437.196667,345.509932,128.246981,61.241964,530.464988,170.059226,379.165837,74.522964,246.151882,71.044748,92.453547,439.949777
2012-02-27 14:00:00,12.827780,202.561336,412.358274,76.323447,92.242806,408.983749,524.207891,279.049244,41.136427,273.033581,138.392924,322.193158,505.373173,27.746810,120.965672,56.923928,414.136356,398.770625,333.110869,112.357193,50.757759,501.375378,149.957390,326.104575,94.221345,185.521833,58.596978,85.654086,346.320573
2012-02-27 15:00:00,15.037655,146.289271,295.399298,70.337872,73.937982,328.171432,475.172224,240.558323,36.434614,242.850780,133.399335,257.178132,375.626509,21.619594,109.239608,50.009562,365.688324,332.210443,373.200387,96.130947,37.673384,474.130665,115.298029,373.146127,100.761869,216.942110,35.993467,82.744551,263.771996
2012-02-27 16:00:00,13.234242,90.032093,184.292602,49.936174,42.880919,261.052608,441.992091,143.970543,19.051251,161.458390,112.452386,202.626757,232.669952,18.956169,59.720312,46.370940,320.586667,255.646550,445.558926,126.110128,24.383230,438.559726,67.225191,371.752172,99.111838,234.127182,22.682843,65.485482,190.909968
2012-02-27 17:00:00,5.924544,16.105298,89.583943,9.843541,4.046562,127.240911,230.483318,35.525067,0.648579,53.921986,64.603226,110.215631,138.853830,4.845937,5.361970,28.724054,306.933972,90.151111,341.711962,119.206425,18.282644,405.267729,19.067341,323.654071,112.174400,230.887814,15.863006,27.528817,181.061651
2012-02-27 18:00:00,4.382987,31.896856,145.465189,13.225903,5.097616,71.954125,206.573106,33.279988,0.602252,62.750522,70.617652,64.878705,155.263828,3.141177,5.843944,6.847718,368.710187,112.259598,263.648453,99.525364,12.734962,440.814656,10.683646,356.216829,103.171081,244.739988,9.793682,15.802256,217.085375
2012-02-27 19:00:00,4.213154,38.067068,138.072340,15.177266,12.455001,42.955664,189.335512,21.394278,0.671743,74.295532,76.701208,49.870619,103.719603,1.310139,5.723451,3.272361,395.615587,56.022476,199.472254,65.203514,9.298544,531.729608,6.751471,391.528390,118.337617,207.837359,11.402973,26.885286,246.507894
2012-02-27 20:00:00,3.011262,30.432738,115.893791,23.980081,32.057176,23.984708,138.734832,16.375867,1.065523,79.185183,94.640788,22.668463,58.907685,1.010228,3.795552,2.514870,362.514865,51.300275,152.129155,45.042428,8.984100,496.018870,6.009551,452.424975,90.690085,308.470938,17.886114,30.925229,205.014599
2012-02-27 21:00:00,1.763646,28.550301,91.758311,26.711988,35.473104,31.302077,104.259643,16.507931,0.509598,83.124069,102.971113,13.757412,42.287303,0.883949,4.940242,2.181574,300.384631,54.090667,116.990056,37.442018,5.480301,357.926430,5.786975,381.308477,91.037853,237.020002,14.529594,24.525673,110.711655
2012-02-27 22:00:00,0.587882,20.811391,54.359189,14.700266,42.515172,32.115118,91.192435,25.356182,7.806115,56.910106,76.701208,21.261455,44.180764,0.426190,6.446413,2.817866,263.212697,57.524995,78.694750,23.521268,6.041808,304.851756,6.751471,377.854851,73.436944,246.054028,9.241925,20.843247,63.371578
2012-02-27 23:00:00,0.346197,34.093033,50.445327,6.504543,18.393462,21.410079,70.618532,22.186659,4.192602,35.042500,56.756820,22.355795,48.598840,0.505114,20.182695,3.484458,182.850515,39.709418,73.013578,12.960699,5.794745,283.392551,6.083743,403.510357,38.718136,210.246433,5.517567,15.623497,63.748790
2012-02-28 00:00:00,0.463774,22.275509,42.182731,4.769998,11.982026,11.924601,47.542397,18.224756,3.451369,26.213963,56.065507,15.477089,49.861148,0.978658,43.076497,3.302660,160.724364,17.171640,57.232545,10.000539,2.650310,277.003933,4.006367,412.179662,27.048598,229.300016,6.391182,11.798064,60.542490
2012-02-28 01:00:00,0.627074,26.040384,34.137571,6.938179,13.611162,12.873149,42.815960,16.375867,3.984130,26.485610,55.650719,11.412399,50.702686,1.089152,61.753021,1.363484,120.012245,10.088339,49.236822,5.040272,4.312368,242.603681,5.638591,339.724003,11.205848,183.418112,12.322567,10.010479,48.848925
2012-02-28 02:00:00,0.646670,11.294624,33.050387,9.583359,13.138187,13.821696,38.645574,15.979677,4.030457,30.017025,48.633889,12.037736,43.759995,0.631392,64.403882,1.181686,72.042749,12.020148,34.718272,4.160224,3.121975,176.751770,4.080559,291.302761,2.878744,109.229592,13.885878,8.544659,53.752678
2012-02-28 03:00:00,0.614010,10.771725,23.483170,6.547906,14.557111,13.415176,27.246520,19.149200,4.586382,38.166443,44.797101,10.474393,39.762688,0.773456,85.128798,1.211985,73.458823,13.951958,25.460066,5.680306,2.919833,146.446787,3.338639,288.624439,1.796800,98.115002,6.575101,3.825433,55.072919
2012-02-28 04:00:00,0.280877,14.641180,25.874974,2.818635,12.244790,13.279669,25.022314,16.639994,4.308420,37.758972,40.718352,14.539083,42.497687,0.473544,117.601850,1.757379,89.566661,20.820614,24.618411,3.840207,4.289908,119.581828,5.638591,276.431025,2.453694,80.046949,5.793446,3.467916,56.770372
2012-02-28 05:00:00,0.169833,11.712944,29.136525,3.685907,6.148671,11.247067,22.242057,14.659043,2.107883,49.168158,24.403359,18.291105,44.601533,0.489329,127.241346,1.666480,88.858624,35.416508,26.932963,4.080220,5.188318,80.594876,5.193439,189.385560,2.125247,48.017219,6.115304,3.110399,69.595572
2012-02-28 06:00:00,0.261281,13.281642,22.830859,3.382362,4.099114,9.349971,16.403517,9.244441,1.366649,56.502635,22.640510,12.037736,32.188842,0.994443,108.685317,1.848278,146.032599,37.777608,31.562065,6.240336,5.412921,56.187078,5.786975,110.375060,1.081944,30.277676,3.501988,2.967392,57.713401
2012-02-28 07:00:00,2.362896,33.984659,75.578924,5.363562,17.412894,52.978335,32.702286,30.300406,6.813429,78.750036,21.675530,60.255873,86.365447,4.594657,91.765328,9.673027,223.723711,55.947584,51.465878,15.314354,10.416824,96.442108,26.503108,102.135485,5.446851,39.091512,18.008434,11.103263,103.708365
2012-02-28 08:00:00,6.014821,102.308513,202.038507,15.434463,47.249472,124.394185,126.659318,104.161476,19.982578,177.376390,30.821745,137.439091,229.129825,14.012241,151.180201,23.546815,403.223410,145.932137,126.020302,46.798237,24.118771,200.690551,69.893412,142.522944,16.008884,78.148179,38.349797,30.103713,204.158446
2012-02-28 09:00:00,9.397050,185.157071,313.748048,32.754290,75.803073,185.699316,235.237423,175.479243,31.938219,221.589593,40.421234,206.887675,345.162000,22.508324,132.654695,37.839470,483.428727,244.797892,218.043544,82.399183,35.391859,286.178266,108.415002,192.935495,25.847796,123.723238,57.771795,48.990570,296.956630
2012-02-28 10:00:00,12.146166,208.041305,394.025914,46.273452,96.048498,231.039875,334.372456,234.966594,40.672558,253.392136,52.756404,265.940744,461.069087,27.194992,147.731166,53.001997,491.964455,332.156820,284.760958,108.603025,44.363313,332.777678,136.666411,150.660613,33.525786,112.052115,74.885419,64.584103,386.410315
2012-02-28 11:00:00,13.004450,218.779680,459.266805,58.491458,111.599749,271.178885,426.474479,281.187973,46.472255,276.109470,62.222037,313.817441,583.460216,31.103721,159.505410,59.958692,547.212206,413.849285,334.846167,118.250221,49.436368,374.871436,152.527189,166.661441,37.581188,127.170875,81.640045,72.056260,429.902203
2012-02-28 12:00:00,13.200634,216.365367,491.603429,66.871775,129.982979,264.004861,499.290280,322.185702,46.678286,275.461819,76.530592,313.276315,553.587366,32.332094,152.322750,58.224403,619.358716,479.749202,336.411843,116.601933,51.176512,399.361082,159.409803,165.805720,39.491969,128.941116,84.650618,72.021157,449.693319
2012-02-28 13:00:00,11.957758,233.042314,440.779977,72.952208,119.174165,249.007951,530.711436,303.489461,46.062762,270.715954,95.532106,294.840482,491.516570,31.532653,131.867494,53.342397,627.751151,494.949938,322.838613,113.770792,47.993488,372.009377,149.762359,152.701153,38.952804,109.726716,92.239698,68.781848,454.338708
2012-02-28 14:00:00,10.676333,236.653128,386.783130,70.704161,107.985636,219.937551,488.416916,264.546133,39.373314,235.248542,84.319629,260.863565,389.955130,28.319712,115.448314,54.378166,540.836412,441.957660,285.903850,103.638125,41.202153,325.014329,132.911457,127.926846,34.100544,100.181852,78.765192,56.911632,361.268872
2012-02-28 15:00:00,7.949699,255.361609,302.875602,61.062918,91.667474,163.868868,403.824103,202.897291,30.250092,180.521282,61.572737,187.324438,312.071864,23.940193,79.555905,47.794983,542.611192,351.127857,227.938596,83.847715,30.095832,265.314060,101.069114,98.274070,27.425329,83.881556,55.226563,42.585849,280.257966
2012-02-28 16:00:00,4.929015,172.627191,217.021613,42.990406,53.299088,110.400155,284.422601,146.768297,17.794730,119.089280,51.453407,123.694657,208.184592,17.009273,43.577645,44.412945,490.059830,241.531923,164.113042,57.400506,17.827407,201.817793,58.690265,69.710104,16.517106,52.029605,32.808818,25.457288,180.747625
2012-02-28 17:00:00,1.397853,98.932544,73.276187,10.407268,6.779304,30.218022,64.779992,40.675541,0.833888,32.054379,18.527196,36.582210,94.041912,10.402190,4.157033,30.178437,431.548457,67.398688,34.718272,8.720470,3.099515,65.196668,12.538446,11.559074,2.975346,14.509194,8.552229,3.253406,83.175196
2012-02-28 18:00:00,1.352129,27.922822,95.237299,14.917084,5.570591,27.778900,81.739560,24.695864,1.065523,32.054379,15.831074,27.514824,121.812678,8.239671,9.217768,10.059479,407.652213,72.764825,35.139100,15.360828,2.785071,98.614055,7.715967,12.475342,1.449032,11.935865,4.689932,3.396412,98.263667
2012-02-28 19:00:00,0.424581,7.216010,56.098683,20.033991,5.255275,29.947009,128.447880,9.112378,0.833888,9.236008,7.085961,21.261455,108.558449,2.241443,30.424659,3.363260,446.063212,84.355682,41.451513,17.760957,2.874912,78.629147,3.783791,9.162681,0.753497,8.103248,2.942703,4.325957,60.353884
2012-02-28 20:00:00,0.202493,6.483951,58.490487,23.589808,7.462490,18.970956,103.703592,6.867299,1.158177,11.001715,3.629395,11.256064,108.137679,1.483772,77.417202,1.817978,421.635941,86.931428,41.872340,21.601164,1.504837,30.304984,3.264447,11.418110,1.255828,5.091906,4.506013,9.402700,49.226136
2012-02-28 21:00:00,0.326601,13.595381,57.838177,28.403170,3.363376,24.662243,84.241792,10.565076,7.041718,10.186773,2.281334,7.660377,99.091142,1.499557,162.365260,1.211985,328.175078,66.969397,51.761787,47.122540,1.010711,27.684012,2.448336,14.307878,3.381075,4.161127,6.621081,5.684522,57.713401
2012-02-28 22:00:00,0.633606,12.549583,45.226845,29.790805,7.462490,19.512983,100.089257,16.904121,19.017272,18.607839,3.422001,10.318059,99.301527,2.273013,193.392387,2.302772,262.150642,46.148783,55.338821,49.602673,0.808569,34.891684,4.303135,20.369344,3.941367,2.628080,9.517804,5.040991,50.923589
2012-02-28 23:00:00,0.999399,6.797691,29.571399,25.801352,13.558609,17.615888,104.259643,21.790469,17.256843,24.040785,2.523293,20.636118,75.738453,5.824595,225.142477,4.817642,234.891223,39.494772,51.551374,18.561000,1.055632,51.272756,4.228943,17.831986,5.448360,3.504107,9.747702,2.860137,52.621042
2012-02-29 00:00:00,1.299872,6.693111,23.918043,15.177266,13.821373,18.157915,70.062480,27.205070,13.110568,25.263197,4.044183,22.668463,44.180764,6.771683,192.669425,5.756931,231.351039,47.436656,65.017855,11.520621,0.808569,47.013678,3.783791,20.369344,5.602924,7.610483,8.368310,1.573075,44.322383
2012-02-29 01:00:00,2.051055,5.124413,27.179594,10.060359,14.557111,15.176765,54.771066,23.111103,16.747245,18.879486,6.429214,16.415094,56.803839,4.830152,176.222035,4.878241,187.098736,40.782645,71.119854,11.120599,0.763649,46.358435,3.041871,10.149431,2.724180,8.650765,10.115540,1.608827,33.383242
2012-02-29 02:00:00,2.795706,4.287774,23.048296,6.677997,12.455001,12.060108,57.829349,30.638720,21.125155,21.324312,7.155092,17.978436,48.809225,5.019569,207.791384,3.514758,77.707044,27.259979,59.336683,7.120384,1.010711,49.470838,3.116063,9.867502,2.202529,13.906926,12.782364,1.430068,29.611124
2012-02-29 03:00:00,2.233952,7.006850,15.872883,3.338999,6.621646,14.905751,55.049092,25.752372,9.566545,29.337907,7.500749,18.447439,35.344611,3.125392,162.244766,3.454158,35.224833,17.600931,56.601304,5.360289,1.886661,62.084264,2.967679,11.065699,1.120585,27.704348,8.874088,1.215558,16.408712
2012-02-29 04:00:00,1.776710,3.660295,17.829814,2.254908,4.309325,18.970956,68.950377,29.450149,1.853084,46.587509,7.431618,20.948787,34.503073,3.488443,110.733710,3.635956,35.224833,13.737312,61.230407,5.280285,2.111264,32.106902,3.264447,14.871735,0.772817,24.419247,4.506013,0.643531,13.956836
2012-02-29 05:00:00,1.783242,5.124413,18.264687,2.558453,2.785296,15.854299,85.353895,24.167611,1.389813,40.067974,6.844001,22.668463,26.508458,2.020456,58.499691,3.454158,58.236030,13.737312,49.236822,5.680306,1.729439,24.571608,4.006367,5.568091,0.540972,11.388348,5.241689,0.893793,11.504959
2012-02-29 06:00:00,1.737518,6.588531,27.179594,3.035453,2.575085,15.041258,74.232866,18.488882,0.532762,29.473730,6.048991,18.603773,17.461921,1.815253,35.063666,2.605769,79.831154,12.878730,50.499305,4.000216,0.696268,18.510612,3.190255,12.193413,0.560292,9.964805,5.811051,1.251310,13.579624
2012-02-29 07:00:00,3.407309,24.106205,80.961129,4.632605,14.497885,53.079911,100.474503,29.790399,7.300769,54.669727,7.159563,57.800263,67.268017,5.142070,37.686696,10.736327,121.472668,38.544223,93.306920,15.136097,8.344384,50.743718,26.852116,23.244062,5.135243,18.415591,17.341323,10.534205,53.170279
2012-02-29 08:00:00,7.271477,79.358598,201.015356,19.651184,43.316817,130.309133,201.938966,85.997821,19.423339,124.300055,18.436601,142.509312,191.033478,13.030014,66.667324,27.446863,183.028524,136.787610,157.347075,46.511303,22.776124,138.168925,69.312664,56.862480,15.490751,46.567237,39.573993,32.492690,158.206392
2012-02-29 09:00:00,10.736243,138.292889,322.474197,41.713877,74.207347,189.018052,303.420995,141.234259,33.539930,190.020217,33.122447,214.505794,309.960386,21.409776,109.630309,42.469775,259.099383,244.097486,235.106609,79.761946,35.302457,225.836248,107.991440,97.839816,25.947539,75.779378,57.201506,49.510629,263.318843
2012-02-29 10:00:00,12.111254,180.941694,391.869603,64.965659,92.438165,234.459436,410.418083,188.123789,40.737264,235.335554,42.751546,269.625214,377.573419,26.469452,126.422196,52.426705,324.362426,334.609442,272.665365,94.899650,44.048321,286.710627,134.719558,124.705521,33.144716,99.586270,68.368107,61.979867,334.469464
2012-02-29 11:00:00,13.243628,211.322034,437.398707,78.010225,103.679577,267.154053,488.122799,242.775848,44.885269,265.900234,48.184998,316.530002,429.973866,30.140484,133.837057,59.466117,364.842817,398.737224,267.939305,70.994148,49.244304,322.631247,148.315849,141.526804,37.515340,108.445535,73.705120,70.959758,378.458467
2012-02-29 12:00:00,13.574149,236.003756,453.425450,82.506801,106.409606,277.032307,519.127783,253.990735,45.758145,256.416085,53.010192,327.643446,452.927076,31.587278,131.239212,61.184485,367.855186,430.415936,282.142109,90.055599,51.186700,335.653343,152.355403,145.803788,38.946251,112.285832,77.069054,74.254853,388.350998
2012-02-29 13:00:00,14.301460,234.805721,443.914981,81.113460,101.976251,265.211861,522.928235,250.527502,43.134845,236.388400,54.838050,306.221924,443.102128,32.286061,122.352317,59.824870,340.254841,423.600603,289.882714,110.917115,47.861391,330.473356,147.135351,137.571540,35.914845,105.941897,75.291244,69.562048,370.120191
2012-02-29 14:00:00,13.432040,214.263332,381.181061,74.280341,91.697182,235.823740,524.250094,214.898478,36.018349,222.956076,50.889566,266.052713,380.264813,29.252117,103.982998,58.624852,292.013589,390.061529,268.469678,103.113494,40.054376,299.882015,126.424292,122.114748,30.859957,92.949549,60.692144,63.239510,325.245148
2012-02-29 15:00:00,12.020307,166.056614,283.351208,66.616074,72.526649,187.542619,488.100550,172.012784,28.052481,170.093191,41.870263,201.640168,298.002817,22.210792,78.819447,61.124708,218.728681,313.411960,241.631968,81.710723,29.247154,265.811322,97.919138,102.050645,23.325313,72.873794,43.541107,53.346765,247.603088
2012-02-29 16:00:00,8.558568,120.560434,159.295872,55.032849,46.090560,127.796354,452.842381,117.415283,18.419386,116.628436,30.688494,127.174896,195.017277,13.109962,47.811322,38.259561,139.813323,210.146496,222.105360,66.112177,16.299624,226.296694,63.616603,67.450199,14.381680,48.778777,23.352047,40.936731,152.269057
2012-02-29 17:00:00,3.697125,51.662449,20.004181,23.893353,8.355887,62.062127,365.325790,22.714913,3.451369,61.528110,7.224224,49.870619,78.473452,2.651848,2.831602,7.423411,50.624634,46.792720,141.398053,27.841501,2.695230,176.587960,14.690013,21.778987,1.236507,11.388348,4.230135,19.198668,21.689677
2012-02-29 18:00:00,2.782642,48.525053,45.226845,32.392622,14.452005,51.763608,370.330253,21.262215,10.330942,80.679243,4.251577,35.175201,109.399987,1.657405,5.120982,2.181574,132.048872,94.014730,184.322462,36.401962,1.662059,225.239744,6.677279,57.020066,0.908060,40.297233,4.827871,4.576219,64.126001
2012-02-29 19:00:00,2.070651,32.210596,47.183776,34.083803,10.615655,43.497692,303.048030,22.979040,8.593676,74.159708,3.076344,20.010781,61.853070,1.262785,13.495294,0.969588,227.279827,115.908571,187.478669,45.362445,1.302695,288.306873,2.967679,91.062949,3.941367,60.938614,6.023344,2.717130,84.118225
2012-02-29 20:00:00,1.404385,33.988453,35.659628,35.644894,7.304832,39.432487,249.667092,13.998725,5.883541,72.394001,2.177637,20.167116,37.027688,1.026013,17.411340,1.636180,217.013293,107.752042,191.266117,62.323359,1.527297,250.466596,3.264447,104.806970,8.926037,81.908506,5.931385,4.397460,87.890343
2012-02-29 21:00:00,1.293340,39.112866,53.272005,39.027256,4.677195,63.823716,186.833281,8.055870,4.447401,81.494185,2.246768,36.269541,32.609612,0.347266,11.386655,1.484682,105.143471,64.179005,148.552121,48.162596,1.572218,211.479644,5.786975,90.428609,8.037298,90.449767,7.632635,4.504716,88.833372
2012-02-29 22:00:00,0.672798,21.648030,63.056659,35.601530,6.516541,66.533852,157.918606,9.904758,1.945738,57.725048,2.350465,33.455525,25.877305,0.457759,8.193572,2.333072,56.996966,52.802794,98.684058,65.763544,1.527297,176.587960,5.193439,80.067732,7.245160,93.351606,6.161284,2.466868,69.972784
2012-02-29 23:00:00,0.796907,21.752610,43.052478,27.752715,6.569093,45.530294,104.537669,12.678091,2.223701,44.550154,2.661556,26.420485,15.989229,0.947089,9.579249,2.181574,62.130233,60.959323,58.915855,38.402070,5.188318,125.970446,5.416015,63.292978,2.067286,51.849836,6.161284,2.180854,49.414742
2012-03-01 00:00:00,1.103912,28.341141,20.873928,21.378263,5.780802,41.600596,45.040166,17.696502,2.988098,39.932151,3.594829,31.892183,13.885383,1.404848,7.350116,2.908765,43.190248,47.651302,51.130546,35.921936,5.570142,118.926585,6.528895,69.142997,1.468352,47.798212,5.563547,1.859089,54.507101
2012-03-01 01:00:00,1.744050,31.060217,25.005227,15.394084,7.357385,25.204270,48.376474,24.167611,1.227668,33.820087,4.182445,21.574124,15.147691,0.947089,3.735305,3.484458,23.719234,38.421545,50.499305,19.441048,3.930544,96.320705,7.715967,86.481608,0.869419,56.175219,5.977365,1.787586,63.748790
2012-03-01 02:00:00,1.299872,33.151814,32.615513,11.751540,8.460992,19.783997,53.936989,23.375230,1.992065,16.842132,4.631799,13.757412,20.196921,1.089152,6.024685,2.878465,22.657179,60.315386,60.178338,22.641220,2.852452,69.783368,11.202990,120.735937,0.695535,57.763017,5.793446,1.251310,47.717289
2012-03-01 03:00:00,0.522562,39.008286,34.137571,5.073543,6.201224,18.835449,55.327117,27.337133,2.223701,11.680833,4.562668,19.229110,19.144998,0.615608,8.615299,2.454270,23.365216,89.077883,59.126269,18.400992,1.662059,52.583242,10.015918,137.017316,0.985342,46.922186,3.494459,1.787586,20.746648
2012-03-01 04:00:00,0.274345,22.693829,28.919088,3.252271,4.309325,14.905751,45.040166,32.355544,2.038392,11.273362,2.938081,18.447439,20.196921,0.441975,10.543199,2.484570,20.533068,98.092995,43.555650,16.560893,1.796820,36.857413,9.867534,129.898618,0.656895,36.409864,4.092196,1.608827,15.277077
2012-03-01 05:00:00,0.463774,17.778576,24.135480,2.254908,5.045064,15.989806,45.040166,37.506019,2.547990,13.039070,2.834384,17.196765,24.404612,0.315696,9.759990,3.484458,17.169893,94.229376,19.147653,24.401315,1.504837,30.796416,8.012735,115.943151,0.908060,22.338683,5.057770,1.144055,13.768230
2012-03-01 06:00:00,0.744651,21.125131,26.527284,2.038090,4.834853,14.905751,38.089523,41.335859,2.594317,15.619719,2.972647,12.975741,25.035766,0.363051,10.543199,3.605657,12.567654,77.701672,15.149791,26.241414,1.190393,24.899230,5.045055,59.627906,0.985342,15.932737,7.099179,1.680330,13.956836
2012-03-01 07:00:00,2.936301,37.835066,83.274031,6.573650,15.945781,45.936919,56.228987,68.225378,6.869665,36.576464,4.989823,50.078810,86.007662,2.252337,24.284568,11.931270,58.409338,104.393957,35.376071,24.534663,12.450519,54.405053,28.767595,46.846634,5.528784,24.050199,18.706121,11.809116,56.120191
2012-03-01 08:00:00,6.773821,86.874701,193.548459,24.083916,45.834398,121.005441,143.674145,139.008347,20.255045,114.234509,9.289076,137.765473,207.329255,9.313093,58.294778,29.290468,159.413791,235.518250,110.661213,51.324770,28.660052,145.731538,72.464918,92.291593,14.361740,57.071535,41.075573,30.671324,160.591671
2012-03-01 09:00:00,9.626478,144.137392,312.912594,45.389754,73.886823,185.718106,285.502824,197.340489,32.947134,180.254563,17.169114,214.761958,317.528800,20.552649,84.812979,45.884774,253.509944,312.129027,188.199988,87.730799,41.227324,241.148606,109.164636,125.720206,24.996308,113.771041,58.588426,48.668979,261.979253
2012-03-01 10:00:00,11.607714,159.235863,397.156670,46.484968,93.562200,230.651071,362.996093,249.745166,39.989290,210.289693,31.601062,274.312016,399.836601,26.471072,96.468916,55.771549,316.433574,381.272594,227.941668,115.667506,48.838561,287.822093,133.948437,127.443258,33.314420,101.428723,69.603190,62.103339,331.066266
2012-03-01 11:00:00,12.747745,167.057970,461.951004,28.452168,106.117173,264.808668,414.984386,297.198982,44.968919,227.459583,50.053109,308.026878,501.433863,30.137510,112.657409,64.972975,357.627437,437.747130,287.544953,135.798396,49.590627,336.367342,147.777918,141.806421,37.029686,113.554519,77.714741,69.329475,378.700114
2012-03-01 12:00:00,12.894308,171.217008,483.308665,25.662758,111.712813,274.794834,389.337751,318.893605,43.750093,243.043569,53.549106,321.146027,542.095641,30.915592,118.035986,73.928474,370.404340,466.398036,346.901486,140.092211,51.315506,348.963278,149.961585,145.047617,38.031558,115.175826,80.466345,69.942843,402.768753
2012-03-01 13:00:00,12.636569,165.601587,481.374190,29.171040,106.149335,274.951709,413.848993,336.703371,33.784837,278.734951,51.903192,318.636908,555.451317,29.532135,107.819919,86.429832,372.387508,530.723684,448.624104,172.472538,48.207495,335.742163,141.007445,140.993540,37.254925,105.089903,92.504224,65.804801,382.248878
2012-03-01 14:00:00,14.065550,136.017601,442.055917,38.156968,99.323160,286.803298,433.981135,285.088772,27.867673,306.631591,47.503559,340.022218,529.546261,26.156213,92.617322,93.126537,324.120315,580.097839,607.593226,181.220562,40.850344,293.714591,126.235369,121.011085,34.962292,62.419816,89.630066,57.779378,347.249254
2012-03-01 15:00:00,14.751818,121.761679,379.387545,41.263412,90.303633,238.488569,417.252879,254.880063,27.085575,291.254325,44.971278,278.418305,489.141549,19.256587,75.418842,84.438977,325.348875,548.265592,659.537453,213.447322,32.533623,246.688675,104.500273,72.088545,32.294575,38.932607,52.894908,47.500050,314.264407
2012-03-01 16:00:00,8.331200,93.152265,314.371068,34.719699,69.651867,180.015660,337.211401,203.039490,25.591454,182.793601,30.878856,193.857768,388.740817,11.944750,39.480817,47.947219,392.383604,499.275934,488.300284,238.929497,22.651173,216.757718,72.550291,61.043552,25.660819,22.816357,25.651961,30.950377,310.323421
2012-03-01 17:00:00,2.057587,41.831942,261.141543,7.328451,26.749348,119.652528,155.321690,94.821555,9.126438,76.332887,19.702428,86.921831,350.711112,3.488443,6.627153,14.846821,511.202602,415.124402,296.052174,148.007977,6.423632,185.597549,25.373660,17.338611,13.331095,4.161127,4.689932,7.901128,289.132824
2012-03-01 18:00:00,3.252947,42.877741,225.047042,12.098449,46.456629,124.395267,83.407715,59.164424,9.682363,53.786162,18.285236,61.126683,379.954570,3.235886,22.833556,6.847718,589.440673,440.237925,166.226878,101.845489,5.457841,216.230155,25.670428,28.404310,9.486330,49.550266,3.816317,8.115638,416.441797
2012-03-01 19:00:00,3.096179,26.249544,150.031361,19.296810,37.943083,114.367762,59.775529,38.694590,3.520859,28.115494,10.196871,36.738544,272.448045,2.273013,78.019670,5.181238,492.793644,314.241016,104.996471,70.243786,4.514510,249.975164,15.654509,34.465775,5.892730,24.912012,5.011790,6.185046,387.773702
2012-03-01 20:00:00,1.940011,27.504502,102.412712,21.725172,31.846965,118.703981,38.367549,24.827928,2.362682,34.906676,5.807032,31.423180,192.501900,1.973101,83.020159,5.938728,351.894312,217.865185,100.367368,46.322497,5.884586,266.028614,6.380511,78.023749,4.327776,37.176387,4.046216,11.047279,221.046099
2012-03-01 21:00:00,3.050454,34.511352,90.888564,33.780258,42.830489,97.022888,25.022314,10.433012,9.937162,40.067974,6.982264,29.390835,150.845751,1.057582,95.611750,3.878353,212.234044,117.625735,73.223992,20.801121,3.795782,226.222609,3.635407,66.676122,2.878744,11.497852,2.712804,13.764409,133.155756
2012-03-01 22:00:00,1.979203,28.445721,74.145934,61.012610,98.904270,79.678014,30.304803,6.603172,69.861258,69.677528,11.130144,34.080862,132.752677,0.962873,78.381151,2.333072,201.436482,55.593185,55.549235,22.561216,3.885623,215.083480,2.448336,34.888668,3.728842,48.290978,3.264561,21.737040,97.320637
2012-03-01 23:00:00,0.790375,33.674714,57.185867,54.898340,84.031843,63.417195,28.358623,9.772695,51.608383,138.540114,8.987073,33.455525,122.023062,0.678747,74.284366,1.878577,237.723371,31.982180,42.503581,34.801876,2.717690,208.531051,3.412831,83.168947,4.424378,76.323835,2.023108,19.806448,111.843291
2012-03-02 00:00:00,0.881823,76.552455,37.833995,34.604167,72.102369,56.641854,35.031240,13.470472,49.500500,139.219233,10.438831,32.361185,102.457296,0.883949,78.622139,1.878577,327.644050,34.772571,37.874479,26.321419,2.201105,192.477600,2.596720,85.847269,4.791466,79.608936,3.172601,14.157677,141.265809
2012-03-02 01:00:00,1.280276,202.362021,27.614468,33.389986,30.217830,46.885362,31.138880,13.602535,28.143710,135.280347,14.241054,27.514824,105.613064,1.546911,69.283877,2.393671,176.655193,56.881058,32.403721,27.441479,3.413958,157.422105,3.487023,59.698388,3.728842,66.249527,4.460034,11.869568,86.758708
2012-03-02 02:00:00,1.143104,95.481409,26.092411,27.665988,18.340909,39.567994,31.416906,15.319360,29.533523,97.249727,14.448448,17.196765,143.903060,1.846823,117.963332,4.696443,92.221799,87.146074,35.559927,18.961022,3.571180,121.383746,4.674095,42.218813,3.245832,64.990238,8.322331,12.799112,47.151472
2012-03-02 03:00:00,0.705458,68.604386,27.614468,19.903900,15.923482,26.694845,34.197163,24.563801,39.100068,122.377101,11.717760,19.698113,100.353450,1.073367,83.080406,3.060263,230.997021,66.540106,34.507858,15.600841,4.604351,61.592832,4.896671,29.954917,2.279810,28.142361,5.931385,9.581458,40.927477
2012-03-02 04:00:00,1.247616,28.654881,31.528330,20.597718,12.822870,27.507886,42.259909,17.564438,17.998076,113.548564,13.929963,19.698113,53.648071,0.931304,20.905657,3.242061,217.367311,59.242159,39.978616,11.120599,3.234276,45.047949,6.677279,24.668755,2.299131,23.707475,2.850743,7.007335,29.422518
2012-03-02 05:00:00,2.364592,20.079332,52.837132,21.291536,4.729747,39.025966,52.824886,19.677454,4.099948,96.978080,15.658246,23.450134,67.954223,1.183861,25.906145,4.393447,131.340835,67.184042,51.340960,9.120492,2.942293,37.676466,6.603087,30.025399,2.704860,11.716858,5.609527,6.042039,16.031500
2012-03-02 06:00:00,2.146264,26.144964,39.138616,10.710814,6.253777,43.226678,61.999734,20.866025,13.041077,68.862586,18.976550,23.450134,77.421529,1.231215,27.894291,4.181350,167.450714,60.959323,47.553512,10.320556,7.861088,29.485930,8.680463,29.884435,2.105927,20.039113,11.205504,5.398508,15.465683
2012-03-02 07:00:00,3.545758,43.430344,126.906441,8.596159,43.115881,63.579328,93.686858,56.897688,13.684662,58.205028,23.174359,83.622050,108.857365,5.626420,14.243650,12.440993,170.723101,76.429678,59.490380,15.337012,16.253026,67.987511,33.923653,38.457093,6.976657,40.225632,25.281340,16.308668,65.513107
2012-03-02 08:00:00,8.291356,87.586325,281.184880,19.527302,63.537082,146.852456,162.331753,74.252006,15.167614,65.124451,50.315332,171.564877,169.252282,14.486733,34.790895,30.615469,224.151723,167.433685,109.462420,28.368083,32.440866,137.080090,77.377535,66.768445,18.666433,64.583021,50.136477,39.097700,201.960853
2012-03-02 09:00:00,12.827566,140.655605,358.680831,29.983058,73.246616,204.925931,231.319733,76.330186,32.217085,74.094025,79.019639,224.386874,246.143084,23.108709,87.802659,42.062410,309.315024,254.893120,170.416503,58.673971,48.276928,214.345144,118.246968,89.464930,29.409226,80.920761,85.868075,57.965247,297.458088
2012-03-02 10:00:00,19.753415,196.008199,422.665051,40.484944,68.393279,270.469679,256.075299,108.808395,21.182427,108.120549,84.439349,317.095661,375.832490,28.613025,153.783723,41.255759,467.712585,327.691952,223.295776,102.257627,57.809887,283.955221,142.576816,93.471594,40.314388,68.870082,105.471205,70.879423,365.206433
2012-03-02 11:00:00,19.821739,186.011737,493.063882,46.125711,82.750118,321.689646,281.737289,143.067849,22.078984,109.533096,91.075023,388.179787,479.526259,34.762866,143.454940,41.203829,455.824562,423.033203,253.792103,131.440831,61.816136,344.201677,162.829520,93.569374,48.391109,89.718168,115.769283,71.995610,426.785006
2012-03-02 12:00:00,27.061257,156.636181,573.281809,57.953622,88.899524,354.782087,384.761950,170.587181,18.392940,109.818961,85.767989,471.729538,556.598079,41.161266,102.210484,49.143328,476.760192,402.742985,266.799761,163.448876,63.814957,371.079211,184.371032,90.444353,54.443688,106.969799,158.715507,74.401977,459.470551
2012-03-02 13:00:00,22.027525,169.734132,628.433964,59.527394,128.058619,346.976595,473.991636,207.464123,22.263063,161.498862,93.678734,491.505768,603.297730,33.653744,158.323005,47.995853,423.860500,391.982400,278.690774,205.412061,61.976335,359.568333,182.132898,84.486913,52.017214,100.343814,146.242138,73.898010,454.883332
2012-03-02 14:00:00,17.568957,180.337638,577.454222,70.525211,120.472283,364.427666,610.038380,243.717058,23.737658,189.252191,97.346533,499.452049,497.534323,27.941438,124.578716,48.417658,349.811102,421.187070,360.951649,200.155957,48.226193,275.919346,139.852835,69.341561,40.471998,67.485816,107.740298,61.192481,374.009437
2012-03-02 15:00:00,12.533109,128.294015,402.090032,87.865851,74.359243,270.261486,647.801429,233.980027,27.997827,145.789856,116.199037,571.963580,343.983072,29.734319,81.246893,62.477998,253.629377,368.205875,438.315727,154.298732,39.132595,194.685682,111.938421,44.292407,35.829849,57.080093,99.360386,44.822040,249.972697
2012-03-02 16:00:00,9.426903,99.811584,355.993133,81.710621,65.090301,409.937355,650.583509,189.642281,18.315917,138.011133,132.786460,762.410492,290.914766,25.004923,52.159226,27.878415,220.935044,336.010993,493.036964,122.700686,25.500600,167.570715,75.851188,30.115311,25.756113,52.136777,92.998830,27.391697,179.495292
2012-03-02 17:00:00,12.815828,107.298932,266.142588,44.317617,47.823000,502.052795,431.433365,103.801869,11.720755,131.205638,114.723439,355.191368,244.256509,17.600063,30.304165,6.817418,174.885101,167.208846,477.008016,102.085502,8.939180,92.553059,17.064157,5.638573,20.885382,28.799381,68.187937,5.040991,134.853209
2012-03-02 18:00:00,19.667919,116.606539,262.228727,46.832707,58.596313,189.303038,432.329987,59.956805,9.265419,105.127499,103.696992,89.423179,223.638820,23.913987,36.389097,2.090675,213.296099,128.358010,460.595742,95.365140,6.603314,57.169942,9.496574,7.612073,18.895378,32.741502,106.626989,6.363804,141.454415
2012-03-02 19:00:00,14.912607,99.350863,315.718169,31.438623,40.413063,138.081457,427.325524,51.900934,10.215124,97.521375,103.385901,114.749324,203.441899,27.828619,42.775263,1.787678,279.851563,141.022095,369.696993,69.923769,4.941255,109.589374,7.345007,16.633789,11.959344,94.446640,135.870096,9.259693,203.128540
2012-03-02 20:00:00,7.355057,103.952377,328.112064,27.405806,30.322935,166.673397,365.325790,43.184747,6.786919,94.397431,123.364855,172.592989,177.985363,26.755252,65.729313,2.393671,415.263609,214.001566,347.813961,45.042428,4.155146,97.631191,4.674095,54.059815,4.656223,83.332050,146.307494,9.331196,191.623581
2012-03-02 21:00:00,9.046851,92.971492,463.357725,25.194262,17.815381,313.698305,281.083998,46.354270,9.566545,85.840541,126.544896,265.142852,149.373059,19.983569,42.233042,12.089554,481.111036,275.604825,335.189135,35.921936,3.571180,97.958812,7.641775,29.320578,1.932043,89.737996,105.891314,7.579363,150.130286
2012-03-02 22:00:00,5.513027,106.671453,470.750575,15.090539,7.988018,274.265818,271.631124,47.014587,11.257484,128.081694,136.465241,217.617246,105.823449,7.245228,47.113036,23.239820,561.650227,296.854730,309.939483,37.522022,3.369038,35.219305,6.528895,22.272362,5.100593,86.233888,88.602936,19.341675,88.078949
2012-03-02 23:00:00,1.123508,140.032427,344.419820,10.797541,5.938460,251.365164,245.496707,32.883798,4.215766,177.114029,167.885430,132.258758,87.309605,1.704759,88.984597,41.177204,438.274807,266.589714,263.858867,40.242169,3.481339,27.028769,7.270815,37.285062,4.501660,58.529541,82.349693,30.031437,64.880425
2012-03-03 00:00:00,1.130040,178.726974,295.713987,10.970995,8.355887,133.880745,233.263575,24.563801,4.331583,169.236257,192.876405,81.293799,121.391909,1.815253,93.081383,39.389526,421.104913,209.494010,180.745428,46.722518,2.897372,49.307028,7.790159,29.391060,4.250494,40.023475,96.189591,9.402700,84.872649
2012-03-03 01:00:00,0.535626,160.007180,272.013381,11.101086,9.669705,71.412098,245.496707,31.299037,3.868312,138.404291,212.129480,77.229109,155.263828,1.562696,74.284366,33.905292,523.593247,165.920973,174.433015,25.041350,2.111264,51.927999,8.680463,43.346527,3.419716,50.152534,113.937766,4.790729,130.138062
2012-03-03 02:00:00,0.764247,153.104909,270.273887,12.098449,11.561604,58.538949,191.837743,25.224118,4.841181,119.117334,224.227462,90.204850,178.826902,2.572924,69.404371,62.083953,576.696010,178.155767,223.249010,25.281363,4.020385,68.309072,11.870718,73.653856,3.284473,90.778277,94.534321,3.074647,156.920097
2012-03-03 03:00:00,0.502966,115.769901,293.104746,16.651629,34.789919,60.842565,148.743758,19.941580,6.184667,91.273487,221.496775,95.676548,176.933441,4.593380,100.311005,52.448669,586.608526,149.822561,224.301078,35.041889,7.883548,93.535923,15.283549,52.791137,2.724180,67.946829,59.313849,1.465820,244.056017
2012-03-03 04:00:00,0.600946,68.708965,311.369433,25.064171,51.817009,97.293902,111.488312,15.319360,5.536088,61.799757,222.222654,133.509431,182.613824,2.699202,102.479891,44.237467,659.713330,116.552508,211.465838,24.481319,8.467515,96.648327,14.838397,74.993017,1.990004,57.653514,29.013208,3.753930,300.449177
2012-03-03 05:00:00,4.102110,60.551737,291.800125,32.609440,48.085764,159.085015,77.291149,15.319360,3.775658,46.587509,172.655492,219.024255,183.034594,2.320367,105.552480,42.055894,684.671629,97.663704,143.291777,22.721225,7.591565,107.951267,16.322237,110.516024,1.159226,82.894036,20.323040,9.331196,223.309369
2012-03-03 06:00:00,13.163502,48.420473,237.875810,47.569889,50.713401,183.362320,60.609606,16.111740,2.432172,32.190203,128.342310,318.609158,143.061521,3.030683,83.381640,26.209184,616.346073,83.497100,107.521436,11.360612,6.940218,125.642825,12.713131,91.133431,1.854761,86.452895,14.454313,12.012575,212.936046
2012-03-03 07:00:00,4.685233,66.422951,246.635494,51.185975,62.277904,152.009773,68.812969,29.647185,7.670788,60.549479,107.119478,381.222692,224.812454,5.685186,64.173280,34.671516,595.364247,79.720509,102.587483,17.596418,12.366916,148.481905,27.030839,134.187406,6.110622,82.408263,16.585370,25.484408,260.323902
2012-03-03 08:00:00,16.932862,116.192601,518.465128,54.526912,75.908725,198.534459,174.464386,83.046715,19.607823,134.583128,102.325342,428.242571,373.310361,9.176989,71.948194,69.794377,548.859128,133.174733,145.722629,42.015251,28.092151,202.939771,72.924100,140.653025,13.316872,93.005254,36.840895,62.189164,369.203731
2012-03-03 09:00:00,20.160059,151.492282,561.068928,68.252001,108.081241,291.170013,304.127727,124.979396,32.064285,190.073579,102.645641,442.298784,481.705707,14.870272,90.039026,105.850163,658.284429,216.021613,205.030581,76.214526,39.571880,287.330764,121.157437,100.037646,20.553283,78.810013,53.626399,69.181105,484.609479
2012-03-03 10:00:00,18.148351,136.190052,741.976917,65.251585,102.273522,485.587517,392.251987,151.014973,40.948031,214.371131,100.150455,475.248075,558.362487,20.913794,113.744291,136.045918,670.966349,326.132366,258.746205,102.357304,50.222445,385.040263,136.195424,118.158005,34.030301,79.152698,57.120641,118.462280,466.180201
2012-03-03 11:00:00,15.842534,121.225425,902.331746,75.403780,108.051868,642.710581,440.067855,162.719499,43.475444,241.959822,87.122369,602.940532,733.197223,21.210698,135.607297,152.360168,792.278064,404.633459,289.488985,114.034906,58.119457,394.341349,148.096223,165.604845,38.127553,102.727670,65.656673,212.505719,491.459317
2012-03-03 12:00:00,13.896994,154.289591,907.338560,98.385420,77.232118,740.148472,478.039575,216.957396,42.381698,229.630295,97.988337,684.928260,765.130465,25.936833,139.407894,185.967052,943.691226,434.371223,319.514177,117.160866,59.404958,334.503563,154.562368,214.025941,38.285676,129.920608,78.606178,244.183082,464.924585
2012-03-03 13:00:00,12.507980,165.425194,779.983439,103.526265,78.820544,687.935072,501.207878,270.375265,39.876526,279.765901,128.058184,595.289576,670.197685,21.428767,145.252847,163.962539,810.051369,446.476450,352.621228,128.672383,56.601093,303.850040,158.247685,246.233189,36.170244,167.597669,54.302106,235.933069,524.247119
2012-03-03 14:00:00,12.666380,147.302227,726.512658,116.305532,82.834392,626.150619,501.623573,241.626258,37.199478,277.795369,136.717436,512.100467,599.758334,14.969078,146.603964,98.451068,617.034987,427.422577,361.938660,123.864727,52.497684,279.045122,154.060729,213.522629,35.911999,160.245318,39.869551,210.291933,606.074430
2012-03-03 15:00:00,11.927828,181.599747,662.806871,113.054362,74.808234,492.811905,553.527549,196.814814,31.448016,277.954887,90.373254,447.285379,523.382848,22.345254,96.407153,75.994026,471.985628,379.643950,345.656285,94.221512,48.810769,249.357884,147.662872,230.704829,40.258447,175.091617,25.268365,203.342629,469.552327
2012-03-03 16:00:00,9.202243,282.695115,621.596305,91.465203,83.326948,381.165452,636.697013,156.848893,28.440504,330.438733,59.933399,335.815724,464.759680,21.358302,69.171919,94.601489,402.766866,420.910104,431.024715,67.964672,45.978284,236.893975,145.393672,238.166198,53.103133,206.031089,13.368992,194.400511,431.084093
2012-03-03 17:00:00,4.056386,112.632505,575.772528,110.971071,69.422179,239.576070,460.420603,93.765047,18.415020,281.019114,35.602634,185.725064,439.703794,7.466215,84.104602,79.688041,394.376523,236.110053,400.417404,36.961992,21.561841,174.786042,97.265695,240.485124,38.892020,196.668017,3.770338,146.367502,422.854397
2012-03-03 18:00:00,2.789174,64.839511,637.307129,95.443322,42.935594,175.616848,439.558656,69.201246,18.947782,226.689658,23.988571,137.574121,566.355317,3.425304,54.704139,97.110331,469.428428,201.122836,306.783276,34.561863,16.283682,227.533095,52.453735,192.416292,49.054565,138.685993,4.184155,130.171978,317.989524
2012-03-03 19:00:00,0.927547,40.995304,637.089693,82.000601,26.381479,156.374879,303.882107,43.713001,11.628101,156.197188,22.986167,161.336924,449.381485,0.378835,60.186603,106.685016,529.257541,179.443640,270.592108,39.602134,19.877322,188.382332,55.495606,148.787836,55.874675,93.734868,4.827871,129.814460,216.708163
2012-03-03 20:00:00,0.751183,32.942655,528.153878,71.333151,24.699791,174.668300,221.586495,30.110466,9.033783,83.939011,39.059200,204.485171,471.261482,0.631392,63.680920,91.504898,448.187323,183.521905,216.515769,50.562725,22.392870,184.614685,47.260296,126.304028,24.865390,83.222546,17.288378,105.610553,174.837657
2012-03-03 21:00:00,3.207223,32.419755,495.103492,68.210970,30.480593,243.099248,227.147009,53.749823,5.605578,65.466995,53.438517,203.390832,458.007253,0.647177,79.345101,67.992381,361.983837,217.865185,247.446593,54.242924,20.753272,183.631821,38.134681,83.168947,6.453023,59.131809,29.105168,100.748320,191.057763
2012-03-03 22:00:00,1.397853,45.492237,422.262179,62.053337,16.396457,305.974416,256.339709,99.311712,2.756462,54.736928,89.283110,313.293795,308.844579,1.957316,79.827076,52.175972,320.209663,255.213502,281.533624,44.722410,14.486862,195.917625,31.012251,87.891252,6.201857,52.944870,19.265506,89.808297,157.485915
2012-03-03 23:00:00,2.057587,49.047952,300.497596,61.489610,10.930971,371.559720,230.205292,113.310437,1.227668,49.575629,115.553015,306.415088,135.277292,2.636063,51.390563,42.783085,260.734568,168.282074,264.910936,29.681600,9.747749,290.272602,20.328604,100.859969,2.337772,56.777487,13.977837,82.407692,157.108703
2012-03-04 00:00:00,4.859825,53.021987,261.141543,45.445071,5.360380,389.853142,220.196366,100.764410,0.903378,48.896511,156.167670,188.070077,47.126148,3.614721,44.944150,38.359338,291.180152,134.153439,194.211909,21.281147,9.725289,326.310961,15.654509,107.485292,2.627578,67.508816,16.000945,67.534981,144.849321
2012-03-04 01:00:00,6.342594,60.656316,329.634121,35.991803,6.831857,354.621367,211.855595,85.445050,2.084719,44.414331,240.473324,119.126682,36.606919,4.672304,38.437490,34.844580,262.681669,93.585439,194.632737,24.321311,9.365925,346.623490,15.060973,107.203363,3.342434,77.473620,17.334357,61.135425,188.228675
2012-03-04 02:00:00,6.754111,70.695983,499.234790,32.609440,8.460992,331.314193,212.689672,68.540929,2.107883,32.869321,272.239170,91.611858,46.494994,6.219215,44.160941,53.963650,311.536212,81.136000,184.532876,19.441048,7.816167,301.903163,11.648142,123.484742,1.023983,104.082935,19.863242,64.782099,215.953740
2012-03-04 03:00:00,9.589009,91.193634,550.984738,33.173167,10.668208,351.504710,200.178515,59.296487,2.246864,34.635029,284.198889,94.738543,65.429608,14.932430,36.027616,65.992605,371.188316,89.721820,181.797497,17.840962,5.480301,348.916840,9.348190,155.342677,2.801462,127.352397,12.276587,45.511927,255.560976
2012-03-04 04:00:00,10.745177,125.182088,530.980556,36.338712,10.668208,325.216385,189.057486,51.636808,3.057588,41.562034,286.238264,131.008084,81.208452,27.465569,23.375778,94.807559,443.762092,119.128254,263.017212,20.081082,2.358326,521.409532,6.380511,169.932484,4.559621,118.646880,11.908750,45.261665,311.954136
2012-03-04 05:00:00,15.428637,115.037842,521.848212,26.711988,18.971542,286.867953,185.721178,55.466647,4.818018,71.171588,283.196485,137.730456,88.361528,20.094063,17.170352,93.292577,430.486402,153.256889,276.062866,17.600949,2.133724,597.581518,6.380511,220.468191,5.950692,120.946451,10.759256,61.957714,404.748232
2012-03-04 06:00:00,15.467501,160.948398,521.413339,23.156172,27.642745,312.085323,231.873446,67.616485,5.188635,115.857566,284.648243,141.650112,112.976525,15.879518,14.278503,89.565722,466.419272,162.701291,278.798245,13.760742,2.336415,631.654149,7.772193,224.415192,3.593599,133.265577,13.262547,74.613820,568.646747
2012-03-04 07:00:00,15.888431,211.747206,583.510426,19.083852,49.671515,300.763306,232.552549,101.921279,11.568196,195.929537,288.748823,190.220205,245.976881,9.115744,21.946671,85.683035,607.971676,147.467452,282.179686,24.287985,9.116794,671.261479,29.220099,211.982396,4.031606,182.671724,36.369287,65.935834,674.443068
2012-03-04 08:00:00,20.495098,192.781471,623.648829,28.085322,58.082559,287.112655,309.892362,113.336059,11.498948,243.989686,293.331737,247.320290,359.398112,6.339061,43.815563,103.971752,858.611663,172.817493,258.580965,55.244860,18.686101,667.787960,70.938830,227.573561,6.266695,187.155974,45.086810,48.148946,787.562905
2012-03-04 09:00:00,29.066793,326.168299,377.437286,55.413804,69.281539,293.048860,339.799773,156.321100,13.543709,336.158397,292.059486,283.865015,311.930474,8.617339,46.875497,109.383400,684.166312,181.781528,260.876278,87.602186,27.782347,689.683042,92.845297,257.412796,6.014586,232.238993,58.533411,36.757697,909.235551
2012-03-04 10:00:00,30.768725,324.815913,551.661329,71.119154,137.815346,395.685189,590.803426,191.395511,16.688294,419.804530,273.725384,337.277508,567.972776,0.000000,78.152820,146.302840,827.049806,288.744043,387.391982,111.148390,30.268147,0.000000,105.999801,355.405916,0.000000,230.172146,70.336663,39.451004,1198.337446
2012-03-04 11:00:00,38.166976,0.000000,798.209631,134.514166,0.000000,624.732853,919.313968,0.000000,0.000000,0.000000,180.998515,478.145214,0.000000,29.184615,0.000000,205.055333,1224.304915,440.984177,667.437359,131.870239,26.619586,761.885624,105.301888,473.772216,0.000000,336.236686,76.227864,0.000000,1285.262388
2012-03-04 12:00:00,51.012615,0.000000,0.000000,152.359488,0.000000,761.484047,62.421177,0.000000,0.000000,0.000000,114.745061,529.369892,0.000000,85.480109,0.000000,199.847875,1357.194484,0.000000,705.964897,139.364857,23.413804,1097.077573,91.659001,464.042778,0.000000,396.256711,85.750072,0.000000,0.000000
2012-03-04 13:00:00,54.855332,507.177199,0.000000,203.913628,0.000000,855.689532,962.176813,0.000000,0.000000,0.000000,89.956258,511.930703,0.000000,151.115507,0.000000,236.935304,0.000000,492.562765,0.000000,0.000000,0.000000,1245.539592,0.000000,373.977748,0.000000,417.325829,77.190185,0.000000,0.000000
2012-03-04 14:00:00,63.674150,542.874618,0.000000,211.646096,0.000000,731.708514,870.961521,0.000000,0.000000,0.000000,82.515360,471.266026,0.000000,167.095428,0.000000,175.737865,0.000000,544.064657,699.781303,0.000000,0.000000,1007.182186,0.000000,322.824767,0.000000,311.572414,52.029171,0.000000,0.000000
2012-03-04 15:00:00,48.116564,480.534077,0.000000,212.991392,0.000000,429.036942,813.038313,243.007333,0.000000,0.000000,86.084052,548.865401,0.000000,148.165013,0.000000,151.745248,0.000000,511.529907,636.855537,122.223265,0.000000,769.390969,0.000000,341.576168,0.000000,241.903448,43.511322,0.000000,0.000000
2012-03-04 16:00:00,54.362809,391.011093,0.000000,187.988956,255.869903,442.942071,780.124624,490.997427,0.000000,745.895291,65.478509,0.000000,0.000000,108.090917,190.031226,0.000000,0.000000,419.221250,586.690113,99.215714,0.000000,1004.415915,0.000000,533.640049,0.000000,204.167049,34.835272,0.000000,0.000000
2012-03-04 17:00:00,51.047755,248.481738,0.000000,125.676562,198.544279,0.000000,684.212696,334.120519,48.203342,589.474605,49.394334,0.000000,1309.644075,90.257541,433.295342,0.000000,795.656404,329.051555,473.851809,83.924523,0.000000,1313.434379,0.000000,520.017365,0.000000,375.377485,16.552702,0.000000,0.000000
2012-03-04 18:00:00,55.574447,147.562177,0.000000,114.870223,99.640009,527.392571,611.934599,358.156067,52.117981,493.311466,45.764939,622.991902,1159.429478,86.627035,372.747258,174.344101,734.057199,365.970582,426.087883,170.729202,0.000000,1291.647552,0.000000,469.481657,0.000000,377.020035,37.197600,0.000000,1188.782902
2012-03-04 19:00:00,58.794734,381.402735,1295.829574,138.329940,115.510938,715.882568,503.226545,307.575767,18.183385,415.756167,42.308373,681.148235,710.679146,76.272200,260.507378,101.503778,616.169064,440.667216,334.347480,182.329827,0.000000,1168.953321,0.000000,382.506674,174.656662,286.898778,46.577464,0.000000,1281.765604
2012-03-04 20:00:00,54.013293,499.368812,1818.206147,125.711127,155.818895,1089.474891,506.284827,209.188499,10.330942,356.944530,38.022230,923.778958,438.020717,63.470719,193.512881,44.025370,705.204697,635.350687,386.109267,116.006252,89.009976,1168.461889,0.000000,317.522124,171.758598,281.752121,42.301350,-0.000000,1046.951275
2012-03-04 21:00:00,42.876195,392.592779,1841.471880,109.883407,0.000000,1315.364772,590.526619,192.152315,38.011381,387.369026,32.284330,1288.037711,459.059176,41.166783,103.142607,24.724502,797.603506,542.194539,499.943117,78.404226,0.000000,1093.600388,0.000000,0.000000,180.781237,330.481112,17.564256,355.872525,928.506779
2012-03-04 22:00:00,38.597720,292.091538,1539.529812,82.911237,144.414949,1305.608280,696.176391,249.071660,16.237647,391.307911,26.027945,1496.587572,565.934548,29.564948,87.779660,33.117501,741.314577,433.369269,609.568691,37.682031,0.000000,1024.472263,0.000000,241.260428,168.087717,357.528439,10.115540,0.000000,818.549547
2012-03-04 23:00:00,18.799160,352.643274,0.000000,75.669513,135.533535,1261.026534,698.400597,390.775738,45.446880,398.370741,26.373602,1448.905633,692.796456,39.809290,87.598919,75.506691,443.231065,447.321227,619.247724,39.282117,0.000000,975.984289,0.000000,200.028366,147.492141,317.723971,6.529121,0.000000,797.991505
2012-03-05 00:00:00,11.829493,281.110653,1579.111775,84.862600,0.000000,1190.833997,577.181385,554.534411,0.000000,481.630633,24.023136,1273.342294,626.314926,33.021822,101.033967,112.866141,391.367366,408.041100,618.826896,23.761281,0.000000,773.841856,0.000000,0.000000,132.364247,288.650832,10.207500,0.000000,664.458538
2012-03-05 01:00:00,14.370449,181.968949,0.000000,90.890142,0.000000,1228.775909,468.473330,551.496952,0.000000,442.785072,14.863236,1220.657658,655.979153,21.435771,140.977628,153.649450,405.705112,291.488592,606.622898,18.320987,0.000000,641.974224,0.000000,0.000000,133.735997,229.628526,11.311013,0.000000,649.935885
2012-03-05 02:00:00,15.304528,127.587424,1736.667364,115.910950,0.000000,1247.069331,445.397196,537.366163,0.000000,397.827446,18.700024,1249.735825,678.700689,15.879518,181.764745,154.103945,325.873958,238.900444,548.548697,15.040811,0.000000,551.059273,0.000000,0.000000,105.238367,172.084515,75.452734,0.000000,487.734822
2012-03-05 03:00:00,22.150088,133.757636,1627.731549,92.841505,0.000000,1199.506434,467.083202,505.406809,0.000000,364.822301,35.222412,1304.296471,682.487611,12.201658,176.643763,166.890391,311.536212,200.478899,555.702766,22.481212,0.000000,612.488294,0.000000,0.000000,100.079813,179.311736,101.201381,0.000000,450.579463
2012-03-05 04:00:00,25.873341,239.487870,0.000000,75.365967,113.356276,1118.608859,630.562322,473.843646,69.421151,383.294317,24.507056,1347.288384,797.147213,12.233227,230.022472,126.410078,287.285950,189.102688,517.828287,37.842040,0.000000,622.316937,0.000000,115.449775,98.978549,234.118163,108.006381,0.000000,489.998093
2012-03-05 05:00:00,32.934457,188.557480,1606.777953,80.959874,126.599568,1113.053079,796.821700,558.628378,104.421271,400.679743,17.248266,1386.997278,1035.092185,27.355075,238.216043,101.624976,294.012300,156.476571,515.934563,40.642190,0.000000,542.868737,0.000000,105.229862,90.825328,164.309777,110.351347,0.000000,393.620485
2012-03-05 06:00:00,40.935113,118.907296,1633.602342,60.188701,113.829250,1023.802935,748.445225,582.928052,124.805192,309.134608,14.586710,1366.836079,1088.109102,20.094063,195.561274,77.435866,329.237133,83.497100,478.691326,34.321850,123.002602,438.848927,238.945624,103.961184,89.318335,149.964838,108.934548,307.393206,413.424103
2012-03-05 07:00:00,40.590612,163.078749,1675.420606,32.542155,100.431822,1091.233577,718.221271,654.255586,118.285358,257.684367,18.584473,1438.215072,1168.199716,17.401271,249.544134,59.444608,497.526328,71.594387,503.215301,27.477387,137.951757,381.387604,289.419993,138.596452,90.028297,154.462844,108.694358,294.709631,338.344881
2012-03-05 08:00:00,41.382021,184.280802,1789.464748,42.686388,126.714140,1227.988199,668.667804,678.169026,88.830460,270.340327,27.775597,1505.842245,1203.517176,16.723968,235.618536,76.978711,497.368474,139.233789,471.150296,40.952150,134.388432,451.355595,268.072791,163.863152,85.915353,154.919236,123.031138,290.445322,458.106073
2012-03-05 09:00:00,45.371560,177.852902,1765.845022,54.682614,158.249239,1178.309372,681.559042,619.223299,93.109930,321.330401,47.051008,1559.220681,1231.575119,18.603770,306.068883,84.277584,568.319901,251.506426,463.939558,64.263950,0.000000,508.309263,0.000000,150.450837,120.313858,117.933659,131.250644,35.029964,612.127334
2012-03-05 10:00:00,32.584946,250.823589,0.000000,69.620977,173.259560,1158.489186,676.636336,660.688182,106.054087,334.585386,57.916711,1550.486584,1192.885795,40.668930,355.596461,74.414367,480.662795,380.138855,447.624852,105.547742,0.000000,666.276074,0.000000,240.408599,154.400580,263.254005,149.246569,0.000000,740.965297
2012-03-05 11:00:00,36.102985,274.425651,0.000000,83.769036,223.782555,1150.011310,738.108080,584.391823,105.009044,330.045769,65.622400,1395.122333,911.571875,31.218048,293.508572,66.141277,475.331277,450.624368,438.706742,127.225641,0.000000,699.014447,0.000000,260.535757,0.000000,248.331557,178.079574,0.000000,0.000000
2012-03-05 12:00:00,34.375153,283.918335,0.000000,87.476113,199.617643,1058.563315,750.876139,490.666589,91.312841,347.150828,72.407979,1198.762503,997.150023,45.946960,224.394001,62.482993,461.207721,481.741826,412.727776,136.846195,0.000000,559.638388,0.000000,210.665966,168.958732,199.168603,175.644271,0.000000,705.751279
2012-03-05 13:00:00,36.376928,262.132154,1292.699563,89.801764,193.560031,965.802128,759.879966,423.621672,96.643350,340.292445,84.582578,944.451410,914.551534,49.700870,196.294121,54.080520,446.625271,448.581267,391.355543,132.578512,0.000000,549.827461,0.000000,198.367542,169.585735,187.369101,162.091941,0.000000,658.051625
2012-03-05 14:00:00,23.951691,233.473186,1852.626263,95.527553,149.684537,958.373738,848.588300,368.339064,66.473937,302.879334,74.134035,895.239041,852.785375,35.973780,173.622050,56.005191,384.414494,392.475056,406.903229,112.664814,93.321394,554.330481,0.000000,0.000000,155.502802,184.399748,167.211082,391.277994,649.986580
2012-03-05 15:00:00,18.388427,203.825926,1811.596566,98.944255,119.003485,1015.127373,974.935375,318.680073,51.502235,260.719977,64.734317,855.869051,637.184327,22.633105,139.884528,65.381352,326.823994,332.776190,476.706356,97.520568,80.999867,383.503897,223.055497,153.203477,127.351522,134.549588,158.711182,378.730366,509.287241
2012-03-05 16:00:00,13.724613,114.948810,1621.005886,108.594467,91.993570,1010.170856,925.898234,221.255215,43.971284,191.234098,71.599828,703.225896,536.679210,14.358009,104.504322,66.646090,251.701674,247.306082,482.202497,94.532525,69.965503,264.179038,181.093272,95.694854,127.674211,96.001428,130.210560,368.838570,369.453144
2012-03-05 17:00:00,11.306931,61.806695,1237.867447,100.966672,58.911630,949.496338,816.140018,107.499645,17.395824,75.517945,80.537997,559.832873,308.213425,3.898848,37.654281,56.145224,169.928843,41.426582,335.609963,57.283087,58.913239,166.759316,135.400377,40.597723,133.832599,69.917889,117.938002,346.148060,342.131078
2012-03-05 18:00:00,17.257603,78.330312,1071.963203,105.590409,86.974797,806.130115,826.570451,116.083769,16.006011,117.894921,53.542214,526.377348,436.127256,1.420633,40.305142,17.482890,157.184180,71.047661,409.886023,79.444282,63.068385,337.122468,157.064437,68.015283,113.159742,109.941364,97.063206,339.104973,389.471155
2012-03-05 19:00:00,28.701706,144.215621,1155.676354,123.239401,88.446274,852.202436,601.925673,142.628522,18.530838,194.227807,29.933865,535.288399,487.250711,0.363051,39.823168,4.878241,124.614485,79.633481,480.795464,113.766132,65.628854,363.332184,180.657489,68.438176,80.160452,118.263618,116.098813,301.422670,540.355865
2012-03-05 20:00:00,24.370976,122.253852,1226.125863,145.051301,120.976424,886.350157,510.455213,142.232332,51.955836,254.805152,20.704833,756.657667,529.958783,0.710316,29.761944,1.363484,165.857631,92.082921,500.153530,101.445468,77.824770,304.196513,118.113644,125.528724,62.559543,98.991029,125.294759,278.827589,450.579463
2012-03-05 21:00:00,9.771906,116.397380,942.588334,152.336389,92.808152,891.905937,639.459145,170.229782,47.438945,264.991925,24.437924,777.919123,492.089557,0.647177,56.210311,1.848278,170.636880,148.749333,472.589327,65.843549,75.196921,245.388463,147.048519,98.463575,65.515569,81.853754,132.283677,274.179867,287.435371
2012-03-05 22:00:00,6.192357,90.461575,941.501150,140.801666,75.413192,937.029710,746.777071,211.433578,34.444195,307.504725,32.941078,810.436642,395.312645,1.199646,37.353047,9.211089,153.112968,180.087577,572.325453,55.763005,80.632302,311.240374,142.893767,120.524491,80.430938,153.030932,110.075469,299.492078,316.103466
2012-03-05 23:00:00,10.072379,140.764486,1077.181685,157.843568,91.862202,1023.212052,562.167996,168.512958,55.963130,323.667738,28.343844,858.118582,389.421877,1.467987,45.787606,18.210081,111.161785,142.739259,607.254139,63.763437,75.017239,253.251378,149.645238,122.709438,65.515569,100.797834,104.603881,304.461566,218.782828
2012-03-06 00:00:00,11.574744,110.959227,933.238553,126.231491,59.647368,1078.363331,474.589896,326.592903,51.747364,419.966700,15.416286,902.673837,332.197268,3.630506,82.297197,11.241165,86.026477,101.098032,568.327592,45.922475,101.318193,210.332969,168.415811,110.516024,55.720112,92.968344,79.912767,267.029525,236.888993
2012-03-06 01:00:00,15.428637,108.553891,976.943341,103.639046,52.500194,1106.277737,404.249390,222.658971,28.329018,198.030869,9.678386,745.088934,178.826902,4.277683,78.019670,8.483898,102.311324,55.378540,510.253391,38.162057,120.319566,259.148564,223.392073,162.743304,44.185817,114.814263,71.682396,217.656413,259.710306
2012-03-06 02:00:00,17.479692,155.091926,1000.426511,103.465592,58.701419,1121.590009,480.984487,122.686942,21.356791,66.417761,7.224224,905.956856,273.710352,4.467101,16.266649,5.938728,123.729439,42.714455,548.759111,28.001509,111.964352,135.143847,160.180500,81.759304,34.602885,75.666815,75.176855,184.049805,144.283503
2012-03-06 03:00:00,25.363843,111.272967,861.919298,67.430425,34.474602,1058.579334,547.154608,52.165061,25.387248,83.531540,5.807032,991.784348,492.720711,2.888620,102.720879,10.756370,68.148546,40.138709,535.923871,13.600733,118.500285,109.261752,122.194203,34.324811,39.259108,47.250696,62.808308,187.446218,88.833372
2012-03-06 04:00:00,27.153617,64.212032,923.236463,98.392048,54.234435,975.649156,610.266445,92.048222,26.475934,116.400861,5.565072,956.921814,551.207627,3.867278,166.100564,49.721701,63.192288,43.787682,570.852557,10.800582,101.205892,133.997172,62.988997,42.218813,34.950653,49.714521,70.578882,200.674350,95.245973
2012-03-06 05:00:00,18.792628,73.310479,937.587288,114.653405,58.491208,934.861601,682.275105,91.123778,34.096741,102.682673,7.846406,1212.684613,832.491824,2.288797,155.316378,47.237131,115.587015,61.173968,551.284076,10.800582,123.553842,137.764818,36.205690,63.292978,34.757449,79.444681,42.071451,258.449114,110.900261
2012-03-06 06:00:00,14.346564,35.034252,831.804838,110.317043,47.980658,725.932407,910.534217,72.370769,33.355508,113.548564,7.224224,1207.958524,964.613347,2.541354,122.421598,68.271781,147.979701,85.643555,609.989518,9.040487,138.260965,139.402925,33.508736,26.430809,38.911340,32.084482,59.945869,275.985416,74.687931
2012-03-06 07:00:00,15.542302,58.485318,1079.099168,67.594655,34.797548,826.558678,913.987027,137.003432,40.801336,195.930580,7.270654,1280.014787,919.215940,4.416883,199.746350,70.086779,385.557565,99.457561,659.962386,19.350660,134.154627,114.285590,85.227853,30.965277,48.400125,26.540503,29.466419,292.511338,119.885960
2012-03-06 08:00:00,23.986151,101.198201,1148.292313,105.351792,67.413628,1083.492609,983.553613,232.429274,39.741973,249.607080,20.888299,1535.979782,910.491522,7.393669,187.694291,78.506950,495.626670,243.395427,584.046098,44.742693,158.258914,196.293612,168.127642,63.023939,63.943389,54.284778,58.077177,279.271428,227.806704
2012-03-06 09:00:00,22.542561,158.153648,1140.821020,118.336529,87.195541,1024.237036,954.659147,306.321955,37.315653,268.847311,30.360922,1538.197638,851.774850,10.805578,117.250379,94.754513,508.538963,371.508543,613.170433,84.600023,164.516643,301.837109,238.594137,109.633896,54.528086,86.065624,75.488798,334.402087,343.839606
2012-03-06 10:00:00,23.340151,206.403861,1493.933305,76.174736,128.350726,1273.967847,1014.522983,306.305370,55.575108,324.591496,46.767246,1532.064718,971.819158,13.849524,144.298736,98.116716,492.631362,395.996409,572.129726,115.374536,173.071007,421.449236,344.441564,138.845678,112.508257,113.798437,107.873721,370.015531,582.657439
2012-03-06 11:00:00,28.832192,243.144889,1661.185112,108.686333,190.561041,1414.738072,1019.412374,350.138639,61.048107,428.392133,52.192224,1529.808461,901.947840,17.634860,173.674310,91.484586,582.628876,447.615584,482.392328,139.696579,184.422196,528.165696,0.000000,156.925804,118.179672,133.451538,99.322547,0.000000,768.298675
2012-03-06 12:00:00,34.603715,275.088234,1459.941055,171.660654,206.991018,1322.943041,1130.692708,408.850195,66.907288,556.599319,57.892682,1451.360676,932.221053,20.737760,184.053543,114.921237,606.440260,535.830543,468.688334,143.544021,0.000000,493.113745,0.000000,159.303901,135.157906,138.979700,104.732626,0.000000,815.357359
2012-03-06 13:00:00,36.808753,275.359718,0.000000,190.383327,209.801911,1341.921299,1294.563884,420.794702,66.412400,572.513148,61.519447,1374.217963,1028.058059,30.814813,207.357175,175.232756,684.423747,528.994838,499.792117,162.145988,0.000000,493.621294,0.000000,153.328115,0.000000,132.197752,89.268369,0.000000,787.198222
2012-03-06 14:00:00,35.368326,241.554224,0.000000,169.944838,208.725036,1358.660368,1333.514637,360.174262,57.108897,519.853099,58.954625,1435.700717,1229.243127,25.904470,215.994210,224.291057,712.611317,491.339904,526.185754,156.395959,0.000000,506.136407,0.000000,139.761160,0.000000,123.661304,92.829531,0.000000,814.872349
2012-03-06 15:00:00,20.337135,199.363220,553.910163,230.152718,195.836812,1188.907791,1073.826650,278.249120,67.242600,435.871530,47.489533,1261.859596,1082.992357,26.839475,203.019905,158.584362,828.784074,438.279173,421.268610,114.952302,0.000000,458.815679,0.000000,107.713122,161.804091,105.729308,88.208029,0.000000,728.534149
2012-03-06 16:00:00,13.550396,192.899628,1884.215734,252.594770,248.645205,1183.700662,1124.743658,204.889670,73.810491,301.451808,27.726657,1237.059646,974.252144,28.505197,156.651943,124.019116,808.096346,318.198115,441.060035,78.899312,0.000000,425.198693,0.000000,74.353369,156.449217,79.074029,51.503566,0.000000,816.877638
2012-03-06 17:00:00,7.368121,175.484998,1737.319674,211.636678,284.205257,1106.955271,1073.383115,99.972029,84.940728,235.382371,13.204084,1194.549842,1025.204109,18.531366,131.759860,48.540016,548.197527,83.711746,315.391519,31.921720,79.980955,422.795477,362.502049,27.347077,154.814583,68.111084,33.105404,335.637057,741.032528
2012-03-06 18:00:00,6.976200,151.222472,1716.010872,227.572265,194.707928,961.962966,1052.049306,125.592338,72.803029,302.207603,10.162305,1177.665746,748.969142,6.755899,97.961377,22.149033,477.570852,96.805122,388.844646,20.721117,77.937072,417.062101,319.841657,62.870085,120.578786,63.019178,70.670842,312.112432,615.232401
2012-03-06 19:00:00,4.768376,87.742499,1669.044533,211.787908,149.827882,998.685316,943.341252,71.446325,72.038632,275.857816,5.841597,1210.183265,733.611067,4.277683,101.274954,11.150266,387.650173,198.332444,428.402435,62.163350,96.691381,433.606984,350.260372,162.249929,82.845992,129.268705,56.325167,264.991677,613.346343
2012-03-06 20:00:00,2.214356,67.140268,1679.698934,208.232092,100.375747,1055.598184,967.529489,62.201883,37.617601,218.268592,3.767657,1306.016147,844.062977,6.550696,142.242812,17.937384,399.155771,267.233650,562.436006,62.723381,115.513072,342.855844,332.825255,168.029466,49.421653,145.201443,70.532903,216.834124,406.634291
2012-03-06 21:00:00,2.024927,67.558587,1445.954422,217.988906,89.444776,1059.256868,925.825632,103.141552,18.113894,173.039319,3.733092,1356.981106,958.932963,9.612949,104.046309,30.754130,294.543327,220.870222,522.457390,28.721548,87.684821,451.953785,181.621985,152.664355,59.410314,118.865887,68.004018,176.684953,471.891928
2012-03-06 22:00:00,7.707786,101.337880,1237.432574,222.802267,82.928235,798.135212,1061.224155,110.140914,15.519577,179.558854,2.350465,1362.921807,789.783752,15.737455,65.307585,44.298067,349.947211,173.648211,454.914570,28.481535,73.669624,400.681029,127.016682,170.707788,54.406323,126.476370,78.579355,93.025950,382.869949
2012-03-06 23:00:00,4.402583,166.281971,1035.868702,220.373905,149.985541,606.257545,848.256457,99.839965,39.910792,190.153098,2.488728,1166.253347,873.727204,11.964886,92.780148,59.659982,283.037729,118.698963,446.077192,26.721440,38.092586,409.854429,90.810992,152.241462,74.074518,133.484584,81.522058,47.299513,395.883756
2012-03-07 00:00:00,2.763045,151.013312,819.301694,202.941730,122.500454,456.658008,802.938265,135.497096,70.370856,312.530199,5.323112,851.083542,694.479533,1.089152,118.144072,79.294145,250.645043,76.199153,474.062223,26.561432,30.433640,452.281407,52.750503,204.398259,87.135127,122.808007,75.268815,32.963077,323.459095
2012-03-07 01:00:00,3.272543,127.796584,551.854485,200.296550,97.958321,310.446141,855.485126,185.152952,40.513044,191.375511,5.876163,579.999989,736.346066,0.899734,139.712444,62.962642,175.947156,68.042624,436.608572,12.400668,29.512770,287.815441,29.750987,146.391443,82.884633,120.070424,67.866079,24.025149,295.734030
2012-03-07 02:00:00,8.354457,61.388375,553.593979,188.458282,86.974797,291.610692,859.377486,254.618325,37.385965,163.939135,5.288547,448.053900,722.039914,0.647177,69.524864,22.421730,175.062110,50.441693,470.906016,8.080436,29.759833,260.786671,20.106029,64.068282,73.610828,60.172091,78.073578,25.848487,235.568752
2012-03-07 03:00:00,9.628201,35.243411,369.642484,176.836833,53.446144,237.814482,928.883914,280.634824,21.681080,97.521375,2.834384,302.350398,765.799909,0.852380,87.418179,16.240604,146.386618,58.383577,451.127122,6.560354,26.053891,171.509827,14.244862,36.016383,55.816714,50.371541,89.798409,20.056710,184.267951
2012-03-07 04:00:00,7.681658,45.178498,207.869538,147.869936,23.701289,162.743699,793.207365,210.245007,8.964293,67.911821,3.283738,184.318056,578.557624,1.247000,64.042401,7.817306,168.158751,45.934138,426.508711,4.240229,21.876285,139.730547,15.580317,35.663972,46.736113,40.570991,81.016281,20.199716,117.124255
2012-03-07 05:00:00,4.990465,13.281642,172.209910,135.207760,18.025592,112.877187,642.517428,145.401854,11.952390,59.626579,5.703335,112.404311,318.732654,1.168076,65.367832,6.241725,107.090573,34.557926,359.807546,9.200496,28.771582,65.032857,19.512493,18.748254,29.888701,32.358240,78.441416,23.917894,107.505355
2012-03-07 06:00:00,0.981080,6.274791,168.811190,116.518040,10.930971,86.984108,561.055893,95.745999,11.419629,51.748807,8.745113,83.815590,211.436513,0.805025,62.475983,6.038106,71.039985,43.143746,333.505825,21.201143,29.150052,42.918409,18.326767,7.471109,34.931332,19.163086,74.129284,14.739185,54.695707
2012-03-07 07:00:00,6.456514,26.802512,238.164869,112.404489,30.728690,202.522144,515.037215,143.562829,19.565827,100.571578,8.843515,131.162436,180.669571,5.914997,82.218956,18.676967,135.573373,131.797134,409.597663,87.110716,27.591378,69.682433,47.173059,19.385201,25.926989,20.473726,85.392482,33.201338,98.624431
2012-03-07 08:00:00,12.318091,69.709300,417.943192,130.189114,79.724136,253.069298,576.744522,218.085784,34.161482,178.456060,12.291149,203.550133,300.170964,14.519183,146.649832,37.158435,224.869650,368.329595,522.824908,143.962510,46.331364,149.863731,89.818440,50.263717,50.280167,40.923879,106.581285,65.099098,233.652302
2012-03-07 09:00:00,13.092174,143.606611,574.104969,117.550558,99.531171,356.045462,691.878133,258.548811,43.655725,224.169959,19.774502,277.323330,355.789581,21.698650,123.206199,50.225573,298.804046,476.245513,514.043753,234.934202,55.227208,237.056426,126.139484,95.047925,36.577563,75.646835,128.363769,84.484907,323.295122
2012-03-07 10:00:00,23.858460,192.683977,578.174970,130.955535,114.077576,503.915512,692.208031,299.397798,56.360374,286.194921,26.467589,408.650709,430.072672,26.564547,141.799227,58.147945,373.214870,577.443309,614.486331,308.508299,56.867231,309.326225,156.204429,115.770271,59.819553,98.335731,150.712709,89.804851,404.938970
2012-03-07 11:00:00,23.998222,224.450273,542.117190,144.816211,137.836113,429.991382,660.075023,359.903409,58.821998,316.835427,38.445678,409.822757,468.338006,26.287811,140.399340,63.626704,398.886644,639.424935,687.202896,275.151114,61.185509,329.367492,169.639910,119.961279,75.696603,103.490527,171.668007,109.889453,506.965544
2012-03-07 12:00:00,21.572845,213.995279,526.420776,141.303890,144.949804,332.667092,609.135767,355.233356,57.920398,330.402152,38.132746,378.379388,484.021128,21.672787,134.942270,64.819236,405.652769,683.535560,597.472470,256.295173,59.571004,317.396046,173.575710,133.859938,58.679620,95.936324,163.248622,103.986355,520.177169
2012-03-07 13:00:00,14.215158,174.601367,496.437566,124.299088,125.324047,310.673004,604.885531,354.077040,48.580493,298.264458,40.440446,355.446457,479.325424,27.769821,125.398631,62.017947,374.926414,686.634064,572.725792,262.544552,55.866536,326.035488,179.158850,151.394897,55.943116,105.881834,158.981535,114.318200,456.046951
2012-03-07 14:00:00,15.137062,169.531834,416.725066,114.516321,101.489778,250.664206,529.638067,321.585654,37.223840,225.683828,43.012963,302.960212,438.818237,26.681253,103.938265,55.537609,322.287848,563.293482,461.521677,203.975969,45.059846,423.200397,169.523624,130.142533,61.315138,108.111714,144.860649,89.804702,429.974320
2012-03-07 15:00:00,11.108536,162.281377,315.881142,107.984888,114.745317,188.116965,430.439752,289.241075,25.004962,210.571291,61.835986,220.389762,354.388970,19.454806,65.648720,48.717145,243.604839,447.089674,379.215487,170.788058,31.447960,349.630058,142.249550,98.318189,80.997367,81.949429,118.934664,78.158851,473.592816
2012-03-07 16:00:00,8.391611,99.227677,235.348662,100.659808,82.049438,105.704769,350.229813,195.118633,18.712106,171.735776,55.626204,133.257405,264.880963,12.965784,47.777141,36.945893,144.554651,299.089422,222.415262,114.157561,17.230133,157.283911,67.994344,63.401483,49.595753,47.099012,94.738068,61.227411,280.437482
2012-03-07 17:00:00,2.972070,20.288492,98.716287,90.912266,40.255404,22.494133,243.683031,61.277439,5.999359,58.811637,55.408759,52.997304,197.971900,5.777240,16.387143,28.572556,45.314358,98.092995,64.175924,71.523855,2.919833,75.516743,27.005883,22.695255,77.301029,13.140402,49.979964,43.438328,194.829881
2012-03-07 18:00:00,3.331331,42.773161,181.994564,81.263419,69.790048,30.489036,125.667623,43.184747,16.863062,104.855851,41.617059,50.339622,265.294968,5.777240,13.856775,12.453150,74.874896,86.287492,51.551374,50.242708,3.256736,88.785412,25.596236,18.677772,79.928607,14.016429,46.991282,63.566541,232.928270
2012-03-07 19:00:00,2.749981,28.654881,215.262388,103.422228,97.748110,52.576649,108.152003,37.109828,21.194646,150.628419,30.936269,96.927222,235.841126,9.281468,29.701697,2.363372,87.796569,37.992254,36.191168,18.801013,12.285757,54.057539,22.925324,15.928968,51.450298,4.434886,34.300877,148.155088,223.686581
2012-03-07 20:00:00,2.318868,7.006850,313.108927,122.632311,62.642875,110.709078,105.093720,36.581575,13.295876,221.664183,49.947384,138.668461,233.316511,9.502455,52.173772,1.545281,75.405924,33.055407,36.611996,47.202544,17.406695,83.871090,13.057790,30.518775,42.910669,3.558859,33.473242,197.206435,122.593826
2012-03-07 21:00:00,2.142503,9.203027,505.105582,105.286864,59.647368,277.517982,88.968229,30.242529,9.242255,138.132644,46.801909,194.948783,216.906513,23.298379,58.138210,3.332960,103.019361,21.893841,31.772479,35.201897,59.362444,236.706495,27.599419,65.407443,59.989926,6.898711,28.875269,249.975959,242.735776
2012-03-07 22:00:00,2.351528,7.529750,910.842568,105.807227,114.092014,529.696188,58.663426,36.977765,6.833246,99.694553,15.278023,426.636110,340.402267,69.989846,44.883903,5.211537,212.234044,24.469587,27.564204,23.361259,54.129205,396.094329,28.712299,117.916651,46.465627,22.338683,18.207972,295.416383,249.525588
2012-03-07 23:00:00,1.881222,8.784708,1063.483170,79.181966,138.213725,790.682337,89.802306,65.107279,5.790887,152.258302,11.233841,661.137454,468.947252,62.807757,36.509591,6.393223,238.785426,17.815577,36.401582,8.400453,81.014126,496.346491,50.450551,55.258012,58.231768,7.336724,14.759493,309.502557,360.425849
2012-03-08 00:00:00,4.258879,10.248826,988.902363,47.439798,127.125095,896.377662,141.237063,90.727588,4.794854,181.188738,21.983762,803.714270,492.720711,49.927353,49.583157,8.241501,268.345964,13.308021,45.449374,5.680306,76.050411,504.045595,60.243894,32.844686,97.722721,8.869771,12.920304,320.943104,464.913510
2012-03-08 01:00:00,5.395451,7.948069,1115.233117,45.705253,107.049946,933.913053,137.900755,44.109191,4.192602,101.460260,18.596327,935.973028,717.201069,47.670125,41.269092,19.088770,419.157812,9.873693,55.970063,5.200280,116.052118,737.312065,108.765453,73.865302,140.304942,16.589758,6.437162,332.919927,477.550104
2012-03-08 02:00:00,12.652527,9.621347,1269.395777,28.880169,143.416447,1003.970083,116.770800,72.766959,7.203863,160.543544,18.941984,971.929900,829.756825,48.143669,26.870095,35.511172,627.851672,17.171640,72.803164,5.120276,188.261826,847.065250,277.997376,68.720104,137.368237,46.922186,18.116013,339.533994,651.444732
2012-03-08 03:00:00,22.306856,31.373957,1442.692871,18.733083,170.586217,1094.488643,106.483849,79.502195,9.265419,227.912071,28.654935,974.118580,1083.480641,52.894897,47.173283,44.510164,711.400020,13.951958,53.024270,5.760310,216.898646,804.474462,440.181060,75.415909,165.305575,108.025055,34.392837,330.917831,578.265648
2012-03-08 04:00:00,21.679782,56.159383,1659.477316,23.372990,151.509570,1275.932285,133.174318,106.311074,7.111209,277.895171,17.974145,1124.824776,1297.862538,32.642986,39.642427,80.930326,1102.059349,11.590857,66.490751,5.040272,213.579275,891.294145,0.000000,56.738138,154.080407,156.206529,44.186519,0.000000,587.130124
2012-03-08 05:00:00,34.443354,58.250980,1743.842777,21.334900,169.430057,1308.453923,113.434492,188.586601,9.728690,379.627078,16.349559,1356.043101,1390.852527,35.184341,56.451298,112.169250,1325.621983,16.956995,64.386613,7.440401,0.000000,1022.015102,0.000000,52.227279,156.534101,206.851829,47.864897,0.000000,579.020071
2012-03-08 06:00:00,17.618268,57.728081,1874.752449,27.405806,166.592209,1286.380162,87.578100,309.292591,11.697591,411.273987,21.638106,1504.917678,1297.618974,39.761935,30.846387,142.856331,1243.142608,13.093376,58.284614,11.920642,216.782552,1103.592842,494.195260,74.076748,163.721300,185.608179,27.816117,330.779191,535.452111
2012-03-08 07:00:00,9.050767,133.291296,2009.580840,29.613545,221.535392,1325.136722,142.877805,356.598770,50.810737,554.473621,37.976525,1520.354056,1355.987268,39.163236,40.170565,166.923863,1204.725685,56.009148,73.098545,30.824177,224.585006,1071.075673,215.677729,184.716425,168.529674,317.658254,53.192196,358.710831,670.373369
2012-03-08 08:00:00,12.593780,242.947984,0.000000,37.538203,317.806858,1412.330420,258.919143,450.232034,125.847311,675.467938,63.010513,1527.324108,1583.318030,36.144714,122.432532,216.164578,1324.157501,178.677936,170.152156,62.645107,0.000000,1065.717822,0.000000,0.000000,155.784853,395.681914,96.031196,0.000000,989.075601
2012-03-08 09:00:00,15.579949,524.916151,0.000000,57.849577,0.000000,1505.819066,390.761710,612.875222,0.000000,918.162798,105.757046,1662.494118,1769.455549,38.055899,143.582331,243.845125,1249.895412,297.802453,261.286520,99.507873,0.000000,1392.620816,0.000000,0.000000,0.000000,437.543755,217.239686,0.000000,1310.845937
2012-03-08 10:00:00,47.319944,0.000000,0.000000,70.866127,0.000000,1561.428401,471.335815,842.516324,0.000000,938.312374,157.425037,1769.692746,0.000000,47.910654,164.561605,244.800760,1452.979209,389.240993,319.664501,126.501273,0.000000,1411.415157,0.000000,0.000000,0.000000,561.341534,381.796862,0.000000,1438.565426
2012-03-08 11:00:00,56.839434,703.009008,0.000000,89.125163,0.000000,1587.089012,583.494640,0.000000,0.000000,0.000000,177.641746,1788.041117,0.000000,54.608998,0.000000,236.880038,0.000000,558.256730,388.073590,163.474889,0.000000,1431.936996,0.000000,545.173011,0.000000,547.921146,412.108516,0.000000,0.000000
2012-03-08 12:00:00,60.006786,752.845360,0.000000,103.647246,0.000000,1585.429751,723.090397,0.000000,0.000000,0.000000,184.625467,1743.373106,0.000000,48.451843,0.000000,230.214626,0.000000,637.721402,438.963552,179.755269,0.000000,1449.763217,0.000000,535.146936,0.000000,543.813472,407.810625,0.000000,0.000000
2012-03-08 13:00:00,47.507271,789.159674,0.000000,106.906339,0.000000,1541.078110,766.045761,0.000000,0.000000,0.000000,172.944114,1663.841801,0.000000,52.827584,0.000000,229.180823,0.000000,708.579431,0.000000,175.907015,0.000000,1398.073904,0.000000,475.675881,0.000000,490.050498,418.374836,0.000000,0.000000
2012-03-08 14:00:00,43.568416,644.920917,0.000000,99.717839,0.000000,1475.556374,826.222931,0.000000,0.000000,0.000000,157.268681,1636.742777,0.000000,44.969470,0.000000,204.617819,0.000000,541.153540,429.942558,164.733600,0.000000,1400.509688,0.000000,429.239253,0.000000,453.982936,421.623169,0.000000,0.000000
2012-03-08 15:00:00,36.299433,593.159215,0.000000,120.549732,0.000000,1382.378899,763.187781,0.000000,0.000000,0.000000,143.368089,1549.325432,0.000000,43.693709,0.000000,184.179223,0.000000,490.334377,456.641322,126.842118,0.000000,1229.171782,0.000000,371.473147,0.000000,382.487870,413.048220,0.000000,0.000000
2012-03-08 16:00:00,23.531248,529.673256,0.000000,149.829771,0.000000,1373.593080,797.305442,674.454846,0.000000,0.000000,132.634913,1530.422858,0.000000,36.850316,0.000000,151.175666,0.000000,432.233143,467.746820,80.842054,0.000000,1229.838450,0.000000,383.569123,0.000000,412.080022,393.327295,0.000000,0.000000
2012-03-08 17:00:00,11.607404,515.892430,0.000000,124.274585,0.000000,1271.867080,823.202391,623.339467,0.000000,903.770511,133.492594,1448.592964,825.596898,18.389303,374.313677,153.407053,1445.103200,213.963221,397.965380,42.642298,0.000000,1042.655253,0.000000,0.000000,0.000000,373.187418,353.630088,0.000000,1050.723393
2012-03-08 18:00:00,3.043922,402.841605,0.000000,94.315868,342.276043,1130.262446,583.575976,582.399799,124.295594,827.165977,147.457123,1340.409678,1402.213295,10.244341,242.132089,83.081600,1033.202766,256.716021,402.311127,50.482721,0.000000,963.370863,0.000000,335.437683,0.000000,335.573017,272.337929,0.000000,1002.251680
2012-03-08 19:00:00,1.143104,429.823208,2003.679699,88.765325,390.572017,1116.440749,537.423707,593.229001,136.410129,862.208477,140.820515,1283.504018,1229.697931,8.287025,264.784904,39.450125,785.743889,399.884571,443.552226,44.722410,0.000000,739.441605,0.000000,448.830385,146.468159,308.087676,236.519721,0.000000,863.437748
2012-03-08 20:00:00,2.697725,416.646146,1844.081121,83.258146,364.348196,1098.960369,531.307142,653.317869,160.036948,901.868980,135.013484,1316.490541,1296.389846,7.197873,294.667341,37.753345,637.233160,563.015153,409.044368,15.280824,0.000000,728.957718,0.000000,307.866068,144.323591,223.770097,223.553438,0.000000,765.551293
2012-03-08 21:00:00,1.032060,346.995962,1721.664228,46.789343,366.818175,972.939019,456.796250,708.916580,149.706006,841.563283,127.305341,1158.749304,1294.706769,11.507126,366.300846,16.604200,572.447789,390.654814,291.423071,17.520944,0.000000,731.906311,0.000000,267.127380,157.867211,233.734901,251.233234,0.000000,802.895258
2012-03-08 22:00:00,0.672798,258.416824,470.412101,32.262531,416.795838,847.188684,420.374881,734.140699,149.868150,706.011289,121.567440,897.827476,1221.913701,9.865506,380.157621,13.604536,329.060124,296.425439,272.065004,36.801984,0.000000,757.296973,0.000000,259.726754,172.898503,258.975424,288.844651,0.000000,798.934535
2012-03-08 23:00:00,0.738119,314.367047,400.024998,36.165257,429.723814,847.324190,242.160398,788.814965,177.942370,628.048519,124.228996,845.299175,1169.738323,6.755899,443.537307,12.725847,128.862706,356.526179,330.770446,86.164644,167.867917,775.971396,265.829890,286.016599,0.000000,283.339919,287.787118,0.000000,770.266440
2012-03-09 00:00:00,1.476237,257.161866,636.913008,45.488435,0.000000,829.437289,199.622464,889.051121,0.000000,711.987529,123.399420,793.083543,1059.707182,3.993557,409.015862,6.181126,98.240112,629.125968,485.634980,85.924631,161.399365,722.241479,244.165830,305.046782,0.000000,291.826429,281.028098,0.000000,773.661346
2012-03-09 01:00:00,3.337863,195.250591,997.382396,64.048063,0.000000,732.007881,233.819626,880.202870,0.000000,0.000000,117.281298,697.406995,812.294904,4.246114,0.000000,4.181350,58.236030,898.076782,781.476740,74.003989,157.221758,644.267574,224.727529,256.132164,0.000000,244.958995,267.188199,0.000000,741.221134
2012-03-09 02:00:00,1.776710,72.473840,851.264897,113.005587,358.935263,644.063950,267.460738,867.128589,0.000000,439.796952,86.241332,602.199449,541.319551,2.162519,128.747518,6.544721,37.879971,784.529311,904.568796,69.923769,153.538277,473.281834,192.231439,233.577873,0.000000,228.697747,258.819889,0.000000,730.281992
2012-03-09 03:00:00,2.527893,66.199049,796.253398,186.897192,360.354188,507.337561,304.716184,830.679078,67.220614,240.407846,60.075124,524.657672,415.719951,2.052025,69.042890,16.755698,26.728391,718.633142,823.559494,67.923661,143.071800,572.682288,172.347986,210.318761,0.000000,231.106821,324.478940,0.000000,752.160275
2012-03-09 04:00:00,4.219686,29.073200,785.381560,214.996816,316.104774,439.719654,247.442887,768.873385,42.644090,251.137913,59.591205,402.560639,412.774566,2.241443,39.702674,21.543041,28.321474,682.787343,628.926757,61.763329,0.000000,514.693292,0.000000,237.242945,187.543387,224.317613,340.985663,0.000000,699.162021
2012-03-09 05:00:00,5.232150,29.386940,673.836504,224.059812,229.287636,346.084437,268.572841,762.138149,20.036468,236.468960,54.855709,269.832879,373.222263,1.341709,36.569838,18.603976,31.861658,681.499470,755.806260,103.205562,133.166829,468.171047,148.013014,237.806802,187.118337,219.663721,377.539547,99.497010,603.916048
2012-03-09 06:00:00,5.385076,22.484669,597.581298,176.489924,199.437676,213.293114,411.200033,709.048644,15.172123,211.069939,50.811526,157.599962,330.913086,1.310139,22.532322,14.629015,29.841184,685.363089,736.027366,74.083993,118.441604,437.374631,119.626218,255.074931,185.514742,258.208900,421.935930,86.613670,576.190983
2012-03-09 07:00:00,9.843152,26.299317,758.512268,179.957742,175.478612,295.389310,625.559073,686.286271,19.999420,227.164520,63.800347,234.542939,347.906528,6.879181,34.747971,20.692221,91.129115,722.394459,574.029741,45.005505,131.152822,495.145293,158.292153,263.143836,188.506564,242.936316,420.810893,92.713116,585.239595
2012-03-09 08:00:00,10.289330,69.545534,870.981700,213.094778,227.183808,326.791776,660.067786,695.789774,33.925062,294.533143,79.635517,327.409888,475.351884,15.390487,69.141818,34.724865,205.256461,640.804161,533.067569,75.867948,152.151466,568.432481,213.976012,327.623602,200.284436,304.031928,401.084804,112.077894,662.827300
2012-03-09 09:00:00,10.729674,150.457067,986.457312,209.297577,259.866339,368.790190,689.249553,639.977903,45.095324,344.333883,90.288210,411.566536,532.247491,23.885800,97.444343,48.372220,297.439482,524.511093,531.003442,114.911050,160.255904,632.976657,237.219230,291.350426,217.360715,271.054800,371.069676,108.905995,746.555818
2012-03-09 10:00:00,12.715318,198.856086,987.068809,190.647524,349.494116,422.755405,704.081507,643.897877,88.826954,378.166482,105.145245,519.112549,658.195193,35.819953,136.383947,63.428011,360.338654,478.794303,468.271395,120.626778,172.239256,830.031817,13.367170,243.078708,222.193573,338.634721,432.146058,111.409163,915.553936
2012-03-09 11:00:00,14.129694,224.369485,935.711250,178.183197,411.416289,387.886232,695.345860,653.477962,140.911184,409.219294,127.592580,498.004684,788.985262,43.317969,158.748058,70.736969,399.930541,495.473146,379.470940,130.976049,169.423466,842.937431,89.892570,299.180441,0.000000,358.161125,480.131529,0.000000,927.759622
2012-03-09 12:00:00,14.563283,246.118227,911.716885,140.582212,415.994467,352.284766,714.247314,673.362497,149.298846,391.042622,139.110641,502.773005,815.673715,42.215324,140.887579,69.535534,402.327269,569.184629,368.129562,134.272787,156.667469,887.463655,3.028820,384.675103,0.000000,392.397504,509.576969,0.000000,947.608385
2012-03-09 13:00:00,14.268996,254.570585,863.522095,113.226149,405.524807,363.401052,635.123017,743.305804,132.631922,431.934068,157.659229,525.285439,723.501478,39.195512,129.968352,66.769915,383.138752,630.606645,358.320305,133.492679,137.372154,997.574181,245.855738,455.113437,0.000000,464.297457,478.446485,0.000000,1066.488530
2012-03-09 14:00:00,15.556852,281.824766,479.202943,101.375819,416.275125,306.105934,535.146576,720.202441,137.448242,451.063116,149.341262,440.497206,651.053860,34.074481,118.585312,61.551716,355.817691,573.250607,315.657147,126.496578,0.000000,1090.713206,0.000000,472.038548,0.000000,463.810652,468.236076,0.000000,1289.338161
2012-03-09 15:00:00,12.064951,271.370574,828.504150,87.156499,421.233050,236.707652,485.130663,783.547459,145.382313,487.339591,129.540926,305.800184,573.541740,29.635876,101.445650,57.882118,319.186043,524.504953,279.675241,97.219144,98.761726,883.050015,168.458995,485.376447,200.599010,390.791976,446.596860,78.895241,1173.178777
2012-03-09 16:00:00,10.183099,223.365499,752.877426,65.782491,328.517936,182.318631,378.358858,752.934909,128.916602,469.907530,118.636626,228.527093,449.562518,20.205460,104.175550,51.596581,230.269478,406.758782,215.179323,71.723879,77.681720,747.775844,110.232003,403.029773,192.093774,307.457059,425.400646,52.306423,1034.250990
2012-03-09 17:00:00,2.978602,295.124354,586.861802,48.866541,288.672240,89.570013,230.612049,648.563585,96.221375,405.026099,84.409351,132.884094,252.671893,8.744785,111.577165,39.328926,106.736554,141.579306,100.055257,10.080543,52.467147,781.377150,54.679495,332.323377,171.642675,278.467020,383.516911,34.178635,1015.831304
2012-03-09 18:00:00,0.947143,332.668522,531.197993,45.618526,294.715806,121.007597,84.797843,545.422034,99.649580,517.352251,79.466462,86.921831,192.712285,7.229443,120.252712,18.240380,183.027524,58.812868,132.981502,17.600949,50.490645,731.087258,66.921172,345.855951,155.857886,280.766590,346.273332,72.861986,963.398868
2012-03-09 19:00:00,1.737518,281.319813,416.391386,50.692069,280.001037,151.903153,89.802306,503.689985,105.533121,537.046679,78.878845,100.210241,165.783057,4.924861,135.977140,7.362811,295.251364,45.504847,199.682667,75.844088,37.441239,632.637013,50.450551,348.393309,146.139711,278.302765,304.293840,85.482340,817.983729
2012-03-09 20:00:00,1.613410,234.468037,316.805352,50.735433,240.218607,139.165512,83.407715,548.987747,109.123471,426.622058,79.984946,42.210242,278.128429,2.699202,121.999870,4.999440,389.597274,38.850836,201.576391,98.725321,42.270193,635.094174,29.750987,262.264111,147.414860,258.811169,314.731238,83.623251,777.056252
2012-03-09 21:00:00,2.403784,139.300368,249.617395,42.019345,253.987427,92.144642,77.569175,568.269010,111.161863,344.312931,75.007491,35.800538,278.549198,1.578481,137.001336,4.635844,365.170003,26.616042,132.981502,59.043182,38.092586,646.724735,23.889820,219.199513,132.190363,281.259356,326.869886,51.232201,804.592711
2012-03-09 22:00:00,1.326001,74.565437,227.438846,26.148261,226.502340,55.151279,84.519817,510.293157,106.343845,213.107294,79.397330,71.288408,206.387283,1.625835,191.765722,5.332736,343.397870,16.527704,104.996471,36.161949,27.131983,621.825505,13.057790,217.648905,108.947889,276.331705,304.017962,43.045059,715.382127
2012-03-09 23:00:00,2.024927,78.957791,285.277023,28.880169,241.584979,91.738122,60.053554,472.126821,53.368813,196.944280,90.250949,153.676547,239.628048,0.994443,270.990330,5.332736,344.459925,21.679196,98.684058,24.561324,26.278494,633.292256,9.570766,256.907467,91.578825,294.783019,312.432252,19.699192,572.230259
2012-03-10 00:00:00,3.697125,110.540908,234.831696,55.852339,186.930122,115.722830,41.425832,556.251236,11.072176,225.874716,90.873131,212.770885,224.901127,0.994443,307.921648,9.423187,280.913618,27.474624,81.640543,12.720686,24.818578,547.291626,10.015918,296.447958,82.285699,337.325071,293.856442,16.910559,417.762038
2012-03-10 01:00:00,5.924544,116.815699,106.544010,78.401421,120.608555,132.796691,33.919137,672.863259,3.034425,242.445200,89.455938,214.803230,203.652284,0.931304,305.150293,14.513525,213.827127,21.035259,48.605581,6.080328,24.593975,456.868107,12.538446,259.515307,52.841368,280.930845,225.990363,4.897984,348.732284
2012-03-10 02:00:00,7.446506,72.264680,114.589170,75.626149,74.309585,160.033563,33.641112,651.865171,3.428205,331.409686,79.431896,209.487867,183.034594,0.947089,283.039699,17.058695,189.930884,18.459513,41.241099,5.200280,37.733222,430.330770,16.915773,235.339927,45.403004,294.016496,175.826480,3.825433,261.973576
2012-03-10 03:00:00,6.525490,62.747914,124.591261,70.595969,39.256902,165.724850,32.807034,519.141408,3.567186,292.020829,69.373288,203.547166,85.626528,1.894177,208.755334,16.907196,147.802691,26.401397,48.395167,7.680414,42.562176,374.471313,22.035020,235.551373,41.596880,304.309811,140.651988,4.683474,184.267951
2012-03-10 04:00:00,7.779639,69.859344,97.846540,88.505144,25.172766,142.417675,39.201626,372.683046,2.432172,259.694803,50.258475,206.986519,51.964994,1.909962,136.278374,14.634724,176.478184,27.903915,66.911579,13.920750,36.767431,288.143062,21.070524,248.942983,37.230463,259.413437,104.190064,3.682426,122.028009
2012-03-10 05:00:00,12.992193,57.414341,139.811834,108.712589,15.187744,140.656087,45.874243,314.311002,1.320322,239.728727,45.419282,153.520213,38.079611,1.104937,103.202853,15.967908,154.529041,43.787682,66.069924,6.160332,34.813389,209.022483,24.186588,213.349493,25.966654,107.751297,79.039152,11.869568,98.263667
2012-03-10 06:00:00,15.210491,35.661731,165.212028,138.633485,10.983524,128.620460,63.389863,208.264055,1.297159,179.558854,46.767343,108.484374,32.177244,0.536684,78.802879,22.487214,99.411857,69.974434,74.276061,4.160224,40.864445,190.184250,24.625372,187.834952,24.248741,53.985152,72.287664,21.385286,72.834381
2012-03-10 07:00:00,16.547705,67.827810,226.785022,259.024872,25.233132,205.697964,145.318749,128.129653,8.866531,200.389159,49.008890,147.251122,103.100641,5.002452,64.120517,36.101287,122.911348,143.569534,109.438094,25.315117,46.183685,264.251278,48.989028,175.376236,30.530752,54.098056,90.293437,36.912430,136.554483
2012-03-10 08:00:00,21.770109,122.173359,384.770507,306.799563,57.318036,311.869060,309.847815,182.534083,23.320715,272.849510,61.936513,240.682865,236.963241,8.554651,93.854000,55.300538,229.989701,310.231214,183.990285,65.752066,69.016218,362.572699,97.427286,196.472881,50.155669,83.075257,111.031594,75.141437,248.053211
2012-03-10 09:00:00,22.982486,158.702382,415.293746,295.564882,82.873307,350.395944,447.358160,210.262249,34.839336,272.819087,72.513974,300.490660,339.373417,18.560414,102.375966,60.203224,314.177661,371.331644,262.058593,97.020789,89.637442,442.228957,137.623192,229.460500,70.237954,115.878465,127.153938,87.103964,352.459672
2012-03-10 10:00:00,27.375419,193.774803,487.939020,263.493526,102.082457,410.341498,623.077350,223.330541,43.063285,289.977604,79.523659,351.904075,423.946853,16.876408,123.595555,60.634588,392.447854,454.868444,349.696666,121.467666,103.131728,525.610562,173.941491,155.442824,119.199261,135.555981,143.298512,113.746397,478.438143
2012-03-10 11:00:00,35.676863,212.045408,528.805751,252.059515,120.633908,412.604739,770.162190,275.504452,49.356949,301.310111,97.198422,368.992351,468.229509,29.878355,136.983768,64.390305,424.900945,472.405869,393.072384,135.937535,112.080360,575.464121,197.375754,263.759983,83.003115,226.311869,149.721435,0.000000,555.487005
2012-03-10 12:00:00,34.098524,215.846335,550.619832,241.076256,133.486263,358.577888,766.247709,289.393324,51.373503,273.678199,109.463434,379.015493,485.447573,32.109135,133.673933,65.506127,405.583102,472.280348,414.984207,136.200308,116.690777,600.293733,208.940902,350.191914,0.000000,303.417587,152.518438,166.190684,529.888987
2012-03-10 13:00:00,24.740561,223.318284,556.098691,200.685418,119.362702,351.182781,632.447032,325.614374,47.589763,257.740104,113.444724,367.806283,474.696228,32.714234,122.022537,61.982869,369.603168,455.361998,380.113078,128.328550,105.514787,644.144941,213.756546,351.558717,0.000000,352.057745,155.144835,17.241589,489.003492
2012-03-10 14:00:00,25.780721,273.349710,612.436658,147.795161,112.893320,357.396449,531.645795,416.040971,40.942810,283.757393,113.414729,349.809360,457.719670,32.864481,110.239799,53.129010,318.265552,412.849303,310.402947,114.486665,0.000000,665.873236,0.000000,292.636468,186.649730,315.245592,135.518541,0.000000,557.306985
2012-03-10 15:00:00,24.060930,237.804453,701.810292,91.547542,134.902908,351.693141,423.844470,364.320296,32.933507,294.379597,96.892872,352.156915,472.599566,29.211394,93.017902,42.228096,250.512521,333.344035,241.682000,94.272661,103.434696,697.851530,186.062274,278.351214,184.392569,317.368604,104.279175,210.020714,658.941204
2012-03-10 16:00:00,13.805865,218.652910,817.993893,75.744999,138.779450,289.726368,353.117550,283.545755,34.340162,193.576937,110.186177,294.375014,511.481948,18.769824,70.249552,34.195625,175.286687,211.304204,171.269066,73.875888,90.995351,725.632701,167.578785,278.738839,184.569324,310.630287,92.573894,208.991924,775.197972
2012-03-10 17:00:00,5.754712,269.502289,817.997073,50.299788,180.886556,210.442103,321.009096,205.490723,33.702961,176.027440,118.905884,220.431263,496.086864,7.987114,42.052301,34.177989,40.889128,87.645468,107.682970,39.442126,75.219381,776.462828,118.929755,362.066848,175.815888,320.352052,56.693005,195.168587,907.948737
2012-03-10 18:00:00,4.931677,375.546263,848.220782,30.311169,185.248434,223.044238,252.169324,201.264692,23.209874,252.903621,133.699988,223.714281,392.788030,2.430861,31.689843,37.510948,57.882012,59.027513,79.957232,66.083562,81.822695,626.903638,139.332552,387.369943,160.591391,299.601167,47.589018,190.342106,871.170589
2012-03-10 19:00:00,2.364592,330.472345,899.535856,28.186351,125.758724,272.097709,262.456275,143.420903,12.184026,239.864551,124.436390,243.412394,272.027275,3.283240,34.641939,25.118398,96.470020,61.817905,112.150539,116.166261,95.837892,509.615160,182.141329,356.921650,155.741964,271.020792,46.853343,122.413856,665.590173
2012-03-10 20:00:00,1.116976,223.068833,926.280577,38.073256,88.236063,321.422194,278.025715,157.155501,21.078828,182.275327,115.380186,255.919133,270.764968,2.351937,28.557007,10.513973,135.058028,39.494772,171.066395,83.044476,103.564218,612.979726,190.895983,311.390176,152.998463,290.676644,32.737566,84.231030,598.823689
2012-03-10 21:00:00,0.346197,175.484998,806.038052,61.793155,86.291611,250.010096,251.613272,205.754849,11.720755,152.937420,114.239520,252.010777,335.142653,4.419747,23.195037,4.575245,126.738595,45.719492,195.474392,42.162272,98.375900,633.947499,161.144996,336.411342,157.635366,302.776764,22.208209,75.328854,473.589381
2012-03-10 22:00:00,0.333133,120.894314,751.243989,71.246424,109.414820,197.162434,279.137818,239.166901,41.416422,157.147953,132.628453,201.514821,478.204174,2.446645,22.110594,2.454270,80.893210,39.924063,199.261840,39.122109,92.289172,640.499928,131.839161,352.551756,156.495460,300.586697,24.185337,70.430869,372.308020
2012-03-10 23:00:00,0.254749,123.299650,623.391177,81.176692,105.893786,207.189939,236.321858,294.501485,49.222538,111.782857,158.172478,203.859834,539.005321,1.531127,33.497248,2.636068,69.210602,35.201862,154.864534,23.521268,99.049708,620.023587,117.742684,333.521574,146.603402,294.125999,27.449898,95.206805,315.349042
2012-03-11 00:00:00,0.522562,142.856083,483.144470,66.866698,130.908893,168.841507,174.044098,375.852568,43.431651,85.704718,182.057352,210.582206,434.654564,1.373278,39.642427,2.939065,90.274698,21.893841,102.050678,12.880694,99.633674,585.950957,112.104093,331.970966,147.801268,321.666092,25.932567,111.581088,306.107354
2012-03-11 01:00:00,1.724454,105.207335,372.034288,53.293886,146.044084,138.487977,113.990543,438.582705,37.478619,90.051074,190.664203,202.921829,290.330735,1.247000,47.233530,3.635956,96.116002,17.171640,65.228269,14.560785,82.878327,570.716560,85.098209,319.918517,160.977799,333.656709,58.670133,86.554891,323.081883
2012-03-11 02:00:00,2.658533,89.834096,411.825214,36.685620,126.757226,160.440083,88.690203,491.540148,31.085480,95.076549,182.541272,175.719673,190.608439,1.294354,43.437979,4.393447,78.061062,27.474624,59.547097,13.760742,86.741490,484.388309,90.291648,232.661605,163.740621,292.647704,61.658815,78.725266,282.154406
2012-03-11 03:00:00,3.546888,81.153968,465.097219,21.074718,100.375747,231.581168,107.039900,502.765540,25.711537,79.049359,179.983412,153.676547,162.837673,1.909962,33.075520,5.150938,55.403883,28.547852,56.390890,4.800259,88.268787,481.112094,98.897919,264.237612,156.939830,299.546415,61.750775,92.990199,244.621835
2012-03-11 04:00:00,6.035589,97.363846,467.271587,15.220630,106.524419,240.931139,137.900755,409.660811,21.565262,64.516230,193.464021,129.757410,148.952290,2.336152,23.737259,5.393335,41.774174,31.123598,40.189030,4.560246,89.526561,592.994818,114.478236,357.485507,160.243623,353.038802,61.428917,94.563274,263.105212
2012-03-11 05:00:00,9.843758,128.946962,409.215973,10.060359,105.420811,251.229658,167.371481,362.514160,32.683765,72.529825,180.571029,130.070078,155.263828,3.488443,28.797994,5.666032,29.383529,39.280127,59.967924,7.600410,79.711432,684.237391,113.291164,384.339210,164.358874,357.528439,61.199018,95.385563,254.052129
2012-03-11 06:00:00,14.434402,94.121870,366.561650,9.843541,78.040830,226.866453,178.214483,258.316101,33.795615,94.940725,191.182688,137.524600,152.977345,2.336152,37.132240,7.499340,28.050093,25.113524,57.232545,7.040379,64.702843,658.519107,73.210147,399.422392,165.691107,388.025122,67.165036,92.656932,245.823095
2012-03-11 07:00:00,20.117663,86.656271,533.667489,12.069876,74.232719,297.482793,192.159186,303.479221,24.792545,139.369464,206.958501,225.260556,205.244929,6.048667,44.804107,20.062631,88.338719,67.414718,92.715090,19.519468,70.127410,755.294554,96.040261,419.171858,168.241229,432.587484,84.474048,105.163668,386.814884
2012-03-11 08:00:00,22.594079,142.662180,669.504469,35.622669,113.350120,395.765825,275.167730,338.501013,40.469726,222.151748,210.391231,332.636723,316.899108,10.108436,70.307866,38.180800,189.534881,189.009231,182.341346,55.073086,88.246393,751.214612,134.965895,358.346495,163.699245,400.670239,103.456057,119.390603,401.686986
2012-03-11 09:00:00,18.112336,169.577519,730.103626,57.320624,116.515353,457.423681,357.127669,270.640680,48.878515,271.856853,229.865745,404.162323,375.433306,0.000000,94.498806,52.565791,281.057915,305.695506,244.688422,89.434401,100.519269,841.578810,178.372196,395.218896,0.000000,378.011261,124.686203,146.207005,503.859922
2012-03-11 10:00:00,23.273605,216.471406,758.935925,70.654169,165.609156,467.051964,510.113506,322.454804,57.236208,289.207305,246.895350,440.978804,447.765090,0.000000,116.035690,58.040046,348.138236,391.576630,309.830943,112.135144,113.150019,0.000000,197.138110,439.546519,0.000000,355.467250,137.340835,61.577985,695.011400
2012-03-11 11:00:00,23.226741,0.000000,750.005391,88.613234,0.000000,471.142937,606.212638,371.212206,0.000000,357.044248,232.839640,456.664109,498.466018,24.568269,131.370510,63.517473,397.489222,434.310261,349.522603,129.593094,124.403028,0.000000,234.425150,610.110589,0.000000,0.000000,132.976473,0.000000,767.815381
2012-03-11 12:00:00,23.184267,0.000000,645.915094,91.540689,0.000000,434.925140,584.974162,384.297731,0.000000,0.000000,229.284608,487.737213,527.646933,34.296041,131.043925,64.319705,426.496622,471.854502,343.679645,129.699394,115.119280,0.000000,245.652526,626.838617,0.000000,0.000000,135.326883,0.000000,743.588015
2012-03-11 13:00:00,18.999761,0.000000,584.963306,101.214024,0.000000,387.526529,575.694089,410.751154,0.000000,202.979248,239.982621,414.489954,499.085425,32.819660,121.081500,61.069291,383.472018,463.573648,330.464369,126.865652,94.588918,0.000000,219.908320,635.549140,0.000000,0.000000,133.606631,0.000000,688.346889
2012-03-11 14:00:00,24.254935,221.331851,550.885062,103.590534,0.000000,356.770240,544.671538,407.874971,0.000000,291.489104,243.051865,369.178399,408.336402,27.344424,105.211983,55.513758,335.445203,408.623049,295.606082,115.174840,79.236136,0.000000,188.875773,595.937477,0.000000,341.218483,153.863526,0.000000,634.353745
2012-03-11 15:00:00,28.375443,196.448193,572.534051,94.589584,115.075268,327.233621,465.509638,320.246771,36.810209,228.976959,236.177428,306.916593,337.244609,0.000000,81.727987,47.431451,268.939020,332.338212,241.009403,89.591565,68.503347,928.013257,163.747623,547.311820,0.000000,467.179197,158.982775,238.951408,673.265516
2012-03-11 16:00:00,18.958887,138.039210,602.879295,75.761503,82.796583,278.623290,349.168674,279.000210,25.038826,141.574302,223.440479,215.325866,248.435877,18.060709,50.156072,36.465730,173.923852,230.663941,176.443627,60.393566,57.736249,926.498144,129.719644,530.359752,164.971791,468.372768,107.525530,217.118265,674.579564
2012-03-11 17:00:00,7.257077,143.483562,495.538365,54.941944,80.931231,179.004519,230.976475,124.007576,11.720755,29.337907,210.544920,95.989216,77.421529,6.771683,3.434070,16.301204,41.420155,111.234307,98.012889,8.563530,52.354846,946.334548,89.401345,489.921483,152.689336,454.767414,72.096214,231.063304,554.312700
2012-03-11 18:00:00,5.558751,231.016902,449.876647,35.558166,85.398214,155.290824,159.308735,61.805693,11.419629,31.375261,219.975886,94.894877,80.998067,4.703873,18.013808,9.574685,104.966462,51.514921,71.540682,11.920642,57.880067,848.048114,97.339887,482.168446,142.043781,447.759200,58.486214,216.405103,545.825435
2012-03-11 19:00:00,3.409716,244.821443,483.579344,40.111346,103.213596,142.146662,184.887101,36.185384,13.828638,41.833682,197.439073,54.873314,70.058069,4.767012,43.196991,5.817530,159.131281,35.201862,104.365230,73.443958,67.650277,582.183310,117.594300,361.643955,142.063101,390.105686,44.554356,163.635579,400.221691
2012-03-11 20:00:00,2.005331,181.341470,453.355635,56.806339,86.974797,169.112520,174.878175,28.393641,5.188635,58.132519,153.955467,68.787061,59.538839,6.108721,20.845410,3.151162,120.366264,31.767534,155.495776,144.247775,42.382494,574.156585,63.285765,280.096097,141.715334,350.465473,42.117431,124.022683,367.404267
2012-03-11 21:00:00,1.077784,74.565437,458.574117,56.242612,75.728509,175.481341,176.546329,40.939668,4.076784,45.772567,151.155649,73.946090,44.811918,1.546911,8.916534,2.120974,77.353025,34.987217,174.853843,96.325192,33.555615,688.660280,37.244378,370.031332,141.927858,392.295753,34.024999,121.663070,416.630403
2012-03-11 22:00:00,0.953675,75.506656,431.829396,38.463529,45.720890,177.107423,213.523749,50.184110,15.334268,37.351501,162.493186,58.469002,29.243458,1.452202,7.651350,2.848166,84.787412,29.406434,164.753982,34.961884,47.233908,528.289582,29.083259,406.329643,133.214346,347.070869,36.829762,113.082660,230.476393
2012-03-11 23:00:00,0.600946,31.687696,314.848422,28.923533,38.416058,200.550104,186.277229,42.920620,15.519577,33.684263,139.126798,65.973045,32.609612,1.262785,7.952584,2.484570,57.705003,18.244868,94.896610,32.161733,44.718360,379.877067,27.599419,354.454775,137.600083,275.072416,31.680033,108.363434,79.025866
2012-03-12 00:00:00,0.692394,8.261809,238.962994,11.968358,23.911500,205.292843,95.918872,34.600623,8.640003,30.560319,113.375378,87.703502,26.718843,1.168076,9.880483,1.696780,40.535109,22.537778,90.688335,23.281255,32.994109,362.021698,18.399613,367.987349,127.901228,271.294551,31.817972,95.063798,53.375466
2012-03-12 01:00:00,0.764247,14.013701,160.685762,11.014359,22.702787,147.024908,52.824886,28.525704,3.613513,21.731783,84.858705,74.571427,22.300767,0.662962,2.530368,2.151274,33.631750,27.689270,66.490751,14.080759,32.859348,253.087567,14.022286,322.103464,125.157727,252.295719,39.588546,86.090119,37.155360
2012-03-12 02:00:00,2.142503,11.503784,169.165796,11.187813,13.663714,117.890940,36.143343,28.393641,3.312387,22.682548,65.985853,48.307277,14.937306,1.688975,1.686912,2.242173,23.011197,45.504847,33.245376,7.200388,32.791967,252.268514,14.541629,226.741104,116.965866,194.915964,28.093614,102.786167,30.176942
2012-03-12 03:00:00,2.789174,6.065632,125.243571,7.154997,12.875423,81.304096,26.134417,28.657768,2.455336,21.324312,57.344437,30.172506,18.513844,1.499557,2.831602,1.787678,15.930829,62.032550,19.989308,8.160440,25.020720,249.156110,11.425566,272.695471,106.552156,145.201443,32.001891,73.255255,29.988336
2012-03-12 04:00:00,2.782642,5.856472,78.277232,6.287725,7.147174,58.403443,20.017851,31.563164,1.389813,19.286957,64.534095,22.668463,14.516537,1.073367,2.409874,1.575581,9.027470,37.348317,10.520688,9.840530,18.170343,237.853170,9.496574,317.733570,99.036510,127.626155,30.530539,41.865253,30.365548
2012-03-12 05:00:00,1.717922,8.261809,39.573489,4.336362,10.037575,65.585304,14.457337,25.884435,1.343486,16.163013,67.299348,31.266846,14.937306,0.868165,1.506171,1.908877,7.080368,26.186751,11.151930,11.120599,11.230126,207.220565,7.048239,248.379126,92.235719,90.285512,24.093377,17.303828,20.746648
2012-03-12 06:00:00,5.876518,10.771725,51.246187,2.124817,7.928974,60.461600,16.125491,23.771420,2.262721,21.188488,66.020418,37.756722,18.054463,0.615608,4.410759,3.364105,18.022453,21.035259,23.566342,16.480888,5.513216,189.856628,11.929740,152.875802,85.540645,48.947998,15.438769,13.360337,23.842259
2012-03-12 07:00:00,9.105799,44.518763,138.086758,10.287472,23.242546,100.272256,68.665020,56.737057,11.339988,69.291763,60.437116,87.982419,107.008685,3.778903,27.767282,14.504646,90.972858,71.401912,69.729692,34.323741,16.231867,274.855764,46.077575,127.201410,95.597556,61.683666,51.880791,26.154484,87.855865
2012-03-12 08:00:00,12.489911,109.544374,266.776244,32.550077,53.487333,172.592094,204.522522,128.000082,22.902042,149.310752,59.108212,163.075974,226.198391,8.905023,72.609985,31.787725,186.617256,196.007753,173.683647,83.164618,32.920259,370.011168,86.708537,186.514288,107.300343,123.921879,80.955059,56.618159,196.498523
2012-03-12 09:00:00,12.195746,161.575372,371.173506,54.007967,81.403114,226.908852,337.913705,195.876457,34.758207,218.006428,70.277733,235.547654,331.776962,15.036502,108.167105,45.752412,278.220580,312.260543,280.036819,105.435548,43.510622,434.038764,118.736439,210.072693,93.256375,156.865577,109.676890,66.618059,290.494544
2012-03-12 10:00:00,17.158483,203.337037,441.704500,70.326012,98.533221,266.781679,438.920576,242.201239,42.779519,269.221799,78.165237,286.093028,404.482975,21.000197,119.852304,56.094759,338.537987,383.400929,326.016038,128.264436,48.232150,466.643163,143.786357,207.438000,107.068014,155.917606,121.654333,84.808319,355.773508
2012-03-12 11:00:00,16.488666,228.166324,466.689851,81.282093,111.154756,281.177183,507.772190,281.688211,47.921860,307.854006,79.571454,309.417455,455.102127,22.897624,129.330736,62.413576,379.592269,437.167009,368.316214,137.088585,51.662206,428.343921,160.775443,224.607219,75.464973,141.730504,119.104145,84.231626,394.999192
2012-03-12 12:00:00,15.943513,243.742812,465.665638,84.117921,119.250887,280.970594,543.109561,314.514318,51.177833,356.701988,83.199356,307.623776,466.533072,27.538535,130.227208,66.876546,388.561065,462.687956,370.858232,136.161027,52.828023,403.813123,168.209604,208.746815,54.328493,126.004508,110.991908,85.128912,406.447161
2012-03-12 13:00:00,14.859850,251.115874,435.158183,81.906051,114.860000,264.132852,554.972758,329.279804,51.211714,392.203331,97.374201,291.699246,439.585198,29.763113,126.358922,64.424368,370.669175,446.768838,354.245877,130.294823,50.894481,391.222216,156.667909,184.691151,42.022810,115.738932,109.186994,75.191009,386.849784
2012-03-12 14:00:00,12.900357,258.047043,374.993900,78.108386,101.489376,238.079681,549.854570,324.228122,44.955971,399.015933,99.600420,276.735095,383.100822,27.961023,116.896341,60.728150,318.453430,398.397205,314.011280,115.834627,42.246359,371.710332,131.715843,157.611098,33.350729,100.368039,85.563939,63.427524,335.711789
2012-03-12 15:00:00,11.959800,225.719679,293.692428,71.049403,85.540367,193.785918,530.656311,308.183471,38.556366,360.341168,99.469604,221.661971,309.632549,21.141093,102.179880,63.888339,241.389444,317.819458,245.000280,92.192833,30.489129,301.477936,98.958707,155.114464,23.437151,80.852256,61.651334,45.990645,259.852732
2012-03-12 16:00:00,8.711917,169.748508,201.298341,64.560721,51.956408,130.658318,485.441959,244.666295,24.233113,324.800394,89.310550,135.396563,199.337575,14.026142,73.170663,52.489162,148.181796,214.748419,166.020183,60.168672,17.212219,193.250367,65.316650,125.781489,10.950760,52.440835,33.041033,29.097401,150.127531
2012-03-12 17:00:00,4.996997,67.035688,53.924315,64.311617,6.306330,40.381035,346.004779,120.705990,2.918607,246.112439,57.207219,31.423180,48.178071,2.999114,17.230599,12.422850,21.772133,98.730196,83.332553,12.833123,1.684519,85.345387,13.725518,68.015283,0.946701,13.523664,9.471824,2.002096,14.711259
2012-03-12 18:00:00,3.181095,31.792276,61.752038,71.419878,6.989515,29.404982,255.505632,92.180286,1.528794,197.759222,40.338130,29.234501,72.582684,2.115164,12.591592,3.090563,65.316399,20.605968,27.143376,7.280392,1.662059,119.090396,7.270815,112.419043,1.217187,39.475958,6.759020,1.823337,27.347854
2012-03-12 19:00:00,1.946543,10.667145,32.180640,61.402883,4.046562,15.447778,375.612741,51.636808,0.972869,142.479000,38.920938,22.199460,40.604226,1.026013,7.470609,1.090787,193.648077,24.040296,25.039239,11.600625,1.212854,122.038989,3.783791,134.198030,2.434374,56.996494,4.873851,1.001048,45.076807
2012-03-12 20:00:00,1.809370,5.856472,19.569308,48.090252,6.306330,15.041258,371.720381,26.412689,2.154210,98.200493,35.049583,13.601078,21.459228,1.073367,10.784186,1.757379,334.547409,22.108487,51.340960,30.081621,0.718728,119.745639,3.264447,141.387210,1.951363,48.728991,9.149966,1.144055,46.585654
2012-03-12 21:00:00,1.450109,17.464836,19.134434,42.409618,7.409937,28.320927,256.895761,20.866025,4.053621,76.332887,27.168612,10.630728,22.721536,0.615608,16.266649,2.030076,191.877985,48.724529,64.807441,27.601488,0.831029,96.975948,3.783791,139.272745,2.299131,42.542052,11.494932,1.787586,30.742759
2012-03-12 22:00:00,1.188828,40.263245,25.005227,43.320254,8.198229,41.194075,229.927266,19.809517,6.949064,56.502635,20.428307,20.636118,48.388456,0.505114,18.797017,3.848054,176.832202,46.148783,69.857372,19.281039,1.302695,62.248075,4.896671,124.894385,2.685539,20.696133,6.713040,2.288109,36.966754
2012-03-12 23:00:00,1.724454,42.773161,25.440100,52.209796,9.932469,39.161473,196.286155,20.601898,8.431531,38.302267,16.729781,25.638814,35.765380,1.026013,29.882437,3.908653,136.120083,26.401397,81.430129,14.480780,2.448167,41.607924,5.045055,118.903401,2.047965,9.691047,9.793682,2.717130,63.937395
2012-03-13 00:00:00,2.442976,34.720512,27.614468,44.794617,12.770318,28.456434,130.672086,20.601898,11.790246,42.376976,23.988571,15.477089,20.196921,1.199646,14.700231,3.848054,163.202493,18.030222,69.646958,7.680414,3.054594,49.143217,3.487023,117.352794,0.966021,11.881114,12.184628,4.862233,63.371578
2012-03-13 01:00:00,2.678129,30.328158,27.614468,38.116620,12.139685,20.597038,103.703592,21.262215,7.504989,44.957625,14.102791,14.539083,23.983843,0.931304,3.795552,1.787678,87.265541,17.815577,48.815995,6.880371,3.661021,42.426977,5.045055,103.749737,1.120585,15.111462,11.127094,3.646674,46.019836
2012-03-13 02:00:00,3.814701,27.504502,22.178549,37.856438,7.988018,17.751394,74.510892,16.772058,6.671102,36.944031,8.122931,18.603773,23.563074,0.599823,3.193083,2.636068,73.281813,23.396360,38.505720,6.720362,5.210778,42.263167,7.345007,73.653856,0.869419,20.750885,9.333885,9.045183,34.703483
2012-03-13 03:00:00,5.179894,27.818242,19.786745,41.672437,4.519536,22.765147,47.542397,14.923169,3.358714,29.745378,6.014426,17.509434,24.614997,0.410405,3.675058,5.999328,77.707044,22.537778,41.451513,7.440401,6.019347,51.927999,7.864351,47.293528,0.656895,34.493555,8.460270,7.150342,21.312465
2012-03-13 04:00:00,7.903747,25.622065,18.264687,29.530624,3.941456,24.255722,41.703857,13.338408,1.505631,28.794612,7.639012,24.231805,19.355382,0.457759,12.471098,6.878017,64.608362,22.537778,50.078477,10.720578,7.681406,32.925955,8.383695,47.998350,1.429712,25.240522,12.322567,6.006287,16.785924
2012-03-13 05:00:00,7.335461,21.857190,16.742630,25.020807,2.364874,22.765147,41.425832,13.338408,1.019196,27.572199,9.367295,28.140161,20.407305,0.741886,27.954538,6.756819,46.907441,27.903915,69.226130,12.640681,8.355213,27.028769,8.977230,26.289845,1.642236,14.235436,14.161756,9.116686,17.917559
2012-03-13 06:00:00,8.177076,17.778576,24.361111,18.125992,5.401491,26.034383,50.600680,11.489520,3.596719,23.497490,9.609255,34.362573,28.436862,0.822275,34.497943,9.712397,31.183020,44.431619,98.684058,24.401315,13.509724,27.822788,17.137780,27.981417,2.009109,13.906926,19.387814,11.805923,16.526509
2012-03-13 07:00:00,7.554938,45.128727,122.551183,14.839287,22.350432,81.293891,108.410640,45.361353,11.336561,71.220023,14.662850,97.775503,110.346797,5.726097,42.168339,18.121192,90.596112,104.430807,176.637493,42.763759,19.471112,87.561352,45.983968,42.030780,9.007769,43.029239,34.871304,26.162218,82.299822
2012-03-13 08:00:00,11.512519,100.216187,254.565493,34.931021,52.697502,157.145389,231.777326,119.633913,24.329857,138.331121,26.807832,177.512535,236.960158,14.774626,66.786221,33.347638,192.135916,232.219333,316.815030,83.900527,30.992987,183.302840,86.515524,80.532878,19.867118,78.139697,49.462884,42.991293,193.165871
2012-03-13 09:00:00,12.496315,150.694615,351.524993,58.056403,79.261690,212.289684,373.074286,188.318336,35.914800,201.019184,39.574143,237.528066,346.735115,22.737154,99.267220,45.366742,277.387043,363.314418,433.239561,116.707581,41.788815,259.231689,119.642792,113.088555,29.335639,93.335218,68.541712,56.809940,287.056995
2012-03-13 10:00:00,14.390966,188.723516,414.332202,72.976534,96.914758,252.916818,482.139131,238.006542,42.691909,248.421541,48.527356,284.815715,404.391950,27.997462,114.824278,55.390129,333.036002,405.221823,436.104635,120.684591,48.336708,307.931033,142.982309,131.956183,36.401024,101.683607,85.766751,68.070531,351.636418
2012-03-13 11:00:00,14.784711,212.605965,453.952275,82.397462,111.777174,286.261696,556.773029,273.044368,46.957008,279.283744,55.099954,316.030042,457.642451,31.527763,124.530664,61.284751,368.777413,449.678909,443.623665,130.744550,52.406387,345.633566,158.288018,145.644724,42.481674,114.742360,97.148652,76.621452,391.608234
2012-03-13 12:00:00,13.917046,226.897062,469.236881,90.693974,125.489958,310.045828,585.863237,299.817675,49.287232,293.926917,60.472143,334.619010,460.418559,32.607475,125.126490,64.470653,379.899101,460.064727,411.126901,133.265347,53.152544,363.584616,166.389183,151.444574,42.976563,118.562445,115.842596,82.755228,425.251286
2012-03-13 13:00:00,13.099166,224.917634,448.157350,91.108053,126.453473,282.210451,613.856696,306.287217,49.870523,287.190424,65.065437,316.397362,436.910392,32.165489,119.494103,67.174932,360.562356,450.872566,394.063260,127.184389,50.223338,348.350903,165.778561,143.858815,39.970193,117.523729,99.922369,81.498130,414.369660
2012-03-13 14:00:00,12.537909,198.844773,395.211270,86.963037,109.966175,252.951824,613.480517,274.539181,44.665352,256.949901,63.201071,282.577312,390.385590,27.918450,106.438950,65.646100,311.979191,403.503312,342.650186,112.924986,44.742221,306.268576,156.123557,130.078347,33.990972,113.170035,87.906242,72.214187,350.069132
2012-03-13 15:00:00,9.360343,153.645767,314.024357,84.679873,88.474519,190.226663,510.612088,219.604748,35.216256,204.223029,56.061003,211.087748,298.406556,22.050565,82.506193,57.485411,237.928685,332.765406,280.086287,95.855190,34.598368,236.686394,125.073924,105.957905,25.393705,87.095895,57.306540,53.182202,271.205279
2012-03-13 16:00:00,4.969260,96.689517,212.465760,69.421461,55.767894,124.632344,347.420148,154.087728,21.997774,132.241331,44.805174,128.682800,189.763535,16.155693,50.194961,42.011303,148.973582,227.230662,184.248499,83.357120,19.831887,148.092449,68.939995,68.793393,15.228611,56.172584,29.857777,27.876379,179.505959
2012-03-13 17:00:00,0.633606,7.006850,105.239390,66.967076,12.192237,36.044816,231.332357,30.628214,1.227668,13.718188,29.697998,33.142857,47.546917,3.014899,1.747159,11.847157,30.091566,118.333786,107.824101,62.912917,2.493088,18.838233,10.164302,9.092198,0.850099,10.019557,9.333885,4.290205,43.190748
2012-03-13 18:00:00,0.424581,9.516767,146.987247,75.886331,19.076647,23.307174,158.752683,44.637445,2.964934,23.904961,14.206488,19.854447,75.738453,1.262785,1.686912,6.605320,79.831154,51.514921,91.529990,81.444390,1.325155,30.304984,4.748287,6.977734,0.888740,8.048496,3.356520,7.078839,45.642625
2012-03-13 19:00:00,0.287409,10.248826,90.671127,85.773236,8.513545,14.634737,151.245989,21.790469,2.710135,20.237723,11.614063,12.037736,43.759995,0.536684,3.313577,3.666256,154.706051,59.027513,113.833849,77.124157,1.235314,27.028769,3.116063,2.396393,3.381075,4.051624,2.896723,7.722369,36.023724
2012-03-13 20:00:00,0.195961,7.634329,62.404349,73.024332,3.573587,18.970956,108.430029,12.413964,1.505631,17.385426,8.122931,10.005391,30.926535,0.441975,3.434070,3.090563,161.786419,55.593185,93.634127,52.002803,1.347615,18.510612,3.561215,1.762054,2.588937,2.463825,6.988919,6.363804,27.536459
2012-03-13 21:00:00,0.254749,4.915253,68.927451,71.896878,2.575085,24.526736,56.439220,15.583487,1.204504,15.212248,5.426809,13.757412,24.614997,0.852380,3.313577,2.666368,84.256385,65.681524,62.072062,36.001940,1.257774,17.036315,3.338639,2.043983,2.067286,1.806805,6.483142,4.147198,18.671983
2012-03-13 22:00:00,0.411517,6.588531,60.882291,63.050700,1.891899,18.835449,65.336043,14.130789,0.579089,21.188488,4.251577,17.509434,20.407305,0.520899,3.012342,3.029964,51.509680,65.681524,40.189030,21.281147,1.078092,18.346801,2.077376,3.171697,2.105927,2.299570,8.276351,2.073599,10.184718
2012-03-13 23:00:00,0.202493,11.503784,39.790926,55.375340,2.364874,12.331121,60.053554,21.526342,0.810724,27.436376,4.424405,20.010781,15.989229,0.599823,3.675058,2.666368,32.569695,68.471915,34.718272,17.440940,1.167933,22.278258,1.928992,6.131948,1.255828,5.639423,7.586655,1.465820,8.298659
2012-03-14 00:00:00,0.241685,9.725927,30.876019,54.508067,3.468481,15.718792,50.600680,28.525704,1.088687,24.991550,5.288547,22.668463,16.620383,0.615608,7.651350,2.454270,18.054940,52.373503,27.985031,12.880694,1.055632,28.994498,1.854800,7.118698,1.101264,9.253033,7.402736,1.501572,8.487265
2012-03-14 01:00:00,0.607478,11.399204,36.311938,42.409618,5.412933,18.157915,71.730635,34.864750,2.825953,19.151133,4.908324,23.137466,18.093075,0.284127,9.398509,2.726967,9.558497,45.290201,23.776756,13.440724,0.875950,29.977362,2.299952,8.316895,1.062623,10.457570,9.012027,1.001048,8.864477
2012-03-14 02:00:00,0.444178,12.863322,37.181685,19.340173,5.728249,16.125312,89.246255,45.429826,4.331583,20.916841,4.873759,22.824797,17.882690,0.284127,8.976781,4.029851,8.673451,39.280127,27.985031,13.600733,0.763649,33.089766,2.448336,4.792787,0.637574,8.212751,9.379865,0.929544,9.996112
2012-03-14 03:00:00,0.836099,9.621347,31.528330,21.811900,5.045064,11.924601,85.909946,45.826016,3.706168,18.607839,5.012021,22.043126,19.565767,0.299911,10.543199,3.908653,9.735507,35.631153,34.087031,13.120707,0.898410,38.004088,2.077376,4.158447,0.850099,11.552603,11.035135,1.072551,13.391018
2012-03-14 04:00:00,0.855695,6.902270,23.483170,23.156172,5.202722,13.008655,89.524280,41.599986,1.528794,18.064544,4.735496,22.355795,24.404612,0.315696,10.000977,2.878465,8.142424,43.143746,65.017855,13.040703,0.808569,38.331709,2.003184,3.383144,0.772817,11.716858,8.414290,1.287062,13.391018
2012-03-14 05:00:00,0.640138,6.065632,20.221618,16.217993,5.465486,14.634737,129.559983,41.071732,1.922574,19.966075,5.910729,25.326145,35.134227,0.552468,13.435047,3.545057,9.027470,53.661376,111.940125,17.680953,0.831029,32.598334,2.003184,2.114465,0.444370,8.596013,7.172838,1.608827,11.693565
2012-03-14 06:00:00,1.033359,5.333573,28.171034,23.112808,6.882540,23.863804,184.609075,36.053321,2.215004,21.595959,6.913133,39.230190,49.935436,0.791091,17.218070,5.233866,17.704133,66.540106,136.137709,22.161194,2.845415,28.978266,7.395228,3.101215,1.075634,6.624953,11.447914,5.693079,18.259235
2012-03-14 07:00:00,3.636914,39.576142,117.999881,28.123732,24.298221,73.225759,312.238405,71.736258,10.075901,66.067350,11.178397,104.950193,127.405420,5.615680,34.611038,17.729961,85.740032,120.646504,158.202676,32.023368,13.636086,89.699693,39.824583,26.668079,8.226189,25.675633,28.213625,19.436306,85.611021
2012-03-14 08:00:00,7.101024,100.451546,242.331072,55.974422,53.480329,142.984389,525.380289,147.283280,23.351153,153.099691,23.876429,184.824995,250.025584,15.661065,71.779857,33.567918,186.071282,265.067435,265.450596,67.229738,27.403658,186.967948,81.290348,67.047866,18.927172,55.930462,48.171399,38.135747,192.483837
2012-03-14 09:00:00,10.020008,150.964494,345.662697,92.638648,80.577562,199.901224,722.082222,208.876643,34.927658,218.662135,38.748781,243.655778,353.943981,23.176177,103.978919,47.470378,275.365704,408.319124,403.275575,106.145102,39.898831,271.929021,117.802696,102.244385,28.179177,83.552473,67.564788,54.699891,287.723104
2012-03-14 10:00:00,12.145117,188.414374,413.717370,122.211666,97.615546,242.830901,840.915138,245.970070,42.147056,264.158980,45.117420,291.175643,410.823582,28.096147,114.965541,56.407461,336.000567,451.648762,454.982625,115.186484,49.164415,316.720342,140.758827,128.992489,35.028236,101.407977,81.438750,65.529715,352.518115
2012-03-14 11:00:00,13.310639,210.498386,463.155328,140.764930,109.340605,268.497524,907.312753,273.982544,46.504018,302.467409,50.711333,335.486797,495.275306,30.704871,134.924276,64.210220,376.166344,523.425142,505.118683,129.889071,53.316082,350.790003,154.407824,144.795150,38.568108,111.044616,94.244864,71.743576,392.959141
2012-03-14 12:00:00,13.475257,222.101860,486.411198,137.048263,116.500614,272.503673,918.007807,288.801206,48.061633,314.527942,55.352486,342.145121,562.495459,31.689411,149.939868,69.834872,394.810491,556.968857,511.543990,131.249957,53.118360,353.668865,159.133434,147.024364,39.181777,112.948660,104.294388,73.449604,417.326154
2012-03-14 13:00:00,12.965700,215.727524,471.236752,130.654602,123.717650,261.227724,892.580643,289.082658,46.605853,313.874794,55.917602,325.726295,564.689447,31.263673,143.683360,71.826592,398.898253,552.730168,506.605825,148.242287,50.970843,334.639271,154.516082,139.510464,37.273625,108.954156,102.640848,74.016542,411.691140
2012-03-14 14:00:00,11.928827,191.222339,404.337241,113.057105,129.416669,231.756817,773.381737,260.214674,41.894988,283.518541,51.566212,281.382610,536.362399,28.221952,133.399857,69.857601,399.525378,451.140979,416.742644,154.602558,44.632365,296.325391,137.615115,124.028686,32.199700,95.275674,99.978643,70.430319,382.942361
2012-03-14 15:00:00,9.700846,154.650916,305.757512,83.566799,115.729482,178.844412,636.999022,211.929585,33.913182,220.944123,41.967767,220.750606,474.749217,21.736047,113.102680,63.650869,392.148918,330.268145,347.156016,142.969052,33.044080,240.178088,112.144481,98.594757,24.633642,74.222489,71.179446,60.206103,341.739274
2012-03-14 16:00:00,6.948367,105.626753,189.704547,69.499724,79.073369,104.172209,447.910005,144.987146,22.552115,154.307697,28.916090,138.559842,375.327882,14.657700,75.329459,36.577519,377.563870,215.335883,287.631229,169.945602,19.191386,157.646741,71.964729,65.014409,14.845721,48.300722,36.419907,45.072602,257.713305
2012-03-14 17:00:00,2.064119,17.778576,57.403303,52.000869,32.845467,16.802847,287.829351,37.909398,6.323648,38.302267,14.717297,29.390835,256.669200,2.620278,26.086886,10.120078,335.432455,119.448054,264.331142,179.432441,3.930544,28.503066,21.367292,6.343394,0.966021,5.584671,5.609527,14.622450,119.198920
2012-03-14 18:00:00,1.567685,26.772443,107.631194,31.438623,22.492576,14.499231,157.640581,31.563164,6.369975,38.709738,4.389839,21.105121,256.879585,1.199646,31.268115,7.302212,398.093716,101.956614,189.161979,131.847106,2.223565,37.185034,14.244862,5.286162,1.004662,7.446228,2.298986,12.548850,100.149726
2012-03-14 19:00:00,0.627074,30.223578,94.584989,28.229715,9.354389,12.466628,109.542132,18.620946,2.154210,22.410901,3.145475,14.695418,197.971900,0.410405,41.690820,2.242173,433.318549,144.456423,110.256815,89.364817,0.875950,29.485930,10.015918,4.440376,1.506993,5.365664,3.080642,8.294397,66.012060
2012-03-14 20:00:00,0.555222,23.216728,111.327619,16.825084,6.096119,17.209367,58.663426,11.621583,3.127079,13.718188,2.039374,13.601078,167.466134,0.568253,61.451787,1.363484,349.770201,138.017058,53.865925,61.203299,1.482377,35.055495,8.086927,3.594590,1.545634,5.256161,5.379628,7.364852,37.532571
2012-03-14 21:00:00,0.483370,16.628197,146.117499,9.583359,11.876921,28.862954,36.977420,13.998725,8.686330,13.310717,2.108506,12.350404,118.446524,0.741886,74.826587,1.545281,264.097743,126.855492,44.397305,32.561755,3.121975,30.796416,6.380511,14.660289,0.966021,6.953463,5.333648,15.659249,24.518765
2012-03-14 22:00:00,0.222089,12.758742,129.592306,6.894815,15.870930,26.017311,37.533472,18.753009,11.072176,15.891366,1.866546,9.223719,77.211145,0.710316,107.962354,1.666480,241.263555,101.098032,41.030685,19.361044,2.156184,36.857413,5.267631,35.100115,1.004662,9.362536,4.138176,17.947359,26.027612
2012-03-14 23:00:00,0.222089,17.151096,82.625967,8.499269,19.339411,21.816599,72.842737,28.657768,33.772452,24.312432,2.419596,9.692722,69.637299,0.363051,142.001825,1.908877,201.436482,144.456423,42.924409,15.120815,1.819280,34.891684,7.419199,38.553741,3.323113,13.140402,4.919831,7.436356,46.962866
2012-03-15 00:00:00,0.254749,16.628197,65.448463,8.325815,22.912998,21.952106,86.187972,38.694590,30.946499,44.142684,4.217011,13.444744,65.008838,0.331481,143.989971,2.211873,155.414087,164.633100,100.788196,35.841932,1.976502,30.960227,9.051422,43.205563,4.578941,12.209624,6.069324,4.147198,39.041418
2012-03-15 01:00:00,0.391921,14.536600,62.621785,5.073543,21.967048,12.331121,115.380672,48.071094,27.587785,50.390571,5.426809,13.757412,59.328454,0.426190,204.899535,1.757379,113.462904,130.075174,286.162727,69.923769,1.594678,34.400252,8.383695,42.712188,3.149230,10.567073,9.103986,3.718178,27.536459
2012-03-15 02:00:00,0.418049,18.824374,46.314029,2.211544,16.343904,8.672437,100.645309,52.825379,33.123872,62.071404,6.947698,15.320754,65.008838,0.426190,228.636794,1.454382,107.444591,260.364994,239.450870,75.764083,0.943331,34.236441,7.048239,25.514541,1.835441,12.811892,10.437398,5.827529,20.935253
2012-03-15 03:00:00,0.483370,39.008286,40.660673,6.677997,15.503060,5.962300,80.905483,46.750460,34.745321,103.905086,6.740304,15.633423,79.104606,0.552468,223.515812,1.484682,87.973578,302.006222,178.851704,56.883066,1.392536,34.400252,6.974047,13.814503,1.816120,10.676577,7.908513,7.758121,17.351742
2012-03-15 04:00:00,0.470306,37.544168,45.879155,23.546444,12.560107,5.013753,102.591489,43.977128,16.654590,155.925541,5.807032,11.568733,78.894221,0.868165,245.626406,2.090675,63.192288,213.357629,151.077087,53.122863,3.009674,32.434523,9.719150,14.448842,1.854761,10.293315,8.092432,6.614066,25.461795
2012-03-15 05:00:00,0.326601,32.733495,54.576626,7.154997,9.196731,5.691287,148.465732,55.334584,10.215124,168.557139,5.495941,12.350404,69.637299,1.341709,213.635329,2.393671,58.059021,197.473862,174.222601,41.442234,2.448167,27.192580,9.793342,16.563307,1.951363,11.826362,7.908513,3.789681,28.290883
2012-03-15 06:00:00,0.722169,41.380125,68.437498,5.073543,14.415956,13.926171,195.174052,75.408228,10.021459,132.430041,4.286142,23.149021,80.655697,2.072613,169.010744,5.855674,76.179923,213.142984,159.914465,32.321742,3.246596,41.982185,14.494982,18.536808,2.312519,18.178893,11.046836,3.477172,34.513693
2012-03-15 07:00:00,3.642640,73.432283,139.750992,38.892281,34.636333,67.150930,213.238913,99.351250,18.882042,147.373770,8.842370,86.304441,143.859903,7.738908,117.403621,16.661101,140.030350,213.917687,202.727108,25.721580,14.123346,105.976626,43.760021,42.130035,9.164409,45.105982,22.116501,17.369218,104.950034
2012-03-15 08:00:00,7.208203,131.236922,250.920355,50.241782,62.897099,136.444628,339.579045,141.934940,30.102365,206.066457,20.391673,167.128550,261.179051,16.885660,181.346425,32.534580,236.811040,278.590246,296.116751,39.165232,28.510636,198.350793,84.283966,84.953777,20.074681,79.375488,40.446913,36.799736,212.477903
2012-03-15 09:00:00,10.151383,193.284597,353.664006,65.101332,88.905247,196.853180,552.937712,187.076773,36.332568,221.505521,31.794422,227.546623,368.320604,24.239047,218.778639,47.437224,327.937440,398.959643,410.101548,81.133318,39.567147,284.615950,117.492415,115.214824,28.994531,110.097330,56.862967,53.660646,313.275977
2012-03-15 10:00:00,12.444711,204.221331,417.363570,110.525357,108.120448,238.495005,768.298338,238.011979,41.963736,252.409903,38.059016,277.664973,485.939102,28.488047,203.299656,57.338820,425.459021,492.153094,570.761047,124.663612,46.387776,328.826331,141.387103,132.281197,35.276448,106.731345,73.731060,66.915773,376.556613
2012-03-15 11:00:00,14.310731,233.888075,461.837961,146.136274,150.298741,268.755438,740.370416,269.601778,47.719692,277.351218,37.604825,309.205962,586.910642,31.225307,176.163559,64.359012,559.975896,502.853621,659.472418,140.084551,50.412205,385.653680,156.792581,147.099961,39.466838,118.912542,85.691361,73.268400,429.441021
2012-03-15 12:00:00,14.828365,228.523413,484.406167,137.544588,157.891825,276.241277,745.692592,294.405929,50.713415,291.154332,41.056051,317.644505,600.627777,31.575503,139.126462,66.368302,617.557746,626.638623,657.956222,143.125751,50.836176,427.064528,161.211534,145.293100,42.276848,116.182447,95.578393,73.885311,480.498991
2012-03-15 13:00:00,16.176993,214.515113,460.859874,122.770679,135.050413,279.116772,765.151399,330.429298,49.909124,304.729682,44.290482,321.574422,598.021238,30.949695,123.059136,69.627828,727.138675,766.681707,668.260904,152.886805,48.242338,405.253352,159.774912,135.539116,42.513074,107.557014,97.339398,69.309990,462.234754
2012-03-15 14:00:00,15.626676,194.178015,411.645574,118.710104,113.617179,260.510464,786.787699,287.081059,41.404933,292.638534,38.180504,306.396087,582.666535,28.142411,111.010059,76.405283,756.316657,743.599747,733.721081,208.653711,42.772976,345.521306,148.057858,120.424652,40.031322,92.517573,82.373504,60.318223,390.772730
2012-03-15 15:00:00,13.880557,161.358914,354.089621,99.427557,84.099476,200.218412,718.015936,223.762394,31.020324,221.886168,29.009077,247.942806,513.918042,22.017222,88.364726,69.607041,680.277298,714.946586,685.320286,228.218473,33.459133,280.905915,120.783214,93.346713,36.753927,71.134196,59.254367,48.496109,334.887208
2012-03-15 16:00:00,10.140074,120.077893,266.488703,92.789110,59.733004,158.677092,575.041452,171.623318,23.069876,138.475759,22.168795,174.409622,453.541327,13.578891,67.998347,45.542024,625.133548,687.817515,547.389398,247.558990,22.155371,222.354606,98.766623,59.883278,29.851032,45.171929,30.141879,33.946086,299.078406
2012-03-15 17:00:00,3.370524,77.911993,186.778173,37.166953,28.536142,91.060588,396.503792,103.604834,14.963651,52.292102,12.614819,63.315363,410.460336,2.241443,50.245873,14.543825,596.521042,516.298828,422.603929,215.369029,10.196954,122.366610,75.230675,2.960251,19.397709,3.504107,4.689932,11.154534,263.105212
2012-03-15 18:00:00,4.657332,112.318765,208.521848,12.445358,32.425045,71.276591,206.573106,88.350446,32.776419,40.611269,5.841597,46.274932,424.556103,2.651848,90.008793,8.635396,648.207731,396.235597,298.997967,146.007869,9.006561,148.576326,44.663576,3.947001,18.354406,4.818147,2.804763,14.121926,331.946360
2012-03-15 19:00:00,2.194760,96.108888,146.117499,15.220630,38.100742,85.911328,126.223675,82.803781,67.266941,25.399021,3.041778,57.999999,432.550718,1.610051,182.608201,6.059927,662.191459,257.574603,197.368116,138.887486,5.390460,145.791544,19.289917,8.387377,11.109246,9.910053,3.540439,35.644455,303.278265
2012-03-15 20:00:00,1.554621,56.159383,160.033452,23.416354,85.660978,157.187920,111.488312,29.582212,103.842182,35.042500,3.041778,102.398920,386.055723,1.546911,313.886086,5.241837,546.073417,279.039153,132.139847,113.686127,2.807531,110.736049,10.757838,17.691022,7.187199,9.581543,4.138176,54.485607,265.745694
2012-03-15 21:00:00,2.456040,39.008286,203.955676,51.169069,79.775070,243.505768,87.300075,40.015224,106.853443,43.191918,3.940486,129.288407,364.596495,0.883949,376.723551,2.787566,461.817032,216.791957,62.072062,91.284920,1.819280,121.383746,6.380511,22.906701,4.965350,7.008214,4.276115,67.213216,185.776798
2012-03-15 22:00:00,3.109243,46.224296,267.012335,63.961336,76.096378,214.236294,108.708055,52.957442,83.875204,43.327742,4.078748,116.625335,346.713805,0.962873,392.026250,2.787566,441.637982,130.289820,67.963648,74.724027,1.954042,161.517373,6.380511,68.226729,14.045951,21.134147,9.747702,87.305677,159.371974
2012-03-15 23:00:00,2.122907,100.187502,343.332636,70.639333,82.612919,137.674936,118.438955,55.730774,97.703842,73.616414,6.118123,99.272235,331.566114,0.836595,374.494417,3.332960,412.254453,117.196444,94.896610,60.483260,2.717690,254.398053,4.748287,110.022649,17.233821,51.959340,13.747939,75.865129,151.073315
2012-03-16 00:00:00,0.705458,118.384397,335.070040,65.435699,77.567855,92.144642,94.806769,64.050772,114.775376,105.670793,6.947698,61.595686,383.951877,0.789240,399.075132,5.423635,332.954326,165.706328,144.343846,81.524394,3.503799,250.466596,3.412831,105.934684,16.654208,94.118130,11.402973,58.489798,106.939538
2012-03-16 01:00:00,1.535025,119.953095,265.490278,57.977157,53.708908,80.762069,91.470460,21.658405,86.423195,98.607964,6.498345,48.463611,363.965341,1.215430,374.675158,4.181350,255.778310,236.539344,143.081363,85.204592,3.144435,242.439870,3.932175,56.385727,19.127223,123.684034,5.011790,31.747519,76.573990
2012-03-16 02:00:00,3.357460,42.982321,231.570144,51.559341,36.261396,99.326504,66.726172,18.885073,45.377389,150.085124,4.182445,65.347708,406.673413,2.115164,376.603057,2.848166,188.691819,250.276656,118.042125,76.644131,3.032134,238.508413,2.745104,49.760404,16.403043,126.695376,4.046216,17.482586,49.603348
2012-03-16 03:00:00,5.023125,20.183912,231.135271,47.526525,37.207345,96.209847,53.936989,18.224756,16.492446,81.086714,1.901112,65.035039,396.364568,1.562696,391.544276,2.787566,144.970544,212.713693,104.154816,103.125558,4.604351,183.304199,3.635407,56.103798,9.950020,78.130641,4.230135,20.807495,38.098389
2012-03-16 04:00:00,3.030858,15.373239,218.089065,31.135077,36.313948,96.074340,85.075869,42.920620,12.739951,92.903371,3.110910,53.309972,371.959956,1.294354,324.730519,2.423971,104.789453,191.249143,87.111301,89.044799,6.895297,170.854584,5.564399,50.888118,9.409048,59.569823,7.356756,18.233372,43.756566
2012-03-16 05:00:00,2.260080,20.079332,224.612168,13.963085,53.235933,88.621465,96.752949,44.637445,19.457380,110.832092,7.224224,48.463611,394.891876,1.310139,184.295113,2.605769,88.858624,191.463788,67.542820,138.087443,4.200067,155.292566,5.193439,67.944801,10.220506,66.961299,11.448952,16.588794,65.446243
2012-03-16 06:00:00,3.175279,58.133483,265.621530,15.350721,83.143580,92.576395,110.376209,53.617759,58.081601,90.894072,7.846406,54.339985,354.472783,1.495812,137.150839,4.083812,90.284827,237.827217,60.388752,106.805757,5.085453,172.376321,12.915360,53.696977,7.539119,62.968973,16.271964,25.727759,105.052295
2012-03-16 07:00:00,6.001880,136.078755,326.425226,21.207631,111.901890,134.846361,162.802229,74.072019,79.508189,61.748670,12.996883,114.783098,336.668645,4.566712,95.827892,16.435408,161.076042,314.522468,92.900061,94.968065,18.958476,240.934713,47.417639,51.472831,14.536904,87.725098,34.073204,35.040393,167.457550
2012-03-16 08:00:00,9.388212,150.149599,397.734320,46.562254,109.489381,182.105918,243.023229,76.987739,79.164471,97.422897,30.478031,195.593214,424.331787,10.909143,150.455389,34.475089,321.908744,380.780977,114.835646,141.454961,34.728552,257.805392,89.789395,56.604897,27.668364,101.086151,55.853143,64.721597,197.197135
2012-03-16 09:00:00,11.915658,113.393904,436.587981,63.144147,144.532787,230.173793,292.712624,104.374548,104.716483,177.670406,41.505624,279.710855,560.409957,19.850748,144.608376,47.984838,331.391281,398.186290,160.104260,139.163326,44.199225,237.035383,121.702927,71.012082,35.409034,75.469245,73.533700,84.920090,215.159709
2012-03-16 10:00:00,15.644394,147.657857,590.946685,63.489382,124.665647,302.314210,359.949608,145.574106,82.682018,183.767305,47.854227,374.177538,675.433369,25.943288,148.819350,58.755862,383.849751,378.976644,218.552640,160.907979,53.105445,247.733608,148.815984,98.491714,63.443366,77.480691,103.566815,135.273692,276.345411
2012-03-16 11:00:00,18.692168,174.892408,764.937060,56.207503,115.610660,374.971637,439.638456,177.884032,66.071783,189.392755,64.216393,427.782909,632.561015,26.606768,175.394728,68.432272,405.780985,431.312550,328.588432,231.130387,62.251799,255.833153,172.375591,118.918950,77.702435,94.677990,127.591519,156.821145,282.649032
2012-03-16 12:00:00,20.123839,200.655543,794.486912,58.253950,122.516196,456.269398,524.878277,178.634387,55.310141,214.925988,73.561142,440.031325,599.559703,26.386034,204.125706,77.040329,410.507860,476.377473,368.278987,223.763286,64.814901,242.080710,191.983762,152.269800,85.235393,109.155815,133.836307,145.776836,268.110320
2012-03-16 13:00:00,30.361424,168.938946,745.201144,67.148623,124.227808,510.677109,542.131182,179.748495,45.997084,243.990921,77.486823,432.686614,566.444605,19.183204,309.496436,80.529882,403.861057,442.227568,371.696468,210.035751,70.025255,218.645258,215.770965,160.032722,88.304414,115.632025,136.009508,147.397489,241.360794
2012-03-16 14:00:00,33.981340,143.869191,765.067394,72.669562,124.945280,500.187037,629.880826,226.463568,65.820878,260.175260,84.141872,423.141161,599.802664,15.472826,267.356307,76.181894,397.441411,472.539617,382.566699,181.710443,73.196413,286.744107,229.763531,156.140169,70.687527,147.281435,122.749843,160.363310,209.540361
2012-03-16 15:00:00,28.962486,130.776201,709.008613,70.756245,162.606161,533.289899,675.973370,183.876376,47.519816,241.854422,111.256028,340.770648,656.158713,11.994517,241.521928,61.417513,355.390043,382.602849,392.671288,132.448432,58.154030,208.049115,214.533669,111.422312,57.829923,99.063204,126.527689,171.239115,148.830716
2012-03-16 16:00:00,24.605900,82.332664,823.807477,81.678807,129.318340,469.840282,545.447802,113.339470,59.237338,174.747400,113.654580,245.543068,531.713069,7.689053,311.931071,48.342595,359.414309,267.074583,426.593437,137.774845,44.020229,139.439626,238.744226,95.778025,59.886948,107.232819,113.232227,155.906273,210.587624
2012-03-16 17:00:00,18.296195,61.492955,623.826051,94.378976,102.477857,366.545968,481.410589,80.041785,70.000240,126.180163,83.143606,143.045819,446.015332,5.524683,253.819977,15.180117,296.136410,240.248685,383.436233,114.235531,37.755682,101.398838,206.995644,127.220296,47.045240,89.080976,65.567092,164.922640,355.522096
2012-03-16 18:00:00,15.631130,71.428042,515.759983,67.994152,77.515302,310.310634,432.608013,90.859651,72.478739,213.650588,73.210076,127.099728,278.969967,5.366835,236.167650,6.090227,277.373434,216.577312,367.803269,110.885976,25.245322,113.520831,121.674859,283.056348,83.213080,137.043443,43.496823,107.862910,326.476789
2012-03-16 19:00:00,14.729711,96.945527,380.731758,60.145338,57.597811,233.207250,375.890767,100.500283,45.284735,258.744037,73.210076,70.819406,154.211905,3.314810,178.511415,1.727079,226.217772,166.135619,309.518655,81.524394,18.080502,98.122623,62.172885,178.742754,53.266418,86.288640,45.841789,54.557110,205.957628
2012-03-16 20:00:00,8.295668,60.237997,230.917834,36.728984,25.277871,107.998941,292.205027,81.351083,41.092133,201.154813,81.402139,108.339621,131.911138,3.804139,106.456183,5.181238,167.627723,219.153058,250.181972,52.082807,26.503096,55.204214,49.931207,79.856285,29.946662,57.270252,32.093850,53.413055,142.963262
2012-03-16 21:00:00,2.789174,28.864040,123.069203,37.205984,6.096119,80.220042,268.294815,60.749185,22.237005,139.762527,108.950973,117.876009,77.631914,2.383506,68.319927,2.817866,145.501572,280.112381,161.597775,25.601380,48.693825,34.727873,20.922140,47.575457,21.407033,76.159580,26.944121,27.528817,113.352138
2012-03-16 22:00:00,2.612809,30.118999,85.887518,30.484623,7.094621,35.231775,370.886304,41.599986,17.720114,121.426336,147.871911,24.700808,66.060761,1.925747,60.909565,4.454046,110.453748,332.700529,162.649844,11.520621,41.551465,44.065085,10.609454,62.447192,20.383051,85.850627,14.851452,53.413055,54.884313
2012-03-16 23:00:00,1.574217,41.727363,55.011499,17.952538,9.039073,31.979611,324.177984,37.109828,22.167515,93.175018,165.154743,23.293800,71.320376,1.515342,68.922396,6.787118,90.805725,233.105016,154.022879,6.320341,18.394946,85.836819,15.506125,89.159930,32.748124,88.861969,16.322803,51.589718,42.813536
2012-03-17 00:00:00,1.776710,45.073918,68.492578,8.152360,7.777807,22.087613,268.850867,30.770783,16.816735,74.703003,180.501897,20.636118,63.746531,1.594266,55.427102,9.544385,123.375420,184.380487,177.589222,6.640358,7.771247,120.400882,10.609454,97.194896,38.389689,74.845540,24.783073,19.377427,34.326271
2012-03-17 01:00:00,1.698326,48.629633,113.501986,7.501906,4.834853,20.868051,185.165126,26.940943,3.868312,49.847276,211.057944,23.137466,67.533454,1.073367,45.426125,16.816298,149.041756,186.741587,239.450870,4.720254,5.727364,153.654458,7.419199,123.061849,24.594904,92.037566,22.208209,4.254454,31.119971
2012-03-17 02:00:00,0.372325,49.675432,196.345390,6.764724,4.782300,20.190517,129.559983,28.393641,4.099948,42.376976,198.579740,26.889487,46.074225,2.020456,48.980689,24.754802,121.605328,113.762116,239.661284,6.720362,7.142360,245.060842,6.454703,177.262628,14.857409,135.072383,12.690405,2.681378,27.159248
2012-03-17 03:00:00,0.502966,38.067068,247.877901,9.193087,6.726752,21.003558,80.071406,29.186022,5.582415,36.672383,152.641972,30.328840,37.448457,2.509785,37.594034,23.876113,107.975619,89.507175,154.443707,6.320341,2.515548,255.708539,6.232127,208.838635,6.549625,140.711805,16.092905,3.003144,25.084583
2012-03-17 04:00:00,1.521961,28.027401,188.517667,11.881631,8.723756,18.022408,68.672352,29.714275,6.624774,35.857441,126.510330,25.169811,43.759995,2.620278,32.051324,21.603640,96.647029,115.049989,106.469367,4.320233,1.392536,238.508413,4.303135,178.742754,6.105255,93.570613,21.886351,2.609875,23.198524
2012-03-17 05:00:00,3.638336,19.870173,192.431528,10.840904,7.252279,15.176765,56.439220,27.865387,5.605578,27.708023,131.453220,32.204851,52.806532,5.082709,27.954538,15.028619,90.628716,137.158476,85.638404,2.000108,1.931582,229.498823,7.641775,120.524491,4.965350,53.875648,22.116249,1.573075,47.717289
2012-03-17 06:00:00,2.564646,18.137563,239.860054,8.629360,10.493900,23.317911,36.143343,44.109191,8.562948,27.856453,145.659708,47.217762,72.635097,10.543845,30.274399,18.582853,89.432886,116.337862,69.436544,2.762089,3.274244,217.254858,11.878484,114.973714,5.301469,35.337450,23.101517,3.264408,59.949428
2012-03-17 07:00:00,4.378401,45.544127,342.133021,19.724237,29.211702,76.079240,71.713761,78.477391,14.889442,68.733209,98.600366,100.538652,158.049779,17.696347,49.305888,37.070495,141.847382,148.434933,88.255609,12.962020,14.283530,209.466134,44.858922,126.322375,12.936544,34.750808,32.573127,17.784467,113.594580
2012-03-17 08:00:00,7.580232,101.415972,474.392687,32.481318,65.059463,144.127929,205.080092,149.787967,29.534883,143.859134,134.720844,172.667241,288.591003,22.888525,99.852828,51.392879,237.630496,305.701791,169.779957,29.406677,28.143498,252.903870,85.223869,130.588736,22.239419,40.225212,55.202124,39.360087,203.754253
2012-03-17 09:00:00,11.039378,153.783990,563.479550,44.653193,97.611070,200.499194,355.494126,310.939471,41.315818,228.661616,124.215173,237.172606,418.282026,25.064670,117.970483,65.845510,309.632983,338.006470,242.661691,59.001975,39.271480,319.640567,119.510458,219.485233,29.813027,69.866310,73.527559,56.149669,273.304687
2012-03-17 10:00:00,13.572722,213.899675,697.782786,55.974787,180.367272,244.207229,498.120708,372.346579,61.725765,453.433632,133.727401,298.858343,658.251276,33.045208,164.289464,94.103167,412.988951,446.146016,303.665794,91.409007,49.554750,550.452396,153.013190,363.567832,36.661425,130.692403,83.714805,69.476125,453.231549
2012-03-17 11:00:00,15.859659,263.582186,824.671018,82.865284,318.005265,271.065819,588.681186,399.928580,116.349677,586.743920,171.866860,337.228796,848.625989,0.000000,228.521056,110.819390,490.065904,600.987209,363.801960,125.043740,63.494996,0.000000,191.257736,377.824947,0.000000,207.602231,88.173340,0.000000,666.295134
2012-03-17 12:00:00,15.351096,309.693583,700.787603,83.981327,386.576222,290.248732,689.308147,481.576784,131.594524,638.859064,0.000000,346.585435,814.628251,0.000000,229.761814,108.827205,484.096259,680.776470,429.792533,133.108468,70.710364,0.000000,212.911908,0.000000,0.000000,0.000000,92.100032,0.000000,904.924749
2012-03-17 13:00:00,14.137216,334.794937,611.882978,82.408501,329.252727,287.663581,751.435488,445.631750,102.330236,578.695162,0.000000,333.236255,869.568578,0.000000,240.215672,95.056115,488.589549,661.689048,495.425416,133.081013,78.703376,0.000000,228.474414,0.000000,0.000000,0.000000,88.566998,0.000000,1083.799992
2012-03-17 14:00:00,15.036328,493.344712,688.302208,84.032978,254.329855,245.775546,719.262666,326.755661,82.606984,662.430104,0.000000,317.336791,848.534519,0.000000,180.281324,85.253558,522.930444,525.190831,502.150532,124.867758,99.899300,0.000000,239.218220,0.000000,0.000000,0.000000,82.889936,0.000000,1059.318210
2012-03-17 15:00:00,11.501911,686.839995,453.539548,68.226009,292.817020,204.500836,699.729127,312.656112,103.763901,652.950978,0.000000,250.700851,547.630227,0.000000,155.089647,75.925667,407.679654,372.051068,499.684493,104.019511,99.352149,0.000000,240.669751,0.000000,0.000000,0.000000,85.512381,0.000000,845.552448
2012-03-17 16:00:00,5.598618,731.787218,346.073742,41.474672,344.305360,175.673106,753.097359,328.293971,102.338978,602.411501,0.000000,195.992355,523.816974,0.000000,153.170155,77.475472,294.741099,361.234457,572.432561,97.774986,53.037417,0.000000,149.355670,0.000000,0.000000,0.000000,58.824311,28.189537,1021.736399
2012-03-17 17:00:00,1.195360,711.352181,397.909262,45.597061,320.887074,135.913348,786.485170,338.771218,86.562176,427.437000,234.322231,126.318057,455.061869,0.000000,140.013678,83.263398,194.002095,347.474074,603.697818,121.672335,24.391833,0.000000,70.408196,0.000000,0.000000,413.046638,23.495641,6.721322,836.467106
2012-03-17 18:00:00,2.318868,501.042090,362.032197,31.481986,211.945229,150.006058,662.813305,494.313480,93.858693,391.579559,272.273735,153.676547,467.684944,0.000000,223.094084,73.658413,286.754922,237.397926,453.020846,106.645748,24.504134,1013.824566,54.753687,542.078280,6.240498,305.623851,29.748884,25.741231,724.057998
2012-03-17 19:00:00,2.423380,309.974693,317.022789,25.714625,161.074170,130.493075,399.244927,491.804274,86.284213,371.341836,219.768492,128.975739,422.452258,1.546911,262.796758,75.203695,289.941088,191.249143,355.599271,161.848723,13.049406,712.904267,22.925324,472.864801,16.093916,262.753289,31.496114,34.571904,585.998489
2012-03-17 20:00:00,3.684061,261.867959,308.542756,30.267805,115.143069,95.396806,371.164330,395.530022,95.758104,380.985315,249.425831,86.452829,540.057244,0.726101,240.866905,96.898233,303.747806,236.968635,279.008658,121.846567,12.173456,801.198247,15.283549,443.050848,8.404386,312.303555,44.830235,38.111323,532.434417
2012-03-17 21:00:00,6.146633,344.276886,340.288522,20.857900,121.396846,70.057030,401.469133,266.636098,94.924216,258.200743,247.421023,101.773583,631.153771,0.678747,215.683722,93.625873,324.988912,292.347174,314.989413,82.964472,22.235649,967.793753,18.770573,480.547356,25.850732,310.606253,40.554120,27.242803,701.802503
2012-03-17 22:00:00,7.466102,253.292411,315.500732,22.679172,71.156420,69.108482,499.056159,259.108482,70.949945,231.715133,264.289067,157.897571,689.219918,1.452202,162.305013,77.718564,331.715262,382.283640,439.554365,65.283519,36.542829,959.930838,18.325421,544.545156,12.442355,339.515138,44.784255,50.266905,619.570337
2012-03-17 23:00:00,5.767776,282.051872,315.935605,30.571350,47.297472,102.849682,558.831688,162.702166,52.998196,171.816907,238.503082,219.024255,677.227996,4.009342,154.653663,68.719573,402.872965,464.922158,551.494490,79.844303,49.367632,1040.034282,16.248045,481.252178,7.167878,370.833096,56.738984,74.613820,569.023959
2012-03-18 00:00:00,4.402583,250.573335,469.880828,38.333438,34.054180,146.076360,575.513230,176.832955,36.528914,133.922111,213.512107,214.021559,745.392604,0.000000,136.941089,112.593444,449.780406,477.586243,640.709928,81.124372,52.017942,1015.358521,21.812444,393.219962,4.057290,293.961744,66.118849,89.915552,604.293260
2012-03-18 01:00:00,5.421579,239.487870,678.402676,32.739531,38.258400,113.690228,531.863193,147.911060,35.417064,176.027440,242.650961,225.433958,961.036809,0.000000,108.866057,178.434552,355.080478,418.558730,713.302679,68.483691,51.029691,536.426207,15.654509,422.047164,-0.000000,247.860834,64.785437,60.134377,811.571129
2012-03-18 02:00:00,7.394249,251.409974,729.935187,42.279527,39.046691,126.427870,472.365690,101.160600,19.272071,184.176858,194.950345,314.857137,898.973355,0.000000,89.105091,200.856282,309.589110,321.109672,615.460276,69.683756,35.891481,741.389108,12.538446,403.651321,0.000000,225.576902,52.370910,67.534981,772.718317
2012-03-18 03:00:00,12.417375,359.231805,574.467907,44.794617,47.717894,208.680514,364.491713,102.217108,12.554643,185.806742,227.545766,429.293792,866.153359,0.000000,72.958935,154.164544,357.204588,279.253799,490.684911,51.922798,37.059414,570.768636,14.615821,383.916317,0.000000,261.001236,41.703613,58.311040,757.818452
2012-03-18 04:00:00,19.929200,329.635706,388.342045,47.266343,73.100871,295.540390,315.837212,131.667256,11.628101,210.254997,247.766680,426.636110,727.509914,0.000000,43.498225,179.282941,379.153730,256.716021,422.300436,29.521591,42.202812,471.340018,23.296284,350.507774,0.000000,256.183088,52.003072,153.196079,1018.283181
2012-03-18 05:00:00,29.903599,378.056179,278.971357,51.082342,85.713531,264.780340,322.231804,160.457087,13.597002,200.883166,230.103625,386.145545,754.859910,12.028025,76.573746,162.466644,361.806828,243.837291,404.625679,21.521160,37.239096,1085.901284,28.489723,298.703387,0.000000,256.785357,51.865133,127.633606,990.746721
2012-03-18 06:00:00,38.760994,524.812515,0.000000,36.208621,94.386201,208.407137,308.608544,132.877945,18.757543,254.278444,201.033902,341.952987,696.325133,24.419001,104.473040,153.982662,343.295469,224.948487,350.549340,25.641758,0.000000,1052.502301,0.000000,229.592606,7.072948,255.770903,64.126438,0.000000,1052.788582
2012-03-18 07:00:00,43.932336,356.323056,0.000000,44.122620,108.827573,309.299054,329.770333,113.488950,25.188847,301.925246,185.908726,480.363556,641.510481,24.873203,85.464929,188.711648,462.212437,273.450435,372.425135,65.194046,0.000000,953.637104,0.000000,227.316029,0.000000,216.799594,84.494088,0.000000,1191.811918
2012-03-18 08:00:00,52.112470,295.482104,0.000000,52.416955,147.218807,415.152644,423.091158,173.621229,51.784997,333.931951,190.040529,498.801698,658.373845,25.422059,94.563970,178.707463,492.887411,402.614460,461.986286,121.563091,0.000000,949.195932,0.000000,229.281219,0.000000,201.915278,117.757955,0.000000,0.000000
2012-03-18 09:00:00,48.520017,468.177236,0.000000,73.266452,206.568611,386.934579,484.309685,274.464898,0.000000,435.696276,171.333039,457.110944,0.000000,39.886860,0.000000,152.044420,0.000000,449.644600,517.682833,126.685929,0.000000,1082.323299,0.000000,452.997691,0.000000,266.092036,149.185524,0.000000,0.000000
2012-03-18 10:00:00,51.256525,459.598260,0.000000,92.319963,0.000000,506.840400,784.200885,343.646608,0.000000,0.000000,168.871567,464.547104,0.000000,66.089005,0.000000,204.345926,0.000000,791.173760,908.137894,177.634798,0.000000,1200.668607,0.000000,544.659174,0.000000,362.453189,143.113203,0.000000,0.000000
2012-03-18 11:00:00,59.177826,453.831408,0.000000,167.350680,0.000000,608.345748,1122.130904,0.000000,0.000000,0.000000,196.250221,474.839538,0.000000,93.267759,0.000000,55.153232,0.000000,865.331163,980.157548,188.449322,0.000000,1161.018185,0.000000,514.721275,0.000000,373.191663,138.938898,0.000000,0.000000
2012-03-18 12:00:00,59.682268,566.537331,0.000000,167.091467,0.000000,593.044213,1006.124349,0.000000,0.000000,0.000000,230.845476,443.976301,0.000000,111.852924,0.000000,0.000000,0.000000,725.802600,879.120943,190.775523,0.000000,1030.631936,0.000000,455.065087,0.000000,380.438217,137.724084,0.000000,0.000000
2012-03-18 13:00:00,52.092933,512.711400,0.000000,151.759211,0.000000,534.494743,1010.073746,0.000000,0.000000,0.000000,250.966375,421.680009,0.000000,118.124803,0.000000,191.927411,0.000000,669.430219,733.719712,0.000000,0.000000,979.969611,0.000000,432.726324,0.000000,333.557372,126.729594,0.000000,0.000000
2012-03-18 14:00:00,53.215206,451.639609,0.000000,180.733604,0.000000,482.079266,1036.098949,0.000000,0.000000,0.000000,228.545553,424.515891,0.000000,136.088269,0.000000,192.628382,0.000000,638.937972,0.000000,0.000000,0.000000,838.201198,0.000000,454.034167,0.000000,336.547928,129.757872,0.000000,0.000000
2012-03-18 15:00:00,53.848452,389.806786,0.000000,230.730227,0.000000,429.331359,904.528074,0.000000,0.000000,0.000000,192.178571,394.993332,0.000000,113.842779,0.000000,159.180354,0.000000,524.775618,0.000000,0.000000,0.000000,732.669592,0.000000,368.728327,0.000000,301.229238,127.938232,0.000000,0.000000
2012-03-18 16:00:00,46.179716,314.074410,0.000000,214.871391,0.000000,389.031183,916.932361,0.000000,0.000000,0.000000,158.140177,282.259543,0.000000,123.853344,0.000000,163.949996,482.220659,0.000000,645.623862,120.988633,40.349358,565.967543,0.000000,321.582056,0.000000,210.239862,110.731948,0.000000,0.000000
2012-03-18 17:00:00,31.856673,101.181927,582.947941,190.195718,0.000000,285.919405,899.686094,398.164566,0.000000,0.000000,128.864378,146.797841,394.891876,130.903426,0.000000,132.379106,341.627778,283.913693,616.164207,117.610364,22.123347,452.281407,286.306879,396.673587,0.000000,232.694620,87.085605,0.000000,602.973019
2012-03-18 18:00:00,21.758167,326.498310,506.192766,218.075633,128.859336,280.770146,765.126768,260.164989,42.250310,301.256837,91.840969,213.552557,322.729962,71.757744,60.668578,125.288992,370.480279,190.390561,509.832564,114.246158,9.927431,522.883828,183.996128,371.934350,58.513640,317.231206,74.763038,191.486161,546.202647
2012-03-18 19:00:00,12.214882,175.589578,415.739076,206.931183,103.844228,278.873050,724.256988,210.245007,35.764517,268.659163,55.892679,363.164414,265.715738,82.301997,43.739213,108.896889,372.604390,169.569947,319.618516,106.325731,6.895297,557.447891,89.178769,286.580456,32.303754,267.133423,69.613308,283.904332,398.335632
2012-03-18 20:00:00,12.926872,343.858567,503.583525,208.275455,49.662346,382.942294,918.596963,194.001203,21.935879,275.042874,29.761037,532.161715,260.245738,60.913580,72.055232,73.052420,451.373489,300.289058,366.751200,148.407999,6.311331,526.979097,44.589384,195.799436,74.016557,227.766969,65.475133,249.368180,408.143138
2012-03-18 21:00:00,23.227872,271.280146,223.742421,200.296550,51.554245,413.837850,924.435503,227.281191,10.400433,267.980045,18.769156,563.272226,184.507286,59.035188,57.234507,56.478520,523.239228,373.483174,478.480912,167.209012,2.807531,516.659021,26.486539,138.285995,39.877362,220.977761,63.681923,162.098255,441.714986
2012-03-18 22:00:00,22.607330,128.005744,115.893791,171.806653,54.024224,442.565298,809.610883,276.276730,13.805474,298.132893,16.591519,537.946081,167.676519,57.409353,38.437490,38.238140,377.029620,312.953142,532.978078,176.409508,2.290946,468.990101,10.980414,72.878552,16.229159,117.332840,47.726958,166.567219,259.710306
2012-03-18 23:00:00,32.209402,83.350145,145.030316,153.203661,65.165407,536.742543,555.773405,283.936410,14.037110,272.054754,12.478205,738.835565,108.979218,24.056050,16.447390,25.815289,213.296099,212.499047,554.861110,190.330258,2.313406,511.580889,8.754654,61.953817,15.185856,54.149407,37.749357,165.458916,121.650797
2012-03-19 00:00:00,15.918539,57.832660,158.076521,147.783209,45.773443,702.467392,551.881045,269.673558,12.994750,247.199028,11.441235,738.053894,79.946144,20.772809,13.435047,14.271128,155.414087,193.610243,541.605043,139.687529,2.133724,417.062101,9.051422,42.571224,26.778112,30.989448,32.691587,147.761819,87.135920
2012-03-19 01:00:00,9.523689,61.702115,150.466235,108.712589,38.205847,615.200995,609.710393,260.825307,16.075502,209.032584,14.966933,727.266832,94.673066,25.176771,20.483929,19.240268,131.163825,197.473862,598.206347,91.364924,3.863163,263.407643,9.199806,27.910935,41.538918,29.073140,35.864188,138.073106,79.214472
2012-03-19 02:00:00,13.632331,52.603668,215.697261,83.605055,41.937092,574.277934,584.966105,297.274818,10.423596,190.153098,15.450852,722.576806,98.039219,16.826607,26.689354,17.755586,112.754868,172.574984,648.705652,100.165399,5.502762,175.605095,10.980414,12.686789,40.495615,16.973019,49.933985,143.650372,69.406966
2012-03-19 03:00:00,17.878145,44.446439,307.020698,71.983605,48.348527,552.867855,543.818299,317.480525,18.090730,241.358611,7.569880,660.824785,80.998067,21.925101,41.028105,10.392775,72.042749,138.231704,677.742752,74.083993,10.444017,124.823771,10.832030,9.162681,48.513593,23.981234,51.313376,171.429451,78.271443
2012-03-19 04:00:00,11.391847,33.674714,261.576417,88.288325,45.037704,583.627905,485.154873,319.197350,20.754538,245.025849,10.957315,705.223706,75.317683,38.704353,27.472563,8.998992,54.695846,106.464169,676.059442,51.762790,17.294393,155.128755,10.386878,10.854252,60.337694,17.192026,61.199018,209.934043,96.754820
2012-03-19 05:00:00,10.470832,28.864040,266.577462,111.834770,25.277871,567.096072,463.746893,298.727516,15.241614,176.978205,10.473396,779.326131,121.391909,35.310619,25.243430,5.423635,55.226874,92.082921,578.006625,39.442126,25.514845,236.051252,19.289917,11.559074,53.305059,19.546348,49.842025,211.006595,96.566214
2012-03-19 06:00:00,12.734613,44.148025,313.673990,86.510417,24.938388,545.405208,510.455213,289.488881,12.289531,160.813012,10.369699,901.354799,278.824328,17.948177,53.000495,6.230603,60.827061,105.390942,465.962271,46.414897,40.952687,254.695611,37.692481,13.178688,53.296457,24.610133,45.942901,210.924937,114.677644
2012-03-19 07:00:00,9.482792,83.129164,459.396374,68.358309,50.751397,655.324970,716.133648,426.992366,23.880293,296.535806,22.068074,1024.056342,505.142658,16.118075,208.896093,18.801972,154.779184,239.124980,554.270696,83.150289,44.586061,277.215759,68.163800,37.044696,70.510459,35.328242,54.526529,231.456872,178.564240
2012-03-19 08:00:00,11.798095,132.453347,753.793758,99.421845,83.181543,783.262737,841.484683,542.731374,30.629227,433.019800,38.664000,1074.643897,623.715598,22.540863,210.544159,37.054787,274.004963,446.963397,746.572727,276.098339,49.228172,338.745497,108.870404,78.819469,80.892864,70.233678,41.696111,215.585981,313.255964
2012-03-19 09:00:00,13.735503,201.379867,1144.614555,116.993071,141.302427,859.122181,759.861275,582.286269,48.941734,504.220204,48.814598,991.967443,935.762200,24.658968,204.190241,48.510313,343.453355,553.346688,656.763262,274.032840,0.000000,441.444881,0.000000,110.966811,94.566779,104.548575,37.427282,0.000000,437.936438
2012-03-19 10:00:00,15.027772,359.569490,0.000000,157.426187,0.000000,868.375514,782.013069,681.310817,0.000000,0.000000,64.686184,957.705434,783.938616,37.754126,0.000000,54.801220,432.257140,890.793390,850.974091,532.991355,90.046884,499.515957,190.175920,138.212175,0.000000,149.007776,59.195269,0.000000,534.740877
2012-03-19 11:00:00,15.754436,393.990348,0.000000,166.624917,0.000000,780.831017,703.605739,0.000000,0.000000,0.000000,76.054357,800.526859,0.000000,32.395111,0.000000,63.079090,434.084672,1101.718024,934.539956,541.381709,97.532104,499.375925,116.053179,148.884345,0.000000,190.764201,114.711236,0.000000,0.000000
2012-03-19 12:00:00,15.005300,409.489695,0.000000,201.796151,0.000000,512.299543,752.918739,0.000000,0.000000,0.000000,67.958572,606.629142,0.000000,18.463623,0.000000,68.583982,425.171215,1114.363386,874.482900,457.537069,94.581787,521.328393,0.000000,167.881819,0.000000,218.987371,133.787849,0.000000,0.000000
2012-03-19 13:00:00,12.588014,388.519645,0.000000,216.627547,0.000000,463.887743,850.761453,0.000000,0.000000,0.000000,70.311108,577.559129,0.000000,22.112117,0.000000,74.203369,394.346658,1115.186617,825.246630,390.583315,82.656286,536.755177,0.000000,188.010352,0.000000,211.812571,150.284040,0.000000,0.000000
2012-03-19 14:00:00,9.956466,435.385871,0.000000,231.563004,0.000000,476.309597,941.428026,0.000000,0.000000,0.000000,85.852253,542.919467,0.000000,28.072783,0.000000,81.866258,338.819494,1034.071585,744.229204,335.342298,0.000000,600.043384,0.000000,288.040323,0.000000,227.821532,162.163603,0.000000,0.000000
2012-03-19 15:00:00,8.112544,397.214076,0.000000,225.660141,0.000000,340.336875,927.499200,38.432302,0.000000,0.000000,85.024720,457.572610,0.000000,23.068172,0.000000,90.260947,263.944591,933.011744,640.165728,272.376850,71.092843,677.685547,0.000000,405.010604,0.000000,301.393952,161.215159,0.000000,549.810522
2012-03-19 16:00:00,5.453892,410.859518,0.000000,226.750333,0.000000,316.606757,931.980881,641.109426,0.000000,0.000000,68.448940,350.714077,232.688067,23.659436,0.000000,110.174001,206.266261,819.324963,697.114042,253.626048,65.458327,759.849365,128.272148,461.511865,0.000000,374.349851,141.831844,0.000000,769.805397
2012-03-19 17:00:00,4.820633,534.821384,942.805771,221.282052,0.000000,289.442583,847.970535,589.557769,0.000000,437.845062,61.918658,258.264146,623.159157,9.991784,0.000000,48.661214,209.047878,787.542293,808.011269,246.287190,43.730109,848.211925,117.371724,420.919450,0.000000,372.913660,112.420435,0.000000,787.240970
2012-03-19 18:00:00,4.748780,527.919113,1028.040979,188.588373,184.039721,260.579629,658.920945,592.568684,76.208070,608.489914,57.309871,219.962260,558.360703,6.519126,197.428926,14.059031,521.823155,666.688930,737.500262,201.610866,31.444352,918.619761,84.578865,396.039248,0.000000,370.614089,80.924321,0.000000,857.213754
2012-03-19 19:00:00,4.585480,448.020103,931.064186,132.519215,214.888183,193.910270,578.849539,535.649339,55.662004,603.192792,51.260880,220.274928,429.394949,3.472658,180.680302,4.787342,863.981960,448.823746,660.909650,194.010457,32.881808,968.776617,45.553880,320.834785,117.951208,341.978963,76.188409,123.307649,823.453300
2012-03-19 20:00:00,5.918012,417.691945,868.224964,89.502507,235.226096,143.637237,527.692807,592.964874,61.545545,753.413740,57.171608,237.628028,444.332255,5.319481,127.542581,5.908429,847.520103,331.412656,690.788406,240.172945,27.626109,813.975484,33.312202,228.362193,113.777996,302.776764,74.165301,99.461258,692.372209
2012-03-19 21:00:00,4.448307,305.373180,728.630567,83.084691,163.386491,166.266877,335.577038,659.392788,67.266941,681.834681,68.612843,256.700804,461.794176,12.438430,105.913962,5.423635,457.568811,318.748571,739.604400,241.613022,33.914979,659.174350,47.260296,177.826486,99.828647,215.612097,73.521585,156.413733,596.937630
2012-03-19 22:00:00,2.488701,232.167280,623.173740,64.698517,115.143069,116.671378,286.366487,632.715972,68.517773,532.157028,52.228718,253.886788,632.626463,8.018683,121.156415,6.090227,201.436482,514.934560,730.346194,186.810069,26.480636,657.863864,54.902071,200.521741,0.000000,196.394259,67.774119,139.646181,619.570337
2012-03-19 23:00:00,3.657933,182.701008,597.298767,43.580436,143.889422,95.938834,274.133355,640.639778,81.906303,458.404790,66.020418,181.504040,606.118005,5.240557,98.865080,10.271576,173.115009,659.390983,692.471716,139.847537,28.479599,688.496470,53.047271,180.998183,0.000000,204.661762,73.935403,0.000000,617.307066
2012-03-20 00:00:00,2.736917,169.419367,629.696843,59.798429,148.619169,190.793613,219.084264,668.901356,124.133449,385.467495,85.550018,219.805926,557.939934,2.399291,140.435406,11.301764,172.937999,690.514581,695.417509,205.051052,21.539381,571.207992,47.853832,164.152947,0.000000,161.024677,117.570164,0.000000,585.621277
2012-03-20 01:00:00,7.603274,196.714709,332.895672,98.392048,177.996155,205.292843,289.146744,650.676600,93.719712,335.348571,73.590299,353.628026,565.513779,1.010228,124.048263,39.328926,247.458877,685.363089,809.882599,199.450750,17.631297,434.426038,33.534778,123.343777,0.000000,106.108747,134.766583,0.000000,609.197013
2012-03-20 02:00:00,12.887680,146.516378,226.786536,115.260496,183.724404,182.527696,393.128361,597.190905,97.865987,193.548689,65.363671,234.970346,437.599948,1.862608,146.942066,23.664015,324.634893,510.856296,693.734198,171.609249,20.012084,420.829748,30.789675,69.424926,51.392336,71.998453,168.607663,52.054490,539.601441
2012-03-20 03:00:00,12.619867,102.279099,138.507213,148.477027,184.828012,242.286207,339.191373,510.953474,60.989620,127.674223,92.774242,226.059295,421.821104,2.446645,183.873385,51.327582,337.733575,500.338666,601.362554,124.006684,13.857975,423.778341,18.622189,70.975534,-0.000000,114.814263,156.101177,0.000000,496.222087
2012-03-20 04:00:00,3.148435,94.853929,88.279323,208.622364,96.697055,278.466530,276.913612,520.858233,42.783072,83.259892,92.463151,287.811315,342.506113,2.273013,84.827564,47.752225,484.120193,450.111619,520.142838,130.727046,11.117824,429.347906,14.170670,98.815986,31.105888,199.077091,103.408408,7.150342,429.832815
2012-03-20 05:00:00,3.840829,119.011876,80.886473,200.123095,100.533405,221.960183,315.003135,558.232188,28.259528,112.054504,74.247046,320.485169,277.918044,1.925747,92.117433,40.419713,487.483368,434.227851,602.204209,173.209335,13.206628,411.492537,23.147900,136.735387,26.256461,241.454888,123.501549,4.039943,249.902799
2012-03-20 06:00:00,5.548103,179.529969,137.846861,181.476740,106.895552,211.506829,494.329722,532.207118,18.740409,143.927375,59.902296,320.774143,235.913359,3.412063,55.979624,42.958730,502.943078,457.842002,653.501857,160.384138,17.489138,352.573718,29.952750,214.970829,32.590204,247.659555,94.500392,8.589093,150.459721
2012-03-20 07:00:00,7.486751,202.485067,188.965744,175.468212,130.744196,307.404428,562.221171,622.522298,31.190356,235.979029,55.812206,325.138270,194.193202,9.029099,44.771945,17.514797,450.325518,603.140385,634.639815,225.241422,29.196526,357.264905,69.653180,325.065290,53.430541,181.072273,145.177135,46.673371,258.602235
2012-03-20 08:00:00,6.923110,228.510638,304.473675,193.912493,147.279794,404.201074,667.124130,688.891695,32.228918,270.803625,73.718486,475.097408,181.382062,16.792626,56.018304,24.203997,464.157562,726.126125,685.756163,238.928543,56.837809,503.587897,116.125894,279.901968,95.164364,228.731104,174.811717,95.682454,423.272160
2012-03-20 09:00:00,9.662885,273.532742,596.047262,205.942129,240.147982,460.186330,651.131620,744.261763,40.755011,317.277397,97.009661,839.085725,298.729541,23.430893,79.888418,43.423608,515.161666,704.263447,671.276784,267.900836,58.775944,0.000000,161.202058,384.116801,0.000000,483.885374,281.249946,0.000000,738.727291
2012-03-20 10:00:00,13.249781,0.000000,595.902741,222.122898,0.000000,493.061874,759.576871,0.000000,0.000000,0.000000,136.030531,1176.262036,0.000000,32.859029,0.000000,52.022974,863.679343,899.086076,743.874322,322.880219,66.845680,1081.701903,185.214118,610.346283,0.000000,524.519371,415.909647,0.000000,1164.433813
2012-03-20 11:00:00,17.878059,0.000000,0.000000,172.841976,0.000000,544.238892,855.339466,0.000000,0.000000,0.000000,172.669476,1005.616038,0.000000,40.544337,0.000000,39.702230,1085.164684,892.904648,751.564367,350.653746,62.666788,1111.098901,208.812555,587.698247,0.000000,542.705830,426.190351,0.000000,1093.689142
2012-03-20 12:00:00,20.102019,0.000000,0.000000,148.868810,0.000000,472.882203,1049.098752,0.000000,0.000000,0.000000,162.649309,968.895576,0.000000,40.220721,0.000000,111.968001,1000.446318,1021.136089,775.932413,327.848514,72.076317,1190.791161,189.685000,554.945390,0.000000,510.182112,465.853131,0.000000,870.260124
2012-03-20 13:00:00,25.273935,0.000000,0.000000,132.272304,0.000000,550.071167,986.351602,0.000000,0.000000,0.000000,177.217642,1046.634626,0.000000,50.717553,0.000000,167.219735,799.253050,917.383672,706.069725,338.462040,58.827526,1203.353830,29.210843,520.735819,0.000000,428.162460,472.079372,0.000000,0.000000
2012-03-20 14:00:00,43.012966,263.347482,0.000000,123.556721,0.000000,466.350822,827.980218,561.323387,0.000000,272.045753,207.164671,943.880018,0.000000,45.872508,0.000000,146.944521,0.000000,735.914003,599.959968,336.232424,0.000000,1139.977938,0.000000,493.988798,0.000000,377.507799,471.085632,0.000000,0.000000
2012-03-20 15:00:00,50.298514,321.645969,0.000000,108.115668,263.403615,411.353949,745.720609,460.197620,111.048989,300.324557,249.035443,793.868895,0.000000,32.173507,279.696190,43.511724,0.000000,508.195491,475.621044,337.100278,0.000000,1219.263922,0.000000,509.357251,0.000000,413.499249,444.427449,0.000000,0.000000
2012-03-20 16:00:00,49.242907,531.527740,0.000000,108.951941,300.059943,488.150996,630.820260,373.340787,107.462033,170.769938,239.463337,158.141917,1185.075554,22.118187,326.041362,106.430672,513.410465,388.302414,299.654169,310.486924,0.000000,1202.408100,0.000000,535.162523,0.000000,430.873219,435.572805,0.000000,0.000000
2012-03-20 17:00:00,63.262637,679.631352,0.000000,105.755111,316.367538,429.421135,474.665884,408.536015,102.128080,286.149324,206.388649,788.549850,1090.002563,17.489569,298.764127,45.691850,427.300236,361.325377,222.979394,338.619522,0.000000,1066.407808,0.000000,520.097291,0.000000,443.981334,428.944883,0.000000,745.755964
2012-03-20 18:00:00,60.342823,708.110205,0.000000,121.461493,303.754879,571.296783,380.895230,505.142682,117.207549,435.314771,192.496183,912.366559,1003.534496,16.463556,270.869836,41.056006,249.405979,313.811725,286.793968,423.302815,0.000000,991.054875,0.000000,530.589688,0.000000,446.554663,416.622315,0.000000,1250.645633
2012-03-20 19:00:00,60.551848,763.955848,524.022580,82.130692,367.238597,647.587127,336.689141,373.475426,59.229190,448.353841,170.339592,1197.989195,993.856805,19.525809,219.178039,58.629794,237.369352,338.495957,245.552869,330.097791,33.959900,973.854749,170.344803,493.868484,125.679379,423.887469,425.588362,85.124822,1196.515743
2012-03-20 20:00:00,63.915839,707.901045,679.272423,66.736607,388.154591,578.343138,234.375678,399.756052,91.380194,583.498364,150.429770,1195.644182,862.787205,16.826607,132.603316,101.018984,317.908543,281.400254,177.589222,257.373872,30.635783,1080.331720,103.572014,489.780519,111.845953,434.180784,421.128329,85.410836,1299.871769
2012-03-20 21:00:00,64.360017,588.680009,480.752666,65.565790,267.073061,442.971818,176.268303,484.012531,92.978478,473.073744,147.180597,1065.574104,769.586832,15.705886,89.767806,119.956256,281.090627,242.978709,229.982250,193.050405,34.746009,1207.121219,124.716730,430.998399,119.071793,424.106476,419.978836,38.719102,1279.502333
2012-03-20 22:00:00,61.708016,401.482067,691.883755,44.057435,384.002924,561.675799,161.532941,615.019470,93.974511,297.861246,127.892957,1174.226393,860.472975,14.364177,75.127821,125.591988,182.673506,73.408762,216.094941,109.365895,32.342762,1178.945775,109.433181,380.744620,102.185739,432.209724,403.196235,43.259570,1202.928343
2012-03-20 23:00:00,62.380814,213.656646,1130.236254,32.002350,391.990941,698.537694,103.981617,720.406100,107.872639,178.743912,118.318268,1045.719656,1077.169103,12.564708,162.365260,88.232538,93.814882,24.684233,118.252539,102.325515,20.483749,1024.799884,108.171917,355.582489,96.660097,382.111941,397.678667,3.861185,1152.193360
2012-03-21 00:00:00,59.683089,109.599689,998.904453,38.897165,391.780730,527.799092,62.555786,797.795280,144.123591,137.860996,127.892957,961.924510,1224.438316,13.227670,270.689095,66.386501,51.863699,21.035259,56.601304,127.766886,22.145808,852.962436,136.513256,368.974099,84.932598,289.636362,384.068668,6.649818,1165.018560
2012-03-21 01:00:00,53.608308,109.181370,796.688271,48.176979,402.764255,545.957007,52.546860,755.006723,169.279203,116.672508,104.111780,938.005373,1304.384460,7.687202,221.949394,39.025930,37.348944,24.898878,44.818133,93.685049,15.924318,965.008970,108.468685,352.269828,47.818057,238.772056,360.205189,7.722369,1102.778618
2012-03-21 02:00:00,48.421882,151.954531,758.854276,40.935255,371.337712,647.451620,70.896557,720.141973,130.132808,110.560444,87.347433,805.121278,1192.459858,2.430861,235.143454,19.937160,40.004082,35.845799,29.668342,82.964472,18.799230,1047.897196,0.000000,335.917967,54.135837,336.613299,329.766609,14.613677,943.218038
2012-03-21 03:00:00,39.486075,166.804870,591.645411,38.767074,392.411363,685.393532,114.268569,644.469618,104.096981,247.063204,78.878845,612.361174,1042.666030,2.699202,191.645229,10.150378,41.774174,39.280127,33.245376,50.242708,16.216301,1029.550395,43.066470,399.069981,33.907350,402.041551,315.880731,81.156383,1052.798058
2012-03-21 04:00:00,34.907128,203.407820,467.054150,26.495170,427.674257,657.072605,171.263841,626.112799,138.332704,376.095664,71.965712,456.026945,788.311060,4.577595,202.369168,13.725735,31.330630,40.997291,43.345237,45.362445,12.847264,955.835570,105.055854,344.728237,47.470290,374.063445,272.475868,41.936756,982.636668
2012-03-21 05:00:00,42.941515,234.049718,312.239180,20.944627,408.860373,556.933060,224.366752,543.705209,105.787920,330.051449,60.282518,326.738538,501.767248,3.472658,149.592928,10.938168,32.569695,44.002328,46.711857,39.682139,35.127833,1066.080187,135.177801,305.610639,60.395655,380.140881,242.221207,34.178635,850.801154
2012-03-21 06:00:00,44.257460,208.137559,240.766521,17.562265,305.014531,390.039974,288.590692,481.097274,56.281471,284.650146,53.715042,275.770608,302.245726,2.858901,80.333351,12.413505,46.326387,54.674239,45.125791,31.393493,53.134058,1058.558497,101.967075,331.592782,49.184469,366.356373,225.041699,41.306947,809.827084
2012-03-21 07:00:00,46.615890,263.714929,191.461941,46.136866,202.083577,311.788968,348.716506,523.668522,23.697117,311.083531,67.970177,337.613238,224.749177,8.161606,27.050289,21.679274,98.560537,117.625890,98.919373,71.833530,68.534926,1047.511391,208.467992,337.619377,53.681612,336.897336,252.028790,47.773192,713.797997
2012-03-21 08:00:00,53.442277,284.446846,226.560150,65.364824,233.948036,400.481084,474.344309,571.383334,22.350722,262.999309,74.614060,355.080337,321.631064,9.143227,26.268972,36.186712,169.576068,225.912082,219.753377,131.300207,74.390079,1004.736219,253.657128,377.351542,39.649548,383.176180,222.891890,76.529443,650.532638
2012-03-21 09:00:00,52.460094,223.550719,311.631639,73.780544,185.614694,454.609296,468.842433,659.982981,48.792874,218.170210,91.134002,368.046579,429.187510,8.653425,41.849279,49.784399,170.561045,331.725432,294.374310,101.677886,92.810026,812.448955,344.603561,487.908538,34.223434,419.723286,174.182911,87.242007,394.772925
2012-03-21 10:00:00,32.757928,138.850305,390.767395,86.318807,140.526931,383.258829,559.500067,675.367776,62.900105,169.617002,143.960461,395.604371,400.957953,20.338502,67.754416,54.269951,185.058753,414.710415,359.211129,123.547129,140.656896,699.545876,463.435152,562.798955,31.304715,333.049475,270.977653,100.772994,469.059430
2012-03-21 11:00:00,23.446947,112.913406,510.342441,89.452010,93.140013,362.229280,666.857115,605.737808,41.058722,154.263339,145.241012,435.519043,401.459912,54.997868,82.019676,45.100874,249.662177,482.716045,411.548292,132.405458,191.291203,618.286955,455.385449,550.471217,48.576476,363.012969,375.589878,42.057284,428.337541
2012-03-21 12:00:00,51.667682,120.526135,632.213695,97.460636,65.143076,398.976432,805.731567,494.429335,31.039462,131.793199,129.785974,418.775585,400.948410,35.552216,87.304035,41.356744,308.168356,507.087672,462.602560,140.136614,202.561656,443.594422,660.437242,533.447243,29.058774,351.207201,252.736907,53.690037,416.840212
2012-03-21 13:00:00,54.387866,102.833602,615.907452,107.890385,51.145965,508.509435,985.470811,438.352965,20.141263,133.512273,116.605307,395.443921,426.833202,15.634948,94.045040,36.995477,281.756434,496.628908,490.944141,141.957428,209.555838,369.640567,687.474708,509.315737,46.199311,279.083465,208.258758,78.904822,405.773795
2012-03-21 14:00:00,63.505229,89.068762,670.717896,129.143519,47.739057,616.880646,1057.136950,413.713224,24.654873,119.446422,108.412914,488.440289,427.702047,7.048022,84.800365,36.657572,293.880518,484.151905,513.095409,135.216114,212.485952,233.877255,597.896917,301.895500,31.241268,171.990679,219.521369,59.001249,342.973430
2012-03-21 15:00:00,56.022535,70.089451,494.730077,156.109395,36.631320,675.251125,969.248513,366.546112,26.355688,103.565007,115.254808,402.147630,337.202169,5.216995,63.042549,26.908700,251.476743,466.543778,502.201081,110.636053,175.620483,179.768043,483.368460,296.908678,18.213151,96.796225,260.105837,120.644932,303.562825
2012-03-21 16:00:00,40.980318,43.546673,402.405488,150.462125,33.297576,467.948233,838.935694,257.628325,18.905238,77.666860,90.890393,282.589989,227.704401,13.202302,28.931858,24.478385,160.739567,392.885763,483.437881,100.010759,155.893532,161.583221,472.746321,210.899884,12.998914,72.731469,256.363631,126.833895,218.721498
2012-03-21 17:00:00,24.122759,30.286195,232.439891,123.535559,39.677324,238.085495,827.297176,200.017971,9.473891,62.295660,89.071448,151.800536,118.025755,4.593380,3.132836,10.907869,32.038667,275.386590,364.631173,80.545831,50.625406,141.860086,365.247153,140.196195,4.153892,61.326690,213.162019,64.639092,100.338332
2012-03-21 18:00:00,38.950450,26.772443,238.093247,83.995327,51.238929,112.064146,675.046437,120.573927,7.180700,58.132519,73.797693,102.086251,116.553063,0.820810,3.675058,3.726855,21.064096,98.736931,200.313909,46.002479,98.263599,102.217891,510.811832,152.664355,0.946701,61.376628,177.297831,52.912531,102.978814
2012-03-21 19:00:00,51.407016,29.282360,232.005018,94.922959,27.695298,67.888920,511.567316,75.936482,5.906705,58.539990,57.379002,60.188678,75.317683,0.852380,5.723451,2.605769,33.100722,47.651302,182.428738,50.802738,124.182729,80.758687,347.366884,67.310461,6.259818,45.115380,133.801008,28.065093,134.475997
2012-03-21 20:00:00,31.837077,32.733495,287.668827,104.679773,19.707280,43.497692,407.585698,44.373318,3.520859,64.923701,44.174919,56.280322,65.008838,0.994443,11.627642,4.151050,52.040708,148.749333,209.151287,30.401639,92.760837,73.387204,392.178844,47.786903,8.964678,29.456401,142.123339,9.938975,143.906291
2012-03-21 21:00:00,24.599596,18.615214,203.303366,80.222693,30.480593,29.675995,393.406387,31.695227,4.470565,29.473730,41.651625,37.989218,96.987296,1.499557,22.954050,7.999104,23.365216,173.862857,209.782528,12.000647,49.187950,49.470838,260.191299,39.892902,3.168550,17.301529,63.543984,18.948407,168.613662
2012-03-21 22:00:00,8.811698,15.686978,101.542965,48.393797,50.135321,26.288324,380.061153,23.903484,8.431531,22.818372,27.306875,32.517520,113.818063,0.678747,22.231088,3.151162,21.064096,153.042243,179.062118,4.400237,62.102595,46.194624,159.883732,22.554291,2.627578,6.624953,65.153275,15.516242,156.920097
2012-03-21 23:00:00,6.401382,19.974752,130.244616,27.275715,68.423677,23.849202,289.424770,25.356182,12.994750,38.302267,17.144569,32.830188,103.929988,1.420633,12.531345,6.787118,24.073253,68.042624,141.608467,5.280285,87.662360,42.590788,96.152815,4.651822,2.144567,4.434886,46.347566,11.154534,178.232563
2012-03-22 00:00:00,3.749381,44.551019,148.291867,12.185177,57.702916,26.694845,200.456541,19.809517,16.144992,24.584079,15.001498,40.334231,161.154596,2.509785,29.038982,13.059143,14.868774,41.855873,125.406607,7.680414,44.942963,121.383746,10.238494,1.832536,4.231174,15.877986,71.038680,12.298588,171.254145
2012-03-22 01:00:00,9.197088,42.041102,165.904244,13.746267,20.758335,40.516541,122.331315,19.809517,7.064882,15.076424,16.384125,48.932614,181.982671,1.878392,47.293777,28.845253,11.682608,64.608296,120.356676,9.600517,32.028318,111.063670,24.557548,1.973500,3.400395,23.652724,55.635471,3.217654,86.004284
2012-03-22 02:00:00,6.584279,31.792276,98.281413,9.973632,17.447512,62.468647,93.138615,22.714913,1.621448,16.706308,21.154186,52.371967,150.214598,3.930418,22.893803,10.635172,27.613437,70.189079,139.714743,10.160548,22.235649,109.261752,19.512493,1.691572,2.878744,15.275717,48.278714,4.004192,53.186860
2012-03-22 03:00:00,10.072379,19.661013,45.444282,6.677997,16.133693,109.625023,85.909946,22.714913,0.972869,21.731783,17.697620,56.436657,147.058829,4.530240,16.326896,12.271352,18.054940,66.540106,135.716881,11.600625,16.979950,177.898445,33.163818,2.819286,4.018649,17.739543,35.220472,7.293349,32.440212
2012-03-22 04:00:00,2.318868,20.393072,33.702697,3.555817,11.666710,110.031544,99.811232,21.922532,0.694906,24.855726,19.322206,55.967654,144.744598,9.076266,8.253818,12.453150,13.806718,72.550180,121.829573,12.800690,14.374561,115.158938,24.705932,5.004233,3.844765,21.681663,94.028544,11.833816,24.707371
2012-03-22 05:00:00,1.312937,21.229711,70.449509,8.282451,2.575085,110.302557,77.013123,27.337133,0.625416,19.558604,26.511864,81.450133,128.544985,20.709670,5.663204,16.695099,11.859617,78.345608,129.194055,19.761065,18.844151,32.270712,35.167002,9.374127,4.463019,23.981234,147.732866,7.829625,33.006030
2012-03-22 06:00:00,4.967783,28.293558,125.436731,18.602992,8.142449,132.241026,54.493040,37.017946,2.739635,21.283934,30.892423,105.655273,100.605677,18.830771,9.776176,36.024808,32.341548,82.622491,158.285087,36.072963,11.232477,84.142013,21.466129,11.420077,5.903233,10.366865,79.043554,19.831870,59.297139
2012-03-22 07:00:00,6.826711,62.392650,293.345251,37.708665,29.956939,185.937803,150.389486,88.749127,13.120962,76.752017,37.414753,163.225427,167.684454,27.359360,35.682491,49.296240,110.579873,142.990008,256.680520,74.662009,15.868396,142.440801,38.447553,37.821721,10.995495,23.650432,30.923165,36.216532,138.602167
2012-03-22 08:00:00,10.843814,120.767333,418.326325,73.780055,58.966022,239.046703,298.932941,165.804696,25.621763,151.569520,62.415468,234.540854,298.437826,49.608815,77.844062,62.873058,213.366524,279.806227,441.271012,126.795865,27.828364,243.448695,72.667664,77.484538,22.190235,47.850673,48.475030,45.291603,245.958410
2012-03-22 09:00:00,12.502414,171.385883,535.724879,122.012971,85.199088,263.056962,455.333203,222.129897,36.493679,214.936037,70.490129,291.632584,432.278402,42.764190,106.940853,68.286397,302.657488,380.948304,501.632149,125.244978,36.591751,338.200689,90.634914,113.283672,32.137964,84.948621,78.053782,67.488599,361.147916
2012-03-22 10:00:00,14.334594,207.481333,661.408789,137.634990,104.178699,383.482799,560.937170,276.176842,40.797573,264.940464,77.151024,376.710071,565.015522,42.125340,125.953044,111.961493,379.779529,490.354904,601.855924,129.791753,35.718387,399.846225,117.229144,143.721834,39.483259,110.679846,79.494225,90.846416,463.968664
2012-03-22 11:00:00,10.917744,229.062515,597.606656,133.673141,120.073798,352.976260,657.294245,311.175592,48.224829,296.524627,84.554050,389.426372,617.490844,36.430406,136.773556,109.244020,426.284533,556.953280,552.638964,140.949642,33.466390,399.558846,90.753632,165.631802,44.591228,123.026827,53.471684,100.444665,496.989701
2012-03-22 12:00:00,9.716700,236.077904,590.018674,122.194999,121.471452,360.922414,689.826246,318.573357,52.464081,303.463386,81.511676,441.539483,669.095997,34.555329,144.810309,99.428271,470.763378,568.909320,505.589278,158.199401,25.346749,409.918932,69.840654,181.085987,43.143706,131.782128,60.511815,102.523678,493.100183
2012-03-22 13:00:00,15.313440,224.731683,519.495118,111.769537,123.078766,364.545236,687.432276,292.919687,49.368135,288.455110,70.538328,441.537909,581.643540,31.401793,132.225822,76.919849,424.067902,575.375796,470.971875,146.787295,27.555723,441.013017,88.132785,184.974604,40.832683,130.521999,63.532347,108.120680,509.667885
2012-03-22 14:00:00,16.263140,196.487968,438.367080,94.665582,112.673907,309.075809,616.969761,255.146959,43.655548,255.665500,59.739090,346.783571,501.715450,27.656915,112.898229,71.812700,369.541526,497.688800,411.333103,129.261330,21.459903,366.111275,96.150905,165.339986,35.071609,114.164238,69.290805,91.987752,471.791133
2012-03-22 15:00:00,14.175943,150.385984,370.025171,79.074765,84.448825,230.303504,533.340365,201.824750,34.354582,198.465263,49.320368,260.948666,452.451975,21.138053,91.430000,78.521393,276.445668,390.407385,332.014901,106.603689,11.096635,288.650974,52.100588,135.878245,29.779860,84.480042,59.796607,80.691559,348.595684
2012-03-22 16:00:00,10.459176,89.135611,318.424678,64.922637,53.875409,187.400352,447.353433,131.011000,21.005815,124.607626,36.652184,193.507413,295.318168,13.566422,60.096130,64.479592,183.045446,325.136272,284.941130,85.851214,7.688601,176.691196,47.378652,91.905000,20.765255,54.691805,34.362623,96.733774,246.118847
2012-03-22 17:00:00,8.811698,28.319029,129.374869,47.565540,6.621646,112.470667,334.638124,58.236665,1.250832,51.623221,29.032731,79.730457,64.377685,4.246114,5.422216,34.238588,44.783330,270.436113,241.948208,80.527989,2.919833,47.013678,40.508825,52.522637,10.819439,16.639390,10.299459,82.943968,95.434579
2012-03-22 18:00:00,6.211953,6.170212,85.887518,53.640795,15.240297,97.158395,199.066412,14.923169,4.679037,18.472015,24.472490,58.156333,45.653456,6.029797,1.626665,8.998992,47.969496,280.327026,191.055703,77.204161,2.358326,32.434523,26.486539,29.038649,10.722837,10.840832,6.437162,55.379399,90.530825
2012-03-22 19:00:00,3.625272,7.006850,40.225800,63.961336,17.237301,35.367282,168.483583,19.941580,4.331583,11.680833,23.573783,40.803234,44.601533,4.451316,2.048393,6.605320,28.144465,300.503703,237.136318,97.365248,2.627849,13.923911,13.206174,10.713288,6.568945,5.748926,7.310777,29.602416,55.072919
2012-03-22 20:00:00,1.326001,7.738909,30.658582,57.977157,6.516541,19.241969,229.093189,21.526342,1.853084,9.236008,25.785985,15.164420,29.243458,2.920190,1.867652,2.423971,20.710078,273.029079,299.208380,92.564989,3.840703,10.320076,7.196623,5.920501,9.312446,4.544389,12.736385,30.782223,33.760454
2012-03-22 21:00:00,1.312937,17.046517,29.136525,73.891604,2.469979,38.619446,423.989216,23.375230,0.741234,15.755542,27.479703,14.382749,18.093075,2.746557,3.494317,1.969476,24.250262,325.402582,345.709823,79.204269,6.850377,9.009590,7.864351,4.228930,6.143896,2.518577,7.770574,37.003020,22.066889
2012-03-22 22:00:00,1.430513,18.301475,31.528330,105.850591,2.890401,48.917965,458.186379,34.600623,0.648579,24.448255,28.516673,20.792452,21.038459,2.304582,9.759990,3.151162,57.350984,404.821418,371.590717,63.443419,5.480301,8.190536,6.083743,1.973500,4.810786,1.478295,10.529358,38.039820,19.615012
2012-03-22 23:00:00,1.012463,30.432738,29.571399,126.968672,4.624642,40.923062,471.809639,55.730774,1.598285,40.067974,27.479703,27.045822,31.557689,2.351937,20.604423,2.484570,97.532075,507.636613,556.544421,69.283734,3.616100,12.941047,6.157935,7.330144,3.767483,2.847087,9.287905,39.541392,11.693565
2012-03-23 00:00:00,0.529094,38.067068,43.487351,137.506031,3.941456,43.497692,350.312401,83.067908,1.714102,50.526395,32.042371,26.264150,36.186150,2.494000,20.724916,2.181574,107.621600,628.482031,666.801236,64.083454,3.661021,14.251533,6.528895,8.316895,3.786804,6.515449,6.988919,30.496209,8.298659
2012-03-23 01:00:00,0.973271,50.825810,60.229981,171.503108,3.153165,54.067224,413.980290,64.579025,2.779626,84.889776,27.583400,23.762803,30.084996,3.393734,29.159475,2.393671,74.520878,655.956655,729.925367,49.522669,3.369038,14.906776,6.899855,10.501842,3.535638,9.855302,6.023344,16.696049,7.167024
2012-03-23 02:00:00,1.815902,90.356996,83.278277,190.496372,3.100612,54.609251,525.746627,68.672992,2.594317,114.499330,24.679884,23.762803,32.399227,5.177418,57.355001,2.060375,61.068178,635.779978,632.714205,40.722195,3.032134,13.104858,7.790159,16.492825,1.449032,15.494724,6.667061,8.401652,7.355630
2012-03-23 03:00:00,2.397252,78.016573,115.024044,172.283653,3.994009,40.787555,612.490651,77.125053,4.702200,136.502760,29.864734,20.167116,56.803839,3.835709,62.234996,2.242173,107.090573,697.597883,583.477383,59.203191,2.246025,15.234397,5.935359,12.122931,0.483011,17.192026,5.241689,3.539419,8.110053
2012-03-23 04:00:00,2.109843,54.381525,83.713151,179.785559,4.466984,31.302077,521.020190,95.878062,3.544023,172.088554,32.491724,22.512129,48.388456,2.367721,90.310028,2.575469,157.892216,623.974475,515.092908,33.361798,1.414996,15.398208,4.080559,8.034966,0.676215,8.267503,4.414054,1.716082,10.561930
2012-03-23 05:00:00,2.821834,78.644052,81.973657,218.509269,2.837848,30.489036,454.015993,111.065358,2.779626,221.256712,36.743301,23.919137,61.432300,1.389063,142.363306,4.847942,175.416128,446.891936,423.773332,44.002372,1.976502,16.708694,5.638591,9.303645,0.386409,11.552603,5.425608,2.145103,11.693565
2012-03-23 06:00:00,3.395776,108.159071,90.045826,218.162360,8.293873,35.486682,572.333891,121.694669,5.898202,236.114094,31.297033,34.169365,102.895977,2.548933,169.352549,8.644383,163.299583,357.946016,441.350568,63.480262,6.287178,42.470989,18.487991,19.150883,2.561366,29.432827,14.933458,4.897835,30.900173
2012-03-23 07:00:00,5.030970,132.508080,173.375698,192.528578,33.490369,87.448821,744.141681,180.298494,17.986697,243.631787,34.134606,86.409908,181.657779,7.611605,233.636990,19.904853,205.252131,465.083483,492.288330,54.682715,17.758318,122.266135,55.590511,36.302297,11.604608,59.134102,29.297568,21.247343,113.475732
2012-03-23 08:00:00,8.584500,208.353218,271.453183,243.891093,66.288714,158.762450,937.123579,247.327470,29.482429,305.601680,37.979888,171.835236,318.785231,15.195320,269.974502,34.343699,384.977633,649.452292,729.958405,117.880921,31.851587,215.632540,98.025482,76.753943,22.889950,89.104857,48.576301,40.725588,232.423010
2012-03-23 09:00:00,10.906850,218.195476,352.366820,306.400787,91.732975,218.091887,966.888289,270.330564,37.636678,324.486002,43.974966,224.653500,397.912453,24.593043,166.731290,49.376020,415.617527,685.962853,954.015022,157.740059,43.674270,275.001074,130.332652,119.999397,31.946674,101.735951,64.520398,58.185445,321.548709
2012-03-23 10:00:00,12.855403,246.267250,449.175949,329.880612,112.239697,260.897009,1360.559037,285.168120,45.134410,433.185198,53.354318,262.406946,529.171742,30.124776,213.471116,58.999697,517.814721,807.762722,1029.171344,173.482804,51.652645,339.063189,150.714015,132.210125,40.256764,114.665027,76.751827,70.631132,417.187692
2012-03-23 11:00:00,13.857305,228.601209,505.370379,298.502065,121.010652,281.684313,1332.052682,398.768767,46.348241,468.078700,66.483985,312.883981,658.466802,0.000000,280.890704,67.392485,739.319949,815.357402,848.442429,237.077698,55.329324,0.000000,164.680282,128.821128,44.444484,110.722448,83.120887,77.149843,494.054793
2012-03-23 12:00:00,13.759557,231.374509,519.158722,292.732069,111.837684,285.818882,1269.292692,448.912974,48.790484,518.541022,87.518223,332.310032,671.154475,0.000000,286.412687,73.263277,813.232968,717.142332,726.933655,274.993829,54.950713,0.000000,164.228607,125.745194,0.000000,98.042563,79.232295,77.997481,505.272302
2012-03-23 13:00:00,12.473059,268.712948,508.111628,252.195636,101.741321,280.648149,1281.552715,481.902109,43.156230,527.661110,100.922444,311.915857,627.027001,0.000000,284.618147,73.770991,909.090062,621.853958,556.509111,273.851008,51.255335,0.000000,152.267439,150.295266,0.000000,113.697951,79.531336,73.116612,445.274962
2012-03-23 14:00:00,10.012665,247.518631,412.968098,190.903752,89.346426,240.166830,1153.837245,448.002351,38.704674,501.938595,107.017553,251.300791,529.850457,29.060618,296.556398,71.096312,861.144895,471.940323,453.322789,351.193068,45.387566,328.248702,129.625317,153.874609,43.112506,123.309640,82.023497,61.291503,347.536701
2012-03-23 15:00:00,8.046795,226.337815,334.736533,160.340898,61.918878,166.355772,971.541597,412.376367,32.752062,382.091812,96.111485,154.900070,489.012202,23.432600,289.646171,63.476767,889.985656,381.361564,347.344636,304.419948,34.268564,307.479830,95.016021,111.356946,41.359860,92.524793,63.904915,46.081508,298.867428
2012-03-23 16:00:00,5.670862,278.510609,299.526645,107.840014,44.367908,88.497335,796.244347,396.638696,23.390351,372.950965,78.838721,84.395899,415.336921,24.014556,261.915634,48.688513,836.197577,276.328460,257.827084,249.736664,18.000601,235.882306,56.287180,76.363954,28.362901,54.500957,45.978476,27.426401,317.039527
2012-03-23 17:00:00,1.378257,185.978015,199.606941,71.620549,13.611162,40.923062,578.227341,253.895157,7.088045,251.502354,60.775938,35.487870,396.995722,7.655633,231.167162,18.119182,708.036845,197.276447,227.372929,188.905911,2.111264,179.378343,21.070524,49.301410,15.127894,36.642397,24.783073,9.438452,297.054271
2012-03-23 18:00:00,1.201892,146.516378,275.274932,38.636983,26.907007,42.549144,436.222347,128.497733,13.342203,257.657448,52.090456,28.921832,399.520337,8.208101,278.521186,12.847045,643.782501,186.312296,233.769698,148.728016,3.818243,195.426193,18.325421,47.998350,17.794113,29.237395,13.977837,14.944215,335.907084
2012-03-23 19:00:00,2.142503,227.356607,270.273887,21.291536,31.846965,33.605693,376.168793,132.591700,46.095459,318.506440,37.676574,17.509434,457.796869,5.998228,310.150782,5.393335,544.480334,158.193735,182.428738,163.288801,1.796820,288.798305,18.622189,43.487492,34.293758,50.645300,14.851452,22.773840,364.763784
2012-03-23 20:00:00,2.508297,159.170541,167.861175,13.572812,43.040700,41.465089,439.002604,151.344710,64.255680,356.672883,26.442733,20.479784,447.908793,10.149633,305.632268,4.060151,416.856692,150.251852,196.105633,144.487787,3.773322,383.644714,19.512493,60.050799,28.903359,141.478329,41.335775,16.052518,317.046495
2012-03-23 21:00:00,1.770178,97.259266,158.511395,8.846178,50.345532,62.197634,625.557859,163.890737,52.442271,307.233077,25.993379,33.455525,327.989576,8.129177,350.576418,4.666144,380.746813,136.943831,215.884528,107.925817,1.414996,411.001105,9.422382,65.125514,16.905374,189.714555,54.118140,17.518338,305.541536
2012-03-23 22:00:00,2.586681,117.966078,115.458917,7.545269,39.729877,60.707059,688.113645,108.688216,42.759908,315.246672,29.277117,35.800538,278.128429,13.290810,395.159087,4.969140,360.390754,120.201481,245.763283,141.207611,2.605389,366.608399,6.157935,77.036999,14.528961,191.685615,20.369020,12.977871,319.875583
2012-03-23 23:00:00,1.071252,186.570463,97.846540,9.062996,18.551120,46.614349,574.123102,147.382806,27.518294,356.537059,39.508554,34.080862,241.100741,24.640088,396.966492,4.666144,385.349053,85.428910,336.872445,255.613777,2.829992,456.376675,4.674095,63.011050,17.330423,225.193640,13.793918,11.869568,306.484565
2012-03-24 00:00:00,0.431113,188.139161,89.583943,10.103723,13.243292,39.025966,688.669697,154.382169,5.999359,276.129463,58.485103,36.269541,256.879585,38.704353,339.912725,3.938953,371.896353,84.355682,445.445950,290.815674,3.548720,529.108636,3.783791,53.073065,14.799447,202.909708,12.644425,17.411083,252.543282
2012-03-24 01:00:00,0.581350,158.333902,58.925361,16.651629,9.196731,28.862954,586.634259,102.481234,6.300485,252.631973,60.109690,33.299191,248.884970,53.715707,358.408508,3.272361,328.706105,89.292529,396.419542,223.532048,5.817205,423.778341,3.116063,47.998350,11.514975,196.722769,9.563783,15.194477,179.175592
2012-03-24 02:00:00,1.103912,135.117174,36.964248,9.409905,10.615655,45.123773,455.128096,109.612661,3.497696,288.761062,45.626676,44.086253,245.729202,38.372872,355.335919,3.090563,286.046885,87.146074,443.341813,159.288585,5.839665,386.265685,4.674095,25.796470,6.298459,190.152568,8.000473,13.657153,139.756962
2012-03-24 03:00:00,0.934079,138.463729,34.789881,33.823622,9.827364,38.077418,489.603284,104.594250,5.188635,307.368901,42.723161,36.113207,241.521510,21.719898,338.105320,2.333072,257.371393,107.752042,522.036562,95.605153,5.031096,368.737938,7.790159,28.404310,7.361083,168.087643,10.069560,15.480491,118.633103
2012-03-24 04:00:00,0.842631,141.287385,48.488396,33.736894,12.507554,27.236872,481.262513,101.028536,12.230353,330.866391,53.092860,31.892183,266.978045,27.402429,308.222883,3.029964,188.514810,99.166222,405.888162,72.803924,5.300619,324.672853,11.054606,27.276595,11.051284,140.000033,13.931858,10.153486,126.365944
2012-03-24 05:00:00,0.620542,125.391247,55.228936,20.901264,18.866436,21.410079,358.097121,84.652669,15.982848,332.767922,49.843687,27.045822,270.554583,31.348632,279.786370,3.242061,200.728446,96.161185,383.163474,107.205778,2.807531,274.546772,16.619005,18.607290,5.834769,160.148650,14.299695,9.045183,137.116479
2012-03-24 06:00:00,2.515271,98.400157,63.342833,54.724885,19.330977,33.978067,344.866914,64.732378,11.539035,237.066186,36.078839,40.158494,226.813529,27.665286,266.289730,6.681017,259.772197,95.753913,264.775132,134.218095,5.741267,208.143301,28.654831,16.556569,6.416310,141.611177,24.889749,8.182227,130.676372
2012-03-24 07:00:00,5.444995,156.830960,143.475791,86.294421,29.867383,78.512995,437.398469,96.392679,13.671877,217.160963,42.474532,100.867193,278.257779,36.489006,231.020603,19.550963,343.018536,151.162114,202.997047,71.630907,18.094564,207.731665,62.677114,42.717895,13.111695,107.035056,40.598507,21.934360,195.207362
2012-03-24 08:00:00,8.752304,227.307714,251.085140,97.599271,54.557789,135.778691,440.488110,159.554491,24.768850,255.774687,61.124509,165.982556,345.523159,41.795323,164.983625,35.177457,428.025952,210.140202,140.233954,106.750240,32.469879,284.741116,102.843975,82.553056,21.996585,158.316285,61.348128,40.247967,268.501748
2012-03-24 09:00:00,11.473946,163.794099,344.556395,127.246016,76.112339,196.556718,518.818493,205.893742,34.713803,259.276247,86.595923,226.203129,412.237691,50.030192,163.625571,49.539338,429.959225,228.505351,203.374023,214.979960,44.163458,294.208308,129.198286,105.191553,30.081006,104.439453,74.925254,56.142708,317.847134
2012-03-24 10:00:00,13.923054,172.120131,422.163414,115.607970,92.157174,243.432413,785.433268,241.703213,42.645468,282.160683,75.907520,269.709425,506.473696,54.755765,173.759697,62.187312,531.728902,250.375526,367.752180,193.812306,50.968822,355.798858,150.069068,124.203538,35.249955,114.162022,82.852311,68.657453,402.111458
2012-03-24 11:00:00,14.861600,197.767229,478.430980,109.129667,107.368684,268.066629,898.887276,268.776405,47.199522,306.908168,70.363511,300.687499,519.106903,59.885542,158.201253,66.645376,569.319706,314.802878,470.207220,192.694726,54.716095,382.164842,163.699477,137.642121,45.492640,126.700423,96.457105,74.344569,451.599118
2012-03-24 12:00:00,15.036615,213.373346,486.355966,110.696827,109.815009,272.173603,1028.663217,282.048736,48.799666,312.192116,58.717466,306.349434,508.555815,51.050906,140.050723,70.076974,556.842593,298.535955,516.576784,146.262028,54.824964,378.710185,166.738812,142.520785,66.399271,119.266231,105.381225,74.017864,480.995314
2012-03-24 13:00:00,14.569829,215.073845,452.187440,115.837695,102.959937,256.816128,964.901425,284.894781,45.195883,306.972716,58.588713,289.930887,495.506390,39.705803,136.978512,67.520788,506.305041,215.348015,551.786858,136.448139,50.976564,342.587804,160.645697,141.646324,67.052255,103.141576,111.068922,69.613917,465.710075
2012-03-24 14:00:00,11.955848,191.919368,404.004788,91.199129,90.768028,227.381299,678.836863,271.022495,37.715883,286.624381,53.045325,261.653312,448.421933,31.638532,131.885067,63.549949,415.218049,160.927365,544.417347,165.823337,43.486109,305.353726,142.021177,131.057719,60.926668,93.237445,95.537373,60.256375,417.586746
2012-03-24 15:00:00,9.667667,149.625974,336.914848,60.163732,76.451858,178.430804,576.389593,245.813950,34.851734,213.617608,47.263358,215.298031,363.192971,23.460392,114.608557,54.046814,312.628791,146.875347,437.570164,117.385959,32.530834,260.126415,115.137271,97.454156,55.083107,73.499293,70.310002,46.557732,362.400501
2012-03-24 16:00:00,5.997231,95.883822,236.830966,40.356055,53.625847,118.839159,555.151206,192.247981,22.328384,143.966333,38.783859,141.142455,250.339174,14.598592,84.239518,37.031125,254.764684,96.138272,257.091303,81.045081,19.164114,188.984086,73.442304,62.535581,40.213819,45.077556,40.869286,28.794821,312.504564
2012-03-24 17:00:00,2.057587,44.740840,61.534602,26.720438,16.711774,35.909309,464.878296,112.353002,4.331583,66.389327,29.978023,23.606469,90.675758,2.588709,31.087374,7.756707,134.704010,62.263824,180.403423,74.710108,1.706979,99.187337,23.296284,27.739280,17.427025,19.636633,13.058243,4.254454,176.723716
2012-03-24 18:00:00,1.574217,21.229711,58.925361,23.242899,28.378483,37.941912,285.254384,63.126327,7.435499,22.139254,16.349559,19.229110,97.408065,6.045582,20.965904,2.090675,82.486292,31.767534,201.155564,48.322604,2.627849,141.860086,21.738252,3.735554,12.732162,6.953463,9.149966,5.720274,197.470363
2012-03-24 19:00:00,2.188228,26.040384,69.362325,22.982717,23.543631,32.250625,328.348370,52.032998,6.277321,16.842132,8.606850,11.412399,102.667680,6.077152,38.678477,1.636180,86.734513,42.285164,163.491499,35.041889,2.088803,156.930673,14.170670,3.030733,8.269143,15.987489,9.425844,11.083030,185.965404
2012-03-24 20:00:00,3.383588,57.100601,48.053523,15.220630,11.193735,33.199173,269.684944,39.222844,6.207831,14.397306,6.221820,10.943396,82.891529,4.088266,90.731755,1.878577,107.975619,22.752423,123.723297,54.962962,1.886661,122.694232,9.125614,3.453626,4.308455,35.533837,10.943175,16.267028,108.448385
2012-03-24 21:00:00,2.527893,65.571570,47.401213,11.361268,6.569093,30.082516,199.344438,27.073007,4.146275,19.286957,4.666365,10.161725,56.593455,3.725215,110.673463,2.151274,152.227922,14.810540,130.035710,71.523855,1.729439,96.320705,4.674095,13.814503,3.149230,64.825983,11.448952,19.842199,79.780290
2012-03-24 22:00:00,1.835498,41.518203,32.398077,6.504543,6.306330,27.507886,199.344438,24.563801,5.420270,34.770852,2.350465,12.037736,63.956915,5.398405,144.953920,2.939065,198.781344,16.098413,218.619907,86.884683,1.414996,96.975948,4.748287,29.461542,3.071948,89.628492,10.943175,14.908463,79.025866
2012-03-24 23:00:00,0.979803,39.008286,27.614468,4.726634,6.936963,18.970956,221.586495,19.677454,7.806115,64.923701,2.281334,15.320754,78.052683,6.313924,195.561274,3.060263,209.755915,30.694307,197.157702,95.685157,1.706979,95.174030,4.822479,47.152564,2.530976,106.108747,10.253479,6.792825,71.858843
2012-03-25 00:00:00,1.097380,82.095187,27.831905,2.384999,5.938460,16.531833,194.339975,13.602535,3.266060,98.200493,3.975051,17.509434,73.213837,6.850607,215.743968,2.211873,196.480224,68.471915,143.923018,66.483583,1.774360,100.088352,5.490207,40.950134,2.357092,105.944492,11.494932,6.864328,59.222248
2012-03-25 01:00:00,1.378257,108.030991,29.571399,3.035453,3.994009,17.344874,153.192169,14.791106,1.042360,91.952605,3.076344,26.889487,51.544225,5.793025,157.666005,2.181574,148.333719,34.987217,118.673366,30.801660,1.235314,85.673008,6.751471,40.245312,2.183208,100.031311,11.402973,4.790729,41.493295
2012-03-25 02:00:00,1.783242,88.160819,31.745766,5.680634,3.468481,21.003558,117.048826,16.375867,2.038392,92.495900,1.659152,37.676549,55.751916,4.988000,83.622627,2.211873,135.412047,41.426582,82.903025,19.761065,2.987213,54.876592,9.793342,31.787453,1.449032,87.712184,10.759256,2.967392,33.194636
2012-03-25 03:00:00,1.711390,80.212750,30.223709,12.532085,3.836351,19.919504,161.810966,18.092692,1.945738,118.030745,1.970243,36.425875,71.951530,5.035354,47.052790,2.757267,105.320481,73.623407,104.996471,40.322173,6.266410,45.375570,11.573950,28.404310,1.313789,55.463447,8.920067,2.252358,29.611124
2012-03-25 04:00:00,1.907351,81.049388,26.092411,44.664526,6.253777,16.531833,177.658432,28.657768,1.575121,146.417886,2.246768,27.671158,74.686530,3.804139,43.196991,3.181462,95.761983,35.416508,114.675504,32.801768,8.400134,44.556517,12.686830,22.695255,1.990004,35.643341,8.414290,1.251310,28.102277
2012-03-25 05:00:00,1.750582,107.612672,23.483170,63.917972,4.729747,15.718792,130.116035,32.619671,1.273995,148.862711,4.147880,19.229110,62.273839,2.020456,54.342658,3.181462,93.637873,51.300275,131.929434,17.920966,7.658946,44.556517,14.022286,23.470559,1.217187,36.355112,5.885405,0.929544,21.501071
2012-03-25 06:00:00,2.074694,132.862540,46.251970,78.145254,8.647476,33.273689,139.929562,33.235568,3.077487,131.127727,6.676954,33.678826,82.605683,3.033977,62.838768,7.818659,100.321732,68.945543,163.196418,13.047653,11.604600,51.574087,26.073436,37.984867,2.475604,41.599811,11.465986,4.912255,38.962713
2012-03-25 07:00:00,5.142844,176.480443,149.483146,73.662717,33.633945,100.589869,137.109834,68.807915,13.301341,174.660769,11.695453,102.931536,198.506018,10.002668,76.686505,21.111278,157.906058,105.898872,159.514327,27.008477,26.129785,125.347446,63.756341,54.815840,10.618389,65.211997,30.125438,21.078065,132.573757
2012-03-25 08:00:00,8.598170,205.887162,267.527031,69.546684,63.551277,176.543587,229.674742,130.685126,26.073509,254.138643,19.874470,186.056800,343.799122,18.367494,109.945542,39.265899,258.921134,144.313978,203.149076,55.987678,39.491066,219.549365,103.304814,84.838635,21.717592,103.046857,51.702462,39.934809,246.511462
2012-03-25 09:00:00,11.019052,199.593836,360.215180,63.404578,87.317004,219.796138,326.939716,177.246387,36.999284,275.236141,31.574101,247.146227,417.894879,25.330082,122.347776,50.746799,352.289981,229.487504,363.555941,114.205743,47.804652,274.595376,129.399272,116.728100,30.142836,105.970514,67.576490,56.118932,324.191034
2012-03-25 10:00:00,12.742786,229.643359,433.906214,109.533227,104.518367,259.178907,417.954579,226.931552,44.820369,339.409922,48.842285,299.871138,597.981157,29.272110,227.172334,60.590798,467.291129,335.357623,497.246691,164.566885,55.309716,339.412072,149.837328,146.501084,36.684116,116.448067,77.064077,67.881843,403.527387
2012-03-25 11:00:00,13.753057,248.515827,499.822327,118.215477,114.907639,283.550592,461.685724,273.864580,52.870841,472.721348,62.591972,329.916056,739.999567,31.950593,285.443945,69.841533,637.638101,384.211124,498.921636,184.202163,57.364069,370.141045,0.000000,160.881265,39.997294,123.051547,84.328417,0.000000,469.295565
2012-03-25 12:00:00,14.265645,245.629628,195.600702,78.430978,120.950875,293.804551,465.505000,290.683547,55.338462,461.948060,76.914158,350.913272,752.368507,33.305652,310.965612,79.399028,783.254550,432.862259,466.393009,161.710405,56.262420,393.953044,149.779184,164.162890,0.000000,129.532381,92.640670,0.000000,533.794830
2012-03-25 13:00:00,14.609117,227.019449,0.000000,66.974890,0.000000,297.097518,406.090905,291.044901,0.000000,438.017413,72.860741,362.458362,696.061191,33.973659,288.141810,94.030474,930.629972,493.885092,438.160121,133.837629,53.368087,401.017823,0.000000,151.380928,0.000000,127.404592,99.791726,0.000000,528.212858
2012-03-25 14:00:00,14.992591,199.302210,0.000000,53.377559,98.499004,265.161289,378.268252,279.615099,0.000000,422.874734,80.061814,318.697503,589.594546,34.214793,256.145435,109.785881,914.491866,465.244368,355.881904,111.861316,47.057179,392.480457,42.892649,131.112315,0.000000,112.880076,83.595729,0.000000,455.317403
2012-03-25 15:00:00,18.064980,157.394659,419.974779,57.034916,75.349242,193.122235,335.408354,224.841298,32.055394,303.566886,81.661215,236.702334,438.519317,28.083854,197.869913,84.665178,752.868122,413.061093,297.057401,95.521170,36.755915,325.956608,102.421344,114.173036,26.507791,92.928420,59.460405,48.506986,356.358271
2012-03-25 16:00:00,12.888642,107.111451,356.167784,72.210555,46.099729,137.538779,240.665433,156.321839,19.218488,213.493252,57.749836,152.213920,312.679815,19.795055,188.829437,47.418339,573.323706,362.297952,236.011942,69.749335,24.787280,240.197515,66.285599,79.442052,16.686662,61.077272,41.602295,28.801507,242.235382
2012-03-25 17:00:00,5.532623,57.704144,337.679281,76.220054,8.828862,68.430948,155.996237,86.750112,0.972869,128.606507,36.123227,52.371967,185.769593,11.017797,148.030167,19.452366,407.475204,299.389439,211.698634,78.548283,8.063230,193.756309,36.428266,39.914938,3.381075,31.934402,19.955202,3.718178,137.369182
2012-03-25 18:00:00,4.774908,52.185348,364.424002,73.761514,28.483589,59.894018,88.134152,65.899660,2.802789,59.898226,19.633297,35.644204,307.792656,10.923088,130.916404,13.089442,300.915659,262.296804,247.236179,136.567361,9.388385,266.847668,33.757354,52.720654,1.738838,57.270252,14.161756,4.862233,274.610171
2012-03-25 19:00:00,3.004730,64.002872,225.264478,82.997964,38.468611,61.520100,55.605143,93.765047,2.964934,68.590939,21.672671,26.576819,345.451497,6.124506,190.078810,6.362923,169.751834,144.671069,231.875974,179.689685,9.747749,297.971706,12.315870,127.643189,4.752825,129.706719,6.621081,6.292301,364.197967
2012-03-25 20:00:00,2.181695,73.519639,120.242526,76.450058,63.378613,76.832371,46.708320,73.823467,5.698233,73.616414,25.958814,24.700808,264.663815,4.151405,171.342040,2.969364,134.704010,108.825270,201.365978,158.488542,6.738075,282.901119,10.386878,225.613389,4.405057,148.705550,3.402500,7.400604,308.747836
2012-03-25 21:00:00,2.064119,82.618086,71.971566,43.927345,74.046821,109.625023,46.708320,42.920620,27.518294,68.998410,28.862329,25.951482,169.149211,2.872835,155.497119,3.878353,168.335760,82.853164,144.133432,120.486494,4.289908,285.030658,12.390062,261.347843,5.100593,166.718851,3.126622,7.722369,213.313258
2012-03-25 22:00:00,3.070051,76.866194,72.189003,31.872259,63.115849,147.566935,60.331580,49.787919,61.337073,71.850706,21.430712,37.676549,135.698061,2.146734,191.103007,3.423859,194.887142,86.931428,123.933710,98.805325,2.897372,238.672224,11.128798,278.897901,4.791466,132.718061,3.310540,10.081982,122.593826
2012-03-25 23:00:00,2.671597,114.096623,85.452645,28.186351,38.626269,125.614829,91.748486,64.711089,69.907585,99.287082,29.415380,44.867924,128.544985,2.052025,205.321263,2.969364,198.604335,97.234413,123.302469,62.003342,1.684519,168.888856,9.644958,238.652588,2.260490,101.181096,8.230371,21.987302,75.253749
2012-03-26 00:00:00,1.267212,172.138443,91.540874,18.993265,28.536142,93.499711,80.349432,52.297125,45.609024,170.866141,36.985260,50.026953,132.121523,1.862608,238.999252,3.423859,192.232003,95.302603,138.241847,52.162811,2.066343,122.530421,9.644958,241.048982,1.719518,98.115002,15.173310,35.251186,57.147584
2012-03-26 01:00:00,0.738119,204.976518,120.242526,16.694993,12.349896,59.894018,48.932526,45.693952,25.086122,199.796577,38.091362,51.433961,163.048058,1.625835,196.886704,3.454158,179.664349,60.959323,161.597775,49.122648,4.469590,98.777866,8.086927,214.124797,0.869419,111.857672,14.529594,38.433089,42.624930
2012-03-26 02:00:00,0.947143,223.068833,136.550282,20.641082,9.564600,47.156376,37.255446,63.786645,10.191961,212.156528,31.385623,58.781670,178.406133,0.726101,165.678836,3.242061,167.450714,47.436656,242.817490,56.483044,2.942293,87.802548,9.199806,184.310844,2.840103,96.253445,23.863479,21.522530,33.949060
2012-03-26 03:00:00,2.168631,224.742111,111.762492,20.120719,7.304832,31.437584,25.300340,78.709814,2.756462,236.876431,30.590613,65.035039,161.364981,0.836595,137.121830,3.363260,159.485299,47.651302,275.221211,68.643700,1.706979,62.084264,13.354558,142.796853,7.109917,61.924145,31.817972,11.547802,25.084583
2012-03-26 04:00:00,3.906149,222.023034,78.059795,26.278352,4.887405,14.905751,21.686006,72.106642,1.273995,228.862836,31.316492,49.557951,110.451910,1.325924,114.830495,3.514758,154.883060,42.499809,248.288248,74.964040,1.055632,38.986952,16.248045,84.790037,6.510984,28.525623,55.359593,5.827529,23.009918
2012-03-26 05:00:00,2.416848,193.681893,69.797198,25.541171,2.785296,11.111560,29.470726,58.504107,1.158177,195.857691,28.827764,33.299191,119.919217,1.862608,127.482334,3.332960,174.708091,48.080593,223.249010,57.283087,1.010711,32.925955,15.506125,54.271262,3.400395,17.137274,58.026417,4.468964,24.141553
2012-03-26 06:00:00,3.709314,159.131643,102.503754,40.810947,6.739001,29.400256,55.340173,66.653426,4.545002,178.963714,25.102917,44.088639,140.117313,3.623765,145.709928,6.112915,165.767954,75.121433,206.301622,31.172887,7.523809,37.817187,25.539699,34.168059,4.382421,18.841721,83.443833,9.339479,43.808818
2012-03-26 07:00:00,6.343095,188.939385,192.548370,73.748924,29.294107,88.733558,159.057513,110.055394,14.449722,218.563842,26.008267,106.859802,227.352637,11.526712,188.944800,20.572439,240.765145,173.011769,237.095274,48.967944,17.881810,95.987489,41.615338,51.266746,12.563942,34.823556,118.343626,24.827329,130.440523
2012-03-26 08:00:00,9.947746,216.315883,299.175232,101.779565,60.339655,157.710608,330.163253,178.910126,29.515534,324.628269,34.441548,187.189080,336.749989,21.151139,242.002811,38.281531,379.912058,318.208149,402.259234,91.159542,30.168745,192.983221,70.218914,83.475865,22.654963,70.350823,132.645312,35.160297,239.622280
2012-03-26 09:00:00,11.324745,248.457076,368.699462,140.755705,86.114782,215.008087,440.295222,235.074695,39.019750,374.607201,44.422479,266.959508,405.472204,27.126136,167.711005,50.746503,494.564253,455.790980,605.864360,109.844300,36.518759,266.041209,83.795479,112.197765,30.921842,88.558029,156.780980,43.566838,326.452462
2012-03-26 10:00:00,11.264320,287.322762,461.006602,179.754403,104.899548,276.766448,569.953575,295.706749,48.464239,443.750819,58.123785,369.219767,639.120373,33.523048,251.645588,67.112113,775.502458,601.390586,684.439267,124.849977,41.382007,350.416654,107.479292,140.093749,43.042451,116.182485,207.469879,49.743402,430.211896
2012-03-26 11:00:00,13.476720,308.336307,557.628639,161.789928,118.515881,319.842263,692.844149,326.613007,54.485662,530.610749,76.113899,439.243737,848.553905,0.000000,311.711488,91.830885,1095.103029,648.129834,694.484379,147.300647,45.293195,409.036890,158.047217,157.778672,0.000000,124.706018,226.791102,53.405869,487.829219
2012-03-26 12:00:00,16.061368,296.005956,576.904794,130.210703,0.000000,314.290887,784.720197,338.378727,0.000000,576.292799,82.339383,446.752631,903.486892,47.285629,335.039968,101.459128,986.612811,721.368738,662.127330,144.499968,48.168233,0.000000,180.048274,156.543587,0.000000,116.403708,236.235707,0.000000,497.005627
2012-03-26 13:00:00,18.120436,286.564941,184.871692,138.836489,0.000000,323.609615,792.921088,323.571216,0.000000,572.623286,84.694474,419.947965,846.655156,39.158622,330.740159,105.514966,1000.328120,645.970198,573.150520,149.064968,44.591911,386.914897,204.056966,146.419535,0.000000,109.103969,203.209745,0.000000,500.635597
2012-03-26 14:00:00,27.590237,240.880183,0.000000,153.052880,108.699188,309.337913,703.298654,307.043746,42.486378,530.131243,85.336545,382.054870,740.286288,34.314249,291.323036,105.866233,933.543764,560.670852,466.800167,164.106611,0.000000,357.251549,0.000000,132.421768,0.000000,102.355987,161.158202,0.000000,481.756579
2012-03-26 15:00:00,28.131442,167.369592,483.105787,153.726396,85.923713,261.580565,605.041636,284.088388,31.148233,385.073867,88.248314,297.884736,613.584841,34.713011,240.401835,83.202062,799.872775,492.659828,367.553574,199.339191,33.125599,319.045122,221.955973,107.881876,75.069354,88.687438,120.682008,44.475027,440.293418
2012-03-26 16:00:00,21.818947,119.660084,492.231450,170.932558,51.238016,190.229245,487.565711,270.678001,20.577896,314.655325,91.935745,221.899979,584.813382,38.539247,239.683748,61.250831,729.303901,415.835605,300.326754,167.849801,16.590792,271.240047,267.545472,72.039458,53.894097,61.781746,98.215503,29.198893,371.498197
2012-03-26 17:00:00,16.872214,96.622447,518.369224,135.598753,8.156458,117.213406,320.651956,304.263308,9.365105,301.622605,67.514979,127.568731,572.035701,37.315290,258.162039,34.602183,659.182303,335.979382,291.265221,153.875381,32.949189,217.514809,203.582813,34.767330,30.468314,30.792717,53.750302,10.725513,268.818009
2012-03-26 18:00:00,9.615137,132.711837,451.181267,72.590696,13.348398,80.491055,228.815164,310.877353,8.917966,294.194008,43.898393,87.859837,675.755304,23.550936,267.255025,10.847269,726.622812,284.405291,337.082859,164.968891,9.388385,208.531051,103.942974,14.660289,23.087911,22.229180,32.553647,49.015595,318.743948
2012-03-26 19:00:00,9.628201,171.929283,339.853648,72.980968,20.390466,55.422292,274.411381,300.048150,15.380595,243.667613,36.535907,47.525606,568.459163,14.080050,227.190870,5.847830,594.396931,248.559492,257.336040,163.528814,3.189356,185.597549,58.314902,17.691022,15.823430,47.305447,23.449661,79.440301,394.374908
2012-03-26 20:00:00,9.837226,164.504113,226.351662,82.390873,48.874055,42.007116,377.002870,290.011328,74.818257,314.295907,24.541621,26.889487,371.118417,10.386405,236.890613,4.120750,501.467095,240.832254,269.750453,274.814812,1.774360,175.113663,31.383211,26.783220,17.813434,84.098573,22.438107,71.503421,464.724904
2012-03-26 21:00:00,6.296870,146.725538,134.158478,90.239688,96.013869,38.483939,443.729041,271.258319,73.775898,337.929220,18.458065,23.137466,221.324589,7.734557,215.743968,3.605657,439.336862,253.925629,278.587831,268.974497,2.313406,193.460464,13.280366,55.469459,16.364402,116.237806,20.690878,73.362510,420.779733
2012-03-26 22:00:00,4.062918,190.858237,58.055614,83.648418,85.766083,26.559338,408.697801,302.029102,56.820181,327.470800,16.003902,26.733153,141.588829,8.034468,179.716352,3.151162,359.859726,316.602116,308.466586,209.371285,2.493088,278.969662,15.654509,91.274395,18.006638,154.509227,22.116249,45.154410,284.794888
2012-03-26 23:00:00,4.350327,261.240480,31.528330,70.682697,65.375618,21.274572,309.442621,370.041777,44.589828,330.866391,10.715356,32.517520,109.399987,11.491341,175.499073,2.726967,323.218820,310.806687,352.653478,216.971694,2.268485,363.495995,18.770573,91.415359,25.522284,217.528406,29.013208,15.730753,203.694357
2012-03-27 00:00:00,4.343795,205.813157,20.221618,94.532686,40.991143,18.835449,313.056955,371.758602,27.495131,267.029279,10.473396,31.110512,107.506526,11.396633,191.946463,3.696555,320.386672,305.440550,368.224097,227.052237,3.616100,386.593307,23.147900,97.688272,16.692849,215.776352,39.312667,9.223941,124.668491
2012-03-27 01:00:00,3.481568,152.372850,14.785699,123.369492,22.387470,15.176765,405.917544,271.654509,14.060273,228.455365,13.065821,25.951482,118.236140,14.364177,167.847723,3.696555,305.340889,297.284021,466.908155,170.969215,4.244987,274.710583,28.712299,73.865302,10.201186,133.320329,51.911113,4.576219,50.546378
2012-03-27 02:00:00,3.220287,122.149272,13.046205,121.851765,8.723756,14.228217,326.958241,220.281829,6.115176,230.492720,15.831074,16.571428,114.449217,15.405974,153.207739,4.272249,244.449721,203.698582,509.201322,99.445360,6.154109,187.563278,33.831546,29.250096,2.820782,70.355903,55.911349,1.608827,27.913671
2012-03-27 03:00:00,3.181095,109.599689,11.089275,114.393223,6.096119,13.686190,345.585964,184.228508,2.409009,254.533504,22.122025,15.946091,115.080371,10.781025,128.627024,3.787454,215.066192,219.796994,595.681382,126.566822,6.895297,118.926585,37.318570,14.942218,2.183208,50.481045,63.360065,1.894841,19.803618
2012-03-27 04:00:00,3.527292,107.089773,10.219527,115.607405,4.046562,16.938353,386.177718,174.587876,1.598285,225.603069,34.842189,24.388140,95.093835,11.538696,95.069529,5.726631,183.735561,220.011640,588.737727,145.767856,7.658946,70.602422,44.589384,17.338611,1.564955,36.628871,42.347329,3.003144,16.031500
2012-03-27 05:00:00,3.710189,100.187502,9.132344,121.721675,5.202722,25.746297,402.859261,153.061534,1.899411,221.935830,44.486010,49.557951,86.257682,11.412417,88.864103,5.060039,174.000055,218.723767,598.206347,157.848508,8.579816,46.358435,38.728217,18.395843,1.449032,30.496683,33.565201,3.467916,17.728953
2012-03-27 06:00:00,6.084677,81.902740,38.004244,130.011676,11.155742,78.904486,394.829913,126.260212,5.167443,177.880442,41.138829,104.429614,96.679575,9.551385,94.692702,11.006972,176.539329,316.530967,685.209230,184.380738,11.426673,52.676294,45.900559,18.888333,3.767969,30.780261,35.942026,9.008707,36.490305
2012-03-27 07:00:00,10.402280,121.295631,139.864339,158.488790,36.731403,151.591761,397.912484,145.981812,15.489528,230.736976,48.301004,205.813985,201.681313,18.301810,139.954232,23.102681,241.331007,446.895986,859.213905,260.900749,21.945752,123.540499,80.453887,40.491830,11.238059,57.372994,52.134903,24.175740,128.440090
2012-03-27 08:00:00,12.374262,187.900813,263.847601,151.580649,64.526968,215.656957,573.774546,206.428075,27.385021,316.247865,67.124827,296.916332,328.211870,29.375796,173.724632,37.149852,385.371427,543.412923,912.542808,310.554532,34.095637,206.682393,112.912495,78.732510,21.963135,91.019752,64.167021,44.921337,238.096586
2012-03-27 09:00:00,13.983050,223.569698,373.960734,164.716375,86.731919,259.528308,772.606260,270.978350,37.480336,366.968851,73.978265,418.015501,394.307874,29.870743,128.097293,51.058908,542.702977,681.776597,1160.051481,472.217542,43.867494,269.860869,141.860989,112.520173,30.297494,97.672483,76.067914,60.151091,324.070210
2012-03-27 10:00:00,17.248468,289.775974,525.511424,181.978180,110.127245,321.828696,1225.131322,343.080387,46.876655,437.948410,79.308368,522.880975,522.421964,0.000000,199.489559,68.624240,802.887623,885.644294,1411.087997,522.277097,51.816684,0.000000,181.888370,113.945144,0.000000,0.000000,88.101643,0.000000,446.286040
2012-03-27 11:00:00,18.477140,0.000000,699.101823,206.717666,0.000000,346.494695,1442.494384,0.000000,0.000000,0.000000,72.802823,539.280705,630.893061,44.691038,0.000000,100.007939,1124.574012,968.080003,1530.059540,459.323194,54.373376,398.724016,197.387195,153.501050,0.000000,132.866349,105.368714,0.000000,554.151368
2012-03-27 12:00:00,18.914403,0.000000,643.386284,244.800566,0.000000,366.258828,1500.910405,0.000000,0.000000,0.000000,62.244731,514.723863,0.000000,43.562287,0.000000,121.090036,1212.791426,1118.867346,1529.192742,425.085169,53.379498,393.693324,182.124252,154.397742,0.000000,131.601558,117.597468,0.000000,609.028047
2012-03-27 13:00:00,15.551496,0.000000,279.290073,299.689666,0.000000,422.595095,1329.875882,0.000000,0.000000,0.000000,60.654316,559.648597,0.000000,35.074487,0.000000,132.971214,1076.972244,1040.868195,1323.239570,423.130134,48.463806,385.031701,167.206847,149.041737,0.000000,132.121795,99.195145,0.000000,694.407153
2012-03-27 14:00:00,13.612853,0.000000,179.051114,291.102406,0.000000,418.087187,1149.183327,0.000000,0.000000,0.000000,60.781218,579.429652,0.000000,30.881808,0.000000,132.283773,979.318371,891.279150,1090.326036,399.662066,41.563382,371.778918,141.732796,134.789782,0.000000,130.302075,87.928015,0.000000,788.608221
2012-03-27 15:00:00,11.492818,0.000000,508.404623,263.193151,0.000000,310.438184,938.274410,0.000000,0.000000,0.000000,60.087311,436.091990,646.639152,31.138583,0.000000,110.634671,898.089047,726.264386,939.585075,393.966090,30.774906,350.958489,112.061591,107.764324,0.000000,115.739045,80.949270,0.000000,693.649693
2012-03-27 16:00:00,7.063172,161.650466,452.038274,234.154465,112.317474,258.470998,859.571144,355.674976,25.970751,294.116857,57.082315,320.692444,595.344651,0.000000,133.570127,88.806013,832.815750,660.537470,875.938636,455.289465,17.326856,307.128311,79.229020,70.446699,0.000000,81.805270,67.754455,40.153636,511.354529
2012-03-27 17:00:00,1.541557,104.074181,368.555300,209.363398,98.625261,137.674936,814.329684,341.774949,14.535636,171.233046,38.389756,193.698109,495.245326,13.911528,134.088425,70.537551,634.755031,674.492116,878.627020,514.801535,3.908084,327.729590,40.508825,32.221611,4.946029,45.306802,27.587837,13.514147,350.658618
2012-03-27 18:00:00,0.940611,97.363846,351.160360,163.437475,120.713660,57.183881,440.948784,299.255770,22.121188,91.816782,19.909822,98.959567,510.813785,13.685430,203.875339,38.783533,532.266698,387.435132,570.431729,381.460560,3.234276,385.282821,36.725034,17.409093,5.023311,41.666025,26.024526,19.055662,315.914860
2012-03-27 19:00:00,1.012463,134.385115,250.922016,76.059785,143.048578,33.741200,340.859527,202.849454,49.245701,52.563749,15.105195,37.051212,407.094182,12.280582,249.843685,10.877569,397.208670,222.802031,336.451618,237.132781,3.571180,297.316463,14.541629,54.553191,3.013987,81.360989,30.162702,36.609751,259.710306
2012-03-27 20:00:00,1.521961,230.703162,136.550282,26.148261,154.452524,30.760050,563.280099,137.742175,51.376748,46.587509,12.720164,28.609164,315.156116,7.403076,238.698018,6.847718,358.620662,383.356867,303.206242,223.772061,2.762611,225.567366,7.122431,101.705755,2.202529,95.432170,25.886587,29.244899,197.093151
2012-03-27 21:00:00,2.377656,205.917736,71.754129,41.065346,118.821761,26.965859,489.603284,89.539017,37.131166,81.358361,9.574689,25.951482,258.352277,4.688088,182.065979,4.757043,334.370400,298.786539,344.868168,242.973096,3.009674,181.502281,5.193439,93.318378,1.255828,148.486543,21.472533,11.976823,123.914067
2012-03-27 22:00:00,5.212554,183.014748,39.573489,89.936143,54.024224,23.713695,579.127565,63.786645,26.499098,151.035889,6.014426,27.045822,270.764968,2.904405,144.833426,5.726631,340.388713,411.690074,510.463805,221.051914,7.322042,167.742181,9.051422,104.313594,1.294469,151.826395,8.690169,6.256549,75.253749
2012-03-27 23:00:00,6.309934,274.835862,24.135480,133.516579,16.028588,30.489036,744.830891,94.425364,8.477858,264.312807,6.671173,33.142857,199.234207,2.841266,116.396913,6.514422,283.922775,603.368507,636.922481,173.369344,10.780921,150.542055,10.238494,70.341194,2.724180,174.165079,10.851216,4.754977,68.086725
2012-03-28 00:00:00,5.558751,318.759401,22.395986,133.256397,8.460992,53.389690,853.816971,183.832317,5.211798,294.465655,6.118123,53.153638,160.313058,3.741000,145.375648,5.393335,214.181146,538.974857,748.862606,176.089491,11.319967,153.982080,12.390062,48.632689,4.656223,163.324247,11.494932,2.967392,68.086725
2012-03-28 01:00:00,4.062918,252.142033,32.180640,113.439224,8.986520,83.201192,833.521094,220.810082,4.887508,211.884881,5.737900,70.194069,182.193055,4.198759,171.643275,6.878017,157.538198,408.255746,716.038058,136.327348,6.895297,139.402925,14.467438,67.028533,3.477677,126.476370,13.885878,2.288109,44.699595
2012-03-28 02:00:00,5.029657,152.686590,42.182731,101.340774,12.927976,100.817079,631.396399,190.039299,4.609546,141.935705,4.528102,105.212936,213.961128,4.119835,135.133684,7.787006,141.784378,318.104635,703.834059,198.730711,6.131649,102.545513,18.622189,55.046566,1.545634,84.865097,18.943648,1.537324,33.571848
2012-03-28 03:00:00,6.029057,94.435610,34.355007,92.971596,14.294347,112.877187,578.849539,156.098994,4.377910,126.995105,4.251577,135.229108,224.269973,4.498671,124.530238,5.756931,141.076341,367.043809,823.559494,264.734268,7.030059,75.844365,25.893004,45.320028,0.695535,60.610104,22.851925,1.537324,20.746648
2012-03-28 04:00:00,7.720850,56.682282,26.744721,108.669226,13.400951,129.544527,502.670493,131.667256,3.613513,98.607964,6.878567,116.156332,187.452670,2.620278,79.224607,5.696331,135.412047,465.566095,804.411841,300.016170,7.861088,44.556517,29.973563,18.959701,0.966021,34.767314,20.460979,2.645627,14.522653
2012-03-28 05:00:00,6.055185,36.184630,23.483170,133.213033,9.774811,135.506827,501.558390,111.725676,3.312387,69.134234,7.535315,111.622639,171.884210,2.036240,51.932784,5.847830,152.050912,533.179428,714.354748,305.296455,6.423632,23.916366,28.860683,15.294628,0.927381,16.535006,8.138412,3.324909,11.127747
2012-03-28 06:00:00,4.018817,47.534574,51.313862,147.317775,17.034902,101.852921,528.245085,106.124085,7.805227,65.128716,6.116190,142.231819,184.770525,3.756256,61.659603,11.331599,176.074510,566.383575,768.565498,328.682099,8.882238,38.840290,36.533316,24.645983,2.989435,17.386045,12.403649,7.025972,30.084154
2012-03-28 07:00:00,7.215610,82.299605,154.629554,189.201355,40.668935,147.590980,676.392279,139.590605,20.923813,124.241763,13.597746,218.500192,311.910213,10.873377,104.093062,24.378226,257.927010,624.609580,809.477456,331.243539,20.749262,104.524623,77.312869,50.208973,12.073206,39.564639,30.931995,23.058081,117.698767
2012-03-28 08:00:00,9.504603,154.695797,277.920903,218.618034,67.202978,213.189916,869.748361,214.855253,31.117068,234.178823,28.892417,295.508511,466.915216,18.274867,209.025964,40.536666,401.407622,686.110692,835.305029,350.524418,33.696102,191.488234,112.333094,96.389151,22.347441,69.909562,51.423689,42.832918,223.608285
2012-03-28 09:00:00,11.785870,180.497613,382.528471,256.124114,95.274436,261.855653,802.782720,259.287648,45.262237,274.686970,40.209801,381.592851,597.142256,24.431350,169.433401,53.834507,549.770993,971.753983,1044.281436,433.771559,43.059254,266.075390,134.269539,120.920043,30.752893,91.209569,66.718395,58.462802,310.236041
2012-03-28 10:00:00,13.560734,0.000000,512.714520,349.124291,0.000000,307.119333,1101.932272,78.393862,0.000000,0.000000,47.486337,456.594450,972.387770,28.983390,0.000000,71.485071,814.270934,1192.398930,1331.057834,419.214047,49.676095,0.000000,153.061133,142.666422,0.000000,0.000000,78.314448,0.000000,374.824019
2012-03-28 11:00:00,14.859476,0.000000,657.124239,0.000000,0.000000,317.562806,1550.418588,0.000000,0.000000,0.000000,55.620399,463.796007,1083.712915,32.311617,0.000000,91.067242,1116.692100,1195.343905,1522.248524,433.824579,53.436879,349.770445,165.439080,152.154905,0.000000,119.619385,90.394383,0.000000,422.196214
2012-03-28 12:00:00,14.508912,0.000000,788.580159,0.000000,0.000000,320.648324,1712.191862,0.000000,0.000000,0.000000,66.078945,463.927047,0.000000,35.356267,0.000000,109.658214,1314.521078,1215.984175,1422.215924,460.279873,54.398140,362.423309,169.585496,154.649767,0.000000,119.556725,107.141890,0.000000,477.706493
2012-03-28 13:00:00,14.471898,0.000000,693.122639,339.819283,0.000000,308.919469,1468.071266,0.000000,0.000000,0.000000,73.227771,457.063452,0.000000,36.095267,0.000000,148.519261,1348.336876,1121.670918,1335.228126,512.089015,52.839919,352.900222,166.916292,148.976420,0.000000,113.483339,102.385123,0.000000,516.791606
2012-03-28 14:00:00,14.382401,0.000000,600.908261,297.797310,0.000000,276.519060,1520.723881,0.000000,0.000000,0.000000,72.669416,385.387917,0.000000,36.591679,0.000000,155.910785,1321.217282,973.580197,1167.150536,480.312549,46.857952,329.749064,154.677926,136.462565,0.000000,105.782570,81.479389,0.000000,500.180465
2012-03-28 15:00:00,13.471045,0.000000,497.387575,270.894371,0.000000,237.569870,1297.980914,0.000000,0.000000,0.000000,79.706335,322.585798,7.662652,34.738038,0.000000,121.794938,1234.264373,878.424680,1013.512962,387.660056,33.852916,310.079655,107.529667,116.781121,0.000000,93.756458,57.585430,0.000000,469.536544
2012-03-28 16:00:00,10.479356,0.000000,486.886877,229.755065,0.000000,189.077007,1102.974243,0.000000,0.000000,0.000000,76.442705,263.357602,644.483327,19.406108,0.000000,92.356293,1095.615138,787.468005,926.265810,392.271265,17.917217,309.154056,75.780878,92.522518,0.000000,75.076660,39.095881,0.000000,480.331164
2012-03-28 17:00:00,3.664465,144.030473,410.955467,173.027818,119.071031,83.336699,1003.927650,446.129770,29.576763,292.070591,65.167024,158.366574,559.659274,0.000000,244.787659,42.055894,874.197850,654.997421,846.672630,414.790699,2.290946,0.000000,75.082291,80.925471,5.197195,71.476039,8.322331,1.859089,469.375824
2012-03-28 18:00:00,1.371725,117.861498,294.844240,143.837120,106.366760,50.950567,900.247266,267.428479,36.227788,157.147953,48.253667,82.700807,492.931095,2.983329,235.384441,12.331952,637.941197,504.416931,763.801984,437.783595,5.188318,318.284235,38.802409,84.296661,5.660885,113.226464,6.621081,3.861185,442.280804
2012-03-28 19:00:00,0.320069,95.376829,223.742421,94.272505,103.213596,41.600596,529.638987,144.081220,23.835290,118.574039,44.589707,40.803234,428.343026,0.994443,204.056080,3.484458,520.584090,282.688127,493.420290,339.218283,2.111264,281.754444,21.664060,130.251029,2.376413,124.998074,9.977601,7.221846,320.818613
2012-03-28 20:00:00,1.561153,106.566873,108.500941,92.277778,96.434291,32.928159,425.657370,123.611386,17.349497,110.017150,48.391930,25.013477,307.371887,1.610051,174.053148,3.029964,389.243255,243.622645,455.966639,258.733945,2.470628,240.637952,9.422382,226.741104,1.197866,142.354356,14.391655,4.683474,206.900657
2012-03-28 21:00:00,2.691193,162.307937,64.796153,96.440686,52.552747,24.120215,332.796781,136.949794,19.109926,105.399146,38.195059,30.485175,252.882278,1.404848,174.233889,3.423859,306.756963,271.526561,528.769803,268.414467,2.313406,197.064300,5.861167,304.271478,0.888740,166.992609,10.621317,9.331196,142.208838
2012-03-28 22:00:00,3.305203,214.911604,57.185867,81.436874,27.800403,24.797749,490.159336,155.966930,10.724722,128.489165,39.439423,63.315363,239.207279,0.899734,126.036409,6.302324,215.774228,356.096888,620.089379,255.693781,1.504837,134.652414,4.154751,291.725654,3.226511,139.343013,7.402736,14.658201,111.088867
2012-03-28 23:00:00,2.377656,171.824703,58.490487,82.087328,20.127702,37.806405,678.660771,166.664069,2.964934,171.001965,38.609847,85.671157,242.994202,0.820810,82.357443,8.362699,181.080423,384.430095,761.487432,234.492638,1.437456,107.623645,9.941726,178.178896,3.265152,84.262828,5.379628,10.439499,106.373720
2012-03-29 00:00:00,2.018395,159.275121,67.405394,71.680060,18.813883,45.530294,683.109182,154.778359,1.135014,134.329582,33.252169,97.552559,332.618037,1.152291,53.318462,8.635396,171.521926,255.642793,699.204956,248.573397,2.515548,153.163026,15.951277,93.882235,2.492335,103.316411,3.908277,3.968440,108.636991
2012-03-29 01:00:00,2.253548,170.151426,66.753084,82.347510,21.494074,61.384593,622.221551,131.403129,1.853084,116.400861,35.464371,80.043125,382.058416,1.925747,42.233042,11.392663,201.259473,156.905862,607.254139,144.567792,2.650310,157.258294,13.280366,58.500191,1.139905,100.031311,3.678378,2.109351,73.179084
2012-03-29 02:00:00,3.207223,91.611954,67.840268,89.762688,19.759833,70.057030,554.105250,129.158051,3.497696,101.731908,32.941078,50.964959,313.683424,1.878392,59.764875,10.513973,200.905455,147.032169,473.851809,131.847106,2.695230,125.970446,14.170670,51.381493,0.850099,71.286681,5.011790,1.716082,46.397048
2012-03-29 03:00:00,6.610407,62.015855,65.448463,114.133042,25.330424,62.468647,610.544471,106.046947,4.238929,111.511210,28.101885,36.894878,236.682664,1.515342,69.946592,5.696331,140.722323,175.365375,462.489466,113.046093,3.009674,85.673008,16.099661,56.949584,0.483011,44.732119,14.529594,1.179806,40.361660
2012-03-29 04:00:00,7.844959,55.009004,59.142797,116.561404,25.382977,66.398345,559.109713,82.407591,3.729331,124.821927,25.474894,37.520215,188.925362,1.341709,68.440421,4.393447,125.853549,180.302222,412.621402,72.643915,3.863163,51.927999,18.325421,48.209796,1.004662,25.733287,17.886114,1.680330,33.006030
2012-03-29 05:00:00,5.029657,42.041102,34.137571,116.864949,12.822870,60.436045,628.616142,83.464098,2.270028,93.175018,24.057702,38.145552,129.807292,2.099380,57.716482,5.484234,103.550389,179.658286,506.045116,64.003450,6.648234,29.158309,17.583501,30.236846,1.217187,12.592885,8.966047,3.146151,20.180830
2012-03-29 06:00:00,3.657559,44.261144,52.991144,90.061699,15.022348,61.082009,759.074742,90.147633,4.952910,81.386038,22.532324,71.191499,127.622554,3.925527,51.399224,11.807132,86.277602,272.321334,735.081206,131.375940,11.469587,40.074872,30.759491,32.107698,3.740640,14.586412,13.765089,10.013073,36.159422
2012-03-29 07:00:00,6.059570,73.400976,154.542610,128.363967,38.535726,131.169206,788.171195,138.191175,17.442540,165.630440,29.287956,150.152802,234.353908,11.362453,112.579543,24.520463,165.299684,488.000075,798.026245,156.802173,23.717996,116.715091,68.913487,51.131783,12.216808,36.575916,33.968279,25.730977,123.659661
2012-03-29 08:00:00,9.658217,132.935378,280.379926,181.948072,66.402218,215.992073,745.506087,220.678302,29.253590,262.596674,39.080768,234.086378,370.349716,19.982479,175.408516,41.042498,264.140005,569.464566,706.572581,166.619620,37.997076,201.907420,106.292530,89.102683,22.626380,68.518342,55.562096,47.591214,228.474659
2012-03-29 09:00:00,12.237960,178.221523,373.932511,246.950375,91.109787,257.220503,626.994740,271.758106,38.884729,309.190156,48.568682,320.370909,445.454967,26.125590,121.694184,51.921443,365.768621,685.249569,717.251179,166.719175,46.042706,268.822106,131.753276,115.840753,31.481730,91.396176,69.273455,59.822415,315.601372
2012-03-29 10:00:00,15.015825,226.852763,460.517712,318.127800,113.627009,305.555206,921.330761,357.743116,51.137131,396.508077,0.000000,400.033203,621.609270,0.000000,210.074590,59.492378,511.731681,833.237087,805.781755,165.154123,53.060070,0.000000,153.613043,0.000000,0.000000,0.000000,81.547623,74.090964,378.076649
2012-03-29 11:00:00,17.925948,0.000000,544.152265,291.930888,0.000000,333.501716,1270.940160,20.162264,0.000000,0.000000,0.000000,415.972792,713.169586,32.682268,0.000000,65.798530,704.703593,854.917634,612.702405,184.895436,59.216358,0.000000,166.784787,150.360192,0.000000,0.000000,94.107159,0.000000,430.607141
2012-03-29 12:00:00,19.322388,0.000000,653.214323,291.275434,0.000000,340.437690,1294.824477,0.000000,0.000000,0.000000,81.154412,434.497992,712.208688,34.350765,0.000000,73.738811,810.720623,905.061102,633.663567,199.044981,62.430509,381.567101,169.523005,154.193871,0.000000,121.631863,95.677881,0.000000,509.374514
2012-03-29 13:00:00,16.795858,0.000000,654.884419,258.350999,0.000000,317.777020,1329.431522,0.000000,0.000000,0.000000,86.834577,441.420328,0.000000,35.116048,0.000000,87.652030,906.963111,896.230827,629.513941,215.398332,58.977884,416.209581,164.659054,147.510509,0.000000,117.405706,91.918075,0.000000,562.565189
2012-03-29 14:00:00,13.742979,0.000000,649.939416,229.784716,0.000000,260.499940,1450.668128,0.000000,0.000000,0.000000,92.006500,355.323570,556.753702,33.744487,0.000000,109.190186,771.757098,785.843269,653.446603,282.533898,52.587871,168.271297,147.640197,140.236631,0.000000,112.802553,81.055146,0.000000,548.823279
2012-03-29 15:00:00,10.058909,277.133194,523.912431,187.305363,175.787810,196.464271,1483.481020,455.492826,44.225599,450.752038,43.054316,269.905734,455.361389,0.000000,162.947215,104.274856,651.617123,613.643198,708.506533,203.713841,43.697371,0.000000,121.778567,0.000000,0.000000,0.000000,55.842136,0.000000,483.698832
2012-03-29 16:00:00,6.461164,219.679880,411.933105,125.213035,133.502906,121.527391,1370.876399,422.088697,37.434832,348.060928,94.197666,184.442719,427.522787,16.832005,128.803689,70.189477,531.342012,427.890650,687.650116,205.104456,36.340908,526.723503,102.511066,129.000306,32.971167,122.385623,39.597719,34.254778,421.510344
2012-03-29 17:00:00,1.280276,145.609899,220.480870,92.350684,106.957751,26.694845,1132.974090,363.342301,26.238464,215.441983,69.320822,66.285713,382.923592,7.029836,79.981961,21.724838,334.963066,384.295739,485.765767,187.670242,19.338276,446.242019,70.111428,112.831657,32.071909,128.361005,9.379865,14.836960,379.012810
2012-03-29 18:00:00,0.444178,75.402076,105.674263,59.191338,100.638511,21.003558,916.372757,200.736439,27.796257,116.672508,51.986759,44.086253,465.581099,2.699202,98.985574,6.514422,329.768160,428.432423,312.885275,105.205670,20.304067,396.585761,47.334488,138.145030,61.323036,159.327375,5.701486,27.636072,345.714590
2012-03-29 19:00:00,0.529094,44.132699,22.178549,56.719612,104.054439,20.190517,835.467274,124.799957,40.929988,88.964485,48.633889,45.336926,276.024583,1.310139,131.398379,1.605881,262.150642,447.535873,309.518655,87.524717,18.192803,357.434998,30.344523,168.099948,42.002609,174.000824,3.126622,18.662393,197.470363
2012-03-29 20:00:00,0.587882,67.663167,10.436964,44.404344,63.693930,13.957203,759.566254,124.932020,20.777702,72.937296,46.836475,38.927223,97.618450,0.615608,124.891719,1.272585,248.697942,346.223195,346.130651,33.601811,17.384234,282.901119,26.412347,240.062232,39.375031,197.379789,4.368074,11.798064,123.159644
2012-03-29 21:00:00,0.222089,85.755482,12.828769,33.997076,31.899518,13.821696,777.081874,138.006301,28.190037,42.105329,43.103383,45.962263,43.128841,0.852380,144.953920,5.393335,213.119090,280.541672,368.855338,33.121785,15.834477,224.912123,22.405980,237.101981,36.824734,198.146313,7.448716,9.903224,113.729349
2012-03-29 22:00:00,1.071252,75.402076,23.048296,39.547619,20.285360,23.578188,805.996548,118.196785,28.166873,36.808207,38.229624,60.970349,16.199613,1.499557,128.807764,9.786782,105.143471,268.736169,346.551479,38.802091,16.418444,172.001259,34.573466,237.313427,33.830068,160.805670,14.391655,9.974727,103.167420
2012-03-29 23:00:00,4.369923,77.598253,35.224754,27.449170,8.828862,44.446239,935.000480,92.312349,9.149601,86.112189,38.955503,72.226414,15.147691,1.467987,53.860684,6.090227,34.162778,281.614899,280.060727,35.841932,21.067716,120.564692,42.066857,284.888884,34.235797,129.213953,17.978074,29.244899,72.613266
2012-03-30 00:00:00,14.821159,102.069939,41.312983,18.256083,5.097616,67.346893,839.637660,78.709814,5.953032,104.720028,38.367887,86.296494,32.609612,1.041797,29.882437,6.150826,18.054940,216.362666,259.019350,26.241414,24.369373,81.577740,49.782823,311.249211,25.522284,97.731740,14.621554,33.821118,51.678013
2012-03-30 01:00:00,19.282530,88.997457,52.619695,30.527987,3.468481,73.715714,773.745565,100.896473,1.737266,88.013720,43.656434,116.625335,52.175378,1.720544,19.038004,8.514197,25.312317,230.314624,314.568586,32.401746,23.673105,75.516743,40.508825,272.554507,17.330423,54.477917,19.127567,35.680207,38.664207
2012-03-30 02:00:00,22.065172,81.781447,53.054568,18.299447,4.572089,115.993844,694.230211,119.781546,1.853084,69.949175,37.607442,136.479782,74.686530,1.073367,28.496760,8.998992,30.268575,210.781883,353.284719,46.162488,29.625071,62.248075,52.305351,180.927701,15.069933,21.134147,23.081823,32.140788,20.935253
2012-03-30 03:00:00,17.727909,51.453289,55.446373,13.095813,4.624642,150.683592,564.948253,99.972029,2.895443,67.232703,28.931461,144.296493,109.189602,1.562696,60.427590,11.271464,36.994925,186.097651,292.895967,37.362014,32.275381,49.307028,55.569798,119.467258,15.862071,11.716858,23.725540,35.108180,17.540347
2012-03-30 04:00:00,16.343120,32.210596,69.579762,21.595082,6.569093,172.771205,509.343110,77.653306,4.099948,78.234418,23.055298,136.010779,161.785750,1.467987,53.800437,6.575021,38.233990,179.443640,269.119211,26.001401,41.281942,52.910864,60.985813,94.234646,16.615567,7.555731,17.564256,33.713863,27.913671
2012-03-30 05:00:00,16.552145,29.491519,100.673218,14.873721,11.771815,166.808904,560.499842,63.918708,5.119144,106.485735,21.707237,136.479782,167.045365,1.310139,34.882926,7.059815,34.162778,199.405672,288.687692,32.481751,46.537640,44.228895,67.366324,81.759304,17.021296,10.840832,24.507195,39.291130,32.628818
2012-03-30 06:00:00,16.601999,42.851104,178.202547,9.487237,17.957527,163.707385,562.505791,59.370399,9.045664,114.161714,19.565549,169.041387,159.396793,2.196512,40.395114,12.263107,49.317510,233.350068,347.940548,42.354836,41.495950,52.420347,71.691516,73.952901,22.514284,17.626601,39.778497,45.944241,49.461204
2012-03-30 07:00:00,20.659734,84.432363,260.318688,7.084293,40.969215,199.691423,680.423566,92.933870,16.025684,130.556946,26.316069,231.291613,220.647785,8.687935,66.946990,27.381294,129.520230,421.194544,551.969550,53.729450,60.766236,120.378598,106.147975,102.129928,30.548846,41.587433,66.589565,55.326357,128.093282
2012-03-30 08:00:00,22.524113,151.369311,346.675831,12.356073,68.455699,270.484178,666.524014,193.121922,29.109485,177.610883,39.695236,288.490156,346.466441,16.998401,85.972762,41.276818,238.687241,504.884126,506.210861,51.067159,75.028403,215.858766,148.049469,162.194747,43.526148,75.435660,91.688959,71.130659,235.979936
2012-03-30 09:00:00,19.455813,174.368708,450.727592,26.902691,89.332895,307.605636,885.337539,260.575012,38.383375,195.974752,52.864774,370.108075,411.002838,23.853084,95.303289,50.911406,322.966361,571.817127,459.478603,47.524657,77.910291,293.773806,170.029455,156.859648,47.089426,96.514254,102.180115,100.003320,324.766065
2012-03-30 10:00:00,25.182455,202.320649,524.440172,28.454711,107.834141,340.613893,764.728856,303.838188,44.079054,257.620867,66.294850,414.679125,514.943548,27.413776,123.579789,59.116413,399.179145,640.195878,393.583054,76.037729,79.782832,380.340290,193.935947,187.600003,71.049750,124.344076,99.461648,104.004268,406.381614
2012-03-30 11:00:00,28.968708,226.196749,528.666458,29.885478,115.915786,359.837715,599.700598,389.978116,47.152888,376.231209,83.116730,391.261242,598.918714,31.407432,165.704950,66.294700,486.229017,649.265066,453.710532,138.555399,82.060251,446.392708,205.496696,257.630594,70.240261,148.529340,100.828306,123.359640,426.059410
2012-03-30 12:00:00,29.781131,228.744761,539.587458,40.287878,112.172072,365.945079,530.819531,432.890535,49.490790,464.751733,87.457153,393.991581,573.754339,36.158396,185.631985,70.644103,582.655310,505.824050,307.222861,158.681655,83.051277,493.050301,216.619695,304.233417,59.776382,140.581636,104.219107,126.929173,423.441039
2012-03-30 13:00:00,23.309228,213.387066,520.776674,62.525049,101.900631,357.396231,379.197579,423.052776,46.731644,445.401366,92.744454,386.541935,526.893775,36.418355,190.096768,73.224520,671.900313,308.987080,219.217641,188.180813,68.583708,536.091367,199.509976,289.372059,50.210964,123.579464,109.972819,100.592337,411.973325
2012-03-30 14:00:00,21.321419,185.585828,450.093035,74.699428,86.635101,347.541602,414.064823,330.305160,42.852566,375.151823,99.227407,355.478330,425.283739,31.739222,160.489582,65.188603,598.256078,217.076263,204.629509,196.103130,62.049404,525.747282,199.573398,263.243343,49.240101,109.101065,109.439117,99.018265,363.939496
2012-03-30 15:00:00,15.857549,148.448155,342.990484,76.984219,73.469041,313.435977,442.942847,219.975502,38.898921,328.143003,114.553454,313.572251,336.919562,25.728558,141.160558,56.294168,493.357300,228.213861,205.102025,147.930292,57.176077,508.492623,201.406140,231.099395,58.486145,94.136969,88.482649,87.749516,294.153864
2012-03-30 16:00:00,9.555929,103.711474,217.945530,49.255527,51.178459,232.209196,388.082388,139.505637,23.559447,237.160118,106.967412,234.312272,232.460302,21.240020,101.661032,47.889876,363.099759,188.970429,136.481982,55.141891,45.567871,557.333475,167.791472,189.551120,63.387654,89.389313,53.413760,68.812960,215.344763
2012-03-30 17:00:00,7.871087,51.113059,54.359189,32.833344,22.765426,140.656087,294.206421,95.749042,15.326736,143.391379,94.013257,153.676547,82.741779,8.786543,55.866362,35.541472,197.603672,190.790644,123.050424,33.603193,37.081875,653.054257,139.406744,222.968563,73.031215,125.382063,17.150439,37.646551,166.954513
2012-03-30 18:00:00,6.192357,29.700679,53.489442,36.295348,5.728249,194.994324,229.649241,97.991077,4.053621,92.360076,87.485696,167.902962,91.306912,2.320367,99.407302,34.026490,192.054994,170.213883,266.594246,64.163458,39.035917,690.789820,117.223340,295.108797,78.653459,216.542875,11.173074,31.282747,264.425453
2012-03-30 19:00:00,4.572416,38.171647,39.790926,45.271617,4.992511,206.241391,279.415844,112.121866,3.821985,43.463565,92.843374,153.363878,61.642685,1.499557,85.490280,12.634948,258.433448,56.022476,208.940873,25.041350,28.614360,630.507474,79.385426,383.563906,64.317702,325.662964,14.023817,29.816926,523.004123
2012-03-30 20:00:00,10.542684,44.446439,84.582898,59.191338,9.039073,175.887862,265.236532,89.803144,3.242897,19.694428,82.473674,137.417787,45.653456,2.036240,59.644381,3.787454,340.565722,76.199153,162.018603,16.960914,22.954377,526.651475,48.298984,371.440975,86.458912,321.939850,16.276824,33.213339,546.579859
2012-03-30 21:00:00,9.360388,94.017291,146.987247,57.977157,43.093253,142.553182,280.805972,96.274252,2.270028,20.509370,72.000278,116.938003,56.803839,2.257228,59.644381,15.331615,249.582988,97.449058,104.575643,9.280500,26.929841,454.574757,43.550696,310.614872,103.731374,244.685236,22.346148,34.178635,344.771560
2012-03-30 22:00:00,5.872288,57.414341,175.036588,60.622337,29.166775,100.952586,236.321858,121.498371,17.164188,11.001715,59.556639,86.921831,33.871919,1.973101,47.896245,21.755138,160.901373,138.660995,139.714743,11.120599,25.357624,368.410316,48.892520,280.096097,95.442910,232.147103,22.713986,36.967269,223.497975
2012-03-30 23:00:00,4.696524,26.458704,191.779218,49.391160,16.081141,102.985189,216.025981,48.203158,4.192602,10.050949,51.433708,64.253368,11.571152,1.767899,20.604423,13.937832,166.919686,291.059301,153.812466,26.161410,19.248435,273.236286,44.366808,232.238712,97.432914,181.720810,19.219526,45.797941,110.523049
2012-03-31 00:00:00,1.084316,21.438870,152.640602,24.370353,7.935465,126.834390,176.546329,19.017136,0.949705,13.582364,61.042963,105.212936,12.623075,1.878392,18.616277,17.785886,103.196370,295.352211,103.313161,44.082376,13.206628,229.990255,32.644474,234.846552,83.174439,143.723147,20.139121,50.695925,53.375466
2012-03-31 01:00:00,0.979803,20.393072,102.847585,56.762975,8.250781,112.877187,138.456806,13.206345,2.988098,12.495775,66.227812,167.433959,16.620383,2.004671,18.194549,15.452814,32.746704,96.590476,55.338821,22.321203,8.759498,167.905991,24.854316,208.063332,78.286371,148.212785,15.863006,51.982987,34.514877
2012-03-31 02:00:00,0.868759,12.235843,69.144888,47.960161,6.201224,111.115598,79.793380,11.885710,3.706168,18.336192,52.401547,132.102423,17.882690,1.657405,18.074055,10.059479,14.160737,19.962032,60.388752,15.520837,6.648234,140.549601,24.631740,181.209629,55.951957,117.223337,15.771047,41.901005,23.952948
2012-03-31 03:00:00,1.358661,8.470968,59.577671,13.486085,6.516541,108.540969,92.304537,18.224756,1.459303,16.842132,38.817241,81.762802,34.292688,2.541354,31.087374,11.907757,13.629709,20.820614,80.378060,19.921074,5.502762,78.629147,16.989965,151.395676,48.552234,87.876439,16.138885,31.926277,14.711259
2012-03-31 04:00:00,1.966139,10.353406,54.576626,6.200997,4.887405,85.911328,113.434492,16.111740,1.806757,13.582364,37.330917,72.226414,37.027688,2.336152,30.605400,14.483226,8.850461,24.040296,85.848818,19.281039,7.142360,64.049993,14.022286,166.478858,35.935995,64.387970,14.345675,19.627689,10.750536
2012-03-31 05:00:00,2.194760,8.052649,42.400167,4.206271,2.417426,82.388151,108.708055,16.507931,2.293191,16.298837,44.486010,52.997304,30.716150,2.336152,26.207380,15.119518,9.912516,41.426582,82.692611,16.160871,8.512435,67.981450,12.835214,157.457142,27.589570,45.881904,11.679083,22.559329,8.110053
2012-03-31 06:00:00,3.433665,19.094983,70.102188,3.959461,8.901622,75.409655,112.745326,16.871313,5.216033,32.512938,42.118367,55.496187,53.006495,3.160619,30.991602,19.638033,31.860054,51.991694,79.586425,11.773030,14.908639,79.779939,27.415675,121.306484,22.514756,56.510797,24.040922,30.375506,31.515743
2012-03-31 07:00:00,5.624144,62.183710,161.529871,7.072014,32.556925,129.496739,148.825603,53.890551,14.407243,82.553762,45.949550,105.470824,137.277201,10.067867,46.414418,21.714691,87.071985,74.656643,119.050054,13.372588,27.401227,148.542039,60.897387,158.780615,34.822274,57.075203,41.392906,42.063695,113.926650
2012-03-31 08:00:00,8.625679,117.296639,277.211236,11.580194,59.529323,183.637724,217.949735,121.547404,23.757218,136.809100,55.313273,181.686451,234.557251,18.603451,72.770461,32.236975,132.011329,122.120114,155.292934,21.482673,34.675043,236.569448,97.086822,213.137362,44.934247,84.132312,59.254836,52.045932,211.811927
2012-03-31 09:00:00,11.681973,160.924613,355.380588,20.462643,81.003559,235.138475,256.887864,189.053577,32.844474,185.520028,72.121440,249.354841,290.475219,26.076286,79.557839,40.758152,196.143142,213.366626,169.106208,34.796045,42.367187,300.669745,127.342295,168.953264,55.437550,101.559966,71.967612,69.318298,284.226064
2012-03-31 10:00:00,13.434957,190.197778,417.649591,38.622386,93.535979,273.396816,288.646555,260.288951,35.312403,235.262665,88.387558,302.635404,356.001873,31.560478,91.715300,44.788088,242.156647,295.056543,162.613288,37.530437,49.551741,366.038800,152.648547,256.676550,59.707122,129.733696,87.807004,81.840827,340.990385
2012-03-31 11:00:00,14.710917,204.593163,447.120391,48.031865,92.145403,287.044672,312.308320,282.794204,38.013405,265.842131,108.573338,326.851286,427.778402,35.241643,120.972736,46.266766,280.651273,339.494753,171.382776,56.421800,53.752780,404.223391,167.202551,254.658932,60.378834,118.975279,100.943082,90.844245,363.446596
2012-03-31 12:00:00,16.834567,227.724870,455.825599,57.658851,94.392775,307.700766,373.529668,286.776383,41.513267,275.117948,125.979051,385.690807,454.138432,37.235640,132.060385,55.860100,326.952216,385.734757,227.144969,79.792184,55.154516,428.562715,175.247851,208.232044,59.740505,103.745640,102.988426,92.713214,344.580346
2012-03-31 13:00:00,18.253379,216.529570,460.196790,69.429484,95.188547,309.490381,345.434281,230.055546,40.967234,303.792091,124.672024,366.924021,382.950479,39.710892,133.251952,66.876628,368.125820,344.347270,248.393112,70.349257,52.252880,389.931960,178.144755,165.569581,49.796902,94.565736,103.610361,83.077193,318.687770
2012-03-31 14:00:00,20.460446,196.434984,414.490762,61.017578,83.847384,294.520101,259.684906,172.447313,35.014719,269.324448,112.451545,332.611021,335.009361,35.926283,124.098214,69.091334,383.727210,281.068785,277.219222,62.758843,46.129835,337.703427,165.346299,129.351686,43.524167,88.523260,85.602276,75.659549,272.043806
2012-03-31 15:00:00,16.994567,156.157872,354.773491,43.936894,60.514658,249.919246,230.231054,144.112006,21.945046,211.724607,105.404235,296.687901,275.565506,27.116442,109.279337,47.406414,303.162321,243.305852,238.881709,68.422751,37.586866,317.374775,138.561074,101.278489,41.193163,71.264599,66.176343,65.696523,211.416814
2012-03-31 16:00:00,10.665598,119.285187,289.086343,33.884210,49.180719,231.077253,223.540134,117.314460,14.961228,214.026783,101.808259,211.500960,213.027103,19.815334,120.921819,27.422778,223.410339,195.822460,157.258196,50.248237,22.837000,368.217136,97.076620,66.812269,47.892509,54.892510,41.754714,42.994238,164.255597
2012-03-31 17:00:00,2.710789,92.859542,194.171022,35.848875,89.200093,140.249566,172.547442,54.949915,15.516473,138.451967,93.484016,131.789755,238.617969,8.452881,113.091746,8.665696,144.212852,148.829471,104.249000,39.482261,7.344502,392.697974,41.918473,75.892907,50.015665,54.151891,9.425844,10.904272,192.241784
2012-03-31 18:00:00,2.743449,115.769901,263.968221,11.578086,123.341298,143.095210,100.367283,55.862838,16.144992,75.110474,97.993657,123.191372,198.603053,3.393734,64.162895,9.423187,121.782337,117.196444,39.136961,24.641328,8.984100,382.498039,36.428266,176.628289,69.959267,133.867846,6.023344,5.827529,274.987382
2012-03-31 19:00:00,5.434643,134.385115,227.873719,12.011722,152.665731,124.937295,87.578100,103.537742,15.241614,65.331172,101.104567,85.983826,159.681904,2.351937,23.917999,2.545169,104.258425,102.600550,19.147653,27.281470,9.590527,381.842796,16.767389,340.851718,64.221100,251.693451,17.564256,4.790729,357.030943
2012-03-31 20:00:00,4.480967,78.748632,208.086975,17.995901,126.757226,107.321407,77.291149,112.121866,6.624774,86.248012,92.117495,53.935309,95.935373,1.767899,16.507637,1.999776,93.106845,84.784973,17.253929,32.561755,10.039732,346.951112,11.202990,302.650388,75.021219,216.159614,22.254188,9.867472,222.554946
2012-03-31 21:00:00,3.919213,100.814981,179.602760,14.613539,91.021358,114.503269,82.017586,54.674267,5.049653,75.246297,100.171294,45.962263,51.123455,1.957316,10.543199,1.363484,112.400849,74.052698,16.833102,46.242492,7.681406,297.971706,12.019102,293.628672,86.362310,190.590581,27.541857,14.264932,121.273585
2012-03-31 22:00:00,2.847962,63.793712,200.911562,14.830357,33.476100,129.951047,75.622995,32.223481,12.693624,93.446665,88.280706,42.835579,55.962301,2.667633,9.639496,2.787566,123.906448,71.691598,15.781033,36.721979,4.042845,245.388463,10.238494,302.720870,75.484909,143.832651,29.013208,39.541392,109.768626
2012-03-31 23:00:00,1.502365,36.184630,183.951495,21.985354,12.507554,115.451817,85.909946,23.639357,1.968902,74.567179,82.404543,36.894878,39.552303,2.557139,17.592080,4.151050,121.605328,61.388614,21.883032,34.321850,2.942293,162.336427,8.532079,231.110997,53.227777,131.896786,25.058952,57.810516,67.709513
2012-04-01 00:00:00,0.418049,18.615214,168.730922,17.215356,22.440023,108.676475,88.690203,17.432375,4.331583,67.368526,80.745391,46.743934,33.030381,2.525570,24.640961,4.363147,125.499531,56.666413,26.091307,39.202113,2.268485,177.734635,10.906222,189.244595,70.229753,136.769685,13.242162,55.486655,25.273189
2012-04-01 01:00:00,0.698926,16.837357,98.716287,28.012897,18.340909,150.277071,73.954840,14.394916,9.033783,73.752237,75.214885,53.309972,15.358075,2.241443,38.678477,8.574797,107.444591,40.138709,31.141238,34.961884,1.774360,160.206887,12.241678,181.068665,69.186450,99.155284,7.632635,45.225914,20.558042
2012-04-01 02:00:00,0.803439,20.706811,93.497805,24.326989,7.199726,97.564916,96.752949,17.168248,11.442792,85.568894,59.556639,55.811320,14.095768,2.478215,33.316508,17.301092,113.816923,36.704381,34.928686,37.041996,2.964753,139.075304,11.499758,148.012533,61.284395,102.221378,12.690405,31.533009,14.334047
2012-04-01 03:00:00,2.024927,17.569416,71.319256,9.019632,5.570591,76.290344,90.636383,16.243804,6.092013,90.322722,60.628175,73.164419,19.144998,2.462430,26.990589,18.664575,187.098736,35.845799,38.295306,43.842363,3.481339,129.410471,11.573950,189.808453,59.854683,113.390719,25.978546,20.414227,12.070777
2012-04-01 04:00:00,1.744050,27.190763,61.752038,10.580723,5.045064,89.027985,90.914409,9.376505,3.544023,63.972935,55.443325,85.671157,14.306152,2.494000,16.146156,15.240717,167.450714,32.196825,31.772479,42.482290,4.492050,177.407013,16.099661,231.322444,72.760729,145.256194,29.381046,27.957838,12.447989
2012-04-01 05:00:00,2.064119,27.504502,56.316120,12.141813,4.992511,79.542508,84.519817,6.603172,2.710135,80.135949,50.673263,114.592990,11.781537,1.862608,8.916534,12.271352,117.534116,33.913989,30.509997,54.562941,3.256736,211.807265,14.022286,224.697121,65.013238,141.259322,17.846968,16.231277,12.259383
2012-04-01 06:00:00,4.132878,56.638275,82.375150,14.402946,10.455723,81.724359,63.419748,16.306564,5.145977,101.562815,42.641020,137.697314,52.660307,3.355346,12.584781,16.571913,115.408155,42.095683,44.655783,64.793759,7.006392,199.147887,26.935420,169.130522,67.834573,141.741886,23.478279,19.281374,34.373655
2012-04-01 07:00:00,6.172091,61.197973,178.449273,17.782424,23.939081,147.494773,77.453366,62.401317,15.481882,138.383535,47.435553,191.461634,158.669483,6.066170,37.112187,24.618657,174.626204,70.339768,68.765351,85.735360,18.579787,291.778685,62.183502,197.445760,70.256220,153.090690,51.202803,43.506088,119.068364
2012-04-01 08:00:00,9.279169,83.702786,279.460561,24.600442,48.513342,189.623754,116.706432,126.919153,27.926107,194.556707,61.989100,224.083146,266.913317,7.604831,69.522177,36.668758,283.547403,143.316846,78.964136,81.643659,31.665510,349.185491,98.852104,222.922972,63.330718,148.933499,75.764802,66.483635,214.205497
2012-04-01 09:00:00,13.185464,102.799155,349.287655,25.956257,48.118811,231.643966,171.383506,179.084124,38.499791,233.971345,74.248094,256.407633,352.756990,9.092359,97.735614,50.458730,328.833234,269.318104,93.167216,95.572255,41.553790,388.480294,126.346062,190.699888,72.395357,165.494372,94.375723,66.314107,276.256970
2012-04-01 10:00:00,13.458642,105.748847,388.436742,38.823964,39.233655,277.066453,252.734219,205.243101,43.538033,240.732575,104.303402,283.152595,383.843699,14.185224,102.146289,63.951097,368.382012,297.221122,112.804174,77.328021,48.586232,466.454202,150.844641,355.290042,65.690832,216.723983,99.966152,71.194427,328.466189
2012-04-01 11:00:00,13.969229,142.333991,434.919653,49.215434,54.006735,302.211129,314.990335,193.796803,44.155884,240.192124,130.624968,290.771526,363.110906,16.862418,101.192176,70.230396,367.708315,267.498037,128.820222,74.857804,52.011821,500.051063,167.613428,432.762624,60.150414,220.148007,112.908002,74.107904,348.826545
2012-04-01 12:00:00,14.678744,152.427809,453.503289,50.109722,75.266249,293.381603,339.494766,174.731374,43.582598,270.742113,140.333247,296.590888,361.063436,18.522962,109.985485,78.529049,337.435292,206.868993,175.185321,91.828554,52.895027,563.580360,173.901160,464.754786,59.796363,170.581541,117.270979,74.019486,318.959688
2012-04-01 13:00:00,14.832213,128.512738,385.483211,54.932075,62.788510,264.055866,320.088529,137.009795,36.819019,296.181986,149.313339,270.581074,338.978923,22.764208,111.473956,84.700787,288.501567,197.429834,219.445995,129.011619,48.937790,565.491444,163.679233,398.145015,48.049934,124.792367,112.656322,68.256450,283.215511
2012-04-01 14:00:00,14.054314,166.356123,305.455709,53.564160,60.710421,227.152486,384.158537,131.280563,26.007930,279.451128,195.303389,237.665634,298.044950,26.815826,98.405476,81.831476,255.500154,206.243181,258.663423,147.952544,42.038354,492.322802,139.949704,319.203619,39.349580,113.423619,105.569060,58.113243,233.199675
2012-04-01 15:00:00,10.752630,104.803031,240.585506,80.065098,39.785588,192.094125,424.397707,143.445513,13.500760,265.658251,254.500464,201.022425,259.698868,23.268683,58.554433,92.790343,209.272952,206.443745,276.290380,147.559289,30.758558,382.883972,109.717270,219.470134,32.192513,68.469474,74.733320,43.604461,145.464108
2012-04-01 16:00:00,7.851263,45.468666,179.248765,62.333495,25.043935,135.923865,490.711525,124.558780,10.715671,182.799003,267.597771,132.975973,211.249773,15.905317,27.738021,63.053585,183.066813,139.506100,314.692411,197.402219,18.690458,336.076054,77.078074,186.834236,33.644685,57.313695,43.258610,25.777257,117.332345
2012-04-01 17:00:00,3.605676,59.581181,103.972248,66.516270,25.879056,61.926620,460.158625,67.218360,6.309877,121.718457,249.453756,47.056603,170.019673,7.949563,12.829594,31.935816,164.591393,121.476325,318.220806,185.994826,4.289908,292.986513,41.992665,224.875123,48.176719,103.806120,12.368547,3.217654,71.582977
2012-04-01 18:00:00,1.254148,36.080050,83.495714,42.279527,5.885908,97.158395,254.393529,23.771420,8.917966,93.989960,208.396388,50.808624,208.911898,4.025126,46.570815,14.513525,277.196425,138.875640,221.565699,125.046740,3.818243,306.981295,52.305351,345.433058,50.291072,160.860422,7.356756,4.218702,46.208442
2012-04-01 19:00:00,0.489902,64.630351,126.548192,11.491359,3.468481,111.386612,209.075338,23.771420,5.767723,74.838827,165.776925,51.590296,309.054963,1.357494,43.739213,6.393223,239.316454,179.443640,152.549983,98.485308,3.301657,323.526178,32.125130,342.543290,44.842712,231.216324,7.310777,6.363804,64.126001
2012-04-01 20:00:00,0.633606,157.706423,116.328664,42.322891,9.249284,63.959222,242.994475,16.639994,5.651906,98.607964,131.211261,35.800538,312.000348,1.436418,31.027128,3.302660,138.952231,181.590095,88.584197,67.843657,2.515548,283.720173,17.435117,257.048432,56.744095,225.029385,5.379628,3.861185,95.245973
2012-04-01 21:00:00,0.921015,166.177391,80.451599,50.215069,8.355887,55.693306,331.684678,8.980314,15.681721,153.480715,108.536185,36.113207,208.911898,1.420633,17.471586,2.575469,77.176016,203.269291,90.477921,57.043074,3.189356,194.279518,9.644958,209.966350,49.054565,154.290221,6.759020,3.038895,69.972784
2012-04-01 22:00:00,0.555222,105.102755,82.625967,42.322891,30.480593,49.053471,223.254649,10.565076,19.897487,104.720028,88.660928,28.921832,163.468827,1.010228,23.917999,1.605881,78.769099,219.153058,86.269646,41.042212,5.345540,125.806635,5.045055,181.984933,40.824063,90.395016,5.287669,7.329101,36.212330
2012-04-01 23:00:00,0.522562,67.244847,130.244616,27.709352,22.124707,31.708598,179.326586,12.942218,12.739951,117.351626,77.841875,21.105121,166.624596,0.662962,29.581203,1.575581,60.714159,211.640465,105.627712,49.202652,4.739113,93.044491,5.119247,111.573257,37.887358,38.052414,4.643953,17.768600,51.300801
2012-04-02 00:00:00,0.542158,26.772443,206.999791,26.928807,24.437027,23.578188,163.201095,9.904758,4.586382,70.492470,71.827450,16.571428,110.662295,0.615608,15.543687,1.757379,68.502565,171.716402,120.987918,40.322173,4.110226,63.886182,7.938543,115.943151,29.637535,25.295274,5.057770,13.621402,49.791954
2012-04-02 01:00:00,0.587882,8.993868,245.920970,31.698804,27.800403,12.602135,115.658698,9.244441,1.551958,33.684263,64.430398,9.536388,83.312298,0.726101,4.879995,1.272585,70.980694,125.567619,135.085640,29.121570,4.087766,45.375570,15.654509,100.366594,15.765469,12.483382,5.747466,9.581458,39.230024
2012-04-02 02:00:00,1.646070,11.085465,229.395777,25.801352,7.094621,11.924601,106.483849,13.998725,3.057588,24.040785,61.077528,19.072776,42.287303,0.710316,6.506660,1.333184,49.562579,118.913608,80.588474,31.681708,3.391498,38.495520,16.841581,69.988783,25.309760,10.238563,9.241925,8.365900,34.326271
2012-04-02 03:00:00,1.502365,12.863322,92.628058,37.162620,4.204220,12.873149,147.353629,10.300949,2.571154,18.336192,56.238335,22.668463,17.041152,0.599823,14.338750,1.121087,39.650063,112.903534,41.451513,24.561324,2.829992,39.806006,14.838397,56.244762,10.838760,8.924523,20.460979,7.865376,33.194636
2012-04-02 04:00:00,0.979803,6.902270,48.270960,34.213894,5.780802,15.989806,168.483583,8.187934,7.713461,15.212248,42.861423,19.229110,21.669613,0.441975,15.724428,1.908877,36.109879,98.736931,33.455789,11.680630,2.021423,27.028769,12.761022,40.315795,4.946029,6.132188,39.174728,3.110399,41.493295
2012-04-02 05:00:00,1.593813,7.111430,26.962158,36.035166,9.932469,10.298519,113.712518,7.395553,5.281289,27.300552,36.812432,14.851752,17.461921,0.631392,12.892826,3.211761,26.197363,107.108106,39.136961,27.841501,2.470628,20.967773,8.903038,29.038649,2.569617,3.723114,48.272344,6.971584,33.383242
2012-04-02 06:00:00,3.962271,20.269007,44.759956,23.681434,9.365025,32.796838,94.667626,13.239891,2.109661,43.797769,36.277759,33.654599,38.632221,1.258092,26.596399,6.997673,47.546800,127.510962,31.153815,47.863896,7.439563,30.081845,25.081708,23.247111,2.960933,10.763232,48.623744,32.639889,54.179115
2012-04-02 07:00:00,7.243726,59.978702,109.976267,20.834459,26.222613,87.729820,149.298767,53.145816,4.906518,83.294584,38.597003,99.922711,82.879348,3.799414,17.640724,20.373155,74.797822,168.484288,59.573103,36.869694,18.437643,85.917643,62.010629,40.578297,9.352679,33.125376,54.206882,43.781549,123.432360
2012-04-02 08:00:00,9.939126,114.050942,218.590407,25.169433,41.896169,147.148056,190.695667,105.595650,11.183953,151.485825,39.129313,180.870064,172.134687,9.488786,19.162619,35.222093,121.585572,198.488376,94.646556,44.665492,30.225123,158.777184,96.041248,64.832965,19.668292,49.449170,62.323659,50.201388,217.845473
2012-04-02 09:00:00,12.951660,157.816117,346.542004,24.838756,52.010245,203.289646,206.261550,153.943498,15.946269,221.787688,37.360601,242.929520,297.683350,19.748031,32.410410,48.417807,189.270540,187.667577,131.957995,66.722441,38.868513,214.806972,128.709954,85.440169,27.170295,63.282393,69.443235,69.301882,298.372689
2012-04-02 10:00:00,15.382060,196.569851,431.261466,19.304468,85.619947,251.377065,213.199614,162.461545,14.179696,233.400657,33.921377,280.428148,383.567541,17.295801,49.972808,57.679411,275.830766,181.312844,180.151989,91.556882,46.863423,253.838279,162.344761,104.020211,34.198549,88.763358,76.000382,92.063721,376.115300
2012-04-02 11:00:00,16.985496,233.853701,423.012525,20.207763,105.807795,270.478695,220.414706,188.236498,19.542179,271.357346,40.420052,288.701494,365.490761,11.357694,54.689721,64.081769,314.823316,195.102881,246.848701,123.413759,51.496426,277.389073,183.251888,136.185506,39.809320,112.046957,108.579409,85.583630,444.164121
2012-04-02 12:00:00,19.185101,218.255247,389.067656,31.866538,137.887123,275.199638,241.618266,214.112548,33.982462,239.507887,47.129026,275.814867,365.033288,9.332931,82.100945,68.621935,243.696241,242.208959,306.694527,162.724773,51.509811,284.994897,192.657599,151.059505,54.669493,115.804191,124.842569,78.576818,439.651925
2012-04-02 13:00:00,20.773686,180.161029,350.825945,34.640600,115.819441,255.153328,272.339285,164.232837,38.006163,216.241761,49.524079,253.308199,295.053760,11.351371,100.772760,83.308208,190.692416,230.136536,358.965686,203.728658,52.804182,238.158858,205.412251,145.329201,68.805708,110.574699,102.763724,74.554514,357.592037
2012-04-02 14:00:00,15.421015,155.740063,307.499887,37.412841,102.981057,198.867961,324.657349,117.124983,32.534554,211.895594,47.117950,189.161467,284.325756,14.630404,194.198428,78.805782,145.819777,264.742694,375.643410,215.232372,36.950816,237.570029,174.519390,122.290437,60.841579,86.864051,79.626410,62.129186,359.687756
2012-04-02 15:00:00,13.994774,137.959151,260.480742,50.781362,75.618273,150.188695,419.123807,95.787012,32.113471,163.936484,52.304512,162.556486,319.639387,12.108844,174.390248,63.967756,86.980826,276.325610,395.050646,281.496830,27.083257,192.138785,106.101587,90.275255,43.148166,70.373442,66.004460,46.355023,279.262940
2012-04-02 16:00:00,14.259346,94.459914,178.553968,71.346670,62.962410,155.958046,496.623931,75.064939,21.701690,150.290709,47.971289,103.264192,285.089036,7.706226,91.808507,41.362704,59.098352,312.076890,413.269720,348.887365,15.167050,152.586779,70.260901,54.215734,28.916452,39.279075,43.746080,34.258845,164.694139
2012-04-02 17:00:00,8.720250,71.606186,72.610827,74.148747,45.318292,101.223600,497.442221,48.568107,11.685598,150.595245,41.529469,34.080862,166.236127,6.160757,41.051397,21.512741,73.013398,276.501305,401.259910,338.054472,9.815130,117.196229,36.205690,81.264306,14.373792,30.359480,19.357465,14.729705,103.383140
2012-04-02 18:00:00,3.605676,49.257112,55.663809,68.948152,10.352891,91.873629,599.979493,34.336496,4.655873,88.013720,23.539217,32.830188,89.623836,4.609164,13.796529,12.059255,117.180098,278.395217,349.497271,205.851095,4.447130,82.069172,61.356773,149.351694,10.548953,59.898333,14.805472,21.129261,98.829484
2012-04-02 19:00:00,2.325400,26.563283,114.806607,76.146513,12.507554,111.115598,521.854267,27.601260,2.663808,62.750522,15.347155,30.797843,54.279224,3.914633,12.350604,6.544721,99.833195,292.561820,279.008658,129.686990,3.503799,82.232983,73.969411,120.031116,4.733505,63.238185,8.736148,64.102817,198.224787
2012-04-02 20:00:00,2.547489,36.080050,215.262388,56.069158,41.201354,107.727928,367.549995,32.487608,4.099948,107.164853,8.745113,19.385444,62.484223,2.146734,35.184160,4.151050,56.642948,307.801650,243.869559,108.085826,7.097439,95.665462,37.912105,97.335861,7.361083,48.345729,9.379865,50.302657,170.311115
2012-04-02 21:00:00,2.723853,36.498370,174.384278,66.476426,39.256902,89.434506,340.025450,31.034910,2.084719,33.820087,4.355274,15.477089,46.494994,4.230329,85.791514,3.332960,57.350984,449.896973,254.179834,79.284273,7.299582,67.981450,19.809261,31.153114,2.685539,19.272590,6.713040,43.688590,102.790208
2012-04-02 22:00:00,3.363992,63.479973,77.190048,77.967784,21.599179,67.075879,289.702795,22.979040,7.690298,35.178323,4.458971,12.350404,67.743838,4.703873,78.863126,1.969476,53.279773,436.374306,215.674114,75.204053,4.469590,56.514700,14.096478,19.171147,2.260490,12.373879,4.322094,34.357394,50.546378
2012-04-02 23:00:00,2.704257,130.933980,39.138616,84.515691,25.593188,48.917965,297.765541,18.620946,4.980163,43.056094,6.256385,10.943396,49.440379,4.356607,73.742144,1.484682,96.470020,413.836529,190.845289,60.883281,2.021423,52.583242,9.570766,31.716971,15.205176,18.834576,5.011790,27.242803,37.155360
2012-04-03 00:00:00,2.671597,159.693440,44.791972,107.368317,26.434032,24.526736,275.523484,23.243167,3.173406,27.164728,9.954911,10.005391,57.434993,5.461544,80.851272,1.211985,86.557504,405.250709,180.955842,47.042535,2.021423,42.263167,8.309503,42.289295,17.465666,33.453274,3.724358,15.659249,46.397048
2012-04-03 01:00:00,1.920415,113.573724,40.225800,115.694132,32.004623,19.512983,234.931729,18.753009,3.474532,17.385426,9.090770,12.350404,80.577298,5.698316,51.752044,1.363484,99.656186,380.781121,184.322462,64.323467,3.863163,43.246031,8.086927,37.707955,17.156539,31.810723,4.506013,11.297540,40.738871
2012-04-03 02:00:00,1.809370,94.226450,23.483170,128.443035,14.399453,14.770244,212.967698,13.602535,2.223701,16.570484,7.397052,11.568733,79.525375,5.414190,27.834045,1.454382,128.685697,404.606772,148.762535,82.964472,5.884586,69.291936,10.535262,48.844136,13.350415,26.171301,4.460034,7.972631,57.524795
2012-04-03 03:00:00,1.606878,48.838793,17.612377,126.188127,5.150169,18.157915,299.155670,10.168885,1.019196,17.385426,17.732186,10.474393,32.188842,5.445759,15.483440,2.060375,112.577858,402.245671,164.753982,120.006468,2.313406,96.812137,6.306319,42.289295,3.245832,15.220966,3.034662,3.932688,46.397048
2012-04-03 04:00:00,2.201292,21.020551,17.177504,113.569314,3.783798,14.770244,342.249655,11.885710,1.065523,11.273362,26.131642,7.660377,19.565767,6.598050,8.916534,0.999888,96.647029,439.164698,185.795359,86.324653,1.594678,101.890270,4.377327,47.927868,3.574279,18.670321,4.046216,6.042039,41.681901
2012-04-03 05:00:00,2.560553,13.699961,19.351871,104.939955,6.463988,9.891998,310.276698,13.998725,2.246864,8.964360,24.507056,5.159030,37.027688,5.208987,25.122936,1.545281,101.072260,488.318518,190.214048,59.523208,4.132686,134.324793,7.270815,72.455659,4.907389,29.018388,5.012022,6.757073,36.212330
2012-04-03 06:00:00,5.031882,24.626111,32.822025,101.526275,11.393018,28.705327,271.755693,17.598169,5.536250,19.499460,31.833987,21.948655,65.966067,2.163444,56.476019,4.047549,125.773012,427.292540,172.828227,42.207284,7.678178,144.141205,20.524207,91.702108,4.187666,37.173369,15.911426,10.152563,49.619932
2012-04-03 07:00:00,6.787487,38.043350,63.326900,133.321969,22.062619,77.588070,219.397682,25.015471,8.380840,41.114092,49.530022,58.085225,104.182364,2.575138,62.635409,8.094676,164.051472,318.751418,151.953400,42.360445,11.560871,131.170666,37.928519,76.844145,5.382269,52.114043,22.223169,19.556160,73.963648
2012-04-03 08:00:00,7.269799,53.673988,120.122960,144.484535,36.087492,140.050700,340.897651,47.746237,17.460628,67.870876,64.218067,108.764637,189.122687,6.709139,68.940686,16.354214,233.552728,362.833434,152.206574,33.776798,16.881976,179.648697,65.717949,81.477326,4.871080,72.248485,39.582100,25.665187,102.882999
2012-04-03 09:00:00,6.779378,74.775986,180.562033,156.449219,39.630604,163.071076,480.083742,65.639775,28.317754,93.953565,77.442663,155.483226,286.715010,9.327589,88.443429,28.959920,291.917720,345.132297,182.012123,38.734809,19.256164,231.809669,72.337760,138.705102,14.676972,97.300987,43.990018,26.563047,131.741676
2012-04-03 10:00:00,5.958490,70.932292,182.334910,132.815156,34.381050,123.430499,542.474967,72.622641,24.111234,77.641363,66.553518,181.301711,308.720681,9.777561,90.121344,40.909967,301.499814,343.322419,207.855585,76.862910,20.747929,262.497144,76.397248,224.027273,34.452084,157.409730,38.564859,17.994212,136.437345
2012-04-03 11:00:00,6.971897,104.877031,173.072985,120.987368,29.727693,134.182460,647.348131,80.729660,18.394411,79.831508,57.380305,197.759291,247.465289,8.943202,65.761730,42.588478,319.226804,408.435500,269.877639,114.354755,21.086651,269.295461,76.831786,237.863663,37.046495,211.646136,50.515312,16.077766,132.293939
2012-04-03 12:00:00,6.378495,125.829200,171.091777,125.831714,28.138129,141.130567,848.497782,100.185564,25.174736,106.593694,63.807128,190.083601,193.918224,12.828347,51.509965,47.758657,342.725799,501.605279,346.508514,123.233323,26.109285,237.182502,73.616110,213.642099,33.767456,174.150905,44.918980,18.294746,128.504975
2012-04-03 13:00:00,10.490464,198.155257,188.947386,125.470107,43.349088,105.929074,1003.223473,104.429013,16.832238,114.036697,67.781016,182.018573,208.313345,15.896174,51.475322,40.534974,311.223469,574.518693,365.714012,149.228975,27.682302,247.941768,62.708696,199.936395,41.052794,156.083121,42.214508,20.500150,119.760663
2012-04-03 14:00:00,8.025394,157.812027,195.760000,127.555654,46.939288,75.861808,1106.361992,81.434213,17.640214,109.312726,64.959852,146.286172,267.793167,8.228578,81.547876,31.789373,227.054285,672.524062,429.225427,141.482050,19.856431,314.595700,62.287256,226.833921,43.639722,185.540134,37.883609,15.347438,158.638089
2012-04-03 15:00:00,9.212773,96.477291,138.167177,134.192559,26.077789,73.232525,1018.136453,76.559846,15.188467,101.962421,65.431879,95.032011,261.965820,5.240271,88.230315,22.068095,161.064679,666.685344,539.137418,148.520762,14.283969,418.126134,39.078832,283.103767,46.059643,219.545546,41.507779,18.523278,176.596183
2012-04-03 16:00:00,12.068830,50.974106,117.835397,138.381009,28.006728,53.209191,798.042623,72.442010,10.128484,71.775829,60.151174,57.199966,214.412439,5.496220,47.528081,15.031770,112.181971,552.988234,573.544108,240.128320,6.664880,454.589736,22.877020,319.912224,46.589545,241.295983,33.706390,16.945762,217.288593
2012-04-03 17:00:00,5.885352,29.714692,125.450083,148.258317,22.556167,24.526736,616.064212,34.271802,7.177208,38.598084,42.529922,13.444744,108.112576,2.888246,36.920809,6.423523,76.521096,458.929462,562.237629,263.420243,1.662059,426.823759,11.870718,346.450649,51.844378,258.033260,25.012972,25.061949,287.404179
2012-04-03 18:00:00,3.396652,22.693829,168.513485,182.734285,24.910002,39.839007,517.127830,10.168885,4.007294,14.668953,22.363985,23.137466,45.443072,1.404848,29.641450,4.272249,62.130233,341.500994,487.739118,173.529353,2.762611,413.458265,6.677279,388.356693,65.418966,270.747034,19.633344,43.795845,328.551454
2012-04-03 19:00:00,2.691193,41.936522,212.000836,180.869649,38.153294,42.278130,544.930402,10.168885,1.690939,6.655358,13.791700,20.948787,38.079611,1.736329,26.026639,3.938953,97.355066,269.165460,419.985884,136.407352,2.380787,384.299957,5.119247,376.374726,70.712764,238.881559,16.736621,62.172224,283.663253
2012-04-03 20:00:00,5.735116,71.846361,298.758102,130.654580,44.617282,50.002019,556.051430,7.659680,1.853084,5.704593,11.683194,11.099730,53.648071,1.152291,27.954538,2.423971,146.740636,256.501375,307.835345,102.405519,1.212854,273.400097,4.303135,278.052115,62.482262,172.413025,23.955438,73.970289,174.837657
2012-04-03 21:00:00,6.368722,67.663167,327.677190,90.456506,41.306459,52.712156,652.526354,8.716187,4.818018,12.767422,11.095578,7.660377,53.858455,1.483772,19.519979,4.181350,153.466986,391.728042,296.893829,52.162811,2.223565,243.422735,7.048239,193.191596,82.150456,168.470905,19.587364,77.616963,162.955486
2012-04-03 22:00:00,8.844358,59.192198,318.109973,65.305608,36.051185,68.159934,586.634259,10.036822,4.238929,9.915126,9.125335,11.099730,60.380377,2.399291,16.567884,8.847493,168.158751,458.697439,334.347480,52.162811,3.458879,240.637952,22.480172,172.892735,76.528212,168.306650,20.185101,92.239413,160.315003
2012-04-03 23:00:00,8.426309,75.297496,333.765419,64.525063,40.938590,72.767166,488.491182,7.263490,5.489761,6.791182,6.325517,15.633423,65.850377,4.340823,17.833067,10.786670,165.857631,373.483174,343.395272,54.082915,2.223565,246.207517,32.125130,207.851885,65.650812,176.793159,27.679796,120.876533,130.892485
2012-04-04 00:00:00,5.715520,64.316611,335.939787,61.532973,39.414560,81.846124,360.043301,8.716187,4.771691,6.383711,7.327921,19.072776,56.172686,5.366835,10.121471,10.059479,149.041756,364.038772,392.842508,64.723488,2.987213,233.430281,61.579349,230.406176,43.335718,205.975802,41.657634,161.454724,112.409108
2012-04-04 01:00:00,2.560553,47.897574,334.852603,53.380613,45.353021,85.369301,316.115238,17.696502,3.821985,7.741948,7.984668,24.075471,46.915764,3.914633,5.301723,7.484010,126.384577,389.366941,469.222706,55.362984,5.098477,275.529636,59.872934,229.560390,45.171159,217.035640,36.048107,218.728964,129.195032
2012-04-04 02:00:00,0.875291,35.243411,345.941878,60.232065,36.051185,107.592421,288.034641,32.883798,6.161504,6.519535,9.159901,25.795148,39.131534,1.799468,3.012342,5.787230,109.745711,378.634666,445.025123,57.923122,2.964753,262.588589,42.660393,189.244595,41.287753,170.934730,22.484087,198.421993,162.201062
2012-04-04 03:00:00,1.116976,35.766311,317.022789,88.591871,33.949075,204.073282,224.366752,33.147925,5.119144,9.371831,6.532910,33.142857,24.825382,1.294354,2.831602,6.241725,140.191295,377.990730,437.871055,58.323143,3.189356,209.022483,21.515676,190.513274,41.828725,165.185804,16.138885,191.915181,199.733634
2012-04-04 04:00:00,2.959006,43.505220,333.113109,103.508955,46.614287,242.692728,232.707524,30.506656,2.964934,10.050949,5.426809,88.172505,19.565767,1.026013,3.855798,5.029739,106.913564,395.377015,461.647811,74.884036,3.908084,179.700363,14.690013,167.042715,43.934651,185.991441,18.437871,174.361092,233.494087
2012-04-04 05:00:00,3.076583,49.780011,368.120427,89.806052,45.773443,229.955086,219.084264,43.580937,4.725364,8.285242,5.012021,121.628030,23.142305,0.631392,3.735305,2.242173,73.635832,362.965545,350.970168,71.683864,4.200067,140.058168,12.464254,134.338994,44.900673,154.399724,39.247346,138.001602,189.548916
2012-04-04 06:00:00,1.733803,45.854800,403.138063,106.476797,50.573383,190.259852,220.583130,58.336194,5.056103,12.141762,7.311504,148.207795,37.901085,2.418656,9.048211,5.107212,78.174828,311.463956,232.176371,59.688541,5.223756,109.527646,12.180533,108.860456,47.863157,108.633131,72.286388,118.703013,167.675635
2012-04-04 07:00:00,2.020218,44.490373,423.551475,103.470080,82.236140,208.599551,322.358800,50.294977,8.156074,30.954142,15.420813,194.976184,53.225394,6.658381,8.009636,7.681963,118.037231,364.848228,245.866431,71.634119,7.320616,130.816297,14.548671,100.848362,57.171572,90.022682,83.433753,95.647726,224.818616
2012-04-04 08:00:00,1.904301,37.263562,380.655894,139.261079,60.849373,222.498018,500.347391,80.131732,9.254088,81.617119,25.328113,179.222996,64.993719,13.021576,14.969009,8.636433,155.164331,466.144733,345.922276,104.485026,10.535709,187.899936,19.233898,104.305481,69.679346,77.672722,82.872386,86.642012,255.536765
2012-04-04 09:00:00,2.590223,57.043387,296.143251,220.720294,74.403913,183.327202,596.741854,107.235152,11.944584,140.320704,28.376689,154.821651,91.445950,18.710871,28.790721,14.834052,206.939468,556.741468,438.010900,132.643782,14.232623,274.211390,27.515236,143.802542,77.691136,107.971872,71.657734,54.516692,214.706819
2012-04-04 10:00:00,4.201476,77.399386,315.927873,207.461151,81.472241,198.384027,800.391265,126.554202,12.505795,169.035509,25.999271,146.740141,136.917067,24.055952,87.919368,22.731220,205.964002,522.774454,594.341358,182.311097,22.388673,375.505066,38.025855,164.496705,84.735556,133.075879,48.269459,57.198595,267.117938
2012-04-04 11:00:00,3.323468,92.017505,295.820665,160.645730,69.704275,192.882042,976.738162,186.366596,14.300687,143.799610,43.812608,142.807278,141.641250,20.100761,77.324542,26.144697,222.382871,519.983760,622.487335,203.199742,26.343966,372.162782,53.663590,161.782775,96.181850,147.051503,53.321093,81.288985,271.357820
2012-04-04 12:00:00,4.806379,79.310212,267.421725,164.101967,41.921510,133.059860,1048.218400,216.378269,24.013989,125.163241,71.989359,123.584365,164.035976,24.939967,54.017629,24.327882,305.158581,523.307694,664.059531,204.333418,28.773811,343.213436,53.942134,142.243084,103.293831,135.815183,60.759850,92.799214,253.239941
2012-04-04 13:00:00,6.854699,69.772500,250.740092,192.595228,32.209849,125.026410,1087.725985,202.092284,10.611928,113.556623,71.836063,106.407535,207.913717,26.247099,50.548832,27.755652,337.840681,660.320129,827.148096,281.132009,21.345470,278.985682,55.637625,118.576621,100.213335,102.306010,39.257318,82.656032,186.508331
2012-04-04 14:00:00,6.685682,100.972037,200.108432,221.100497,38.314329,99.905893,1147.555559,202.109702,28.699264,149.749027,56.130774,78.655670,272.150167,24.197420,80.037626,40.052313,378.902741,702.956993,902.936176,332.900488,18.142133,256.817849,57.792298,89.407434,79.154621,75.395963,34.511443,72.277832,160.616676
2012-04-04 15:00:00,3.082691,86.150159,181.393848,223.197074,32.536753,74.918951,928.793086,151.582023,24.138180,116.318970,54.150582,52.967641,248.849301,19.208660,64.430749,31.654112,322.382203,565.763764,720.775120,265.380810,11.732559,224.860007,42.234606,57.291324,57.211266,66.650213,49.261783,62.542190,113.551410
2012-04-04 16:00:00,2.792155,50.842524,124.055334,198.010735,16.461810,51.466822,852.728114,105.476487,15.440162,72.601197,53.238462,41.028948,170.803515,15.962970,46.259533,20.875688,227.241045,541.798959,726.025936,229.032413,7.589591,205.781140,29.091699,42.204698,52.634548,73.028993,37.113403,48.116138,76.965550
2012-04-04 17:00:00,0.901419,57.198322,56.203077,216.549178,7.254443,15.176765,902.932533,75.825339,7.485576,50.253516,84.511995,10.520943,128.759922,10.940382,30.241522,6.793821,192.620116,575.835619,884.516086,209.378154,2.133724,206.975708,8.828846,28.310318,61.136452,60.559098,27.128040,26.882093,100.086946
2012-04-04 18:00:00,0.731587,77.179934,47.401213,267.033157,4.414431,12.602135,989.215495,42.656493,7.157536,31.782732,122.397016,6.722372,113.607679,5.887734,24.761455,3.423859,186.036681,569.454518,956.330583,210.971371,1.909121,223.601637,7.419199,21.849469,68.490914,51.630830,38.852870,28.279603,113.917955
2012-04-04 19:00:00,0.803439,69.859344,71.536692,270.979246,7.042068,11.653587,870.498514,24.695864,8.732657,24.448255,137.640474,8.285714,103.509218,1.673190,19.821214,1.817978,243.564675,523.305735,849.650802,263.134182,1.931582,252.923757,6.157935,93.318378,78.692100,83.386801,48.094795,30.031437,149.187256
2012-04-04 20:00:00,1.156168,40.472404,84.148024,233.946717,16.343904,18.022408,729.261451,35.393004,11.280647,17.928721,111.819923,12.037736,83.943452,1.625835,16.146156,1.484682,298.968558,430.578878,554.229869,162.728771,1.751900,248.173246,4.674095,199.675955,58.424972,139.288262,41.703613,38.397337,128.440609
2012-04-04 21:00:00,1.508897,33.988453,93.062931,189.108736,49.925110,19.241969,717.584371,62.333947,11.095339,16.570484,75.629673,13.132075,54.279224,1.610051,15.483440,1.393783,325.165921,353.521142,349.286858,97.765269,1.527297,285.522091,6.825663,227.375443,62.366339,154.180717,21.012736,32.319546,123.536856
2012-04-04 22:00:00,1.724454,34.720512,109.588125,123.239401,67.845597,14.905751,641.127299,50.976490,11.280647,22.954195,42.584898,12.506738,67.112684,1.026013,31.509102,1.211985,295.428373,290.415365,276.483693,86.484661,2.088803,219.506369,10.535262,203.975366,45.055236,147.720020,16.874560,48.658078,129.195032
2012-04-04 23:00:00,4.304603,42.145682,131.766674,116.995040,68.949204,11.653587,465.415047,32.223481,14.778343,27.436376,27.756228,15.008086,102.036526,0.868165,51.089328,1.605881,275.957360,281.185608,297.735484,77.444174,2.470628,203.452918,14.541629,226.247728,18.296445,150.840865,20.231080,87.412932,139.191144
2012-04-05 00:00:00,5.558751,41.309043,122.634330,135.858214,59.647368,21.816599,470.419510,27.733324,12.299844,30.017025,21.188752,15.946091,118.867294,1.073367,72.235973,0.999888,238.077389,316.172825,370.749062,80.964364,3.166895,205.582458,13.057790,206.653688,13.620901,130.308987,20.966756,101.034334,122.782432
2012-04-05 01:00:00,3.135371,69.545604,88.279323,126.578400,36.524159,36.857857,388.679950,49.259666,9.103274,19.694428,23.815742,16.415094,106.664987,1.988886,63.078452,2.030076,190.107893,381.639703,419.144229,84.164536,2.538008,173.966988,7.641775,169.580073,15.282458,110.872142,22.943884,70.216359,118.444497
2012-04-05 02:00:00,2.142503,46.433456,61.534602,129.960762,28.063167,47.291883,361.711455,66.956167,7.806115,17.249602,23.573783,22.981132,93.831527,3.062253,73.862638,3.999552,134.349991,410.187555,346.972306,90.244864,2.695230,167.086938,6.157935,141.387210,3.381075,101.345351,14.575574,45.905196,128.817820
2012-04-05 03:00:00,1.580749,33.151814,49.793017,172.066835,23.701289,41.871610,392.850336,72.502832,14.129764,24.855726,19.875257,22.199460,97.828835,3.741000,80.851272,6.332624,117.357107,417.914793,268.698384,80.244325,1.976502,221.144476,5.638591,158.937267,1.642236,125.819350,12.644425,21.772792,141.454415
2012-04-05 04:00:00,1.299872,23.530468,40.443236,160.358658,24.174264,22.765147,390.348104,82.935844,29.741995,36.264912,29.519077,21.105121,88.571913,2.525570,81.032013,13.028843,97.355066,397.952761,281.744037,83.444497,1.617138,202.961486,5.786975,191.852435,3.129909,162.721979,7.356756,8.258645,184.645163
2012-04-05 05:00:00,1.861626,14.745760,51.967384,142.406120,30.270382,19.783997,387.567847,74.615847,39.794974,42.105329,18.458065,24.700808,71.530761,1.610051,75.730290,20.815849,107.444591,445.174772,269.329625,104.085610,3.211816,198.866218,7.345007,199.746437,3.419716,123.355524,10.880171,3.682426,233.116876
2012-04-05 06:00:00,3.894088,18.373944,95.538798,169.398290,44.364017,25.318301,422.959479,86.622470,28.695578,53.838767,10.045553,37.637770,84.869997,1.714001,64.611194,26.016435,159.344113,410.781314,237.724812,129.100420,9.647407,207.766639,19.239179,187.398435,4.761656,135.482008,25.466523,6.447657,240.717575
2012-04-05 07:00:00,5.892805,36.197548,201.796792,160.900091,108.775019,57.923475,429.192762,95.982939,24.844319,124.650086,17.482870,73.836736,148.508918,2.675443,80.442872,34.312172,245.227925,369.720217,287.021183,134.580890,15.466243,244.199037,28.060985,207.487031,5.806442,143.308594,33.110053,20.982311,230.548915
2012-04-05 08:00:00,6.094122,78.359798,322.397569,188.882716,118.465337,115.114009,382.672726,95.240049,35.169168,174.864647,23.381085,142.110807,261.260826,3.522183,90.338745,38.941737,309.894846,515.896506,362.341811,128.481523,17.612145,261.461351,31.698619,199.908011,7.676452,152.131752,50.624631,38.727434,254.300887
2012-04-05 09:00:00,7.244811,116.984358,404.144840,259.635125,113.060656,154.356332,533.631840,76.625002,33.072455,208.174423,29.960985,190.949431,326.491358,5.242220,114.163242,43.525166,394.920788,585.299808,479.741845,172.353394,18.359933,266.814294,39.097730,240.225134,9.485522,150.945670,70.564204,50.156704,302.169407
2012-04-05 10:00:00,8.796993,158.574957,429.301802,216.394846,132.755394,159.241236,574.529249,104.937729,48.637713,253.338581,33.269990,235.665820,312.425683,6.771452,157.624975,34.624473,357.114314,661.197893,586.897238,207.567729,24.357510,307.088529,52.219047,302.532249,8.961052,148.772338,74.686859,58.014970,348.123570
2012-04-05 11:00:00,8.790922,156.056574,379.978556,162.363182,160.309980,167.862454,683.667267,132.288411,49.984772,246.489012,40.054865,240.963712,284.089534,5.999307,138.391642,32.849269,363.382888,942.781935,644.389641,284.016004,26.124770,319.973453,64.604708,353.315801,11.411660,194.128773,69.165928,49.828826,374.083137
2012-04-05 12:00:00,10.401551,154.784173,378.811102,185.549516,141.838478,190.936089,811.608974,122.655244,49.609532,213.181510,45.042435,255.968370,332.057224,6.774261,124.534319,44.775210,360.209567,1100.630712,711.527295,286.438628,22.963925,331.424771,64.871292,260.721623,22.258820,140.762586,67.641529,54.395490,412.823680
2012-04-05 13:00:00,11.009325,188.458668,455.072834,238.827224,170.007190,167.528630,910.350306,121.710156,38.936324,187.173890,42.599064,244.267328,394.203337,5.847033,163.124801,47.544128,377.516941,1143.220543,761.459072,316.303707,23.475165,284.779294,67.958983,148.896489,34.567808,66.287851,65.631161,63.330398,451.924064
2012-04-05 14:00:00,8.565519,211.685613,381.854608,289.713251,166.454250,122.181304,1155.159670,113.152758,39.661344,237.546547,37.901596,198.272027,467.210166,3.844554,134.461679,46.030647,368.729720,1296.389352,731.358682,329.728541,20.588592,248.480640,70.230511,81.080503,29.612502,29.607781,64.202540,56.890401,459.585966
2012-04-05 15:00:00,6.170888,125.992820,372.224874,268.178122,178.066130,119.254702,1092.131285,94.817871,78.020938,234.768466,42.530646,194.453571,458.712120,3.491659,173.350999,38.965820,347.045038,1198.159149,684.413178,269.501834,16.533474,218.922232,51.960022,42.758423,20.491129,28.823758,48.403688,49.883141,393.815154
2012-04-05 16:00:00,3.641377,60.819427,361.481402,261.716013,162.072601,124.771398,1013.633914,89.868486,60.039915,174.025441,52.398387,148.364026,499.425425,3.311660,252.067733,38.590911,355.020454,988.011460,674.664539,268.379618,8.924730,307.551720,39.421109,26.415071,10.857299,69.694527,39.755906,36.228358,434.347778
2012-04-05 17:00:00,1.691794,36.269579,323.297199,234.974870,116.872140,88.350451,888.478449,58.383564,71.665138,114.771167,64.677525,86.476497,385.647877,2.735729,203.986500,40.472109,249.886858,953.059886,675.933431,370.744026,2.493088,282.349559,10.090110,41.996644,9.120105,25.798585,18.575810,48.003520,410.587777
2012-04-05 18:00:00,2.162099,16.105298,264.620531,179.178468,137.110117,110.302557,786.256723,84.256479,61.916162,55.551869,55.547022,60.032344,288.016504,2.714987,117.059629,22.936824,183.204534,865.021375,485.424566,273.214725,3.211816,169.380288,14.170670,71.046016,3.786804,14.016429,9.333885,59.669605,276.684835
2012-04-05 19:00:00,1.273744,9.412187,170.252979,143.143302,71.787053,113.419214,967.529489,105.782821,23.001402,32.869321,50.535001,64.097034,270.975352,4.719658,75.429056,13.150042,139.306249,699.100401,445.025123,192.410370,2.313406,77.154851,15.283549,94.164164,8.500988,4.653892,10.069560,41.328977,144.472109
2012-04-05 20:00:00,1.600345,8.470968,120.459962,104.029319,22.702787,105.288805,1021.466478,107.895836,9.844508,14.397306,69.476985,49.401616,213.329975,1.404848,40.184649,5.453934,187.452755,745.678475,552.336145,92.484985,2.897372,59.135671,15.802893,87.186430,2.453694,10.019557,9.103986,37.968316,118.821708
2012-04-05 21:00:00,3.076583,9.830506,127.417939,70.639333,8.040570,59.758511,870.776540,80.690766,5.350779,15.076424,82.404543,42.991913,119.708832,0.631392,44.462175,2.696668,193.117049,921.687787,776.637224,47.762574,3.166895,79.939633,11.425566,73.089998,2.086606,19.874858,7.678615,25.347963,93.737126
2012-04-05 22:00:00,1.868158,10.248826,154.162659,42.106073,11.561604,58.267936,629.728245,53.881886,17.025207,23.769137,86.621554,45.805929,86.047297,0.789240,80.670532,2.393671,177.363230,768.860190,847.967491,43.362337,5.525222,97.631191,15.802893,72.808070,0.405729,21.134147,6.896959,15.516242,51.866619
2012-04-05 23:00:00,1.959607,16.000718,124.156387,43.060072,23.648736,34.554241,448.177453,28.525704,29.533523,26.078139,66.849994,43.460916,165.572673,0.631392,126.819618,2.575469,134.704010,594.997333,739.604400,61.203299,6.401172,62.248075,11.351374,93.177413,1.178546,21.681663,4.138176,3.682426,36.400936
2012-04-06 00:00:00,2.377656,31.373957,79.799289,58.367429,22.545129,24.662243,387.845873,24.431738,35.023283,53.107044,26.304470,47.994608,223.428435,0.662962,123.204807,2.030076,74.343869,539.833439,512.357529,87.044691,8.422594,48.979406,9.273998,92.613556,3.516318,30.168173,3.954257,3.575171,37.909783
2012-04-06 01:00:00,2.064119,44.969338,72.841313,48.740706,37.837978,20.190517,325.568112,32.619671,40.188754,75.382121,12.651033,65.035039,147.900367,0.789240,137.664051,1.939177,36.463898,476.942306,339.397410,51.042751,10.354176,40.133627,12.390062,56.526691,9.235164,42.049287,3.034662,4.075695,66.766484
2012-04-06 02:00:00,1.783242,46.956355,80.016726,33.216531,43.093253,20.190517,289.146744,46.222206,34.907466,167.606374,7.950103,77.229109,136.749984,0.536684,116.818641,2.939065,30.799603,450.970201,220.513631,45.682462,17.855900,44.884138,13.428750,29.179614,13.331095,37.121636,3.632399,3.682426,86.947314
2012-04-06 03:00:00,2.070651,42.041102,85.017771,14.656903,59.647368,24.120215,249.111041,65.371406,91.102231,253.446915,8.779679,76.291104,125.178831,0.836595,89.707559,1.272585,127.977660,432.081396,138.241847,35.761927,18.642008,64.869046,10.757838,39.610973,13.930028,30.496683,5.011790,11.261789,132.589938
2012-04-06 04:00:00,1.659134,84.186784,82.191093,16.131266,101.689566,30.082516,219.640315,88.878699,28.305855,176.978205,9.643820,66.911050,173.356902,0.410405,143.146515,1.393783,250.822052,433.154624,97.211162,19.601056,11.230126,96.812137,9.273998,82.182197,8.017977,32.686750,8.598209,11.905320,179.175592
2012-04-06 05:00:00,2.828366,142.646924,78.494669,15.914448,127.230201,26.423831,180.438689,95.745999,40.235081,137.860996,6.083557,90.986521,386.266108,0.394620,76.152018,5.575133,416.679683,419.631957,62.913717,17.440940,10.444017,134.160982,11.425566,95.714771,13.427697,34.876817,6.366397,15.623497,254.806553
2012-04-06 06:00:00,3.235088,232.937800,121.978227,23.443981,154.896124,53.661668,187.066588,98.416298,41.035945,140.747604,7.389824,114.106997,509.603891,0.814961,120.777822,14.631827,595.950982,371.196519,51.242047,12.597804,13.790830,199.373426,23.680291,77.927740,22.961377,32.549126,12.798585,21.118583,358.532815
2012-04-06 07:00:00,3.838527,133.046450,219.323283,39.732577,196.477523,94.530180,357.915947,173.326685,77.321020,281.699466,14.209173,164.463785,655.100327,2.321920,139.185863,122.641781,683.020619,423.567780,139.445692,46.781858,19.975832,307.892144,20.629774,101.784599,15.191438,54.455069,24.030276,20.725563,393.778953
2012-04-06 08:00:00,12.391251,134.337972,458.162918,36.420896,235.782066,121.938742,512.452179,204.127975,51.250537,329.029125,24.771654,193.266945,775.401412,3.601602,208.260916,116.412976,823.198333,501.590304,231.929161,78.181510,23.473142,341.171672,31.265581,136.455919,14.170381,98.664200,36.170904,31.542838,655.813077
2012-04-06 09:00:00,16.084219,150.062098,714.266851,39.534580,254.353541,120.583031,425.177174,309.856147,91.080249,435.406714,22.352727,489.931662,809.949121,7.180954,261.860939,179.581544,868.456494,575.609752,302.734408,115.326658,25.667884,285.098567,52.853379,163.409123,26.682859,205.750186,71.119339,31.155407,609.540149
2012-04-06 10:00:00,14.802183,124.034413,0.000000,51.181518,286.644474,237.709892,578.781480,341.264209,100.024856,390.586524,23.405023,753.644978,798.887422,7.781295,277.409210,219.578355,855.768414,742.005550,462.104543,177.977086,0.000000,344.032936,0.000000,88.344625,0.000000,235.945793,97.742995,0.000000,748.086903
2012-04-06 11:00:00,19.034313,134.415843,0.000000,57.872266,288.338668,498.556124,689.363844,333.020427,100.703291,390.565198,21.273165,558.228688,888.022959,4.397827,282.176993,217.343181,900.860681,963.144343,616.540149,228.010589,0.000000,513.222894,0.000000,0.000000,0.000000,236.088614,131.756063,0.000000,955.409784
2012-04-06 12:00:00,14.570298,197.746280,0.000000,72.593835,277.077710,299.408759,831.783058,381.176768,114.240453,413.795022,26.734870,557.211779,0.000000,7.507379,264.067748,220.022807,185.015841,1069.851169,637.968823,251.718161,0.000000,515.400674,0.000000,272.027737,0.000000,206.932449,133.573356,0.000000,0.000000
2012-04-06 13:00:00,10.408037,233.724596,0.000000,75.379889,297.937080,274.776477,1021.431079,426.288370,0.000000,418.199006,27.491586,751.031253,0.000000,8.663448,0.000000,216.688239,0.000000,1151.026260,771.008986,335.005434,0.000000,513.784744,0.000000,274.449953,0.000000,131.766269,147.986077,0.000000,0.000000
2012-04-06 14:00:00,28.895766,184.318605,0.000000,77.699393,0.000000,341.925159,1061.599160,369.324604,0.000000,378.567127,39.731835,821.669641,0.000000,4.642375,0.000000,223.612159,0.000000,1084.229416,988.204877,429.400910,0.000000,462.839150,0.000000,251.215975,0.000000,109.892879,169.012485,0.000000,0.000000
2012-04-06 15:00:00,18.184006,142.710053,0.000000,76.920197,0.000000,254.121247,828.930109,266.031541,0.000000,0.000000,110.466668,718.132119,0.000000,6.610101,0.000000,168.256500,785.430034,801.974173,818.247820,407.418235,0.000000,358.914790,0.000000,195.653653,0.000000,140.788795,116.023213,0.000000,0.000000
2012-04-06 16:00:00,11.722501,125.792783,0.000000,74.864053,0.000000,245.890984,799.926087,207.447440,0.000000,243.175977,162.161904,801.455193,947.842784,11.939903,0.000000,168.313736,661.883279,600.543820,795.953430,403.477091,31.732841,321.033815,47.250302,174.562814,0.000000,158.201241,101.839555,0.000000,496.957828
2012-04-06 17:00:00,6.917412,72.296062,836.707864,57.089435,129.408519,177.429762,630.124767,113.544706,43.541246,98.916008,132.884438,756.319146,946.179813,8.300177,145.404616,135.189763,565.278734,491.821151,724.020388,343.279707,26.862460,358.773951,15.728701,209.354784,16.365494,108.562333,84.740639,12.605509,472.384701
2012-04-06 18:00:00,5.101509,48.525053,704.277650,29.183715,140.946468,125.614829,502.670493,71.842515,29.834649,53.650338,108.639882,577.654975,864.891051,1.610051,95.431010,75.718788,358.974680,340.213121,700.677853,282.895247,19.270896,308.947024,30.715483,212.010332,7.380403,105.561230,101.293341,5.183998,376.645955
2012-04-06 19:00:00,4.931677,66.826528,562.726322,17.432174,153.243811,51.628101,311.388801,59.956805,33.656634,65.331172,109.089236,396.463604,725.406068,2.746557,123.747029,57.720805,247.812896,303.723386,555.281938,176.649521,13.004485,254.889485,33.312202,217.296494,4.501660,120.398934,120.282968,9.223941,193.886851
2012-04-06 20:00:00,11.509423,58.460140,448.354589,9.973632,122.973428,49.324485,217.972161,52.429188,39.493848,69.541704,106.427679,322.048511,581.503008,4.246114,133.868500,62.720245,231.174030,270.882624,331.191273,102.165506,10.578778,356.288323,35.908922,178.954200,1.410391,83.332050,112.742293,14.658201,143.340474
2012-04-06 21:00:00,12.972596,37.230429,454.877692,6.114270,66.479225,65.043277,157.918606,52.429188,17.974913,52.835397,109.607721,238.566033,429.394949,9.107835,172.667471,44.449565,185.505653,247.486264,187.057841,72.643915,13.094326,253.251378,64.398645,121.299795,3.535638,58.529541,154.813744,13.335388,148.621438
2012-04-06 22:00:00,17.100835,12.863322,364.858875,6.851452,30.795910,86.317849,117.048826,55.862838,12.508315,58.947460,128.411442,194.010778,431.498795,13.464443,140.495653,36.753457,152.404931,209.064719,98.052817,93.125019,14.172419,297.644084,73.079107,81.477375,7.380403,56.613232,194.448270,19.734944,188.605886
2012-04-06 23:00:00,18.714244,18.824374,377.035334,5.377089,21.231310,131.848143,99.255180,43.316810,11.303811,62.343051,135.739363,187.444740,425.608026,12.754126,125.072460,35.056678,124.614485,153.256889,54.286753,43.762359,12.442979,351.046380,60.911621,96.419593,10.259147,70.958171,199.965837,45.619182,250.468617
2012-04-07 00:00:00,15.637662,41.518203,344.202383,3.902726,28.798905,152.987208,68.394326,23.771420,14.268745,52.427926,86.275897,175.407005,476.731482,4.909076,93.683851,30.208736,105.497490,138.875640,42.293168,23.281255,7.883548,445.237546,42.512009,108.824453,7.148558,94.282385,208.472087,52.662269,205.580416
2012-04-07 01:00:00,13.116301,65.362410,448.137152,4.249635,25.540635,153.258222,51.712783,25.224118,15.218451,31.782732,80.537997,175.250670,454.430715,10.307481,88.623116,34.693082,126.915604,128.358010,32.193307,24.721332,8.197992,418.372587,26.783307,146.179997,7.399724,110.379377,194.494249,52.984035,236.700387
2012-04-07 02:00:00,24.710641,57.100601,495.973239,3.425726,26.223821,137.132909,40.591754,20.073644,19.109926,21.052664,101.381093,169.153636,427.501488,20.204556,80.489791,52.872863,190.461911,120.845418,27.143376,14.640789,9.186243,522.556207,25.744620,166.831269,8.713513,146.679738,176.792054,61.743204,252.354676
2012-04-07 03:00:00,39.231327,60.028837,585.557182,5.203634,36.103737,109.218503,28.636649,20.073644,18.160221,16.706308,123.330289,163.056601,388.580338,28.712569,60.427590,68.295378,277.019416,105.390942,23.987170,6.240336,6.266410,608.884458,26.041388,183.042165,11.553615,191.028595,155.411481,52.519263,332.323572
2012-04-07 04:00:00,37.611385,87.010440,619.259879,2.818635,47.139814,85.911328,24.188237,33.676179,29.973630,32.461850,134.667827,130.070078,413.616105,42.492707,68.560915,88.232538,361.098791,81.994582,19.778894,5.520298,4.716653,569.897506,20.402796,162.884268,13.833426,189.331293,120.604827,36.180731,445.109892
2012-04-07 05:00:00,27.221668,69.441024,572.728413,3.512453,46.351523,75.206289,26.134417,49.655856,53.577285,50.118924,146.454718,135.385442,447.067255,41.198353,81.152506,105.260933,364.284957,70.833016,8.837378,7.840423,3.705941,481.439715,15.359916,138.567923,10.394390,159.436878,124.951591,26.098749,409.840591
2012-04-07 06:00:00,22.383267,99.565497,502.535187,6.863382,85.916334,116.141697,32.972028,62.159214,89.833183,124.408579,134.971250,166.933161,514.803019,38.174807,87.950226,88.128572,458.689418,64.397247,17.423551,14.597221,11.689676,417.726718,33.178316,123.295084,16.143734,138.988255,135.832932,34.771644,386.710904
2012-04-07 07:00:00,31.980859,235.975652,611.373440,22.061275,164.655973,151.831207,114.045452,89.271482,115.169432,225.005560,99.849659,210.864068,590.467187,31.266712,189.533730,88.803433,631.151486,127.947149,66.956882,22.520534,22.828881,377.180079,72.245551,148.817446,23.512854,156.431458,141.721951,48.236317,447.095983
2012-04-07 08:00:00,31.013208,310.814837,749.468695,39.581742,136.954443,209.025714,232.312254,147.450731,88.154594,299.469806,114.843562,286.413777,682.789028,42.024946,261.427184,162.768650,797.282605,241.627339,126.656583,25.346513,34.744556,296.558228,109.586231,75.527855,24.159031,81.592108,147.427745,61.549450,502.214838
2012-04-07 09:00:00,37.278721,254.157149,151.435086,58.424924,149.888800,282.077098,343.029422,218.883602,104.270653,333.723903,124.601369,425.141103,963.176487,26.655752,234.400901,228.695224,1134.744678,343.166952,204.506929,29.422263,0.000000,365.882403,0.000000,54.866451,25.274425,55.910440,152.565447,0.000000,699.824717
2012-04-07 10:00:00,33.874084,333.399854,0.000000,73.153368,143.361331,392.762337,461.575768,255.553097,99.771785,413.946200,113.091920,310.588569,1184.908196,17.838774,238.812124,244.491526,1304.187953,433.999901,270.084246,60.064688,0.000000,394.710121,0.000000,0.000000,0.000000,76.958199,159.818672,0.000000,908.470607
2012-04-07 11:00:00,32.069199,386.151379,0.000000,82.575257,162.099118,463.209780,509.911513,248.927161,92.434631,468.762271,122.389315,609.592229,0.000000,15.148163,186.646676,235.483274,1261.474402,514.948070,320.748721,80.168511,0.000000,393.618545,0.000000,117.911884,0.000000,107.380492,165.036732,0.000000,0.000000
2012-04-07 12:00:00,36.184387,318.201109,0.000000,87.762271,180.348088,429.673128,532.078707,251.218687,0.000000,514.888947,105.298047,0.000000,0.000000,8.052236,225.547895,245.531737,1359.193483,521.140436,353.265347,114.164168,0.000000,362.268281,0.000000,0.000000,0.000000,90.305497,193.252301,0.000000,925.465143
2012-04-07 13:00:00,39.583336,245.444400,0.000000,83.110457,164.263023,0.000000,532.061141,216.788833,101.618338,470.066197,76.825449,0.000000,-0.000000,9.445661,256.950168,0.000000,1429.078274,507.594252,351.226303,116.723513,0.000000,263.549398,0.000000,97.389625,0.000000,64.093505,193.696109,0.000000,845.564159
2012-04-07 14:00:00,46.471419,187.229763,0.000000,85.170206,119.019729,0.000000,484.969615,209.269235,66.106034,388.930385,72.929395,0.000000,1203.300628,52.430451,216.507210,6.161580,1309.707853,464.204401,331.383395,101.281420,0.000000,197.157699,0.000000,68.836873,0.000000,54.468137,197.653246,0.000000,730.262654
2012-04-07 15:00:00,50.646954,154.118599,0.000000,79.776870,94.158390,0.000000,422.888339,212.493684,53.811702,307.096308,48.867927,0.000000,1205.535428,91.009253,209.286459,267.634673,1270.033451,398.174316,309.529118,73.201510,0.000000,228.065684,0.000000,44.330919,0.000000,43.247559,193.546896,0.000000,762.035440
2012-04-07 16:00:00,50.197070,118.838916,0.000000,80.641096,90.372684,517.125078,345.695998,211.947274,52.251807,262.392036,32.905643,670.487991,1222.884297,66.807703,242.231563,263.343393,1138.445314,291.984102,251.061993,71.015280,0.000000,244.855196,0.000000,37.212368,0.000000,28.243536,128.773604,0.000000,716.343982
2012-04-07 17:00:00,50.342297,56.324318,246.501405,68.635552,73.943660,562.528890,239.957443,143.196130,37.806821,215.540177,21.533915,736.924280,1180.268419,44.249888,209.279520,228.725033,1002.342392,160.126748,174.225709,42.890339,0.000000,267.463360,0.000000,41.577342,92.015537,18.625160,85.338375,0.000000,705.561593
2012-04-07 18:00:00,48.572119,19.033534,1452.260088,71.333151,92.597941,689.187723,174.878175,57.711726,33.077545,154.159833,12.409073,824.506723,1086.426025,40.188125,158.629955,191.402796,766.980912,63.105778,115.096332,30.001617,20.843113,350.554948,121.007131,54.905601,98.823985,13.797422,61.428917,319.620291,623.342455
2012-04-07 19:00:00,52.569716,8.784708,1382.462890,65.956062,114.302225,795.696089,192.949846,39.354907,25.387248,153.209068,8.537719,900.954161,835.857978,35.799948,91.153483,168.647770,605.017484,50.012402,122.881641,37.842040,38.047666,403.465811,57.350406,69.424926,120.211698,35.205327,57.888478,343.895702,459.255333
2012-04-07 20:00:00,56.123136,7.529750,1240.694125,55.462067,86.344164,904.779085,132.896292,54.542203,10.446760,117.487450,5.150284,818.409688,723.722991,30.148986,58.258704,131.530716,594.750950,30.479661,100.367368,41.602242,45.302327,472.266315,32.199322,75.979767,121.448205,74.955043,54.256079,343.645440,321.761642
2012-04-07 21:00:00,52.190859,15.059499,1594.898599,50.388524,85.082898,1029.987394,109.820158,55.334584,4.679037,78.098594,6.325517,831.229095,667.971075,33.858417,24.761455,120.350151,511.733630,44.646264,53.655511,21.121138,95.950193,426.563123,43.253929,46.588707,103.055159,66.085272,53.336484,346.434074,360.991667
2012-04-07 22:00:00,44.241388,23.425888,1632.950032,38.767074,75.360639,1092.998068,129.559983,55.202521,2.432172,57.725048,12.443639,931.439335,519.018785,39.462024,19.339239,147.135029,485.713276,64.179005,39.347375,12.000647,122.812654,353.994973,54.679495,31.716971,102.958557,50.097783,48.922431,349.508721,289.321430
2012-04-07 23:00:00,37.663641,11.922104,1381.593143,30.050987,36.576712,1107.768312,142.071140,45.033635,3.150242,46.859156,13.791700,1004.603754,427.080719,32.564062,15.061712,168.708369,466.950299,59.456804,50.288891,11.120599,117.893859,278.805851,82.649874,23.047666,98.572820,52.616360,47.910877,349.866238,201.808298
2012-04-08 00:00:00,30.863806,9.516767,1192.423166,16.217993,17.027090,1166.442769,149.577835,41.864113,4.609546,30.288672,11.579497,1163.908333,365.017264,27.165657,12.350604,152.588963,463.056096,41.641227,78.905164,5.760310,110.437055,218.032073,58.537478,12.263896,93.723392,31.044200,37.243580,336.423595,154.845433
2012-04-08 01:00:00,18.949397,11.503784,957.156596,15.610902,18.971542,1186.904299,103.981617,45.693952,3.497696,30.560319,4.251577,1155.935288,331.776499,26.344847,12.832579,135.984763,512.264657,25.972106,61.230407,3.120168,94.984402,165.285020,61.356773,7.400627,88.120468,19.491596,39.266688,334.349996,131.646909
2012-04-08 02:00:00,22.006383,6.274791,931.064186,17.605629,21.073652,1193.408627,68.672352,48.995539,2.524827,46.315862,4.424405,1143.115881,239.838433,27.686556,11.928876,117.411086,525.363339,27.474624,81.430129,4.400237,99.948118,136.290522,72.040420,4.651822,72.026553,20.477127,55.175674,335.637057,119.576132
2012-04-08 03:00:00,20.281930,9.725927,1017.821451,15.003812,26.801901,1155.873236,50.878706,56.655219,2.385845,55.551869,5.426809,1103.250653,198.813438,18.878632,8.615299,109.654380,467.304318,21.893841,111.098470,9.440509,102.980252,186.416603,80.943458,3.947001,79.542199,23.597972,49.474187,320.156567,126.931762
2012-04-08 04:00:00,27.421430,14.745760,988.902363,17.345447,34.895024,1065.219169,44.206089,31.299037,1.992065,40.611269,4.251577,1056.194050,226.794588,21.672544,3.373824,93.837970,434.380604,19.532741,82.482198,9.760526,103.968503,158.404969,99.936607,3.665072,76.296367,23.488469,44.554356,308.894778,144.849321
2012-04-08 05:00:00,24.931180,30.328158,912.799498,16.825084,37.417556,1013.320054,80.071406,37.506019,2.918607,29.066259,3.802223,1026.334212,452.326869,19.241683,2.108640,88.626433,401.279882,20.176677,111.729712,15.440832,111.842302,121.056124,110.873842,4.863269,82.073175,13.195154,26.305733,314.364790,121.273585
2012-04-08 06:00:00,31.392148,57.135559,869.959755,19.763376,29.440541,932.841345,81.583328,71.561524,5.837392,63.310499,6.482597,967.476609,557.727790,10.853098,12.651124,64.287940,468.503610,52.250079,231.102509,37.080282,106.780565,123.944133,120.267283,13.166933,107.182275,21.253852,56.392007,318.689000,145.701801
2012-04-08 07:00:00,43.074581,119.681102,976.173138,27.615756,56.051121,1005.487389,182.281290,110.297956,15.561977,120.694520,15.756502,958.742766,551.842168,12.155647,41.608208,61.138260,744.090284,150.795287,342.316980,111.363992,107.983561,157.613929,140.225189,43.867793,107.824987,56.771834,88.222625,324.254465,227.625466
2012-04-08 08:00:00,41.514927,135.911270,1121.745153,47.907324,71.143188,1126.179514,317.415231,187.670459,28.177949,197.660462,28.590423,988.624797,611.572020,15.482927,74.622727,74.708861,762.359174,298.093487,407.509809,171.073182,0.000000,219.656361,0.000000,81.339809,110.142940,79.415645,111.152285,0.000000,306.510379
2012-04-08 09:00:00,44.994612,180.316550,153.334823,63.065118,92.116687,1076.702443,439.204198,274.817960,39.139690,253.712786,37.964022,1021.223174,665.629562,38.417671,103.846360,83.714641,771.783531,362.842440,378.484769,180.553217,0.000000,294.254032,0.000000,110.986879,0.000000,98.786697,124.966953,0.000000,414.683955
2012-04-08 10:00:00,38.414733,222.921567,0.000000,83.494753,0.000000,1095.969428,583.396226,299.895087,0.000000,0.000000,46.597157,1038.314369,533.257790,61.358287,0.000000,90.023923,920.241396,428.752394,461.043845,231.267113,116.231352,372.070302,12.948014,131.480219,0.000000,123.417462,127.090253,0.000000,514.731287
2012-04-08 11:00:00,39.435656,241.288943,0.000000,89.860190,0.000000,1121.989099,639.675656,0.000000,0.000000,0.000000,52.524770,1023.786814,0.000000,43.675456,0.000000,101.447013,927.014564,474.191936,457.921469,224.171278,111.053097,363.928466,83.360869,147.121160,0.000000,123.170985,114.447221,0.000000,512.164248
2012-04-08 12:00:00,42.627636,242.335472,0.000000,90.297647,0.000000,1004.700317,665.494355,317.303410,0.000000,319.950841,56.901766,951.887062,0.000000,39.408931,0.000000,109.893908,862.938959,492.566371,428.115092,185.249556,0.000000,322.963438,0.000000,158.272294,0.000000,117.352635,117.981290,0.000000,0.000000
2012-04-08 13:00:00,45.509917,235.751830,0.000000,90.589705,123.531533,980.141478,649.750380,291.284883,0.000000,292.007946,55.050436,982.228321,0.000000,44.770082,141.701815,112.007757,0.000000,462.240840,376.910487,164.927017,0.000000,330.355951,0.000000,151.228406,0.000000,123.775316,120.808747,0.000000,0.000000
2012-04-08 14:00:00,50.625284,220.643872,0.000000,90.492319,129.821028,1064.323970,658.709792,253.266276,45.512656,267.092126,52.912971,868.787066,0.000000,42.890732,123.928195,87.251368,513.215123,403.077916,325.167122,131.367981,0.000000,364.024712,0.000000,135.634781,0.000000,121.744804,131.910464,0.000000,0.000000
2012-04-08 15:00:00,49.699724,186.466035,0.000000,89.071567,137.092375,1072.611795,655.204545,204.040615,37.617022,223.311701,50.448657,752.154318,589.376374,35.327484,93.331539,73.570479,494.150569,338.223364,273.653996,105.125671,0.000000,358.503613,0.000000,109.304406,0.000000,102.484173,126.375620,0.000000,494.008714
2012-04-08 16:00:00,49.370210,148.159665,319.806197,81.287837,150.719926,1051.932836,525.729316,135.345040,30.638343,166.773900,49.796224,692.862354,511.815510,19.757416,67.531760,64.958868,374.174508,223.300387,200.896893,65.577223,0.000000,273.587123,0.000000,69.150182,122.600476,68.953069,74.125252,0.000000,481.676148
2012-04-08 17:00:00,46.207526,69.996109,1212.033747,83.556148,108.452295,916.509230,318.463664,70.002753,26.502978,159.862721,40.764260,551.546854,498.960019,8.268431,58.079729,34.140479,270.405845,89.035499,100.211198,27.735690,32.050778,135.237358,39.841097,28.634694,97.549929,22.060761,33.243343,352.270883,318.456896
2012-04-08 18:00:00,50.257380,23.739627,872.138825,130.654580,60.278001,744.203495,172.097918,29.450149,38.266180,117.623274,15.519983,501.520206,338.508806,3.961987,37.714528,10.635172,263.035688,12.020148,51.551374,4.000216,33.286092,99.105488,45.331304,14.237396,80.933270,4.927651,24.829053,342.715896,279.136712
2012-04-08 19:00:00,44.332836,11.608364,566.640184,112.441860,43.198358,695.827558,179.882638,26.544753,22.005370,113.956035,17.732186,393.336920,155.894981,3.961987,31.810337,3.211761,261.973633,18.674159,83.323853,5.040272,31.264670,122.202800,37.689529,50.112815,50.774083,11.881114,23.357702,335.601306,239.529476
2012-04-08 20:00:00,37.258656,5.647312,419.218064,102.468228,26.118715,585.525000,181.272766,20.337771,7.018555,94.940725,10.819053,224.964955,85.836913,1.041797,24.881949,4.029851,270.293066,24.469587,110.256815,4.000216,32.005858,123.677096,37.689529,59.557424,34.873371,23.816979,27.725776,328.021943,191.057763
2012-04-08 21:00:00,28.753963,6.170212,534.242108,88.678598,14.714769,601.514806,239.102115,24.827928,3.150242,64.516230,7.500749,219.336923,48.178071,0.931304,22.532322,4.454046,198.427326,32.840762,122.671228,5.040272,31.197289,102.545513,35.908922,55.328494,31.569578,37.012132,29.610945,320.406829,114.295167
2012-04-08 22:00:00,23.894138,8.784708,586.426929,88.158235,13.138187,622.518364,288.034641,24.827928,4.146275,64.516230,8.434022,312.981126,47.126148,0.852380,15.483440,4.211649,121.251310,40.353354,154.022879,8.000431,28.749122,77.973904,27.376843,80.138214,22.353734,58.474789,12.736385,314.507796,93.359914
2012-04-08 23:00:00,20.837151,17.883155,462.705415,72.373878,9.301836,651.381318,234.375678,18.620946,6.068849,47.402451,9.920346,404.592984,39.762688,0.915519,8.012831,5.756931,75.051906,36.060444,179.272532,7.360397,24.346912,35.055495,22.999516,70.693605,11.882063,37.176387,22.024290,286.442704,55.638736
2012-04-09 00:00:00,15.964263,21.438870,353.987037,49.521251,8.986520,618.046639,260.510095,20.866025,3.544023,30.831967,6.913133,369.886785,27.981151,0.820810,10.603446,9.362587,60.537150,26.401397,172.749705,6.160332,20.101925,22.114448,19.141533,62.799603,13.678862,15.768482,48.140775,260.880231,39.795842
2012-04-09 01:00:00,12.835424,20.393072,294.626803,25.497807,7.409937,538.910652,272.465201,21.658405,1.644612,34.499205,3.525698,354.878699,19.355382,1.215430,5.542710,9.847381,55.226874,29.191788,135.716881,4.000216,9.657908,19.493476,11.128798,56.879102,18.373726,10.019557,43.956620,254.516426,27.913671
2012-04-09 02:00:00,9.589009,15.268659,261.141543,10.970995,6.674199,446.223982,186.833281,19.281263,1.528794,26.485610,4.631799,278.274927,26.298074,0.947089,3.735305,13.180341,37.171934,29.621079,100.577782,6.480349,7.322042,19.984908,9.793342,41.302545,19.243145,7.719986,39.634526,227.202120,21.312465
2012-04-09 03:00:00,2.847962,10.144246,252.878946,3.815998,6.726752,314.917866,144.573372,13.734598,1.065523,20.509370,6.429214,154.770887,30.084996,0.631392,3.735305,10.241277,25.135308,33.484698,80.167646,7.840423,2.919833,17.855369,7.567583,24.668755,22.121889,7.336724,17.242398,189.734327,23.952948
2012-04-09 04:00:00,2.710789,9.935086,189.387414,2.601817,7.777807,254.075301,85.075869,11.489520,0.996033,22.139254,9.263598,90.204850,24.825382,1.483772,2.952096,9.635284,17.169893,38.850836,73.855233,16.320880,2.066343,12.941047,5.045055,10.642806,14.799447,4.599141,8.966047,162.777537,27.159248
2012-04-09 05:00:00,1.432213,13.595381,122.851767,2.645181,7.094621,222.132841,52.268834,11.885710,1.297159,13.039070,10.957315,51.746630,23.773459,1.215430,3.494317,6.726519,12.744663,44.646264,70.699027,25.121354,2.450471,13.923911,5.052666,7.753037,12.403714,3.230349,11.432159,117.372865,30.742759
2012-04-09 06:00:00,1.951470,34.573021,169.225885,4.506971,18.038649,180.497990,56.051675,27.433440,6.062174,33.576401,10.756051,75.837642,68.697546,4.039568,17.462548,12.566759,43.420745,62.843801,66.987593,23.513323,9.949720,48.357660,25.726552,14.864703,6.742762,13.876895,10.179245,64.103166,88.261372
2012-04-09 07:00:00,5.171625,79.886533,292.240316,18.884088,41.960750,228.144849,146.062347,87.447755,18.041608,92.032888,20.324721,138.674451,169.283997,11.552465,53.035224,27.044763,126.823466,151.132459,133.035758,48.698426,22.755874,143.395321,63.391491,45.668605,14.316115,48.120725,14.590411,49.881719,187.006234
2012-04-09 08:00:00,7.513389,142.284876,415.847729,38.644246,69.488675,244.582724,273.990217,159.943125,29.633486,164.352297,35.552817,211.990759,293.901566,20.062130,110.445301,40.584325,221.509937,260.687950,217.094012,78.894477,36.813595,260.929465,102.668514,83.313900,24.517342,78.479174,26.244374,55.233497,322.766680
2012-04-09 09:00:00,8.860791,183.078320,494.188542,61.331534,92.229824,258.986065,391.197658,219.849246,39.377500,227.385274,45.958090,292.977424,390.434185,26.358188,117.523656,52.024225,298.798737,342.735564,265.561317,99.154184,45.648249,338.428976,135.317546,119.703894,32.400199,101.625149,42.790375,66.503119,373.819654
2012-04-09 10:00:00,10.177470,216.796458,571.878257,79.288560,121.304001,287.194245,473.455012,276.988576,51.604476,276.546893,58.132058,377.586721,496.074709,31.199410,137.376150,61.604980,358.176623,410.873607,327.125399,119.707734,52.126708,442.899298,158.140825,177.820099,38.446684,146.490575,42.202709,74.138417,490.445351
2012-04-09 11:00:00,0.000000,248.154724,464.620880,86.751614,184.129803,317.893305,531.256688,349.861795,61.814993,308.497865,67.806074,460.903951,598.932809,34.621112,154.948512,66.973069,403.325091,459.155517,340.185322,127.442996,55.555259,560.240705,170.939901,231.591544,41.439423,202.905968,42.863093,79.871165,680.490067
2012-04-09 12:00:00,13.036754,260.627970,563.510509,87.596522,0.000000,327.811825,572.558687,373.863889,71.653892,0.000000,85.828719,481.624560,648.378326,33.998036,162.403650,73.780338,433.922362,551.793101,356.404512,130.921182,54.807895,705.093624,175.958655,285.881840,42.131345,275.203473,0.000000,80.416971,741.139298
2012-04-09 13:00:00,0.000000,243.710773,0.000000,85.474689,197.559247,318.801589,575.799573,411.263741,72.010704,319.940983,113.906675,442.866090,681.577835,32.137158,151.079050,83.188469,461.767898,637.705973,0.000000,130.307341,52.718480,920.979237,0.000000,395.898243,43.610860,284.934446,92.078464,73.555163,837.363703
2012-04-09 14:00:00,18.701855,218.336109,588.185556,98.975650,183.313674,273.128919,536.092428,383.484889,67.675726,0.000000,130.482499,429.278549,703.653090,28.685979,135.635465,82.075945,468.130097,614.180493,0.000000,116.263504,46.086372,871.343212,156.496950,418.526900,36.715409,282.161061,0.000000,63.278480,788.347885
2012-04-09 15:00:00,0.000000,212.291786,61.423986,27.449929,203.384824,221.327090,461.720507,398.118678,75.222984,0.000000,129.778002,367.501084,616.116064,22.746716,125.876778,65.944824,410.593821,564.536114,252.309990,92.718805,33.823622,818.641764,0.000000,395.573815,28.085406,266.475221,83.250914,48.593259,744.449695
2012-04-09 16:00:00,12.463158,189.784637,516.491506,107.772403,213.365552,179.984950,379.466450,344.790570,64.117994,314.659117,134.838596,272.148380,474.218917,14.162984,110.803292,48.833943,363.147810,473.268480,179.573564,60.570380,20.288255,704.586283,100.062161,408.693332,17.143787,289.167593,63.646850,28.797091,681.873861
2012-04-09 17:00:00,4.761844,131.325298,512.318020,91.189223,221.046428,132.052476,341.394887,207.629821,36.560176,185.846551,123.427968,198.274009,398.673957,5.479664,92.810125,23.171863,393.953087,410.599925,143.032495,28.314781,5.621567,712.734630,31.174148,455.384686,9.955387,281.053455,42.255370,8.410060,596.174918
2012-04-09 18:00:00,4.846761,130.620240,381.818942,79.398784,164.017124,129.138006,408.975827,157.419628,12.415661,138.404291,122.569845,146.641507,223.218050,2.809696,70.127333,10.180677,304.986871,379.922539,189.372393,28.321526,6.401172,565.966049,15.431933,410.770019,10.742158,271.842067,37.335539,7.186094,488.677852
2012-04-09 19:00:00,3.128839,113.155404,302.671963,111.010861,96.276633,118.297460,447.343376,144.477410,4.030457,96.298962,94.537091,98.021561,107.296141,4.530240,89.526819,3.635956,269.939047,321.753608,289.739761,64.163458,7.007598,440.323224,9.941726,279.038865,9.853418,170.770475,38.806890,17.125069,356.842337
2012-04-09 20:00:00,3.030858,110.018009,302.889400,128.096126,54.024224,98.513463,378.392998,118.328848,3.659840,50.662218,91.218787,83.795147,110.451910,7.545139,106.938158,5.302436,318.970599,366.185227,360.228374,87.124696,8.242912,376.600853,9.793342,302.086531,17.987318,196.175252,32.277769,42.723294,310.633895
2012-04-09 21:00:00,4.102110,105.834814,244.398913,102.338138,46.614287,92.280149,381.451281,141.836141,6.578447,48.896511,115.069095,72.070079,125.389216,1.310139,55.125867,5.484234,301.446687,406.538582,437.239813,171.769258,11.140285,429.511716,11.202990,251.198413,30.816081,155.987523,41.381755,41.257474,302.523842
2012-04-09 22:00:00,2.985134,149.549194,225.916789,107.932044,34.684813,81.439603,375.612741,142.100268,5.651906,85.704718,162.458621,58.938004,203.652284,1.641620,19.941707,4.908541,229.934965,341.071703,434.083607,147.207934,9.433306,396.094329,6.974047,147.025782,24.652865,97.841244,46.117667,23.953646,286.869553
2012-04-09 23:00:00,3.997598,222.859673,320.284340,114.133042,14.819875,63.823716,365.325790,107.631709,6.115176,117.894921,218.385865,89.110510,187.031901,1.262785,29.340216,4.817642,126.030558,339.354539,450.285467,124.726722,10.915682,309.766078,6.899855,62.588157,15.707507,76.433339,41.381755,21.272268,223.309369
2012-04-10 00:00:00,2.972070,186.256724,410.738031,75.929694,17.184748,61.384593,301.101850,81.351083,9.358073,189.745627,221.946129,82.700807,112.134987,0.773456,37.112059,5.666032,107.798610,313.382434,388.634232,97.445252,11.409808,325.328096,6.528895,43.135081,15.321099,64.004708,37.427499,27.957838,190.680551
2012-04-10 01:00:00,1.554621,81.153968,465.097219,66.649880,35.052682,67.753414,353.648710,48.335221,9.358073,192.054629,206.840933,76.134769,121.812678,0.757671,66.331781,7.908205,83.725357,341.930285,336.451618,82.164428,13.004485,401.663893,7.790159,65.830336,21.445674,64.168963,26.254425,17.732848,233.494087
2012-04-10 02:00:00,0.666266,81.781447,441.396613,39.677710,34.947577,59.080977,495.163799,48.335221,19.411053,168.692963,209.640752,70.663071,155.263828,0.615608,95.129776,8.908093,55.580892,421.349121,312.254034,95.365140,16.261222,334.501497,8.903038,67.733354,21.310431,52.178346,17.242398,13.442643,227.647305
2012-04-10 03:00:00,0.855695,78.957791,375.295839,52.730159,47.297472,44.581746,516.571779,67.088231,25.086122,139.762527,263.079269,104.431265,191.449977,2.415076,115.975185,8.968692,110.453748,388.293714,318.987275,136.087335,42.180352,345.313005,15.580317,95.009950,13.930028,139.014503,22.668006,16.588794,148.810044
2012-04-10 04:00:00,0.333133,77.911993,420.957558,46.442434,66.374120,34.960761,455.128096,61.409503,36.992185,160.000250,315.964735,132.727760,307.582271,1.420633,149.412187,12.725847,202.852556,325.831873,519.722011,136.807374,64.663063,529.108636,18.251229,195.165097,22.585579,197.653547,21.380574,11.619306,85.815678
2012-04-10 05:00:00,2.257340,61.074636,487.275768,78.271330,52.605300,30.930239,503.504570,138.402492,53.600448,192.326277,288.104809,191.520731,371.118417,4.719658,146.640832,15.513413,241.794582,451.614137,551.704904,188.810176,68.685643,579.070907,19.285464,266.281594,7.960016,226.179170,23.311608,14.658201,81.477743
2012-04-10 06:00:00,1.162554,65.962084,692.317872,91.439862,79.805473,56.848012,540.839867,248.703487,76.954040,263.388675,168.420543,253.458366,485.483073,7.117682,168.199283,31.510078,334.455510,545.510686,509.969495,151.382343,64.614068,720.708198,33.183700,387.593489,21.137047,223.399787,48.428827,17.839654,137.164259
2012-04-10 07:00:00,2.671128,198.182988,965.466540,109.152311,163.276145,113.558583,454.677180,339.009912,104.906866,372.735902,84.683468,252.000134,593.134658,0.000000,269.077778,46.066886,497.265081,421.677760,615.040612,135.746998,35.689700,0.000000,32.851157,375.607244,20.439921,321.248444,44.783460,36.784892,359.106406
2012-04-10 08:00:00,7.176760,417.753324,1117.512193,128.356820,237.825172,215.442854,481.684796,205.065968,189.392503,789.716284,0.000000,349.883771,808.059188,0.000000,412.421221,69.969917,820.601132,634.427557,789.084421,163.456779,43.417423,0.000000,30.771244,0.000000,23.407273,0.000000,61.305011,65.350757,699.976606
2012-04-10 09:00:00,3.206480,0.000000,1697.277336,126.553075,0.000000,320.187478,802.691465,0.000000,0.000000,0.000000,153.119865,537.562477,1908.493046,34.099540,0.000000,141.061342,1332.441246,909.041393,1102.098551,292.506825,64.900175,0.000000,50.768962,479.446596,0.000000,0.000000,71.123709,0.000000,1545.844002
2012-04-10 10:00:00,7.059220,0.000000,646.732922,0.000000,0.000000,526.887892,0.000000,0.000000,0.000000,0.000000,189.461287,909.097551,0.000000,26.384998,0.000000,265.183048,1777.087030,0.000000,1132.103329,335.360485,93.217271,1523.335825,71.264384,661.414954,0.000000,512.014246,94.200098,0.000000,279.863762
2012-04-10 11:00:00,11.944986,0.000000,0.000000,0.000000,0.000000,640.079042,0.000000,0.000000,0.000000,0.000000,193.015980,1063.668474,0.000000,132.300090,0.000000,327.599050,376.237644,0.000000,0.000000,0.000000,0.000000,1604.536671,0.000000,700.848616,0.000000,534.388463,76.356142,0.000000,0.000000
2012-04-10 12:00:00,14.730148,0.000000,0.000000,0.000000,0.000000,696.504537,0.000000,0.000000,0.000000,0.000000,220.712202,1162.736479,0.000000,95.548449,0.000000,354.648695,0.000000,0.000000,0.000000,0.000000,0.000000,1647.264982,0.000000,732.409427,0.000000,592.858706,117.636703,0.000000,0.000000
2012-04-10 13:00:00,9.434989,0.000000,0.000000,244.611779,0.000000,643.441591,0.000000,0.000000,0.000000,0.000000,267.194262,1350.607482,0.000000,44.441675,0.000000,345.784666,0.000000,0.000000,0.000000,0.000000,0.000000,1675.253641,0.000000,687.272763,0.000000,558.520962,107.955732,0.000000,0.000000
2012-04-10 14:00:00,16.239387,1020.345155,0.000000,178.926402,0.000000,542.151101,0.000000,0.000000,0.000000,0.000000,284.864745,1436.637961,0.000000,47.641849,0.000000,326.434468,0.000000,0.000000,0.000000,0.000000,0.000000,1470.234519,0.000000,691.164479,0.000000,426.649317,154.095732,0.000000,0.000000
2012-04-10 15:00:00,20.578382,1008.684755,0.000000,184.558285,0.000000,342.699765,213.326504,0.000000,0.000000,0.000000,266.603777,1337.568738,0.000000,81.663523,0.000000,315.202330,0.000000,0.000000,0.000000,0.000000,0.000000,1110.213983,0.000000,717.313161,0.000000,426.859688,247.197593,0.000000,0.000000
2012-04-10 16:00:00,17.513446,0.000000,0.000000,195.359942,0.000000,220.847348,19.969352,0.000000,0.000000,0.000000,254.565315,1087.328101,0.000000,90.164474,0.000000,314.570413,0.000000,0.000000,0.000000,0.000000,0.000000,919.117168,0.000000,669.289923,0.000000,484.350628,174.336271,0.000000,0.000000
2012-04-10 17:00:00,28.531874,0.000000,0.000000,0.000000,0.000000,416.213084,0.000000,0.000000,0.000000,0.000000,249.068605,1088.661489,0.000000,61.333756,0.000000,297.731638,1746.921695,0.000000,0.000000,4.864321,41.246457,783.998581,0.000000,632.147053,0.000000,458.109865,112.972192,0.000000,0.000000
2012-04-10 18:00:00,15.716046,0.000000,0.000000,0.000000,0.000000,711.952870,0.000000,0.000000,0.000000,0.000000,204.905256,1114.350383,0.000000,112.971882,0.000000,293.239869,1551.842446,0.000000,0.000000,0.000000,0.000000,577.432799,0.000000,583.803718,0.000000,458.764287,128.881178,0.000000,0.000000
2012-04-10 19:00:00,48.330434,222.611880,0.000000,98.478776,0.000000,663.576933,1254.452027,0.000000,0.000000,0.000000,200.100629,1205.805907,0.000000,79.097681,0.000000,260.607162,1661.585466,0.000000,1217.243657,438.983660,0.000000,503.390352,0.000000,434.522507,0.000000,325.991474,100.925503,0.000000,0.000000
2012-04-10 20:00:00,20.223141,417.378205,0.000000,64.525063,0.000000,607.206093,843.530020,247.751025,0.000000,557.420225,152.676538,1019.924509,0.000000,40.993151,0.000000,244.184760,0.000000,1018.278263,879.529557,322.257369,0.000000,315.171831,0.000000,275.444275,0.000000,255.142806,128.375401,0.000000,0.000000
2012-04-10 21:00:00,58.376684,283.097670,0.000000,46.182253,155.451026,684.038464,655.306611,150.684392,0.000000,452.700197,166.675632,853.428555,0.000000,43.913340,0.000000,0.000000,0.000000,884.554115,711.619369,268.574475,0.000000,302.722216,0.000000,250.705037,0.000000,218.787694,84.648679,0.000000,0.000000
2012-04-10 22:00:00,54.261510,192.217775,0.000000,26.842079,143.363894,658.698687,627.782065,97.859014,0.000000,320.000500,166.329975,701.315350,0.000000,50.779732,0.000000,0.000000,0.000000,790.754031,789.262050,211.451397,0.000000,375.781799,0.000000,259.303861,0.000000,177.669186,89.614490,0.000000,0.000000
2012-04-10 23:00:00,54.620771,170.256006,0.000000,21.031355,0.000000,598.533656,512.123367,125.856464,0.000000,247.878146,176.492280,750.091630,0.000000,37.252151,379.253918,0.000000,0.000000,775.943491,815.774185,195.370530,0.000000,507.649431,0.000000,223.498924,0.000000,128.392678,60.371383,0.000000,0.000000
2012-04-11 00:00:00,56.567314,140.346167,0.000000,25.497807,190.083287,624.550967,427.881576,65.635533,24.459515,216.910356,198.925396,0.000000,0.000000,19.667873,302.680172,0.000000,0.000000,750.186031,772.008121,201.130840,0.000000,584.640471,0.000000,183.958433,0.000000,96.253445,57.290741,0.000000,0.000000
2012-04-11 01:00:00,51.073883,186.256724,0.000000,29.617351,128.123598,536.336022,307.774467,86.105367,50.843986,213.107294,155.061569,0.000000,0.000000,34.805505,184.475853,0.000000,963.412434,561.727280,593.366830,158.088521,0.000000,693.410791,0.000000,208.768153,0.000000,127.461900,19.679324,0.000000,0.000000
2012-04-11 02:00:00,36.030636,175.484998,0.000000,33.693531,93.491337,375.684720,242.716449,95.349808,33.077545,164.210783,135.359140,0.000000,920.011814,37.536277,92.840395,0.000000,1553.963865,406.967873,378.955199,117.526334,0.000000,607.246351,0.000000,171.624056,0.000000,126.366866,17.288378,0.000000,0.000000
2012-04-11 03:00:00,37.493809,215.120764,0.000000,34.517440,82.139944,278.195516,218.250186,118.725038,22.306496,156.604659,140.509424,471.816703,688.799149,61.245061,60.969812,60.235675,1392.354455,321.538963,346.761892,99.445360,0.000000,592.994818,0.000000,147.096265,0.000000,119.522907,42.715167,0.000000,0.000000
2012-04-11 04:00:00,38.467080,184.269706,785.381560,27.102261,95.698553,295.133870,176.268303,120.441863,17.951749,156.061364,162.147530,453.681932,603.172621,35.673670,41.630573,39.874320,1312.169283,263.155386,278.587831,37.922044,16.081540,558.266945,17.435117,130.180547,1.719518,102.221378,45.152093,30.782223,780.262552
2012-04-11 05:00:00,40.317598,193.891053,801.037006,31.698804,93.333679,326.111890,157.640581,86.105367,21.472608,163.803312,163.875813,409.483203,530.169168,27.118303,60.969812,42.692186,1337.127581,204.771809,217.357424,23.121246,11.925155,531.401986,15.824742,166.760787,2.144567,118.811135,41.723072,43.326133,771.209469
2012-04-11 06:00:00,36.390813,197.246366,888.852476,33.534658,73.929908,371.662046,139.526446,80.420096,23.741198,290.424878,193.928390,448.195097,545.925406,9.545888,110.013565,37.020784,1224.390504,232.425281,178.314083,28.222685,14.931068,544.318915,35.610136,207.910612,5.918644,148.440465,45.150717,67.157405,779.600920
2012-04-11 07:00:00,35.256940,264.392474,863.509642,47.479905,98.297112,545.943685,208.145966,121.449899,20.775699,357.652464,207.977551,593.350894,429.376461,16.355112,101.410207,54.534567,1107.257846,305.978444,189.423576,54.803200,25.796565,579.005981,70.962335,302.230152,13.845575,170.095498,58.551802,93.423460,749.699192
2012-04-11 08:00:00,41.821741,299.344114,1000.350957,66.086269,120.946834,591.718574,326.588822,173.152234,27.569926,346.700891,253.603266,575.013364,526.767797,25.511491,161.943030,63.417246,900.537281,369.108045,218.625870,74.107834,37.493530,701.634943,104.155719,353.813846,23.167420,195.670644,64.286085,108.014124,861.207918
2012-04-11 09:00:00,50.806294,270.358563,1046.717793,70.583109,182.224255,671.912734,404.533134,204.556611,42.016657,434.172645,270.581741,520.003522,622.667938,33.074508,170.797132,89.204542,535.738097,443.563828,302.121612,100.067721,51.920253,826.886361,133.079930,321.959010,23.987142,244.395929,79.085669,127.318625,1020.739544
2012-04-11 10:00:00,52.385680,269.056095,263.083336,105.631493,163.775455,576.346704,653.517522,232.225702,47.839599,407.559648,303.434422,432.584677,810.922659,17.478191,217.945780,132.241908,565.212046,590.057515,439.264466,123.293398,0.000000,931.146344,0.000000,349.104134,22.772773,259.586825,99.459099,0.000000,955.170372
2012-04-11 11:00:00,52.531650,233.924270,0.000000,130.029186,169.330425,446.990621,799.050754,245.195014,54.170134,353.972814,336.985332,425.546080,913.208334,18.454558,205.636504,158.358101,764.325923,774.352775,535.146935,128.946820,0.000000,976.586503,0.000000,371.877298,0.000000,260.251602,105.285782,0.000000,1017.021655
2012-04-11 12:00:00,62.988187,180.131982,0.000000,142.139977,145.709486,381.302880,675.306453,210.505455,57.449239,326.362133,327.465509,430.513247,592.351101,16.889130,178.813622,140.036379,791.573118,734.225600,481.779532,131.937156,0.000000,952.205456,0.000000,399.309860,0.000000,299.424916,119.227359,0.000000,0.000000
2012-04-11 13:00:00,65.684458,193.664964,0.000000,161.779068,122.224310,369.923743,708.922451,231.626756,0.000000,284.801993,313.398347,433.844467,0.000000,29.135774,169.444249,135.233241,555.969333,699.624684,516.059095,152.768637,0.000000,1003.727529,0.000000,429.523933,0.000000,300.113725,129.731219,0.000000,0.000000
2012-04-11 14:00:00,55.039062,169.619844,0.000000,150.529868,0.000000,390.056818,828.838716,0.000000,0.000000,0.000000,312.622236,424.208607,0.000000,27.799451,0.000000,127.075534,630.373924,762.973414,619.247049,186.824991,36.702013,981.795522,0.000000,441.084137,0.000000,305.773855,164.500809,0.000000,497.465412
2012-04-11 15:00:00,50.988001,0.000000,518.265597,141.111552,0.000000,376.044428,961.503263,0.000000,0.000000,0.000000,308.455384,353.183474,662.186471,9.751367,0.000000,110.666937,534.239264,720.117405,648.321281,175.459541,32.197438,923.526979,397.157685,501.645279,0.000000,327.383955,136.378577,0.000000,826.505090
2012-04-11 16:00:00,44.119599,222.508131,387.579274,145.068254,133.249161,323.498815,929.171521,127.057478,48.138540,319.805154,288.003376,260.884545,593.588607,0.000000,115.071485,104.221085,400.277746,670.188727,660.991328,139.155525,23.425338,0.000000,380.194434,550.730962,0.000000,335.577526,123.395366,0.000000,805.750410
2012-04-11 17:00:00,35.560330,200.190220,307.525371,141.461012,96.119782,159.577756,826.918957,76.562977,32.415356,275.886441,241.109212,205.268416,494.569984,7.828583,101.112335,98.857202,322.650614,618.091576,680.550256,149.143016,16.482596,927.874121,327.496634,434.488864,10.395415,277.064338,86.901686,134.574527,612.615348
2012-04-11 18:00:00,24.710641,126.227886,221.350617,173.281016,80.668467,144.585785,641.127299,59.032361,24.252234,209.847526,180.363635,146.016170,337.246498,8.981557,100.130264,88.020440,306.579954,350.516105,804.622255,372.420072,4.334828,859.678675,237.488551,394.277194,6.356421,235.924968,64.555538,140.790236,578.642859
2012-04-11 19:00:00,13.508222,75.924975,155.032406,115.867586,35.000130,78.322946,616.104985,43.448874,19.063599,119.388981,150.429770,103.336925,211.857283,24.987354,113.083337,55.569531,223.031606,294.064338,667.642891,380.100486,2.111264,687.185984,116.852380,328.940233,15.243817,188.345763,43.772701,66.355175,503.577717
2012-04-11 20:00:00,8.896615,40.576984,93.497805,85.990054,22.019601,79.000480,648.355968,47.939031,12.531479,106.349911,189.419839,80.355794,162.627288,38.735923,128.145049,50.782189,254.008218,306.728423,538.028009,231.452475,1.706979,568.259399,53.714999,281.364776,19.127223,181.501803,29.335066,39.326881,488.677852
2012-04-11 21:00:00,8.674526,54.590685,60.882291,74.628786,13.558609,76.832371,583.297950,46.486333,6.786919,124.278632,195.676224,64.566036,109.820756,46.517834,95.671997,44.904059,276.311379,426.071322,511.095046,158.728555,1.998962,523.702882,29.528411,316.041998,20.498973,165.897576,22.438107,26.885286,426.060697
2012-04-11 22:00:00,7.773107,67.767747,41.530420,66.519789,5.255275,34.689748,433.720116,50.448237,5.026490,139.490880,168.922400,49.870619,96.987296,47.875328,103.202853,24.997199,291.534171,346.867132,441.237675,77.124157,2.987213,478.327312,13.873902,263.814719,21.368392,172.796287,35.864188,14.586698,336.095690
2012-04-11 23:00:00,8.916211,51.034970,32.832950,55.071794,4.782300,11.518080,480.150410,40.015224,3.636677,92.495900,205.700266,52.684635,79.314991,31.648543,95.310516,16.907196,245.688785,306.513777,384.846785,67.203622,5.098477,477.508258,8.383695,155.272195,22.662861,128.994947,41.933512,5.291253,218.594222
2012-04-12 00:00:00,6.701855,36.184630,36.311938,46.485798,9.827364,13.144162,412.590161,24.563801,2.547990,85.297247,206.529842,82.075470,69.006146,19.194328,74.706094,20.937048,188.160792,367.473100,392.000853,66.803601,2.874912,445.728978,8.457887,146.179997,30.410352,74.681285,32.783546,6.113542,264.802665
2012-04-12 01:00:00,3.827765,31.583117,27.179594,60.275428,7.988018,20.732545,316.115238,23.771420,1.320322,71.850706,125.058572,52.684635,73.844991,10.370620,43.980200,18.846373,131.694853,391.298751,433.662779,54.082915,4.087766,434.262227,9.273998,254.511074,23.686844,135.838906,55.727430,4.647722,187.851463
2012-04-12 02:00:00,2.135971,47.374675,22.613423,98.088503,4.782300,16.802847,341.137553,31.431100,0.949705,58.132519,38.990069,47.369271,64.167300,8.776354,64.283389,11.089666,113.639914,290.415365,332.664170,42.802307,2.358326,493.725520,4.822479,216.309744,7.728171,132.225296,57.796518,4.576219,112.974926
2012-04-12 03:00:00,1.678730,19.765593,29.571399,155.718751,10.195233,8.943451,434.554193,32.355544,20.360758,64.380406,8.399456,31.423180,48.598840,8.602721,71.814245,6.787118,84.256385,150.037206,262.596384,98.725321,1.167933,372.177963,4.377327,178.319861,3.361754,90.723526,34.024999,3.181902,191.434975
2012-04-12 04:00:00,0.823035,16.523617,28.484215,205.673638,23.175762,8.943451,544.374350,24.299674,12.925259,60.441521,5.461375,17.978436,96.566527,6.077152,90.852249,4.241949,77.176016,151.539725,252.496524,99.605368,1.392536,226.222609,4.748287,109.529274,1.874081,43.034817,17.288378,7.400604,221.234705
2012-04-12 05:00:00,1.276858,16.837357,16.997546,215.430452,19.444516,10.891871,633.342579,17.828565,5.605578,62.614699,6.118123,33.076930,83.312298,6.534911,47.173283,1.348556,97.001048,231.602497,176.537153,26.721440,2.223095,206.401511,6.885876,106.709988,1.333109,47.414951,22.242029,6.502919,134.853209
2012-04-12 06:00:00,2.036578,24.842423,37.084575,214.376198,15.269195,31.067677,525.145857,39.486602,3.956602,67.688134,13.293068,57.950452,63.765178,9.627787,30.723665,9.022293,164.290985,289.572961,306.690232,6.519915,7.568228,170.944435,26.995271,83.609399,3.024867,35.343868,20.776130,10.128462,148.058781
2012-04-12 07:00:00,4.610359,76.666377,72.295068,240.859144,16.489058,68.799670,658.909319,95.442153,3.292554,66.197486,29.113396,92.186225,87.718928,18.424343,47.614856,22.071331,267.039712,444.322185,284.535341,28.610352,15.773728,152.302937,56.153034,110.278658,5.035405,47.479178,34.629827,13.663166,132.743933
2012-04-12 08:00:00,5.670128,116.425114,93.483848,331.113847,29.016343,106.349339,953.739800,146.372382,6.249406,109.351776,37.730508,130.596726,121.337595,33.391305,50.122016,35.486924,250.085373,776.293252,373.504062,67.279220,22.823819,189.724716,69.299151,177.605351,9.013176,72.404067,53.161994,17.489322,228.108101
2012-04-12 09:00:00,5.207786,148.139229,102.894778,361.589044,63.068435,112.976716,995.720641,207.801886,7.447138,152.247309,42.540577,147.319891,130.350953,33.260709,53.556213,45.900210,305.678868,757.488182,531.071296,101.095906,28.055773,391.043182,72.189636,262.358648,21.083564,85.614427,66.764594,22.015319,361.101973
2012-04-12 10:00:00,5.326392,217.858892,119.949983,384.367904,80.874394,120.548456,1322.554008,236.763135,21.038305,202.409076,48.273971,185.063941,138.344833,31.688012,58.419012,54.426820,297.820795,600.148240,691.284514,125.881941,27.837580,567.445728,78.920967,334.907662,28.950268,204.292600,65.096001,22.800110,367.211200
2012-04-12 11:00:00,7.066572,189.488557,119.860915,391.570179,86.747980,175.338204,1537.113218,266.823558,32.287353,178.732825,53.058572,230.392538,200.747136,39.113030,38.922871,59.186527,306.140228,585.540361,899.834789,157.649243,25.064812,614.083088,81.441009,299.117481,23.720120,283.732047,70.023586,27.045807,310.477153
2012-04-12 12:00:00,8.968841,201.503491,137.066034,398.264928,74.801342,193.766812,1710.889004,265.602085,31.551663,215.300759,47.623764,290.946910,162.079973,54.330203,43.317906,59.520836,275.745903,680.962947,983.107229,192.660509,25.311374,707.818830,83.365289,269.480446,125.976441,331.944010,76.007907,30.751934,345.178397
2012-04-12 13:00:00,7.638359,285.919360,151.125225,407.601749,83.024397,187.898143,1889.636897,368.140642,25.991296,272.236930,55.947576,329.235388,163.974755,68.200556,56.601097,45.896063,311.191347,746.197355,1226.546720,237.015738,26.022015,804.866569,79.473497,224.392178,140.291800,327.082727,80.859396,35.057408,643.444985
2012-04-12 14:00:00,7.757180,374.037340,174.128152,456.342920,132.027248,217.116937,1943.304449,533.933812,39.032842,420.885623,52.300582,291.763400,201.222663,35.908976,93.601786,52.720184,360.360754,886.824306,1342.214469,327.411850,18.802900,852.233246,94.596858,186.307612,0.000000,302.342688,59.309365,52.103389,953.065962
2012-04-12 15:00:00,7.609706,366.946124,388.013236,445.331949,163.815498,186.985782,2292.121065,557.604871,45.369422,507.926398,72.572972,246.106594,354.504208,0.000000,105.441197,40.198737,329.882184,1009.416845,1418.744417,374.712279,25.327673,800.132174,68.666887,180.071637,0.000000,290.785919,29.450555,53.043512,952.293242
2012-04-12 16:00:00,4.081119,345.364066,614.159752,428.557981,183.071916,177.964378,2453.668407,506.187491,73.758490,643.770132,84.691741,190.980113,312.065245,0.000000,56.051897,19.657127,366.032202,1041.629846,1526.997099,481.335734,33.888853,105.773814,37.912055,241.112186,0.000000,282.319697,19.420710,84.724642,894.138396
2012-04-12 17:00:00,0.837895,282.311534,870.305408,389.824426,189.470991,173.690546,2398.042274,531.964098,71.437269,603.284259,49.371312,158.093979,300.514937,0.000000,27.280934,14.428949,342.569399,1084.053408,1416.068492,454.605798,39.355094,735.399587,28.163807,262.690300,0.000000,289.909395,5.931385,212.478852,860.979030
2012-04-12 18:00:00,0.346197,260.403841,1022.822496,372.580202,201.697444,276.569434,2279.532839,440.563657,100.483468,493.990584,41.997282,272.803229,578.347239,14.443101,53.559449,14.331727,238.077389,1129.035343,1268.163789,400.981612,33.578076,954.033652,37.021802,231.956783,137.889889,319.476025,12.460506,307.393206,803.083864
2012-04-12 19:00:00,0.444178,283.306830,1050.654401,359.224208,207.057824,364.648872,2180.833710,373.343363,41.648058,479.864926,38.195059,472.442039,759.277987,7.261012,147.303547,8.483898,230.288984,1474.829247,1303.092475,296.175963,29.198327,726.500557,35.908922,192.698221,102.881275,292.757207,41.795573,310.146088,671.059744
2012-04-12 20:00:00,0.522562,364.042479,1110.666946,323.535951,180.255923,540.672241,2186.950276,487.049990,44.474011,526.316611,24.403359,670.361173,857.527590,10.054924,164.353406,9.756483,200.728446,1642.682030,1490.781558,250.733514,28.412218,541.066819,39.915289,119.749187,72.973254,217.747412,127.363847,295.380631,597.314842
2012-04-12 21:00:00,1.077784,308.824315,1125.887518,338.756581,124.865327,588.641657,2107.156896,510.689347,65.228549,582.547599,20.532004,800.118583,788.100676,18.531366,175.258085,16.695099,262.858679,1550.599109,1582.732375,320.657282,33.308553,429.511716,57.943942,70.059265,70.268394,120.344182,153.250433,37.193337,378.909226
2012-04-12 22:00:00,3.181095,168.478148,1159.372779,290.622965,97.537899,740.815824,2024.027207,585.833448,59.368171,453.243492,20.739398,931.439335,647.563769,22.288151,98.624093,11.089666,342.158805,1440.056676,1597.671753,364.099624,27.626109,395.275275,46.666760,41.795920,0.000000,61.321876,100.787564,-0.000000,228.024517
2012-04-12 23:00:00,6.198889,101.024141,952.155551,253.156800,74.835112,856.403148,1905.588252,430.658899,46.211277,309.134608,22.986167,972.867906,416.351104,14.758797,38.738724,7.150714,582.183296,1282.506877,1633.862921,360.659438,25.514845,441.306088,31.531595,25.796470,0.000000,57.434507,85.568274,0.000000,229.910576
2012-04-13 00:00:00,2.194760,83.036406,732.109555,276.399699,44.564730,931.473930,1793.821914,270.862129,46.952510,233.209193,23.435520,1011.169792,272.027275,9.202544,15.121959,7.029515,562.181255,1111.863702,1638.492024,359.779391,19.225975,383.972335,25.299468,13.109681,0.000000,47.250696,101.431280,0.000000,186.908433
2012-04-13 01:00:00,0.372325,124.868348,480.653079,253.330254,43.198358,941.907956,1719.589049,218.565004,20.522903,249.915501,35.429806,1058.382729,266.557276,21.814607,21.929853,14.180229,292.773235,843.556824,1654.273057,321.217313,0.000000,296.988841,0.000000,9.515091,113.430228,46.538924,111.592800,0.000000,198.601998
2012-04-13 02:00:00,2.795706,105.625655,506.984619,227.138629,71.156420,951.257927,1477.428651,237.714204,12.948423,273.548814,48.322798,1182.355772,354.287650,46.186353,50.185626,23.603416,195.241160,813.077163,1526.341485,247.533341,0.000000,178.881310,0.000000,19.241629,103.074479,41.282763,110.489286,0.000000,198.224787
2012-04-13 03:00:00,3.559952,56.786862,0.000000,230.347537,109.204609,903.424017,1359.267722,273.107207,13.735983,320.815441,51.399142,1127.169790,530.169168,54.047188,87.659166,23.664015,85.849467,932.420062,1511.402107,177.289555,0.000000,166.923127,0.000000,29.391060,92.467565,21.353153,66.808545,0.000000,255.938188
2012-04-13 04:00:00,3.461972,41.727363,773.422538,179.742195,114.249672,866.972680,1394.020936,291.067836,14.569871,346.486110,38.471584,1050.253349,564.672241,16.652974,96.274466,21.815737,184.443598,878.329396,1504.458453,232.732544,33.914979,217.704451,0.000000,24.245862,96.891942,9.855302,45.152093,154.480984,275.364594
2012-04-13 05:00:00,5.250420,66.199049,779.231119,138.503395,152.402967,844.484238,1489.105731,289.615138,11.211157,320.951265,36.881563,1023.292551,630.943387,9.486671,98.684340,17.176299,465.534225,881.549078,1452.065424,236.492746,35.007758,179.536553,28.723534,35.382044,100.659426,6.022684,59.330064,249.139199,355.710702
2012-04-13 06:00:00,10.014930,43.736712,792.272319,118.266244,194.082651,862.489572,1535.302934,239.800678,18.948897,350.849148,36.854071,1166.890466,751.481428,15.068699,112.582611,29.783252,801.186802,839.635089,1376.954705,270.166962,37.054024,155.084403,50.178067,58.900460,86.410213,16.357264,67.651125,242.478803,380.990869
2012-04-13 07:00:00,19.231094,132.081367,925.901396,98.885063,232.849930,1010.645775,1388.768720,255.166119,27.994239,358.330160,45.995558,1284.534689,754.298797,25.138747,98.831153,53.918298,764.906960,882.404972,1341.489825,292.568191,54.495390,173.576841,95.088244,101.657358,95.219466,55.943566,77.433463,249.227218,411.018562
2012-04-13 08:00:00,21.606923,368.565908,0.000000,104.707981,227.092931,1095.625302,1405.863785,277.971259,30.472836,492.704671,61.833274,1395.229150,993.302010,44.164686,112.896712,100.044007,881.314795,910.800048,1417.228772,350.956812,0.000000,256.569438,0.000000,116.514930,0.000000,91.499946,86.850747,0.000000,572.735149
2012-04-13 09:00:00,29.381342,490.150100,0.000000,131.683585,240.269075,1094.779722,1661.182951,303.308183,0.000000,571.680670,65.180647,1426.708452,0.000000,35.779174,0.000000,145.936983,0.000000,1086.587381,1517.729195,387.505535,0.000000,286.989995,0.000000,206.727520,0.000000,138.175578,91.254266,0.000000,0.000000
2012-04-13 10:00:00,25.686351,570.752197,0.000000,212.463292,0.000000,1123.337836,2296.292836,0.000000,0.000000,0.000000,64.034896,1398.176159,0.000000,54.497590,0.000000,127.127761,0.000000,1474.327335,1717.960140,426.505494,0.000000,338.184450,0.000000,319.721932,0.000000,214.793805,92.322921,0.000000,0.000000
2012-04-13 11:00:00,26.083273,570.129462,0.000000,232.091538,0.000000,1163.709528,2480.219251,0.000000,0.000000,0.000000,74.477529,1267.434981,0.000000,65.397315,0.000000,123.824657,0.000000,1742.979625,1838.350083,423.458016,0.000000,356.155961,0.000000,327.982017,0.000000,277.303713,107.445266,0.000000,0.000000
2012-04-13 12:00:00,34.285893,564.463905,0.000000,216.444535,0.000000,1108.671745,2196.794241,0.000000,0.000000,0.000000,86.345800,1032.039821,0.000000,94.696080,0.000000,136.532783,0.000000,1736.152910,1842.821589,416.990062,0.000000,385.687500,0.000000,320.303050,0.000000,279.640076,119.122035,0.000000,0.000000
2012-04-13 13:00:00,37.487454,510.604620,0.000000,269.287305,0.000000,1175.562404,2125.676955,0.000000,0.000000,0.000000,112.454319,1083.477872,0.000000,89.582088,0.000000,163.347071,0.000000,1621.197433,1822.170845,0.000000,0.000000,459.778872,0.000000,330.475696,0.000000,296.895603,112.002825,0.000000,0.000000
2012-04-13 14:00:00,33.740622,585.217567,0.000000,281.767547,0.000000,1164.237493,2275.699372,0.000000,0.000000,0.000000,154.765696,1006.100022,0.000000,69.998680,0.000000,197.798221,0.000000,1815.203555,1752.583917,0.000000,0.000000,585.719138,0.000000,309.046907,0.000000,299.202853,103.682809,0.000000,0.000000
2012-04-13 15:00:00,36.406913,642.552650,0.000000,350.749869,0.000000,1044.725737,2093.785500,0.000000,0.000000,0.000000,155.911767,910.483028,0.000000,94.424005,0.000000,127.194615,0.000000,1780.371067,1668.274458,0.000000,0.000000,401.418700,0.000000,303.114303,0.000000,286.418967,99.841352,0.000000,0.000000
2012-04-13 16:00:00,55.994844,702.950325,0.000000,314.816995,0.000000,1113.897897,1876.693526,0.000000,0.000000,0.000000,138.279128,910.923640,0.000000,60.711892,0.000000,158.448529,0.000000,1677.113541,1151.044379,0.000000,0.000000,231.394712,0.000000,294.329953,0.000000,303.542753,79.010907,0.000000,0.000000
2012-04-13 17:00:00,58.938465,562.594160,0.000000,294.698951,0.000000,1124.480855,1614.757478,0.000000,0.000000,0.000000,105.163124,1057.412395,0.000000,35.659295,0.000000,217.406226,0.000000,1919.930925,1696.926998,0.000000,0.000000,85.134023,0.000000,342.475956,0.000000,231.232830,58.302295,0.000000,0.000000
2012-04-13 18:00:00,45.684965,588.993749,0.000000,204.025821,0.000000,1027.683777,1316.729787,0.000000,0.000000,0.000000,85.100665,990.064671,0.000000,13.432873,0.000000,183.433992,0.000000,1784.991998,1735.703185,568.110620,0.000000,176.096527,0.000000,287.496724,0.000000,282.573396,55.221653,0.000000,0.000000
2012-04-13 19:00:00,43.673102,681.965241,0.000000,106.284227,0.000000,955.729652,1598.369837,0.000000,0.000000,0.000000,102.314365,964.425857,0.000000,13.022468,0.000000,114.320524,862.211868,1717.593310,1508.035487,449.464225,0.000000,214.919669,0.000000,213.560940,0.000000,198.639078,42.393309,0.000000,0.000000
2012-04-13 20:00:00,46.527596,503.552007,0.000000,93.925596,0.000000,836.077124,1445.177668,0.000000,0.000000,0.000000,100.378688,907.520198,0.000000,10.070709,0.000000,72.355529,904.340060,1785.850580,1545.699551,362.739551,0.000000,156.439241,0.000000,201.719937,0.000000,141.259322,44.002600,0.000000,0.000000
2012-04-13 21:00:00,48.957508,0.000000,0.000000,108.322317,0.000000,716.831116,1145.187921,0.000000,0.000000,0.000000,123.814208,789.331521,0.000000,5.635177,0.000000,50.297394,1206.494784,1577.215152,1528.656036,433.063341,22.347950,90.914951,29.973563,208.697671,0.000000,151.005120,42.761147,0.000000,0.000000
2012-04-13 22:00:00,44.267516,405.769841,0.000000,123.369492,0.000000,643.657429,1046.488792,0.000000,0.000000,0.000000,148.148436,654.415082,0.000000,4.340823,0.000000,33.026602,1314.116384,1424.172908,1367.689502,477.305725,17.810979,132.195254,0.000000,197.772936,0.000000,163.105240,52.278951,0.000000,0.000000
2012-04-13 23:00:00,35.971847,529.383231,0.000000,168.857927,0.000000,651.787839,921.933272,0.000000,0.000000,0.000000,211.818389,540.916432,0.000000,4.261899,0.000000,22.452030,1428.464334,0.000000,500.599349,447.304108,0.000000,329.587175,0.000000,215.182030,0.000000,235.322700,22.024290,0.000000,0.000000
2012-04-14 00:00:00,37.212932,0.000000,11.106275,0.000000,0.000000,635.527020,0.000000,0.000000,0.000000,0.000000,202.140003,433.983819,0.000000,5.761456,0.000000,37.541248,1463.689167,0.000000,985.578097,386.420827,10.736000,605.444433,14.541629,253.030949,0.000000,304.966831,16.368783,0.000000,810.628100
2012-04-14 01:00:00,40.256854,0.000000,93.328595,0.000000,0.000000,550.970759,0.000000,0.000000,0.000000,0.000000,220.978290,430.544466,0.000000,8.208101,0.000000,80.839427,1543.697331,0.000000,877.846247,384.180706,8.287833,818.234562,12.019102,297.928084,0.000000,230.259059,28.277533,0.000000,0.000000
2012-04-14 02:00:00,31.144683,0.000000,281.393762,0.000000,0.000000,398.796592,0.000000,0.000000,0.000000,0.000000,224.020068,413.347701,0.000000,3.267456,0.000000,112.563145,1389.345299,0.000000,693.523785,337.778205,8.557356,733.380608,9.644958,238.441142,0.000000,0.000000,16.920540,0.000000,0.000000
2012-04-14 03:00:00,34.410694,0.000000,338.517758,0.000000,0.000000,325.622906,0.000000,0.000000,0.000000,0.000000,230.345585,488.857133,0.000000,3.377949,0.000000,132.530604,1456.254781,0.000000,892.996038,257.453876,5.031096,741.571144,7.938543,343.177629,0.000000,0.000000,5.011790,0.000000,0.000000
2012-04-14 04:00:00,50.486001,0.000000,285.448523,0.000000,0.000000,335.514904,0.000000,0.000000,0.000000,0.000000,217.072370,488.544465,0.000000,4.214544,0.000000,126.167681,1565.646473,0.000000,1127.607391,337.458188,4.896335,754.512191,10.980414,283.690688,0.000000,0.000000,2.896723,0.000000,0.000000
2012-04-14 05:00:00,39.750661,0.000000,687.846783,0.000000,0.000000,331.364121,0.000000,0.000000,0.000000,0.000000,164.256035,435.570297,0.000000,4.530240,0.000000,136.749992,1569.717685,0.000000,1224.608139,518.667955,5.892297,727.155800,16.693456,272.272578,0.000000,0.000000,7.055979,0.000000,0.000000
2012-04-14 06:00:00,27.564405,0.000000,732.385578,0.000000,0.000000,290.067394,0.000000,0.000000,0.000000,0.000000,108.092475,482.160004,0.000000,2.839140,0.000000,165.970069,1576.841659,0.000000,1407.290051,381.393703,11.604004,785.335586,36.646546,225.532627,0.000000,0.000000,27.089486,0.000000,0.000000
2012-04-14 07:00:00,28.507400,0.000000,695.333461,0.000000,0.000000,355.514397,0.000000,0.000000,0.000000,0.000000,47.177762,542.530233,0.000000,3.001075,0.000000,173.911218,1547.686034,0.000000,1573.428085,511.360841,19.822624,644.472883,65.482949,258.562151,0.000000,0.000000,59.390086,0.000000,669.188124
2012-04-14 08:00:00,25.569030,0.000000,801.135791,0.000000,0.000000,376.595371,0.000000,0.000000,0.000000,0.000000,49.962016,530.704726,0.000000,6.096825,0.000000,241.911635,1693.174885,0.000000,1827.343572,559.306996,30.625724,628.843651,89.942387,273.922443,0.000000,0.000000,90.584276,0.000000,1106.803470
2012-04-14 09:00:00,35.095959,0.000000,0.000000,0.000000,0.000000,296.830703,0.000000,0.000000,0.000000,0.000000,87.190757,768.008122,0.000000,14.341166,0.000000,289.459778,1726.602453,0.000000,1282.061577,700.426495,35.539034,558.193220,112.758055,316.678013,0.000000,293.490873,101.488433,0.000000,0.000000
2012-04-14 10:00:00,39.668954,0.000000,0.000000,0.000000,0.000000,385.196293,0.000000,0.000000,0.000000,0.000000,106.958735,863.621612,0.000000,56.668172,0.000000,328.615197,1819.004227,0.000000,0.000000,748.225748,35.699971,468.419114,0.000000,274.877718,0.000000,328.863551,79.581460,0.000000,0.000000
2012-04-14 11:00:00,27.512669,0.000000,0.000000,0.000000,0.000000,490.897200,0.000000,0.000000,0.000000,0.000000,112.880824,849.141674,0.000000,50.024749,0.000000,315.292978,1776.484588,0.000000,0.000000,763.374139,29.600232,401.675447,0.000000,243.445528,0.000000,317.949743,97.372843,0.000000,0.000000
2012-04-14 12:00:00,21.370138,0.000000,0.000000,0.000000,0.000000,442.887301,0.000000,0.000000,0.000000,0.000000,91.588146,750.703908,0.000000,40.948054,0.000000,290.098292,384.737409,0.000000,0.000000,0.000000,0.000000,483.479989,0.000000,204.235166,0.000000,251.772811,90.118707,0.000000,0.000000
2012-04-14 13:00:00,19.566224,0.000000,0.000000,0.000000,0.000000,408.512376,0.000000,0.000000,0.000000,0.000000,71.436565,719.310898,0.000000,60.161164,0.000000,267.673517,0.000000,0.000000,0.000000,0.000000,0.000000,559.746396,0.000000,194.485658,0.000000,166.300974,87.556332,0.000000,0.000000
2012-04-14 14:00:00,20.359060,0.000000,0.000000,0.000000,0.000000,375.353256,0.000000,0.000000,0.000000,0.000000,90.851731,633.894102,0.000000,81.494945,0.000000,246.226153,0.000000,0.000000,0.000000,0.000000,0.000000,668.072265,0.000000,340.786700,0.000000,154.496811,71.231306,0.000000,0.000000
2012-04-14 15:00:00,30.023135,0.000000,0.000000,0.000000,0.000000,422.551512,0.000000,0.000000,0.000000,0.000000,156.957166,529.921988,0.000000,41.462124,0.000000,258.258934,0.000000,0.000000,0.000000,0.000000,0.000000,711.528059,0.000000,416.607008,0.000000,138.284355,71.980634,0.000000,0.000000
2012-04-14 16:00:00,38.604540,0.000000,0.000000,0.000000,0.000000,491.337121,0.000000,0.000000,0.000000,0.000000,159.504773,413.122645,0.000000,16.656422,0.000000,292.768842,0.000000,0.000000,0.000000,0.000000,0.000000,871.854058,0.000000,477.944978,0.000000,165.254426,100.802972,0.000000,0.000000
2012-04-14 17:00:00,23.005915,0.000000,0.000000,0.000000,0.000000,518.956035,0.000000,0.000000,0.000000,0.000000,145.123359,537.980212,0.000000,34.647327,0.000000,265.699954,1338.292576,0.000000,0.000000,0.000000,57.896745,1133.101066,0.000000,498.147288,0.000000,223.755196,117.018408,0.000000,0.000000
2012-04-14 18:00:00,9.608605,0.000000,0.000000,0.000000,0.000000,615.743023,0.000000,0.000000,0.000000,0.000000,114.585176,641.595675,0.000000,46.060074,0.000000,206.673812,1294.999389,0.000000,700.548059,589.391767,53.185875,960.258459,0.000000,361.080097,0.000000,321.666092,61.566856,0.000000,0.000000
2012-04-14 19:00:00,16.545613,0.000000,0.000000,0.000000,0.000000,942.178970,0.000000,0.000000,0.000000,0.000000,87.174605,906.582193,0.000000,19.210113,0.000000,99.746399,1011.430633,0.000000,1878.574135,576.351064,60.889741,811.026891,80.646690,215.322994,0.000000,208.768138,11.494932,0.000000,414.533539
2012-04-14 20:00:00,5.460771,0.000000,0.000000,349.597485,0.000000,1125.248693,0.000000,0.000000,0.000000,0.000000,113.548206,1110.442027,0.000000,10.228557,0.000000,80.445531,1003.465218,0.000000,1671.106158,537.388964,68.975431,736.329201,0.000000,115.661222,0.000000,144.927684,4.643953,0.000000,0.000000
2012-04-14 21:00:00,0.509498,0.000000,0.000000,324.273132,0.000000,1199.235421,0.000000,0.000000,0.000000,0.000000,113.582772,1264.900245,0.000000,12.343721,0.000000,90.020216,674.582104,0.000000,1430.564428,557.710059,71.738042,574.975638,0.000000,79.997250,0.000000,101.783364,8.920067,0.000000,0.000000
2012-04-14 22:00:00,2.070651,0.000000,0.000000,272.150064,0.000000,1204.249173,855.820969,0.000000,0.000000,0.000000,101.484790,1350.571403,0.000000,21.120075,0.000000,128.682551,654.757072,0.000000,519.287546,517.467890,63.921875,434.589849,0.000000,62.165264,0.000000,54.423165,15.127331,0.000000,0.000000
2012-04-14 23:00:00,9.530221,117.861498,0.000000,267.119884,0.000000,1171.727535,1471.312085,0.000000,0.000000,0.000000,99.203456,1419.358463,0.000000,27.276151,0.000000,155.952222,0.000000,1481.268612,0.000000,0.000000,0.000000,229.662634,0.000000,51.311011,0.000000,22.064925,15.265270,0.000000,0.000000
2012-04-15 00:00:00,4.879421,109.181370,0.000000,283.424605,0.000000,1162.242057,1437.948999,0.000000,0.000000,0.000000,120.288511,1413.886765,0.000000,19.967784,0.000000,126.016183,0.000000,1352.266665,0.000000,0.000000,0.000000,220.653044,0.000000,92.261145,0.000000,27.485341,14.851452,0.000000,0.000000
2012-04-15 01:00:00,6.656131,152.163690,0.000000,251.508982,0.000000,1149.097895,1383.455959,0.000000,0.000000,0.000000,144.000556,1380.743909,0.000000,14.774582,0.000000,106.230521,0.000000,1275.638221,0.000000,0.000000,0.000000,400.025786,0.000000,100.648522,0.000000,54.368413,18.621790,0.000000,0.000000
2012-04-15 02:00:00,13.148961,229.343624,0.000000,259.357797,0.000000,1122.674063,1375.671239,0.000000,0.000000,0.000000,149.496497,1396.377332,0.000000,17.678987,0.000000,84.505683,0.000000,1110.361184,0.000000,0.000000,0.000000,375.945610,0.000000,106.709988,0.000000,66.578037,18.437871,0.000000,0.000000
2012-04-15 03:00:00,17.878145,351.074577,0.000000,258.273706,0.000000,1075.653194,1413.204710,0.000000,0.000000,0.000000,135.670231,1392.781644,0.000000,17.363291,0.000000,123.471013,0.000000,0.000000,0.000000,0.000000,0.000000,409.035376,0.000000,195.165097,0.000000,125.490840,19.495405,0.000000,0.000000
2012-04-15 04:00:00,23.097231,502.715368,0.000000,239.974260,0.000000,1067.929305,1442.397410,0.000000,0.000000,0.000000,141.131606,1425.299164,0.000000,15.847949,0.000000,157.073309,0.000000,237.142461,0.000000,0.000000,0.000000,507.485620,0.000000,272.131614,0.000000,190.754836,22.484087,0.000000,0.000000
2012-04-15 05:00:00,26.553915,543.187772,0.000000,205.153275,0.000000,1113.625922,1388.182396,0.000000,0.000000,0.000000,152.987629,1459.535547,0.000000,23.361518,0.000000,155.344115,0.000000,1001.106623,0.000000,0.000000,0.000000,524.030504,0.000000,212.010332,0.000000,201.157655,22.666733,0.000000,0.000000
2012-04-15 06:00:00,25.597068,426.339014,0.000000,159.146934,0.000000,1156.598550,1329.279850,0.000000,0.000000,0.000000,166.712341,1529.163424,0.000000,32.762777,0.000000,91.391516,0.000000,1032.139302,0.000000,0.000000,0.000000,597.644278,0.000000,149.383419,0.000000,140.515838,40.197990,0.000000,0.000000
2012-04-15 07:00:00,31.745943,308.123639,0.000000,149.828360,0.000000,1307.205364,1344.357690,0.000000,0.000000,0.000000,200.809981,1608.745520,0.000000,57.782295,0.000000,216.454676,0.000000,936.857225,860.392349,0.000000,0.000000,596.792079,0.000000,183.288438,0.000000,123.070610,78.037356,0.000000,0.000000
2012-04-15 08:00:00,27.771967,375.087809,0.000000,161.612133,0.000000,1393.445469,1496.966306,0.000000,0.000000,0.000000,251.053909,1654.296502,0.000000,76.952919,0.000000,232.842022,0.000000,753.559182,0.000000,0.000000,0.000000,884.430456,0.000000,164.169134,0.000000,135.999343,94.811402,0.000000,0.000000
2012-04-15 09:00:00,26.660465,0.000000,0.000000,0.000000,455.868024,258.303151,2181.602632,911.399528,134.010628,0.000000,283.426628,0.000000,1642.940563,0.000000,215.448161,0.000000,1310.072123,0.000000,1797.169302,0.000000,0.000000,0.000000,0.000000,263.793674,114.487650,180.891858,0.000000,379.228345,0.000000
2012-04-15 10:00:00,29.952276,558.704349,0.000000,376.255349,0.000000,1456.990970,0.000000,0.000000,0.000000,0.000000,264.648540,1713.129926,0.000000,48.059513,0.000000,0.000000,0.000000,0.000000,0.000000,0.000000,0.000000,1254.548613,0.000000,310.128192,0.000000,261.087015,94.149840,0.000000,0.000000
2012-04-15 11:00:00,30.557056,0.000000,2017.343331,0.000000,0.000000,1407.277572,0.000000,0.000000,0.000000,0.000000,0.000000,1628.108814,1500.658624,0.000000,0.000000,248.978093,1279.928187,0.000000,0.000000,412.208580,122.885620,0.000000,281.505011,0.000000,0.000000,0.000000,89.613018,0.000000,1416.935895
2012-04-15 12:00:00,28.182103,0.000000,2126.534363,0.000000,0.000000,1285.018953,0.000000,0.000000,0.000000,0.000000,0.000000,1568.741348,1624.590853,0.000000,0.000000,202.439988,1343.311441,0.000000,0.000000,458.096753,142.253582,0.000000,350.685338,0.000000,0.000000,0.000000,106.607577,0.000000,1344.034130
2012-04-15 13:00:00,18.947391,0.000000,2094.695734,0.000000,0.000000,1308.072510,0.000000,0.000000,0.000000,0.000000,0.000000,1509.518433,1554.665649,0.000000,0.000000,207.200075,1114.619238,0.000000,0.000000,400.363040,168.762070,0.000000,386.100647,0.000000,0.000000,0.000000,107.246663,329.944076,1173.760257
2012-04-15 14:00:00,21.220713,0.000000,2183.479878,0.000000,0.000000,1348.093949,0.000000,0.000000,0.000000,0.000000,0.000000,1449.894880,1557.637460,0.000000,0.000000,171.785361,1499.218871,0.000000,0.000000,0.000000,168.150643,0.000000,420.636525,0.000000,0.000000,0.000000,99.597695,323.441856,1148.047203
2012-04-15 15:00:00,16.268852,0.000000,2230.288409,0.000000,0.000000,1311.526438,0.000000,0.000000,0.000000,0.000000,0.000000,1417.200940,1628.787822,0.000000,0.000000,190.998373,1345.998312,0.000000,0.000000,0.000000,165.022695,0.000000,440.183860,0.000000,0.000000,0.000000,53.414581,352.195437,1363.697039
2012-04-15 16:00:00,13.874198,0.000000,2205.050721,0.000000,0.000000,1334.452438,0.000000,0.000000,0.000000,0.000000,0.000000,1408.653020,1775.087764,0.000000,0.000000,160.520534,1342.641432,0.000000,0.000000,61.762024,165.051830,0.000000,417.296329,0.000000,0.000000,0.000000,47.766239,116.508760,1551.653659
2012-04-15 17:00:00,34.383691,0.000000,0.000000,0.000000,0.000000,1300.458912,0.000000,0.000000,0.000000,0.000000,110.353416,1482.646068,0.000000,85.704918,0.000000,0.000000,0.000000,0.000000,0.000000,0.000000,0.000000,1488.954199,0.000000,658.563303,0.000000,535.815215,33.519222,0.000000,0.000000
2012-04-15 18:00:00,44.208728,891.229533,0.000000,388.884923,0.000000,1215.089720,0.000000,0.000000,0.000000,0.000000,46.836475,1508.937976,0.000000,56.257061,0.000000,0.000000,0.000000,0.000000,0.000000,0.000000,0.000000,1380.760586,0.000000,601.071847,0.000000,520.359921,29.059188,0.000000,0.000000
2012-04-15 19:00:00,56.724083,794.806906,0.000000,338.019399,0.000000,0.000000,2223.649670,859.336846,109.100307,0.000000,34.392836,1528.010752,1643.314036,0.000000,240.143943,0.000000,943.282086,954.528549,964.536720,0.000000,0.000000,1387.313015,0.000000,579.504306,166.889850,502.127613,60.877160,331.883128,0.000000
2012-04-15 20:00:00,60.192586,0.000000,0.000000,284.725513,0.000000,1324.850250,2200.573536,1042.376782,137.267181,1026.826730,39.646817,612.340379,0.000000,0.000000,218.093596,0.000000,943.282086,684.719153,974.426167,153.128253,0.000000,1334.893583,0.000000,467.296710,155.741964,480.117440,49.152329,0.000000,0.000000
2012-04-15 21:00:00,63.804795,765.629126,0.000000,299.122234,0.000000,1302.085103,2075.461964,0.000000,0.000000,0.000000,23.193561,1534.107787,0.000000,38.546505,0.000000,163.405933,0.000000,646.726899,1052.489676,0.000000,0.000000,1242.995768,0.000000,276.642472,0.000000,387.587109,51.727194,0.000000,0.000000
2012-04-15 22:00:00,53.928377,510.140538,0.000000,271.326155,0.000000,1322.817647,1683.723731,0.000000,0.000000,0.000000,33.044775,1547.239862,0.000000,46.896669,0.000000,0.000000,0.000000,509.997714,1077.528914,72.723920,0.000000,1224.157534,0.000000,261.559290,0.000000,359.006734,82.625571,0.000000,0.000000
2012-04-15 23:00:00,51.609509,382.239374,0.000000,203.201912,0.000000,1323.766195,1353.429182,727.405463,0.000000,0.000000,47.354960,1498.307249,0.000000,60.140125,0.000000,0.000000,0.000000,410.402201,886.262798,125.526766,0.000000,1205.319301,0.000000,295.813619,0.000000,329.769340,140.146211,0.000000,0.000000
2012-04-16 00:00:00,49.963439,670.252297,0.000000,183.731648,0.000000,1321.327072,1139.627407,309.332839,0.000000,0.000000,64.015610,1494.555227,0.000000,65.791086,0.000000,0.000000,0.000000,346.652486,647.443169,0.000000,0.000000,1202.206898,0.000000,230.194729,0.000000,382.111941,219.645161,0.000000,0.000000
2012-04-16 01:00:00,54.581579,415.391188,0.000000,136.118396,0.000000,1301.814089,972.533952,720.274037,0.000000,0.000000,39.612251,1510.970321,0.000000,69.847782,0.000000,0.000000,0.000000,280.970963,606.412484,101.205455,0.000000,1232.020449,0.000000,166.972233,0.000000,295.932804,230.588336,0.000000,0.000000
2012-04-16 02:00:00,55.887984,325.034192,0.000000,109.449771,0.000000,1296.393816,858.821434,681.183257,0.000000,644.174450,48.461061,1494.086225,0.000000,80.360466,0.000000,0.000000,0.000000,224.948487,570.431729,83.124480,0.000000,1191.067768,0.000000,79.926768,0.000000,269.761504,225.852424,0.000000,0.000000
2012-04-16 03:00:00,49.643370,392.488200,0.000000,102.901865,0.000000,1251.947577,683.665234,466.051902,0.000000,793.481714,61.526882,1467.040403,0.000000,73.225732,0.000000,0.000000,0.000000,239.759026,658.805513,121.286537,0.000000,1258.393976,0.000000,111.784703,0.000000,302.941019,236.657660,0.000000,0.000000
2012-04-16 04:00:00,47.775212,553.436598,0.000000,106.674499,0.000000,1228.911416,537.701733,472.523011,0.000000,0.000000,45.177323,1500.026925,0.000000,80.265757,0.000000,195.246746,0.000000,191.893079,608.727035,142.567684,0.000000,1253.807275,0.000000,102.692505,0.000000,278.795530,198.908303,0.000000,0.000000
2012-04-16 05:00:00,44.335015,519.552725,0.000000,98.045139,0.000000,1245.838495,506.840879,0.000000,0.000000,0.000000,39.404857,1491.268704,0.000000,45.910620,0.000000,256.055324,0.000000,154.544762,628.505930,143.207718,0.000000,1336.531691,0.000000,119.608223,0.000000,294.180751,119.247905,0.000000,0.000000
2012-04-16 06:00:00,41.383781,441.732322,0.000000,76.615210,0.000000,1208.303853,577.932054,501.220224,0.000000,693.351804,53.293420,1502.485151,0.000000,52.646878,0.000000,271.271705,0.000000,145.097066,648.501118,137.567547,0.000000,1295.707843,0.000000,138.062941,0.000000,337.088413,102.349728,0.000000,0.000000
2012-04-16 07:00:00,39.127398,480.829134,0.000000,85.653067,0.000000,1330.561178,559.607121,598.201153,0.000000,596.869176,51.349746,1553.763462,0.000000,52.846684,0.000000,268.174398,0.000000,258.454612,568.385208,203.498479,0.000000,1261.388187,0.000000,203.625761,0.000000,349.407235,115.645181,0.000000,0.000000
2012-04-16 08:00:00,49.526605,813.603770,0.000000,94.208714,0.000000,1466.143270,709.754190,0.000000,0.000000,0.000000,47.836527,1609.288878,0.000000,70.195589,0.000000,264.501653,0.000000,348.378952,518.793275,161.199732,0.000000,1395.323749,0.000000,264.919960,0.000000,435.589887,148.951660,0.000000,0.000000
2012-04-16 09:00:00,61.087191,864.623926,0.000000,123.753834,0.000000,1528.672472,1025.501876,0.000000,0.000000,0.000000,54.308258,1758.102503,0.000000,84.175830,0.000000,286.882238,0.000000,548.646358,549.407824,305.868460,0.000000,1631.221256,0.000000,393.784809,0.000000,504.676530,200.087265,0.000000,0.000000
2012-04-16 10:00:00,61.961857,943.109028,0.000000,126.951168,0.000000,1572.426786,1280.967993,0.000000,0.000000,0.000000,52.183537,1827.081603,0.000000,90.742267,0.000000,298.081094,0.000000,681.768965,0.000000,0.000000,0.000000,1694.752953,0.000000,474.211642,0.000000,518.634615,225.688371,0.000000,0.000000
2012-04-16 11:00:00,65.664525,1005.018553,0.000000,150.016093,0.000000,1602.307865,1247.061867,0.000000,0.000000,0.000000,47.345545,1863.631484,0.000000,101.159647,0.000000,238.472430,0.000000,662.587628,0.000000,0.000000,0.000000,1830.578913,0.000000,467.770124,0.000000,530.967957,250.647378,0.000000,0.000000
2012-04-16 12:00:00,66.671131,1000.868128,0.000000,194.355477,0.000000,1571.460413,1384.073026,0.000000,0.000000,0.000000,45.428116,1869.195748,0.000000,107.586818,0.000000,202.010339,0.000000,715.937746,0.000000,0.000000,0.000000,1840.192651,0.000000,420.340059,0.000000,568.129940,268.439096,0.000000,0.000000
2012-04-16 13:00:00,63.638860,897.108053,0.000000,260.136512,0.000000,1576.060667,1559.063235,0.000000,0.000000,0.000000,30.645683,1828.639841,0.000000,98.865970,0.000000,222.090983,0.000000,859.428637,0.000000,0.000000,0.000000,1770.954669,0.000000,348.679476,0.000000,516.845655,230.919740,0.000000,0.000000
2012-04-16 14:00:00,57.288398,785.086022,0.000000,338.220155,0.000000,1549.917945,1523.949673,0.000000,0.000000,0.000000,23.711882,1789.138759,0.000000,87.277243,0.000000,227.191703,0.000000,835.957231,894.749936,0.000000,0.000000,1652.956075,0.000000,291.001657,0.000000,434.555567,187.634967,0.000000,0.000000
2012-04-16 15:00:00,54.189384,719.769879,0.000000,357.549135,0.000000,1480.555742,1485.624156,0.000000,0.000000,0.000000,16.701400,1721.814527,0.000000,70.038677,0.000000,196.802013,0.000000,715.032720,867.600655,0.000000,0.000000,1681.540984,0.000000,303.457028,0.000000,470.277959,147.678340,0.000000,0.000000
2012-04-16 16:00:00,56.032226,605.150136,0.000000,366.194394,0.000000,1408.950590,1407.044462,450.795216,0.000000,0.000000,10.992486,1633.648094,0.000000,48.938363,0.000000,87.981164,0.000000,668.532079,776.675313,208.968930,0.000000,1487.584508,0.000000,259.866491,0.000000,402.235036,149.527595,0.000000,0.000000
2012-04-16 17:00:00,52.813338,510.036689,0.000000,339.995172,0.000000,1325.674134,1485.290877,0.000000,0.000000,0.000000,12.691911,1556.103246,0.000000,36.066726,0.000000,173.257142,0.000000,574.139577,583.169761,144.015729,0.000000,1216.275762,0.000000,279.311548,0.000000,335.691806,155.937875,0.000000,0.000000
2012-04-16 18:00:00,42.837003,377.324120,0.000000,299.642598,0.000000,1264.820725,1526.639202,245.770074,0.000000,683.872035,6.947698,1529.417760,0.000000,19.383746,0.000000,221.853929,0.000000,468.141841,597.154278,121.366541,0.000000,1043.474307,0.000000,283.408759,0.000000,316.300428,148.054724,0.000000,0.000000
2012-04-16 19:00:00,48.872592,286.967125,0.000000,299.382416,390.992439,1260.484507,1359.823773,166.135816,157.442630,464.516854,8.675982,1514.566009,1281.001744,11.286139,349.552221,204.583137,970.010477,241.046899,539.921733,69.363739,0.000000,758.771270,0.000000,194.460275,0.000000,241.181129,146.399454,0.000000,0.000000
2012-04-16 20:00:00,39.714696,312.170870,0.000000,282.990968,346.059840,1264.956232,1348.146693,112.385993,138.379031,372.156778,7.673577,1482.048489,1498.990207,4.498671,341.900871,211.673252,818.136574,187.170878,381.480164,63.923445,0.000000,683.745959,0.000000,166.478858,0.000000,212.710258,103.914185,0.000000,614.855190
2012-04-16 21:00:00,30.034239,250.677915,0.000000,284.508695,267.178167,1235.686757,1464.639468,114.366945,97.680679,318.234792,10.473396,1479.390807,1544.433278,1.988886,229.299510,223.762806,780.964640,188.458751,404.625679,36.561971,0.000000,512.399942,0.000000,98.040682,0.000000,150.457603,81.292159,0.000000,530.548358
2012-04-16 22:00:00,22.927399,175.380419,0.000000,251.162073,216.937740,1211.837556,1174.658647,127.969480,95.225343,320.272147,16.695216,1414.981105,1478.793286,0.978658,164.353406,170.465748,882.567927,180.516868,530.242699,47.602566,0.000000,349.080651,0.000000,46.518225,115.072464,105.999243,75.866551,0.000000,454.728792
2012-04-16 23:00:00,37.722429,111.482126,994.541444,219.506632,131.539526,1258.722918,1072.623209,153.193598,40.466717,281.969880,27.963622,1397.940674,1322.477535,1.373278,118.023578,127.349367,917.615751,116.552508,499.522289,23.041242,0.000000,162.172616,0.000000,20.933201,105.933902,48.455233,77.016044,0.000000,441.903592
2012-04-17 00:00:00,48.493734,54.486105,1208.078612,220.807541,87.973299,1218.612897,896.076880,144.213283,25.850519,270.017400,40.096170,1269.902941,1048.767183,2.667633,89.948546,57.902603,907.703235,105.820233,436.398158,14.080759,0.000000,121.711367,0.000000,17.338611,97.973886,37.778656,77.016044,0.000000,349.298102
2012-04-17 01:00:00,48.852996,49.570852,854.091574,176.750105,73.311082,1041.098953,820.453886,173.003115,14.801507,228.591189,46.248858,1102.625316,773.373754,3.930418,92.719902,27.178773,851.414306,140.378159,373.694855,4.880263,91.121239,99.433109,136.587448,12.827753,108.310315,50.371541,69.935166,179.402083,315.726254
2012-04-17 02:00:00,51.563785,46.433456,729.717750,151.078844,87.027349,959.659350,679.772874,142.100268,6.346812,250.051324,51.952193,1064.948767,621.896849,4.246114,83.381640,31.026826,820.968722,190.819852,356.020098,4.640250,78.565959,67.981450,112.771821,5.850019,85.183764,25.185771,80.326585,169.141342,298.185906
2012-04-17 03:00:00,54.633835,25.412905,651.657955,185.509556,69.527285,898.952292,695.064288,103.933932,0.694906,312.394376,64.153872,1083.239871,565.513779,6.108721,43.257238,35.117277,651.393897,171.931047,431.558641,8.240444,64.573222,60.773778,104.907470,3.876519,82.903953,13.633167,77.889659,178.901559,344.771560
2012-04-17 04:00:00,44.607181,11.503784,703.625340,149.257572,48.138316,801.116362,709.521625,117.536467,1.158177,320.407971,89.075716,1047.752001,599.806467,8.239671,29.038982,24.876000,511.733630,113.118180,472.589327,8.640466,44.471297,39.969816,74.043603,6.907252,63.544885,4.161127,69.107531,231.242063,300.449177
2012-04-17 05:00:00,34.946757,22.380089,648.133750,95.790231,42.462620,850.692104,787.090800,144.081220,2.061556,300.849366,102.694588,1070.017109,503.714444,5.896822,10.000977,36.504612,488.881037,100.239450,504.572220,6.640358,36.858996,32.762145,84.237727,22.554291,54.137913,5.256161,68.600367,204.350215,261.513578
2012-04-17 06:00:00,35.963314,50.409607,614.116812,92.716158,70.317631,739.182867,667.650475,182.413258,6.964469,379.992751,112.662050,1043.029061,516.248260,8.985467,18.271739,44.286650,554.949821,83.637603,449.239278,15.626609,41.420419,85.147627,98.215178,48.827118,57.958680,20.336790,81.482929,192.310446,381.753980
2012-04-17 07:00:00,27.844735,77.581469,751.446411,93.557509,128.708870,694.806846,627.127943,261.610042,18.111374,453.252877,135.071264,866.858541,705.496621,10.913957,48.309651,60.573181,656.552869,169.905479,354.352208,42.295642,47.301590,161.071900,111.701503,59.624169,52.770911,42.383032,101.520732,217.336593,544.144576
2012-04-17 08:00:00,35.337562,90.992431,792.717065,67.359636,156.896216,878.079824,705.700349,326.079770,30.663916,448.144375,169.273105,915.757376,789.653989,12.035989,79.834941,78.058102,775.739738,269.536648,372.279622,73.238150,67.230386,285.943915,140.976483,101.910170,42.502745,75.883225,117.227059,223.558038,688.133660
2012-04-17 09:00:00,43.094086,166.842751,832.765642,61.566507,183.252209,740.643685,855.003062,390.524984,41.893033,540.175367,203.948018,893.149073,757.454142,15.258646,111.411523,84.280503,747.559828,377.873617,460.971443,98.593687,72.837959,421.521357,159.301388,192.563804,47.475213,123.161393,130.064107,260.694684,863.335633
2012-04-17 10:00:00,39.014047,269.811073,1098.612955,73.779025,237.298072,725.305319,991.643200,451.266522,55.538027,661.394224,191.732495,801.066256,1146.680760,36.213009,133.095218,91.026539,896.701519,522.246763,488.590167,123.669828,75.111602,570.241383,0.000000,257.566014,75.190859,200.767099,140.860436,189.776527,1076.464499
2012-04-17 11:00:00,37.175303,410.966512,0.000000,72.469426,273.954660,857.949322,1148.782943,504.977546,78.155575,634.939230,155.625265,525.013747,1343.830796,40.314812,160.091063,110.733101,1256.885496,724.204367,546.664943,157.650385,0.000000,677.842513,0.000000,363.915967,0.000000,248.065134,118.370100,0.000000,0.000000
2012-04-17 12:00:00,39.705106,524.601538,0.000000,81.882502,280.325681,837.209584,1356.609291,470.856609,111.243029,621.486528,136.144531,841.365386,0.000000,52.986016,167.142004,127.083760,0.000000,806.667035,597.388079,187.048403,0.000000,758.991465,0.000000,430.376708,0.000000,349.693681,102.990400,0.000000,0.000000
2012-04-17 13:00:00,38.770338,571.129356,0.000000,105.388598,325.906809,843.875620,1529.216330,504.725030,0.000000,630.060289,170.576294,898.981056,0.000000,34.702844,166.657422,119.477579,0.000000,938.292359,763.056358,188.483217,0.000000,966.892764,0.000000,437.862175,0.000000,394.314194,111.687856,0.000000,0.000000
2012-04-17 14:00:00,32.333329,515.392672,0.000000,125.960720,0.000000,909.346573,1735.723943,495.024771,0.000000,0.000000,211.101353,848.794595,0.000000,63.158405,0.000000,118.783625,0.000000,1180.052992,1091.376425,227.355253,0.000000,856.389677,0.000000,502.047367,0.000000,268.045825,92.302348,0.000000,0.000000
2012-04-17 15:00:00,30.196869,566.344806,0.000000,154.151280,0.000000,791.482159,1805.924137,0.000000,0.000000,0.000000,198.237118,643.824119,0.000000,123.202884,0.000000,103.622536,0.000000,1328.242264,1014.288556,284.179955,0.000000,950.554767,0.000000,600.378832,0.000000,424.837505,82.383446,0.000000,0.000000
2012-04-17 16:00:00,25.084534,0.000000,0.000000,183.698183,0.000000,558.338051,1667.609339,0.000000,0.000000,0.000000,197.514930,404.514230,0.000000,125.500560,0.000000,80.944262,986.880220,1579.400563,1387.440253,396.329010,23.559568,1248.285154,78.855679,535.433187,0.000000,381.878798,76.114196,0.000000,47.872022
2012-04-17 17:00:00,24.178014,0.000000,0.000000,222.761012,0.000000,406.814365,1476.257688,0.000000,0.000000,0.000000,218.091943,361.168891,0.000000,74.336396,0.000000,41.281340,998.057608,663.379822,1383.956504,490.526861,9.508085,898.880195,0.000000,558.343281,0.000000,329.737628,87.613621,0.000000,0.000000
2012-04-17 18:00:00,30.635185,0.000000,601.647502,230.520991,0.000000,283.615789,1239.438638,0.000000,0.000000,0.000000,200.446286,295.315358,842.379900,41.277277,0.000000,52.145672,815.481436,1249.451469,1258.063928,486.906243,14.239799,0.000000,98.155999,486.467857,0.000000,0.000000,85.200436,0.000000,1147.289607
2012-04-17 19:00:00,30.550269,794.284006,748.199875,223.539449,368.552416,239.847084,861.601691,882.051759,93.789203,813.447790,0.000000,327.520209,712.151839,0.000000,171.824015,25.754690,704.496661,1083.530496,1100.884843,395.861336,10.983063,0.000000,55.198838,0.000000,0.000000,0.000000,45.795809,41.400481,848.160671
2012-04-17 20:00:00,28.551470,685.416376,459.661300,227.181993,280.106143,200.685611,741.494582,771.646717,80.585981,770.663342,151.466740,381.768187,549.524550,0.000000,342.864821,33.541696,712.108057,1060.134136,950.018170,259.533988,17.541456,0.000000,57.721366,0.000000,0.000000,0.000000,45.290032,52.876780,929.449808
2012-04-17 21:00:00,24.103163,487.342129,514.672800,197.608005,229.077425,247.706480,774.579643,431.187152,87.720353,639.321881,0.000000,368.948780,577.716085,0.000000,322.501386,38.389638,834.421422,879.831914,869.008868,183.689900,19.023833,0.000000,22.999516,0.000000,0.000000,0.000000,67.130403,80.834617,1245.553274
2012-04-17 22:00:00,27.009913,523.213020,797.123145,158.580750,0.000000,237.001441,775.135694,396.322403,0.000000,553.617163,0.000000,366.134764,690.482226,40.582745,264.423423,30.026938,1147.373707,714.984168,668.694960,121.926571,13.408770,0.000000,26.486539,0.000000,0.000000,0.000000,53.566383,0.000000,1193.120837
2012-04-17 23:00:00,33.234930,408.907237,318.468730,167.470291,0.000000,369.798131,737.324197,0.000000,0.000000,0.000000,249.356700,374.107810,0.000000,29.391315,0.000000,48.691514,1139.054274,767.572317,638.184963,66.003557,3.661021,179.372742,27.451035,100.296111,0.000000,157.958583,43.772701,0.000000,997.159321
2012-04-18 00:00:00,34.280054,383.389752,0.000000,110.837407,0.000000,461.671760,706.185317,552.685523,0.000000,0.000000,280.327535,342.371961,0.000000,45.302404,0.000000,69.204367,0.000000,917.609523,741.918952,69.363739,0.000000,128.263796,0.000000,111.855185,0.000000,143.011376,47.680978,0.000000,0.000000
2012-04-18 01:00:00,24.971922,317.086123,0.000000,37.466166,0.000000,405.300920,764.014665,410.057001,0.000000,688.354216,270.752846,276.711585,0.000000,51.126998,0.000000,113.956928,0.000000,1196.863321,688.894682,98.165291,0.000000,187.399467,0.000000,152.452909,0.000000,168.087643,55.451552,0.000000,0.000000
2012-04-18 02:00:00,32.758092,301.399145,0.000000,11.664813,158.919508,347.439505,764.014665,260.693243,56.797018,595.043374,264.634724,253.574119,0.000000,31.616974,228.094573,0.000000,0.000000,1049.616507,665.328339,61.603320,0.000000,341.217736,0.000000,213.560940,0.000000,174.165079,47.543039,0.000000,0.000000
2012-04-18 03:00:00,34.005709,204.349039,0.000000,24.934080,207.425693,0.000000,580.517693,112.914247,86.724321,560.408345,278.046201,0.000000,477.872865,26.155430,288.281175,0.000000,1028.600526,743.746666,560.121455,56.803062,0.000000,452.445217,0.000000,253.101431,0.000000,201.376661,28.783310,0.000000,0.000000
2012-04-18 04:00:00,25.546740,270.129768,0.000000,39.200710,227.290632,268.303518,396.464670,205.358659,75.582655,551.036514,287.309799,0.000000,0.000000,32.769265,339.129516,30.036445,430.215807,610.666454,413.463057,101.765485,0.000000,593.650061,0.000000,271.003899,0.000000,195.353977,25.610708,0.000000,0.000000
2012-04-18 05:00:00,24.448480,321.687637,0.000000,66.519789,184.953288,281.992928,460.688610,145.005664,50.566024,639.865176,272.930483,428.556512,0.000000,36.202885,324.429285,76.666852,205.814635,684.075216,415.988022,120.806511,0.000000,773.761952,0.000000,271.144863,0.000000,194.204192,68.060074,0.000000,0.000000
2012-04-18 06:00:00,23.192185,396.246872,0.000000,81.860518,149.809327,400.275569,519.551685,157.280193,24.175922,592.330598,260.214304,622.349549,0.000000,24.888955,354.739799,117.638810,0.000000,540.301676,463.134412,145.325649,0.000000,828.772634,0.000000,357.733105,0.000000,245.251131,91.383381,0.000000,0.000000
2012-04-18 07:00:00,23.796303,368.183930,0.000000,85.544766,118.533623,444.709240,565.583330,174.145978,20.971562,488.994305,273.809045,800.444226,0.000000,48.986367,291.889303,0.000000,0.000000,547.559036,452.935110,171.700392,0.000000,987.353305,0.000000,453.194132,0.000000,334.895442,87.227260,0.000000,0.000000
2012-04-18 08:00:00,45.290678,521.698183,0.000000,110.601480,200.412968,708.136439,782.323456,223.515775,0.000000,542.450530,288.507468,819.130202,0.000000,38.924371,0.000000,175.092398,0.000000,652.435464,530.194178,152.130693,0.000000,1287.483817,0.000000,497.509605,0.000000,377.839974,80.126591,0.000000,0.000000
2012-04-18 09:00:00,56.591063,673.406335,0.000000,210.893729,0.000000,879.678415,850.302043,331.894064,0.000000,0.000000,305.224149,790.032835,0.000000,48.154993,0.000000,0.000000,0.000000,1057.446215,757.700402,216.568021,0.000000,1401.445671,0.000000,606.972725,0.000000,480.326093,94.024992,0.000000,0.000000
2012-04-18 10:00:00,65.574139,707.092652,0.000000,237.654500,328.739774,897.347129,1366.694992,391.989660,78.769723,605.109967,286.464302,0.000000,1246.703141,0.000000,354.183960,0.000000,856.991555,1433.351751,1150.200053,0.000000,0.000000,1533.946600,0.000000,0.000000,28.998265,522.750083,0.000000,274.604544,0.000000
2012-04-18 11:00:00,0.000000,886.452142,0.000000,246.981747,445.183533,0.000000,1558.004789,531.107396,0.000000,652.785203,293.226117,0.000000,0.000000,43.047104,0.000000,0.000000,0.000000,1653.845256,0.000000,0.000000,0.000000,1687.771386,0.000000,686.251973,0.000000,574.406627,0.000000,0.000000,0.000000
2012-04-18 12:00:00,0.000000,873.643481,0.000000,264.839542,0.000000,0.000000,1476.326733,0.000000,0.000000,0.000000,304.368446,0.000000,0.000000,42.549690,0.000000,0.000000,0.000000,1620.008858,0.000000,0.000000,0.000000,1723.152786,0.000000,718.267054,0.000000,565.116685,0.000000,0.000000,0.000000
2012-04-18 13:00:00,0.000000,928.321157,0.000000,294.172464,0.000000,0.000000,1480.928180,0.000000,0.000000,0.000000,300.969101,0.000000,0.000000,35.461253,0.000000,0.000000,0.000000,960.579990,0.000000,0.000000,0.000000,1722.730512,0.000000,719.455955,0.000000,575.229698,0.000000,0.000000,0.000000
2012-04-18 14:00:00,0.000000,1033.512290,0.000000,305.035469,0.000000,0.000000,1498.835414,0.000000,0.000000,0.000000,302.374245,0.000000,0.000000,30.878569,0.000000,0.000000,0.000000,1045.891092,0.000000,0.000000,0.000000,1730.434074,0.000000,714.218044,0.000000,572.995080,0.000000,0.000000,0.000000
2012-04-18 15:00:00,0.000000,1021.865538,0.000000,262.722337,443.886727,0.000000,1855.396235,0.000000,0.000000,336.303830,304.036640,0.000000,0.000000,25.898665,0.000000,0.000000,0.000000,1723.005741,0.000000,0.000000,0.000000,1697.455417,0.000000,700.619757,0.000000,560.605460,0.000000,0.000000,0.000000
2012-04-18 16:00:00,0.000000,1021.330305,0.000000,350.038051,507.442507,0.000000,1909.234853,1005.633286,145.941501,0.000000,293.800595,0.000000,0.000000,0.000000,0.000000,263.455499,0.000000,1683.701646,0.000000,591.212686,0.000000,1656.528340,0.000000,677.588568,118.028018,0.000000,0.000000,0.000000,0.000000
2012-04-18 17:00:00,55.140270,959.953387,0.000000,337.054733,0.000000,861.682115,1893.168699,0.000000,0.000000,0.000000,297.838283,836.044473,0.000000,43.799311,0.000000,0.000000,0.000000,1615.975773,0.000000,0.000000,0.000000,1618.926061,0.000000,650.348910,0.000000,525.266596,99.656142,0.000000,0.000000
2012-04-18 18:00:00,55.156397,918.629455,0.000000,311.220684,0.000000,690.000764,1615.964742,0.000000,0.000000,0.000000,301.066933,838.107801,0.000000,125.552376,0.000000,251.820268,0.000000,1436.563891,0.000000,0.000000,0.000000,1572.255321,0.000000,596.208578,0.000000,488.549198,105.707395,0.000000,0.000000
2012-04-18 19:00:00,55.567915,961.402616,0.000000,306.971049,0.000000,776.454120,1445.177668,0.000000,0.000000,0.000000,283.231051,806.215618,0.000000,107.289351,0.000000,234.488877,0.000000,1655.131469,0.000000,0.000000,0.000000,1498.868117,0.000000,577.883217,0.000000,471.576178,124.559083,0.000000,0.000000
2012-04-18 20:00:00,60.120734,815.932037,0.000000,348.339940,0.000000,603.005381,1058.721923,0.000000,0.000000,0.000000,255.094600,695.687318,0.000000,89.831351,0.000000,225.823181,0.000000,1583.010580,362.271357,0.000000,0.000000,1439.568635,0.000000,510.854684,0.000000,444.036086,155.917258,0.000000,0.000000
2012-04-18 21:00:00,46.664768,665.023304,0.000000,295.046054,0.000000,576.310536,882.175594,0.000000,0.000000,0.000000,240.577021,714.447426,0.000000,57.298859,0.000000,231.246816,0.000000,1438.768803,0.000000,0.000000,0.000000,1424.989481,0.000000,513.885417,0.000000,436.316100,209.161783,0.000000,0.000000
2012-04-18 22:00:00,53.719352,620.158546,0.000000,269.504883,0.000000,529.154160,847.144354,0.000000,0.000000,0.000000,252.813266,810.592976,0.000000,61.860669,0.000000,260.637462,0.000000,599.109989,0.000000,0.000000,0.000000,1438.094339,0.000000,523.541473,0.000000,466.648528,178.999081,0.000000,0.000000
2012-04-18 23:00:00,55.078013,684.684317,0.000000,192.447735,0.000000,526.850544,950.847946,0.000000,0.000000,0.000000,253.470014,853.272221,0.000000,39.051619,0.000000,0.000000,0.000000,1.865660,0.000000,0.000000,0.000000,1408.772220,0.000000,547.998782,0.000000,469.057601,206.862796,0.000000,0.000000
2012-04-19 00:00:00,50.982435,829.841157,0.000000,188.848555,0.000000,757.618671,877.649124,0.000000,0.000000,0.000000,239.159829,836.700793,0.000000,41.198353,0.000000,0.000000,0.000000,0.000000,0.000000,0.000000,0.000000,1398.124523,0.000000,497.815485,0.000000,452.303589,199.965837,0.000000,0.000000
2012-04-19 01:00:00,54.294170,794.493166,0.000000,202.724912,0.000000,618.588666,846.588303,0.000000,0.000000,0.000000,230.760373,791.832869,0.000000,65.191264,0.000000,0.000000,0.000000,0.000000,0.000000,0.000000,0.000000,1362.577596,0.000000,383.352460,0.000000,385.944558,139.916312,0.000000,0.000000
2012-04-19 02:00:00,47.618443,712.293399,0.000000,209.749818,0.000000,537.149063,399.653024,0.000000,0.000000,0.000000,202.520225,760.878692,0.000000,52.342429,0.000000,283.059192,0.000000,0.000000,0.000000,0.000000,0.000000,1351.110845,0.000000,351.424042,0.000000,391.036464,96.465469,0.000000,0.000000
2012-04-19 03:00:00,42.784747,705.600288,0.000000,251.205437,0.000000,524.817942,0.000000,0.000000,0.000000,0.000000,178.393392,783.078152,0.000000,55.309973,0.000000,281.574510,0.000000,0.000000,0.000000,0.000000,0.000000,1311.960082,0.000000,321.892017,0.000000,353.367312,52.830707,0.000000,0.000000
2012-04-19 04:00:00,46.279379,605.099047,0.000000,220.026996,0.000000,636.204554,16.807305,0.000000,0.000000,0.000000,154.819609,781.983812,0.000000,41.956024,0.000000,219.914752,0.000000,0.000000,0.000000,0.000000,0.000000,1230.054721,0.000000,257.400842,0.000000,330.262105,29.105168,0.000000,0.000000
2012-04-19 05:00:00,46.547789,0.000000,0.000000,0.000000,0.000000,633.714535,0.000000,0.000000,0.000000,0.000000,163.046237,789.337972,0.000000,33.321964,0.000000,192.866249,1580.083532,0.000000,774.533086,227.212246,2.519937,1178.048417,77.300233,322.667321,0.000000,355.009862,24.943715,0.000000,25.831160
2012-04-19 06:00:00,56.207547,0.000000,752.094065,0.000000,0.000000,581.047260,0.000000,0.000000,0.000000,0.000000,171.476073,816.744839,0.000000,37.522035,0.000000,200.902800,1589.366451,0.000000,768.893834,213.560121,10.431213,1265.675266,70.720083,423.713357,0.000000,411.385519,45.084584,0.000000,1448.527692
2012-04-19 07:00:00,65.017331,0.000000,850.814481,0.000000,0.000000,744.085269,0.000000,0.000000,0.000000,0.000000,175.358540,1007.522524,0.000000,53.380382,0.000000,271.847399,1753.372220,0.000000,924.225591,232.536486,17.551537,1230.367257,76.129784,342.995450,0.000000,375.439421,62.234228,0.000000,1389.127897
2012-04-19 08:00:00,71.594197,0.000000,0.000000,263.657224,0.000000,924.462782,0.000000,0.000000,0.000000,0.000000,189.010998,1114.986153,0.000000,89.349788,0.000000,302.509744,1802.793863,0.000000,0.000000,330.099337,24.130855,1305.321813,0.000000,358.355152,0.000000,363.264796,85.692121,0.000000,0.000000
2012-04-19 09:00:00,74.693849,760.061729,0.000000,314.083395,0.000000,746.185938,1199.869416,0.000000,0.000000,0.000000,227.725660,999.871590,0.000000,93.755557,0.000000,314.020139,0.000000,857.287320,0.000000,0.000000,0.000000,1100.653977,0.000000,384.412008,0.000000,370.056373,110.808297,0.000000,0.000000
2012-04-19 10:00:00,72.736358,672.157654,0.000000,300.606977,0.000000,833.146746,1516.280030,0.000000,0.000000,0.000000,229.425644,1030.794226,0.000000,122.196226,0.000000,320.177922,0.000000,0.000000,0.000000,0.000000,0.000000,958.061716,0.000000,360.106041,0.000000,359.393055,130.818989,0.000000,0.000000
2012-04-19 11:00:00,69.734499,554.992455,0.000000,261.172402,0.000000,915.006721,1685.389812,0.000000,0.000000,0.000000,219.477796,1073.773823,0.000000,155.863583,0.000000,341.835374,0.000000,113.731809,0.000000,0.000000,0.000000,1019.475877,0.000000,371.922945,0.000000,304.006787,142.138466,0.000000,0.000000
2012-04-19 12:00:00,70.500874,506.363698,0.000000,272.734457,0.000000,784.793251,396.062654,0.000000,0.000000,0.000000,220.927292,1168.131612,0.000000,131.814936,0.000000,344.430909,0.000000,0.000000,0.000000,0.000000,0.000000,884.135186,0.000000,443.016719,0.000000,272.781559,150.078020,0.000000,0.000000
2012-04-19 13:00:00,67.808482,480.246831,0.000000,328.667275,0.000000,847.242145,1131.107341,0.000000,0.000000,0.000000,203.960498,1183.715337,0.000000,122.575733,0.000000,329.877928,0.000000,-0.000000,0.000000,0.000000,0.000000,714.135433,0.000000,461.647321,0.000000,270.645709,138.156522,0.000000,0.000000
2012-04-19 14:00:00,69.737854,622.121411,0.000000,315.220864,0.000000,914.623400,1244.452561,0.000000,0.000000,0.000000,188.900119,1207.988385,0.000000,110.751843,0.000000,333.998276,0.000000,68.593544,0.000000,0.000000,0.000000,842.547836,0.000000,582.582507,0.000000,377.231402,131.444728,0.000000,0.000000
2012-04-19 15:00:00,69.025399,691.574914,0.000000,260.567381,0.000000,948.420329,1620.718290,0.000000,0.000000,0.000000,217.306607,1141.117512,0.000000,105.146252,0.000000,321.424433,0.000000,288.654067,0.000000,0.000000,0.000000,889.298018,0.000000,626.642660,0.000000,466.683719,137.912455,0.000000,0.000000
2012-04-19 16:00:00,68.320214,770.743981,0.000000,222.684052,0.000000,928.059947,1674.588176,0.000000,0.000000,0.000000,198.885060,1220.030567,0.000000,104.792498,0.000000,0.000000,0.000000,1545.196881,0.000000,0.000000,0.000000,763.722520,0.000000,592.317109,0.000000,490.517738,163.605272,0.000000,0.000000
2012-04-19 17:00:00,65.058756,736.898420,0.000000,209.325647,0.000000,800.293656,1518.183836,0.000000,0.000000,0.000000,159.221404,1045.645349,0.000000,64.743506,0.000000,285.259077,0.000000,1632.246488,0.000000,0.000000,0.000000,708.426167,0.000000,501.186825,0.000000,452.697549,117.142801,0.000000,0.000000
2012-04-19 18:00:00,64.987091,645.780611,0.000000,191.407008,0.000000,647.722634,1102.093935,0.000000,0.000000,0.000000,159.969893,682.555243,0.000000,56.099213,0.000000,245.457345,0.000000,1531.066369,1186.102419,0.000000,0.000000,559.085998,0.000000,427.051398,0.000000,404.505376,75.038916,0.000000,0.000000
2012-04-19 19:00:00,64.706214,0.000000,0.000000,188.805191,0.000000,535.793995,838.803583,0.000000,0.000000,0.000000,169.026097,461.811312,0.000000,31.837961,0.000000,115.623408,1404.922109,1083.084552,1043.652297,431.543259,89.593942,388.559035,0.000000,416.901967,0.000000,312.632065,59.819626,0.000000,0.000000
2012-04-19 20:00:00,64.124864,0.000000,316.805352,128.963399,0.000000,423.458835,661.979228,0.000000,0.000000,0.000000,154.128296,336.900263,835.437208,65.238618,0.000000,50.721589,1304.911905,1013.126771,806.936806,374.340176,68.301624,0.000000,73.301683,403.439875,0.000000,117.034351,56.187228,0.000000,562.045541
2012-04-19 21:00:00,52.804869,655.192798,160.468325,76.103149,196.810038,359.770626,510.733239,402.001131,59.576643,686.045214,0.000000,335.649589,904.232970,0.000000,149.954409,40.328814,1270.749127,824.024084,730.556608,297.296023,36.093624,0.000000,26.783307,0.000000,0.000000,0.000000,49.658106,0.000000,445.487104
2012-04-19 22:00:00,32.745028,0.000000,184.821242,78.271330,0.000000,437.822559,443.451016,0.000000,0.000000,0.000000,0.000000,378.172499,1046.663337,56.904239,0.000000,56.720917,1187.554798,634.921396,708.673576,277.854976,19.540419,0.000000,14.319054,479.701570,0.000000,0.000000,20.552938,0.000000,451.145280
2012-04-19 23:00:00,27.414898,0.000000,226.569099,0.000000,0.000000,553.409882,468.473330,0.000000,0.000000,0.000000,142.341404,328.614549,819.304379,27.686556,0.000000,63.841331,1239.241488,474.151915,521.615735,218.251763,9.815130,505.192270,8.828846,460.459941,0.000000,267.242927,54.210099,0.000000,662.949691
2012-04-20 00:00:00,25.350779,0.000000,0.000000,158.147113,0.000000,550.699746,3.583072,0.000000,0.000000,0.000000,166.675632,376.452823,0.000000,30.590961,0.000000,77.142871,1299.601629,0.000000,549.390352,175.289448,6.288870,814.794537,0.000000,424.514040,0.000000,285.091973,73.015808,0.000000,0.000000
2012-04-20 01:00:00,32.183274,0.000000,0.000000,0.000000,0.000000,389.853142,0.000000,0.000000,0.000000,0.000000,149.773022,352.221017,0.000000,30.196341,0.000000,77.476167,1445.280209,0.000000,568.117178,170.089167,5.031096,954.525084,13.873902,385.466924,0.000000,301.736482,66.762565,0.000000,326.463999
2012-04-20 02:00:00,43.039496,0.000000,0.000000,0.000000,0.000000,256.920944,0.000000,0.000000,0.000000,0.000000,110.817519,308.916436,0.000000,25.681885,0.000000,70.840547,1389.522308,438.520761,478.480912,144.807805,7.209741,891.621766,12.761022,309.910050,0.000000,293.085717,53.520403,0.000000,429.573898
2012-04-20 03:00:00,41.641643,0.000000,484.267695,142.406120,0.000000,269.387572,359.487250,0.000000,0.000000,0.000000,125.888148,370.668456,0.000000,34.742366,0.000000,75.627889,1260.482593,447.750518,423.142091,152.728232,8.871799,887.362688,17.657693,217.578423,0.000000,224.919882,31.771992,0.000000,1179.541214
2012-04-20 04:00:00,36.964715,0.000000,1045.870793,98.305321,0.000000,264.780340,343.361758,0.000000,0.000000,0.000000,176.042927,461.654978,1233.064084,49.706365,0.000000,72.234330,1236.763359,520.300698,382.111406,78.644239,13.363849,0.000000,20.476988,207.851885,0.000000,202.012669,29.978783,0.000000,1330.048711
2012-04-20 05:00:00,38.198834,510.140538,1158.534896,121.678311,194.405264,271.228833,335.577038,186.605650,94.072855,479.049984,0.000000,519.958756,1150.789028,0.000000,376.105022,79.818606,1197.629377,600.792761,323.616378,66.643592,20.556067,0.000000,20.484133,0.000000,0.000000,0.000000,41.598685,0.000000,1147.269075
2012-04-20 06:00:00,46.510183,442.319954,1276.689698,135.218480,192.035771,360.471350,309.326813,172.653557,52.557523,408.861103,144.938575,648.984472,1278.101071,0.000000,309.675660,99.936338,1198.674635,593.915119,312.337597,59.784356,26.299247,0.000000,39.678063,302.208264,0.000000,297.246692,49.868218,0.000000,965.983415
2012-04-20 07:00:00,45.285668,487.230835,1214.020575,153.208080,150.400941,564.146697,381.611415,222.497141,0.000000,481.879913,167.306087,796.364197,1259.788370,14.138993,226.904605,130.392252,1053.637886,501.101086,329.384220,74.099358,31.825003,0.000000,75.107094,510.254726,0.000000,418.608384,79.919756,0.000000,942.282778
2012-04-20 08:00:00,55.603205,630.126401,1016.293184,143.119418,0.000000,626.024241,393.426552,269.297643,0.000000,0.000000,206.706831,733.076412,1037.041598,16.847701,0.000000,190.635371,1030.476120,430.922791,377.909634,99.518621,34.349910,1172.794018,111.701505,582.375929,0.000000,489.767529,102.656347,0.000000,1291.790151
2012-04-20 09:00:00,51.549121,277.379530,723.369596,191.102804,0.000000,704.713654,532.301696,0.000000,0.000000,0.000000,212.029586,797.182764,0.000000,18.048592,0.000000,219.161454,1129.779280,436.016765,441.641268,172.209602,43.038626,1444.632493,141.923170,612.364540,0.000000,467.300163,108.806876,0.000000,1707.726286
2012-04-20 10:00:00,34.901662,357.021838,0.000000,201.453600,0.000000,700.231512,714.012145,0.000000,0.000000,0.000000,221.958205,885.571054,0.000000,27.252480,0.000000,236.326948,1116.346836,561.117649,532.080641,186.517146,45.208604,1459.206393,162.663585,557.898113,0.000000,483.776941,128.349777,0.000000,93.686593
2012-04-20 11:00:00,37.534086,0.000000,0.000000,218.707064,0.000000,746.032819,988.869493,0.000000,0.000000,0.000000,253.608654,997.608883,0.000000,41.408921,0.000000,223.305484,1158.716270,688.687631,524.446796,162.998012,44.734400,1275.163848,118.561816,625.763430,0.000000,463.693315,138.445861,0.000000,0.000000
2012-04-20 12:00:00,66.097995,682.816479,0.000000,210.620470,0.000000,635.352840,1050.825290,0.000000,0.000000,0.000000,271.377613,905.473904,0.000000,90.130316,0.000000,233.287977,0.000000,817.884903,0.000000,42.112437,0.000000,1169.109609,0.000000,668.978781,0.000000,458.662618,139.414324,0.000000,0.000000
2012-04-20 13:00:00,64.503512,781.448201,0.000000,238.345829,0.000000,549.948107,1213.439236,0.000000,0.000000,0.000000,248.002695,852.202230,0.000000,136.545532,0.000000,246.053616,0.000000,1101.761897,0.000000,0.000000,0.000000,1247.717719,0.000000,681.566459,0.000000,481.525473,156.184405,0.000000,0.000000
2012-04-20 14:00:00,65.806146,747.220009,0.000000,223.496108,0.000000,506.624474,1345.339970,0.000000,0.000000,0.000000,255.489133,977.991657,0.000000,117.636399,0.000000,283.210017,0.000000,1278.377701,0.000000,0.000000,0.000000,1335.524717,0.000000,627.559025,0.000000,443.932200,133.820180,0.000000,0.000000
2012-04-20 15:00:00,56.493565,690.341338,0.000000,234.187751,0.000000,583.475531,1323.003793,0.000000,0.000000,0.000000,257.499054,1061.020777,0.000000,94.034110,0.000000,314.425788,0.000000,1132.017026,868.058626,0.000000,0.000000,1295.650691,0.000000,625.459562,0.000000,375.366368,94.134906,0.000000,0.000000
2012-04-20 16:00:00,56.711967,652.293682,0.000000,222.663045,0.000000,714.252508,1198.965768,606.433968,0.000000,0.000000,203.506268,1065.495909,0.000000,55.375866,0.000000,0.000000,0.000000,1035.027361,773.334387,129.540010,0.000000,1124.919447,0.000000,626.599277,0.000000,435.111869,103.528880,0.000000,0.000000
2012-04-20 17:00:00,38.323508,601.712791,0.000000,175.144977,308.831116,471.664475,1040.185544,497.781506,0.000000,716.685720,189.539660,1023.306239,0.000000,42.065835,0.000000,281.512368,0.000000,986.210558,809.212546,139.666010,0.000000,920.161529,0.000000,584.371610,0.000000,410.302559,126.649601,0.000000,0.000000
2012-04-20 18:00:00,37.474213,540.991595,0.000000,147.436300,328.822539,249.197055,983.098929,410.189065,110.327975,647.878770,174.314644,911.897557,0.000000,64.922922,189.054614,0.000000,0.000000,904.945438,749.493847,164.648874,0.000000,626.576016,0.000000,482.168446,0.000000,353.750573,109.569692,0.000000,0.000000
2012-04-20 19:00:00,27.650051,523.003860,1013.255279,123.369492,199.437676,150.412578,824.068220,379.682408,64.950586,539.763152,153.748073,749.309959,1345.830225,100.896503,232.613086,178.737548,912.836502,847.420443,591.893934,152.008193,10.421557,508.140863,96.968927,402.453124,26.372383,288.705583,55.037734,0.000000,619.758943
2012-04-20 20:00:00,24.416700,463.079602,565.118127,101.037229,131.276763,140.927100,632.230476,280.766887,48.805594,464.788502,135.324575,502.770880,1081.376795,62.981390,255.567136,183.736988,862.211868,801.271660,568.538005,91.684942,6.580854,387.739982,51.415047,390.823568,11.476334,203.347722,40.140303,131.816556,590.902242
2012-04-20 21:00:00,28.962987,352.120375,363.554255,101.861138,153.926997,172.906712,444.841144,168.512958,46.744038,369.168658,114.585176,386.458214,995.960651,54.741720,162.485753,182.009909,822.561804,811.145354,557.175662,71.843872,5.862126,454.410946,31.976746,360.798169,3.941367,176.574153,54.715876,86.304629,645.597949
2012-04-20 22:00:00,35.658310,329.949446,340.505959,77.837694,150.773832,167.350932,389.792053,98.123141,30.668536,312.666023,125.058572,296.409698,839.013747,55.546745,105.311493,174.525899,789.461082,738.165883,492.578635,59.043182,3.908084,689.151713,20.180221,218.071798,2.125247,85.686372,54.899795,90.416076,784.411882
2012-04-20 23:00:00,34.417226,228.925305,384.863057,74.325241,122.080032,187.541449,353.926735,69.861563,11.836573,261.324686,163.391894,238.566033,597.702621,35.531606,65.307585,177.616462,760.608581,621.184084,471.116430,57.843118,2.538008,619.859777,13.577134,154.708338,2.163888,135.127134,50.853579,104.430746,817.417912
2012-04-21 00:00:00,38.147011,207.695594,303.976584,70.942878,108.153554,188.218983,380.617204,59.428551,11.095339,208.489290,153.402417,270.927219,519.018785,17.773696,109.890254,183.615789,684.140601,580.830729,527.296907,47.202544,2.066343,623.463612,8.606271,219.058548,1.584275,215.557345,59.037971,117.194107,768.380381
2012-04-21 01:00:00,42.118480,149.340034,303.324274,73.154423,67.687938,167.621945,486.823027,65.371406,25.387248,183.226093,165.949753,259.045817,450.433408,16.116291,120.553946,148.619711,686.264712,497.977566,551.704904,22.961238,1.145473,698.161302,6.232127,247.815269,2.395733,223.934352,54.945775,76.794674,725.378239
2012-04-21 02:00:00,38.558528,153.836968,424.653983,68.210970,44.354519,176.700903,466.805176,78.577751,13.712820,141.799882,173.934421,297.973040,396.154184,8.460658,121.939624,134.197084,748.748963,378.849312,517.407459,9.840530,1.010711,771.712317,4.599903,331.407109,1.951363,205.209279,49.888005,66.927202,631.452508
2012-04-21 03:00:00,34.286586,174.648360,467.923897,63.180791,47.612789,221.147142,319.729572,94.425364,10.794213,113.141093,152.192619,302.506733,355.549958,5.398405,64.343635,142.771881,739.013457,290.844656,443.341813,6.080328,0.808569,910.951432,6.825663,429.306827,3.149230,294.837771,30.760438,61.063921,560.725300
2012-04-21 04:00:00,35.116152,192.322355,453.355635,56.155885,58.228444,223.992785,317.505367,97.859014,8.524185,84.482305,153.402417,227.153634,210.384590,4.261899,32.714039,112.987340,772.822216,240.617608,405.046506,8.000431,1.392536,852.634814,8.309503,377.572923,3.767483,274.196389,31.955911,39.362633,617.684278
2012-04-21 05:00:00,40.646282,223.504667,480.313240,61.142701,67.505159,189.961888,294.985284,76.332672,11.165396,104.991675,161.317954,143.190573,126.046062,1.981263,26.432307,79.530982,732.512785,271.955852,342.343203,15.280824,4.154316,811.302843,13.969114,365.720460,7.487845,231.436133,41.339831,23.804601,707.591638
2012-04-21 06:00:00,48.261677,301.974955,480.487434,67.735986,61.735909,180.022857,405.843939,98.274558,18.612274,168.916556,159.023034,171.693380,185.764458,5.653407,38.300600,76.858314,678.263356,342.682519,342.573190,35.637014,12.318360,869.737547,36.894957,291.276201,9.866186,228.957293,51.811176,21.885211,832.622074
2012-04-21 07:00:00,41.764393,459.063313,491.931467,86.496921,76.382760,197.823963,488.280644,112.228679,25.973287,197.308436,188.092877,247.025119,268.105292,13.197423,66.466066,105.171770,770.001320,361.562189,374.626253,55.272394,22.973501,985.648897,65.687352,334.344538,9.732521,272.717025,57.845082,31.682177,906.689699
2012-04-21 08:00:00,29.733711,435.182179,546.021022,94.405021,87.611739,169.171248,603.756172,123.368088,27.953585,252.211329,202.068015,332.339978,408.919094,13.476604,81.081162,116.023968,535.471039,546.140998,450.727883,76.598920,36.112514,1082.129302,98.039358,456.065702,22.167651,350.058791,75.082403,44.895690,872.035838
2012-04-21 09:00:00,20.986216,382.401026,0.000000,108.347952,114.492415,283.197345,663.914126,200.594794,52.574755,414.895921,217.536099,370.690547,822.318800,9.373897,94.607148,123.527072,514.962064,623.956513,481.601726,102.152121,0.000000,1224.478995,0.000000,502.865660,0.000000,379.431747,92.277551,0.000000,972.286783
2012-04-21 10:00:00,31.731676,498.262662,0.000000,81.250846,164.190043,167.427004,664.194362,277.376740,73.475969,533.811748,182.194370,0.000000,1004.981807,11.944321,157.299440,0.000000,582.196415,634.485531,567.399719,124.440567,0.000000,1304.587128,0.000000,668.635764,0.000000,510.843754,138.033305,0.000000,0.000000
2012-04-21 11:00:00,34.392762,666.537198,0.000000,75.169932,182.641559,202.894196,669.985407,265.821972,76.576620,521.899645,135.140158,0.000000,0.000000,46.288002,122.606251,0.000000,151.397809,699.763231,579.101331,143.976373,0.000000,1518.643623,0.000000,660.584369,0.000000,594.235217,169.713909,0.000000,0.000000
2012-04-21 12:00:00,0.000000,793.158372,0.000000,96.517304,221.391344,0.000000,720.298952,256.237650,71.711467,533.052918,132.526883,0.000000,0.000000,72.843284,111.849014,0.000000,0.000000,659.320453,572.663183,0.000000,0.000000,1592.943729,0.000000,609.040760,39.222655,536.568979,0.000000,0.000000,0.000000
2012-04-21 13:00:00,0.000000,869.905684,0.000000,138.876373,309.732699,0.000000,922.463766,270.327981,0.000000,643.166367,134.951207,0.000000,0.000000,127.036082,172.455875,0.000000,0.000000,730.010422,709.456435,0.000000,0.000000,1328.656439,0.000000,584.697119,0.000000,515.809879,0.000000,0.000000,0.000000
2012-04-21 14:00:00,0.000000,946.828072,0.000000,121.754488,344.978061,0.000000,1129.007769,249.169258,0.000000,720.136098,141.368218,0.000000,0.000000,76.878555,204.571019,0.000000,0.000000,785.617534,801.016584,0.000000,0.000000,1027.786666,0.000000,628.457737,0.000000,476.512083,0.000000,0.000000,0.000000
2012-04-21 15:00:00,0.000000,962.167739,0.000000,122.553901,333.376225,0.000000,1117.640944,269.397913,0.000000,662.608198,154.566584,0.000000,0.000000,63.774079,215.910837,0.000000,0.000000,873.547140,834.366717,0.000000,0.000000,787.737995,0.000000,605.212445,0.000000,375.370380,0.000000,0.000000,0.000000
2012-04-21 16:00:00,0.000000,948.474856,0.000000,98.612766,377.184383,0.000000,1254.103211,240.883176,104.124720,637.020559,123.344958,0.000000,0.000000,56.291440,233.501235,0.000000,0.000000,1124.715776,917.382312,0.000000,0.000000,667.930969,0.000000,497.042742,109.007684,310.545160,0.000000,0.000000,0.000000
2012-04-21 17:00:00,35.650944,773.449846,0.000000,73.467728,389.861915,0.000000,1076.471022,177.162147,70.161253,597.605067,143.159199,0.000000,1273.801327,29.728987,185.937839,0.000000,808.165017,1017.548052,980.112679,177.605957,0.000000,403.618078,0.000000,384.582775,0.000000,218.451696,228.402275,0.000000,0.000000
2012-04-21 18:00:00,18.884077,691.586588,0.000000,57.933793,274.903421,243.234755,764.570717,138.666619,55.731495,468.863211,139.576151,419.371730,1052.554106,32.879758,138.085779,172.768520,810.348169,784.529311,873.637971,206.091108,0.000000,253.087567,0.000000,403.016982,0.000000,202.635950,153.710231,0.000000,0.000000
2012-04-21 19:00:00,10.627600,611.582998,743.633703,42.756527,175.526176,202.853720,701.458879,179.078033,50.566024,433.956535,86.379594,429.762795,638.517232,31.459126,132.904550,127.137269,723.259637,784.743957,768.010259,224.092078,7.995849,279.952526,148.680742,316.535373,53.382340,268.611719,69.843207,199.137027,670.305320
2012-04-21 20:00:00,5.591411,473.223848,690.579135,47.092889,116.509441,284.564337,665.593562,247.751025,33.818779,393.073619,56.203770,358.474387,486.829942,21.956670,115.191976,112.593444,523.239228,744.175957,622.824758,136.327348,9.186243,278.314419,115.071772,176.980700,46.639511,113.828733,47.864897,197.742710,644.654920
2012-04-21 21:00:00,3.540356,375.232523,503.583525,37.205984,81.193994,373.592323,556.885508,237.582140,25.062958,400.408095,48.633889,393.180585,544.896089,18.578721,92.960889,122.622624,436.858733,745.463830,650.809789,116.406274,8.108151,197.228111,96.375391,104.666005,32.149191,41.720777,66.532666,149.406398,505.463776
2012-04-21 22:00:00,3.795105,305.791499,357.900899,53.727522,77.252538,454.896419,499.612210,190.699617,30.344247,329.236507,49.532597,477.913737,538.374167,17.094949,102.901619,107.775802,469.782447,667.976803,746.548055,118.806403,10.825841,166.759316,42.512009,81.900268,16.229159,40.570991,72.096214,193.845774,367.781478
2012-04-21 23:00:00,7.178693,233.631398,208.739285,35.297985,69.106863,550.022212,454.572044,105.518694,23.788963,302.071779,47.700616,487.293791,480.728789,17.694772,115.914939,93.201678,515.627832,561.297989,718.142196,75.764083,9.500686,142.842951,23.889820,43.910385,15.089254,40.570991,67.222362,180.867903,290.641671
2012-04-22 00:00:00,10.046250,199.329206,109.153251,33.953713,50.292979,526.850544,440.948784,103.801869,15.125796,296.503010,50.776960,438.361178,486.409173,9.123620,96.093725,96.928533,533.505763,485.313481,696.048750,40.002156,8.781958,66.834775,16.099661,19.453076,18.644212,23.652724,60.509322,210.541823,235.757358
2012-04-22 01:00:00,11.907877,189.917018,69.362325,65.825972,29.744855,448.798612,407.307673,142.364395,10.076143,248.693088,50.707829,426.636110,398.889183,9.928645,100.250758,88.262837,525.009320,393.874497,699.625784,20.881125,5.188318,42.590788,11.648142,11.841003,23.029949,9.855302,36.369965,188.804783,161.446639
2012-04-22 02:00:00,24.495084,159.588860,58.490487,56.676248,20.810888,389.446621,359.765275,125.460274,4.540055,195.314397,59.245548,397.401610,220.693435,10.070709,79.164360,83.142199,415.440619,414.051174,622.403930,10.800582,4.177607,30.960227,9.273998,14.166914,23.107231,4.708644,17.840134,158.201319,120.519161
2012-04-22 03:00:00,21.588334,133.130157,70.449509,32.349259,20.075149,320.202633,417.038573,150.024075,2.524827,160.951015,67.817833,292.345008,127.913831,7.308367,56.210311,64.417024,296.136410,485.742772,619.247724,14.560785,4.267448,17.200126,10.015918,21.497058,20.518294,3.394604,25.150911,129.385440,111.843291
2012-04-22 04:00:00,17.140027,95.481409,78.059795,37.205984,22.545129,288.629542,408.141750,117.404404,2.107883,146.961180,62.356458,158.053905,94.883450,6.566481,42.775263,48.782413,216.305256,563.015153,582.846142,20.801121,4.200067,15.070587,9.570766,30.800703,14.934690,2.792335,32.001891,124.487456,102.224390
2012-04-22 05:00:00,18.588832,86.787341,85.450217,22.072081,17.471020,290.468333,355.038838,128.629797,2.280276,104.811019,68.681974,111.464680,73.805352,5.489908,30.450431,29.148207,189.717929,506.563386,604.729174,25.361367,4.997398,19.943641,12.550302,13.665177,13.692938,3.608453,35.304211,122.586927,120.663939
2012-04-22 06:00:00,15.780491,63.494204,98.710219,16.571972,37.501136,286.978117,299.561517,123.160178,7.422697,158.821533,70.346174,161.347868,117.485337,5.990319,21.293878,44.080663,192.814297,467.084193,578.998629,35.796271,10.769950,39.955072,33.936804,21.848978,11.462434,10.832961,60.617740,105.538226,179.929360
2012-04-22 07:00:00,10.001160,73.685596,146.966007,12.796128,54.954775,361.212017,303.860462,172.071486,19.151357,156.467131,80.947161,260.401219,191.774007,10.323563,57.289416,73.405489,296.148773,493.244288,713.506155,73.275336,21.966991,81.191710,70.134057,43.510758,11.330926,23.485222,69.367564,119.182430,241.315908
2012-04-22 08:00:00,14.160166,139.199441,254.008472,15.541330,79.178770,434.919996,322.051672,266.515562,30.083647,212.445429,77.622353,342.572631,283.050830,18.788759,77.761154,60.666492,360.641400,605.731567,800.110881,113.435836,30.865295,136.326541,105.111413,75.984443,21.203530,45.888133,65.738878,144.124025,319.448500
2012-04-22 09:00:00,15.025826,202.194099,360.211536,26.302553,98.129263,383.675862,412.570988,355.084150,39.550071,264.098886,67.801455,412.196139,368.298143,24.574603,103.536631,54.862200,452.547973,796.212902,1117.153894,144.308480,39.481036,172.309117,139.521948,123.048623,30.254403,76.687345,90.415064,137.246074,362.024999
2012-04-22 10:00:00,19.183187,212.689305,409.483799,34.530920,121.450656,361.312401,456.253642,337.974794,47.448292,289.297632,93.741882,435.701635,480.294685,20.328324,138.423720,66.859186,481.595645,1078.988359,1201.140599,196.063305,45.594457,177.047281,163.669758,133.397155,36.078791,102.759039,120.146698,146.864606,445.634136
2012-04-22 11:00:00,21.931518,235.997697,0.000000,77.028009,124.183473,351.259661,636.058640,332.135986,53.372988,319.454368,115.145037,401.962214,630.595758,33.839438,121.032940,89.892385,492.810469,1366.375622,1197.742692,255.581169,0.000000,207.021786,0.000000,178.330736,36.003424,151.619236,126.279610,0.000000,413.645371
2012-04-22 12:00:00,24.406380,284.119247,0.000000,105.918907,133.970789,338.923923,669.259159,341.605479,61.996083,332.553719,128.562552,0.000000,611.473370,22.321439,113.316550,117.840658,502.536335,1325.090739,1376.157091,281.119574,0.000000,269.696936,0.000000,190.307145,0.000000,178.450040,119.318142,0.000000,0.000000
2012-04-22 13:00:00,21.374300,283.131029,0.000000,125.504619,137.829361,320.357771,803.523198,373.711181,74.918998,322.637266,133.138092,0.000000,655.055274,0.000000,150.856307,0.000000,508.359478,944.940045,1303.984316,0.000000,0.000000,330.395955,0.000000,0.000000,26.243682,0.000000,104.131746,0.000000,551.379784
2012-04-22 14:00:00,0.000000,334.786252,285.181383,171.400504,138.866734,0.000000,1084.298765,386.504008,70.238134,279.546859,165.185290,0.000000,718.134678,0.000000,139.264906,0.000000,0.000000,1810.571225,1436.298214,0.000000,0.000000,433.045838,0.000000,0.000000,32.964116,180.751826,0.000000,175.123078,672.324722
2012-04-22 15:00:00,0.000000,329.423559,0.000000,172.160166,171.289834,0.000000,1365.198165,459.653977,63.441111,306.996408,164.913409,0.000000,613.251420,0.000000,129.327201,0.000000,0.000000,1755.521170,0.000000,0.000000,0.000000,435.872228,0.000000,148.175782,29.874897,137.742608,0.000000,202.958367,69.892181
2012-04-22 16:00:00,14.099906,261.121673,0.000000,199.104313,0.000000,126.423035,1411.284203,0.000000,0.000000,0.000000,135.016948,109.841023,0.000000,12.459216,0.000000,45.200777,472.219089,1439.775835,1478.541867,451.923959,0.000000,445.872677,0.000000,142.695141,0.000000,94.080726,52.428372,0.000000,0.000000
2012-04-22 17:00:00,9.510356,275.177189,235.355184,215.557403,148.190974,56.908786,1224.130306,500.597878,65.050919,362.379941,0.000000,59.552827,383.607307,0.000000,146.318325,24.354479,562.427563,1265.718248,1349.925638,376.505191,19.429168,0.000000,218.098711,0.000000,0.000000,0.000000,35.039453,127.960710,396.104874
2012-04-22 18:00:00,3.984534,364.042479,73.493623,138.026395,150.773832,36.044816,1266.129107,318.008779,66.849997,529.576379,0.000000,29.547169,242.994202,0.000000,117.240369,15.331615,480.757018,1338.743998,1256.380618,323.457433,10.601239,0.000000,134.139113,0.000000,48.610195,0.000000,14.529594,86.340381,373.628261
2012-04-22 19:00:00,4.115174,184.269706,40.443236,107.715226,152.665731,83.472206,1167.429978,208.924372,62.703722,469.949800,81.333007,22.355795,180.089209,2.983329,127.542581,8.059703,548.905564,1079.881523,1241.230827,331.217852,8.040770,283.556362,66.995364,247.392376,50.793403,117.223337,16.322803,97.459163,305.730142
2012-04-22 20:00:00,4.226218,199.015466,78.059795,100.603593,101.321697,38.890459,739.548402,255.542769,40.188754,449.440430,76.493814,20.792452,190.187670,2.983329,175.137592,5.484234,594.042913,771.865227,823.559494,286.095420,7.793707,215.083480,43.179737,147.307711,34.892692,101.345351,13.564020,109.543241,261.784970
2012-04-22 21:00:00,4.931677,266.260313,136.985156,86.467053,67.214964,24.933256,863.269846,231.903412,35.324409,366.180538,78.325795,13.444744,220.062282,2.225658,143.026021,1.363484,481.996082,1044.894306,920.139414,208.891259,6.738075,178.226067,22.999516,92.331628,20.073924,83.003540,8.230371,80.441348,156.354280
2012-04-22 22:00:00,3.357460,289.267882,143.725695,61.229428,46.509181,29.947009,834.077146,178.021526,22.746603,283.871411,122.604410,19.698113,205.335360,2.304582,94.587554,0.757491,377.737657,825.955893,1075.424776,138.567468,8.534895,118.107531,11.796526,44.685688,6.897393,40.680495,5.517567,74.506564,109.202808
2012-04-22 23:00:00,3.285607,139.927847,112.632239,70.422515,34.264391,30.624543,782.920414,203.245644,4.563219,188.251567,210.193803,21.417789,244.466894,5.224772,56.451298,1.090787,344.459925,589.201904,855.752801,84.404549,10.241875,53.566106,13.206174,19.241629,4.791466,15.604227,7.586655,121.627319,79.025866
2012-04-23 00:00:00,1.469705,131.979778,64.361280,90.543234,39.099244,33.741200,874.112849,130.478685,2.571154,166.383961,292.218123,31.735848,147.058829,5.130063,25.785652,1.636180,383.047933,588.343322,990.838441,76.884144,2.942293,28.011634,11.499758,26.219363,2.279810,3.777866,6.115304,95.314060,82.797984
2012-04-23 01:00:00,0.607478,137.417931,43.269914,76.840330,31.163779,36.044816,831.018863,68.144738,1.690939,144.244707,315.515381,24.075471,77.421529,7.324152,27.532810,2.333072,390.305311,491.538200,1197.675177,134.727261,1.954042,46.686056,12.835214,35.945901,1.893402,9.964805,4.827871,74.470813,84.118225
2012-04-23 02:00:00,2.142503,179.459033,91.975747,63.397609,27.537640,22.358626,780.974234,57.183472,0.579089,122.648748,313.959926,16.571428,35.765380,12.312151,14.639984,10.847269,330.476197,429.076359,1113.720082,122.486602,4.065305,157.422105,11.128798,71.750837,0.908060,56.229970,5.057770,68.750539,96.754820
2012-04-23 03:00:00,1.633006,215.225344,174.384278,43.363618,32.530151,20.597038,814.059294,36.713638,0.671743,101.052789,313.614269,26.107816,33.451150,15.784810,30.243918,6.029627,229.934965,515.793142,940.759964,117.926356,10.376636,360.383591,11.648142,145.404693,0.656895,117.442343,6.069324,59.490846,252.731888
2012-04-23 04:00:00,1.953075,262.600018,206.130044,30.527987,36.839476,18.564435,756.507971,29.318085,4.540055,91.273487,295.778387,43.460916,49.019610,28.633645,81.393494,4.635844,153.821005,515.363851,879.529557,104.405627,18.731850,533.040093,8.532079,204.750670,2.318451,139.616772,9.977601,25.097701,440.206139
2012-04-23 05:00:00,2.270746,260.829313,229.004452,27.709352,29.156103,25.821029,734.265914,36.713638,5.561854,108.935205,287.309799,40.198873,89.271189,50.854372,94.724318,3.565462,168.417533,508.709841,764.854052,86.564666,24.605417,633.661716,11.522953,162.536333,3.315766,193.907471,13.610002,14.755701,530.727488
2012-04-23 06:00:00,3.923776,246.514426,382.290690,35.987074,40.658408,63.404307,641.317146,77.979457,9.569827,157.346050,284.595556,96.622272,227.658447,63.996068,75.727558,15.824551,445.601609,481.082585,589.313656,70.682723,38.918444,796.551763,36.224071,202.772055,11.048615,268.663146,27.488478,15.173669,681.578374
2012-04-23 07:00:00,7.238730,256.073595,513.549358,48.079314,64.411996,121.346463,675.788993,154.260984,21.155368,265.518635,282.177252,180.111352,341.812135,64.879930,88.126260,36.572064,666.659934,534.142869,599.032688,96.518692,49.632173,977.234878,63.610494,386.836778,25.944490,332.973097,49.299213,29.800709,688.277507
2012-04-23 08:00:00,12.097980,309.315764,587.217330,68.042368,97.947948,186.984269,725.731040,189.805130,39.356987,347.218405,267.740879,244.932331,538.952487,92.579197,93.265574,60.778472,845.058792,556.716303,581.290077,110.610995,62.813223,976.453550,108.895618,387.326857,41.653535,302.382996,101.408393,53.143456,789.068074
2012-04-23 09:00:00,16.461996,441.870476,0.000000,126.415635,184.573286,248.448422,990.027401,263.810886,66.814665,522.236030,272.324170,0.000000,1072.675884,83.240792,180.596053,0.000000,1102.788162,731.398954,821.024614,143.235280,0.000000,1013.373723,0.000000,475.300199,0.000000,305.598979,175.709340,0.000000,0.000000
2012-04-23 10:00:00,22.491485,590.136541,0.000000,193.365138,260.722987,302.440696,1145.266896,393.606583,0.000000,779.484965,318.018815,437.366939,0.000000,47.851645,0.000000,0.000000,0.000000,911.990569,1003.782275,170.605535,0.000000,1101.518295,0.000000,590.636062,0.000000,448.259837,275.063901,0.000000,0.000000
2012-04-23 11:00:00,32.388798,969.022353,0.000000,233.644714,0.000000,348.947562,1221.146316,0.000000,0.000000,0.000000,346.247291,463.886415,0.000000,27.451734,0.000000,0.000000,0.000000,1219.259726,639.183001,0.000000,0.000000,1575.131909,0.000000,662.665780,0.000000,582.024408,366.147311,0.000000,0.000000
2012-04-23 12:00:00,35.717418,1047.372151,0.000000,219.767783,479.282970,346.743484,1286.796819,703.325963,211.881221,0.000000,0.000000,0.000000,0.000000,0.000000,333.964521,0.000000,1479.228828,1530.125729,0.000000,202.778202,0.000000,1768.644849,0.000000,639.937621,0.000000,0.000000,377.983325,108.271870,0.000000
2012-04-23 13:00:00,39.281208,1112.834399,0.000000,242.911327,475.230724,347.808857,1431.234389,641.387747,203.798468,0.000000,342.289381,0.000000,1920.897370,0.000000,356.605312,0.000000,0.000000,1603.697456,749.375387,270.864777,0.000000,1658.412001,0.000000,0.000000,72.546225,0.000000,383.635814,141.823491,342.556893
2012-04-23 14:00:00,38.525991,1004.705760,0.000000,257.190732,509.182474,308.602290,1689.478165,746.710971,182.509212,0.000000,334.987624,0.000000,0.000000,0.000000,380.952648,0.000000,0.000000,0.000000,1119.079172,378.944424,0.000000,1718.155362,0.000000,706.425020,72.281523,0.000000,392.778929,0.000000,0.000000
2012-04-23 15:00:00,39.045690,1040.236346,0.000000,235.629735,500.638746,283.676662,0.000000,894.367395,162.127957,0.000000,345.491252,0.000000,0.000000,0.000000,0.000000,0.000000,0.000000,1768.647500,495.389243,0.000000,108.736082,1736.988791,0.000000,154.506498,112.787802,592.992509,385.891566,0.000000,0.000000
2012-04-23 16:00:00,29.702214,1081.918022,0.000000,181.090412,0.000000,291.569671,1779.111271,0.000000,190.873676,1169.416439,330.616867,0.000000,0.000000,0.000000,0.000000,0.000000,0.000000,0.000000,1419.063235,0.000000,0.000000,1687.752518,0.000000,732.785051,0.000000,573.476803,360.972389,0.000000,0.000000
2012-04-23 17:00:00,15.961847,1036.563423,0.000000,137.283578,0.000000,398.995341,1395.886856,0.000000,0.000000,0.000000,308.406260,669.410749,0.000000,107.374620,0.000000,0.000000,0.000000,111.859699,0.000000,0.000000,0.000000,1612.203764,0.000000,690.162329,0.000000,547.125543,324.132532,0.000000,0.000000
2012-04-23 18:00:00,5.558751,979.808671,0.000000,138.373304,0.000000,343.645314,1325.007915,0.000000,0.000000,0.000000,317.934977,690.371954,0.000000,150.886995,0.000000,240.276107,0.000000,0.000000,0.000000,0.000000,0.000000,1530.483587,0.000000,680.364275,0.000000,512.968445,256.842761,0.000000,0.000000
2012-04-23 19:00:00,4.317667,0.000000,0.000000,124.410219,0.000000,269.794093,0.000000,0.000000,0.000000,0.000000,266.293875,613.924516,0.000000,152.986375,0.000000,166.708593,1470.061499,0.000000,0.000000,255.453768,58.598795,1438.421960,0.000000,655.554555,0.000000,492.436567,220.656715,0.000000,0.000000
2012-04-23 20:00:00,8.132368,0.000000,0.000000,103.682410,0.000000,162.201672,0.000000,0.000000,0.000000,0.000000,206.460711,514.026944,0.000000,148.756046,0.000000,218.339171,1349.341217,0.000000,576.585660,224.892121,62.821323,1362.905217,0.000000,624.612888,0.000000,485.428352,190.769891,0.000000,0.000000
2012-04-23 21:00:00,3.122307,418.020277,0.000000,132.302397,0.000000,248.926042,796.543674,0.000000,0.000000,0.000000,174.798563,443.051204,0.000000,153.538843,0.000000,175.556086,1275.528376,0.000000,778.753150,185.209982,0.000000,1309.994353,0.000000,523.189062,0.000000,471.466675,121.800299,0.000000,0.000000
2012-04-23 22:00:00,0.000000,785.080979,0.000000,115.737495,315.684352,0.000000,887.736109,591.380113,173.772931,857.862120,168.645875,0.000000,403.155036,0.000000,500.229592,177.919458,0.000000,1015.487872,720.667161,157.368482,29.669992,1173.212400,0.000000,390.189229,95.365629,415.729470,0.000000,0.000000,0.000000
2012-04-23 23:00:00,0.000000,624.028001,0.000000,144.487574,297.133233,0.000000,1113.771015,485.861419,0.000000,897.386800,150.913689,0.000000,0.000000,112.877173,0.000000,0.000000,0.000000,857.723428,883.737832,0.000000,0.000000,999.245412,0.000000,261.347843,75.639472,300.750952,0.000000,0.000000,0.000000
2012-04-24 00:00:00,0.000000,650.591284,0.000000,93.622050,268.807302,0.000000,894.408726,473.579519,0.000000,902.004804,122.880936,0.000000,0.000000,107.541908,554.210769,0.000000,0.000000,758.127914,1017.350576,0.000000,0.000000,961.568945,0.000000,245.841768,0.000000,180.735280,0.000000,0.000000,0.000000
2012-04-24 01:00:00,0.000000,360.591343,0.000000,98.652230,237.958839,0.000000,721.198705,468.032854,137.521980,737.522374,110.333599,0.000000,0.000000,114.234667,512.278962,0.000000,0.000000,701.246856,839.340527,143.447731,0.000000,864.920618,0.000000,182.407826,41.017267,149.143563,0.000000,0.000000,0.000000
2012-04-24 02:00:00,0.000000,212.506267,0.000000,92.624687,168.799424,0.000000,736.490120,309.820845,96.453011,610.391445,106.635073,0.000000,1040.351800,122.442768,404.678089,0.000000,0.000000,640.716825,695.838336,94.885114,0.000000,636.077038,0.000000,166.619822,29.289768,150.512355,0.000000,0.000000,0.000000
2012-04-24 03:00:00,0.000000,146.725538,0.000000,81.957237,85.555872,0.000000,831.574914,204.038025,35.254919,400.679743,105.183316,0.000000,853.109514,111.282908,260.808612,0.000000,1505.640350,570.957036,634.397515,91.284920,0.000000,595.451979,0.000000,134.127547,23.590242,157.411066,0.000000,0.000000,540.355865
2012-04-24 04:00:00,0.000000,151.640791,530.619746,80.656329,98.956823,0.000000,739.826428,196.642472,53.669939,343.905461,104.042649,691.153626,830.808747,95.892718,190.440292,76.415680,1358.722705,518.798179,571.062971,82.724459,0.000000,637.223713,0.000000,0.000000,18.663533,146.789241,0.000000,263.168340,555.067124
2012-04-24 05:00:00,56.571736,181.349644,1230.666998,56.329339,109.579666,546.706804,610.822496,217.244369,86.812045,399.330132,96.161677,701.346282,749.248676,79.849426,150.252322,98.595711,1090.962490,432.725333,483.320429,65.123510,0.000000,625.286336,0.000000,137.271062,18.081129,140.872774,93.490457,241.934569,693.784187
2012-04-24 06:00:00,53.640995,170.976827,1178.321037,56.221302,103.507827,751.042399,596.675801,238.619941,81.644732,451.891417,97.765706,825.528049,753.047642,84.233263,117.822868,65.353671,856.663318,408.685638,453.972334,78.141373,52.851073,492.217962,56.860213,141.166026,22.488830,134.922915,79.820476,252.074756,632.583621
2012-04-24 07:00:00,60.420555,186.594257,1368.281256,54.700994,104.808922,980.680939,716.504535,234.230055,81.132160,428.345305,96.908207,973.072717,780.432588,85.996866,102.964138,68.339889,793.039816,455.754722,580.084552,130.990065,56.906631,470.169594,86.530642,205.987824,31.050638,171.840407,74.758322,266.482346,641.769511
2012-04-24 08:00:00,64.586969,187.357261,1282.184266,57.812888,129.604947,1249.599494,939.915284,313.674101,71.794698,387.555468,113.950032,1039.034052,874.561128,107.686130,123.047908,79.271018,815.224647,556.677958,751.977839,132.160889,0.000000,530.616329,0.000000,0.000000,57.643718,244.419428,95.939134,0.000000,809.478846
2012-04-24 09:00:00,66.250506,275.880352,0.000000,70.754090,0.000000,1320.846661,1316.063385,383.867991,0.000000,337.910648,153.844426,1201.189139,1045.482979,105.184817,157.424056,88.722814,642.534689,670.806161,1013.627823,180.584492,0.000000,779.193219,0.000000,0.000000,135.687081,238.237533,84.687785,0.000000,930.192936
2012-04-24 10:00:00,59.224525,384.469347,0.000000,113.789202,220.001984,1325.649956,1464.449178,421.421750,76.211857,379.777884,160.635814,1162.602773,952.470825,112.274168,156.791233,85.468638,562.474280,789.849041,1120.993366,177.870869,0.000000,696.167821,0.000000,301.410096,0.000000,240.232282,85.041267,0.000000,0.000000
2012-04-24 11:00:00,48.230010,381.879811,0.000000,93.308644,233.334026,1242.660293,1466.976478,431.926279,83.170588,394.982645,183.949763,922.517281,838.972819,112.236574,156.142098,81.410581,592.638851,837.211255,1080.492225,173.479249,0.000000,656.085294,0.000000,277.628837,0.000000,230.838569,86.117673,0.000000,0.000000
2012-04-24 12:00:00,45.913581,385.690663,0.000000,91.944326,228.630867,1148.919311,1420.437662,378.874836,77.730921,376.067426,185.001703,150.855253,771.772192,102.987248,154.356849,83.484848,603.015939,752.043126,948.257654,167.961146,0.000000,633.267935,0.000000,277.667496,0.000000,247.094582,100.430219,0.000000,0.000000
2012-04-24 13:00:00,40.752235,328.926717,512.907819,103.492125,187.984122,1001.077284,1323.970547,314.926821,76.689029,350.183306,241.953229,607.918492,738.484004,79.329222,160.008533,103.122035,719.548031,670.596016,911.946320,166.336390,0.000000,600.917774,0.000000,247.498475,72.709689,208.802910,0.000000,301.598732,690.205045
2012-04-24 14:00:00,63.090402,342.005474,0.000000,113.920029,143.790157,621.352138,1225.860911,263.871717,57.570810,300.427873,290.981237,540.401280,731.941817,74.788021,155.305830,126.480578,927.557690,600.658576,790.138241,145.485989,0.000000,630.125577,0.000000,313.645463,77.310013,264.697034,0.000000,257.806505,607.624487
2012-04-24 15:00:00,0.000000,331.789852,550.199214,98.078712,145.835385,578.153718,1093.905268,230.202909,61.515401,246.981222,282.561085,477.597255,671.982936,63.593342,157.624135,105.889744,892.465021,532.041961,706.587174,129.747938,0.000000,741.991718,0.000000,342.505618,60.956328,280.759945,0.000000,203.045064,588.666102
2012-04-24 16:00:00,58.720816,252.279530,0.000000,79.875186,145.893215,434.048548,910.429508,178.958602,56.729840,202.947157,262.121023,323.456685,583.241592,42.168750,131.412423,111.002832,879.435628,467.203285,651.214774,117.176469,0.000000,682.125466,0.000000,346.209594,36.600899,214.457423,104.883141,0.000000,762.655749
2012-04-24 17:00:00,51.327989,227.795727,308.199380,72.235151,102.726870,284.617701,626.517414,101.545088,31.310942,153.570665,285.498551,245.160005,543.918017,10.372471,85.231761,107.774703,785.883720,324.318724,613.669976,137.281406,17.076609,739.862509,266.429898,354.768822,13.474253,201.292911,64.083585,94.377929,595.156473
2012-04-24 18:00:00,47.344098,231.539801,169.383232,82.304146,102.530410,78.729467,619.441293,98.915521,28.838616,174.125909,304.558066,267.800534,399.099568,1.089152,35.063666,87.596245,675.998178,281.185608,512.357529,201.690871,5.031096,826.588909,189.337951,406.329643,4.907389,247.860834,48.784491,23.917894,598.635083
2012-04-24 19:00:00,26.402435,209.891771,141.116454,57.326702,71.734500,109.489516,817.951654,112.518056,30.043121,219.083534,329.307081,174.468999,260.035354,0.978658,15.905168,43.540576,343.751888,457.194920,489.212014,239.372902,3.795782,715.852860,122.342587,412.532073,4.965350,242.604673,36.186046,2.931640,427.380939
2012-04-24 20:00:00,8.132368,127.901164,117.633285,27.752715,32.845467,63.417195,802.660240,63.654581,21.518935,166.655608,334.353668,58.938004,147.058829,3.204316,13.374801,20.058359,162.494456,461.487830,504.572220,199.530754,4.447130,702.256570,21.144716,414.646538,9.293125,203.457225,24.645134,3.718178,327.042607
2012-04-24 21:00:00,11.966665,86.382961,197.215137,31.915623,24.804897,76.019330,655.306611,35.789194,7.968260,152.937420,341.405063,52.528301,75.107299,6.929531,8.073078,3.757155,69.564620,417.914793,548.759111,109.765916,8.332753,906.200921,8.977230,520.158329,15.166535,257.387625,22.300168,8.937928,356.087914
2012-04-24 22:00:00,9.190556,80.526489,212.653147,48.827433,20.863441,138.216964,481.818564,22.846976,12.600970,125.636868,339.849608,66.911050,59.328454,12.548924,22.954050,1.787678,92.929836,262.726095,401.469472,78.724243,18.978912,981.717664,8.309503,432.267077,15.784789,237.731774,20.736857,10.618258,404.559626
2012-04-24 23:00:00,5.774308,61.179216,211.131089,63.224154,25.015108,215.726869,404.249390,20.469834,25.086122,73.208943,328.719465,84.107815,91.727681,56.209707,29.641450,2.211873,120.720282,215.718730,313.937344,67.203622,21.606762,933.065879,9.644958,395.122980,23.397037,207.180339,19.311486,8.473155,334.398237
2012-04-25 00:00:00,4.193558,72.578420,334.417729,88.375053,57.072283,213.016732,343.639784,38.298399,31.757223,84.346481,325.228333,149.455523,145.165367,117.770464,17.592080,4.635844,94.876937,224.519196,304.679138,65.443527,34.454025,807.423055,12.538446,395.757319,42.620862,151.552637,29.381046,5.327005,308.936442
2012-04-25 01:00:00,3.520760,102.383679,572.510976,112.918860,74.730007,209.900075,232.151472,103.009488,49.685809,126.315987,330.689707,240.285710,203.441899,137.975021,25.966392,8.847493,122.667383,266.375068,345.499410,55.122971,37.598461,787.110525,18.622189,372.709654,65.283724,153.797456,32.001891,8.401652,348.732284
2012-04-25 02:00:00,4.748780,122.776751,817.127326,117.688858,108.521423,163.692247,140.124960,284.596727,45.168917,169.236257,339.020033,284.840965,261.508046,135.544160,65.307585,11.210865,152.227922,240.832254,377.061475,47.282548,35.419816,873.602587,17.806077,287.778653,0.000000,197.379789,26.576283,23.131357,447.184557
2012-04-25 03:00:00,6.708387,141.287385,886.707088,129.440399,146.411954,119.788035,142.071140,409.660811,41.462749,236.740607,332.694516,278.118593,349.659189,0.000000,69.826099,20.482553,183.027524,197.044571,322.774723,32.241738,36.452988,872.783533,13.280366,290.456975,0.000000,192.999655,44.692296,25.526721,532.623023
2012-04-25 04:00:00,16.147159,147.666757,992.163914,139.327303,164.017124,111.115598,212.689672,442.016355,36.806877,295.688068,340.713750,293.752016,453.168408,0.000000,71.392517,37.420049,357.381597,181.804741,271.223349,31.281686,36.318226,882.120744,10.757838,412.250144,0.000000,223.879600,60.739221,20.986254,584.866854
2012-04-25 05:00:00,16.768873,148.635708,967.461400,151.729298,182.882204,118.428457,205.461004,503.954111,32.547726,357.046801,335.632597,361.137706,548.649539,0.000000,71.168683,41.925688,469.809252,215.933375,174.643429,46.562510,56.506716,955.285038,16.570545,401.249321,0.000000,281.064573,107.524814,31.315779,551.199980
2012-04-25 06:00:00,25.338312,161.558509,994.687731,173.338635,218.622437,126.658078,209.743119,640.005082,34.308948,387.669583,324.425013,412.132452,617.169293,91.020874,67.054366,57.869661,445.909306,266.478573,114.813840,62.514114,91.609144,0.000000,46.640046,413.973195,0.000000,270.454745,198.249434,0.000000,633.485849
2012-04-25 07:00:00,31.309205,0.000000,1177.467529,202.325012,0.000000,159.510962,339.673469,779.388788,0.000000,0.000000,342.252230,500.879578,734.466418,121.195074,0.000000,65.645484,426.324041,331.690068,141.472159,73.082468,115.515442,599.757214,99.877588,605.652992,0.000000,282.910274,281.151599,0.000000,915.791752
2012-04-25 08:00:00,35.233373,0.000000,1388.044181,0.000000,0.000000,229.955502,440.272236,0.000000,0.000000,0.000000,360.237654,647.133752,786.072605,123.622674,0.000000,58.630306,412.388989,419.207468,201.340930,85.824026,127.322529,1153.776895,128.895356,683.987050,0.000000,395.675228,282.624824,0.000000,1357.415666
2012-04-25 09:00:00,23.074727,0.000000,1807.901206,312.589544,0.000000,337.667427,793.052646,932.874346,0.000000,0.000000,0.000000,738.215428,1092.680184,130.041331,0.000000,67.609423,470.148595,611.089316,353.760173,113.456992,135.148619,0.000000,167.290565,743.678848,0.000000,0.000000,276.160924,0.000000,1706.363673
2012-04-25 10:00:00,26.729113,902.788860,1056.179233,373.536737,540.327517,441.881409,1093.589594,925.092647,163.353849,0.000000,384.464714,0.000000,1324.705029,0.000000,248.902906,0.000000,0.000000,0.000000,439.101564,0.000000,0.000000,1791.845156,0.000000,743.161864,131.096071,598.988143,315.530581,107.208700,0.000000
2012-04-25 11:00:00,34.383905,0.000000,582.374344,183.427997,0.000000,575.812190,0.000000,0.000000,0.000000,0.000000,386.879913,1028.659308,0.000000,120.403928,0.000000,115.730743,890.062994,0.000000,494.770413,185.973069,150.328036,1740.568280,252.587743,719.358813,0.000000,576.564561,320.421454,0.000000,2060.930766
2012-04-25 12:00:00,0.000000,853.572031,0.000000,305.176924,0.000000,0.000000,12.986334,0.000000,0.000000,0.000000,387.379443,0.000000,0.000000,130.942894,0.000000,0.000000,0.000000,0.000000,0.000000,0.000000,0.000000,1696.958159,0.000000,716.233940,0.000000,557.041252,0.000000,0.000000,0.000000
2012-04-25 13:00:00,49.456649,0.000000,1701.658390,0.000000,0.000000,704.594252,267.415113,0.000000,0.000000,0.000000,0.000000,994.784886,1587.322253,0.000000,0.000000,111.301244,1104.901036,1120.766838,935.640065,287.684683,207.180135,0.000000,415.896472,0.000000,0.000000,0.000000,294.787236,0.000000,2064.079548
2012-04-25 14:00:00,0.000000,0.000000,0.000000,107.824604,0.000000,0.000000,0.000000,0.000000,0.000000,0.000000,376.465267,0.000000,0.000000,164.152889,0.000000,0.000000,0.000000,0.000000,0.000000,0.000000,0.000000,1638.623705,0.000000,712.182322,168.191185,544.288811,0.000000,120.365130,0.000000
2012-04-25 15:00:00,0.000000,208.344292,0.000000,90.641100,0.000000,0.000000,0.000000,0.000000,0.000000,0.000000,367.754436,0.000000,0.000000,145.986082,0.000000,0.000000,0.000000,0.000000,0.000000,0.000000,0.000000,1593.899833,0.000000,701.288623,180.088010,535.553110,0.000000,130.263065,0.000000
2012-04-25 16:00:00,53.111250,985.192527,0.000000,53.397807,0.000000,558.016357,2060.072002,1012.178121,208.569786,0.000000,355.596427,0.000000,1690.395417,0.000000,0.000000,0.000000,0.000000,0.000000,1073.333961,0.000000,0.000000,146.969147,0.000000,0.000000,151.293494,0.000000,0.000000,138.204510,0.000000
2012-04-25 17:00:00,42.205908,0.000000,0.000000,0.000000,0.000000,425.147837,0.000000,0.000000,0.000000,0.000000,337.372086,711.124002,0.000000,128.174901,0.000000,106.426444,1215.782397,0.000000,1249.911471,423.332160,204.674815,1598.032592,175.438035,644.164728,0.000000,533.435179,199.645372,0.000000,0.000000
2012-04-25 18:00:00,36.533601,0.000000,1687.744094,0.000000,0.000000,241.879687,0.000000,0.000000,0.000000,0.000000,332.383425,539.040421,0.000000,83.769985,0.000000,85.657069,1148.081744,0.000000,1039.654436,298.736101,178.828520,1539.493177,239.194967,647.872000,0.000000,490.301251,146.077596,0.000000,952.921091
2012-04-25 19:00:00,33.241462,0.000000,1314.187748,0.000000,0.000000,267.354970,1508.567531,0.000000,0.000000,0.000000,318.902816,459.153630,1307.119460,47.922682,0.000000,75.627889,864.689997,1771.254686,815.984599,192.890396,152.976771,544.853238,186.667040,641.881017,0.000000,247.248720,105.063678,0.000000,1794.396403
2012-04-25 20:00:00,33.783620,0.000000,1024.127117,54.681522,0.000000,376.031445,1157.421052,0.000000,0.000000,0.000000,305.664167,429.450127,1056.972182,46.675682,0.000000,67.780284,576.696010,1515.182601,784.843361,137.287399,140.174428,0.000000,141.187352,579.786235,0.000000,0.000000,102.488814,0.000000,1476.972696
2012-04-25 21:00:00,28.146485,0.000000,933.455990,66.476426,0.000000,393.782840,809.610883,0.000000,0.000000,0.000000,300.963236,451.493253,906.547200,52.342429,0.000000,71.295042,509.255501,1422.455744,596.943864,132.167123,133.503733,0.000000,128.277946,589.089880,0.000000,0.000000,98.764456,0.000000,1324.767746
2012-04-25 22:00:00,23.737369,0.000000,832.130462,78.184603,0.000000,329.688111,714.526088,0.000000,0.000000,0.000000,295.398165,424.291097,903.391431,54.773289,0.000000,73.900810,534.390809,1127.532824,524.351114,114.166153,137.748721,0.000000,108.839645,515.083614,0.000000,0.000000,110.995063,0.000000,1168.979284
2012-04-25 23:00:00,26.742100,0.000000,669.705206,67.040153,0.000000,196.891420,661.701202,0.000000,0.000000,0.000000,291.215719,378.797836,924.219506,88.110807,0.000000,82.566506,547.489490,1121.093459,613.987380,105.525688,128.023432,264.128834,97.414079,385.819335,0.000000,257.278122,161.480805,0.000000,970.943103
2012-04-26 00:00:00,17.682185,0.000000,772.117918,42.539709,0.000000,97.564916,542.428170,0.000000,0.000000,0.000000,286.272829,351.283012,0.000000,99.965199,0.000000,99.655500,677.414251,1238.933840,640.499515,106.645748,106.416670,912.261918,74.191987,389.061514,0.000000,230.559304,177.711649,0.000000,756.686816
2012-04-26 01:00:00,9.523689,0.000000,362.663554,29.443896,0.000000,78.864973,556.051430,0.000000,0.000000,0.000000,276.698140,383.018861,0.000000,117.060148,0.000000,127.106970,745.385788,1128.606052,643.866135,106.245726,92.985440,885.560770,49.040904,358.401775,0.000000,218.459184,165.067224,0.000000,841.936677
2012-04-26 02:00:00,4.748780,101.860780,0.000000,17.128629,0.000000,80.897576,424.545267,475.956661,0.000000,493.583114,248.457993,339.714279,0.000000,104.590148,36.374674,135.954463,721.489545,855.362327,606.622898,93.525041,58.991096,688.332659,0.000000,233.014016,0.000000,148.924557,88.832834,0.000000,0.000000
2012-04-26 03:00:00,3.494632,130.515660,1245.477734,15.654266,459.889091,81.439603,297.209490,394.077324,166.453250,411.409810,0.000000,360.506732,1231.170623,0.000000,249.421957,149.892295,704.496661,670.337904,610.410346,73.683971,97.567331,0.000000,39.173369,0.000000,0.000000,0.000000,72.464051,0.000000,839.484800
2012-04-26 04:00:00,1.221488,208.845972,0.000000,13.659540,360.354188,73.580207,177.658432,324.611951,112.366367,272.326401,238.088294,428.199453,1063.494104,76.524757,171.281793,161.345557,538.285011,398.167407,593.577244,53.922906,0.000000,573.992774,0.000000,404.074214,0.000000,288.541328,59.037971,0.000000,863.814960
2012-04-26 05:00:00,1.514381,235.448884,1140.794910,9.193087,296.082434,110.398872,173.488046,363.614904,71.482707,214.785327,234.216939,431.798086,890.591886,58.542808,139.433450,142.672419,422.580897,212.284402,506.255530,52.402824,109.626668,596.582422,42.538103,0.000000,9.596158,278.308382,34.564945,71.022557,785.798062
2012-04-26 06:00:00,3.234345,184.140533,1036.273534,24.075893,265.824961,138.240369,136.096971,334.896681,73.440988,163.071684,223.297167,416.557986,965.207507,67.826479,126.611761,169.653981,434.291424,190.320461,422.411097,63.864982,112.373637,775.210301,70.845583,351.968964,9.636309,221.714521,34.379880,62.094084,796.664552
2012-04-26 07:00:00,6.279936,122.821123,1075.066196,32.657331,226.033143,142.334776,141.598453,338.590495,49.784266,159.707751,252.992152,398.039134,1108.853352,77.526272,207.916040,166.668844,424.524796,158.994652,397.989142,81.153026,109.568128,763.245376,100.397605,319.432128,20.835564,223.109447,47.069724,64.146003,733.740470
2012-04-26 08:00:00,9.308191,82.483513,1124.042425,29.664892,162.827408,170.098532,141.805649,406.105330,30.424212,167.430363,295.581375,397.318410,1066.037377,88.259128,244.982905,147.022609,391.052522,203.245628,385.422184,143.991263,104.031983,815.134740,117.324770,440.561449,22.573904,205.280690,70.074437,56.359963,712.194124
2012-04-26 09:00:00,12.055821,65.992737,1024.379009,45.396986,131.964166,241.180984,151.387604,350.817471,26.453531,145.703888,317.292241,399.147488,870.664830,91.722963,267.785980,128.300227,380.687175,254.840687,343.098030,235.908742,114.526642,858.231711,179.115359,246.341298,20.375798,189.614146,83.201957,74.173945,511.133933
2012-04-26 10:00:00,14.095840,86.382671,1036.064908,52.229221,104.774666,273.954306,148.781361,306.020868,38.647061,139.433537,338.292444,463.828895,823.908073,57.897327,236.759148,132.358159,442.949582,292.073519,437.335184,306.569844,127.697722,928.687814,222.232036,0.000000,15.870674,215.977976,95.144536,58.394991,276.898716
2012-04-26 11:00:00,14.536453,91.163423,1044.153315,55.209086,101.759943,308.646737,160.454884,301.753827,49.646255,139.349560,260.587185,538.011467,941.652972,29.054096,224.422925,100.839370,467.622544,359.340243,692.873904,377.123264,150.674138,976.545239,243.534249,0.000000,21.393850,247.522392,109.594799,57.909536,187.373437
2012-04-26 12:00:00,14.814609,76.088233,327.017849,53.076122,0.000000,340.912609,179.078052,295.243827,0.000000,89.202770,340.482980,606.268169,1115.543399,38.913335,269.792376,107.647971,504.407355,393.462738,787.611801,391.059601,182.603385,993.416828,291.220592,448.860245,0.000000,263.111985,121.249326,0.000000,140.362663
2012-04-26 13:00:00,13.900586,87.836499,0.000000,55.926345,113.510710,375.529558,166.782159,272.052822,92.310101,76.804432,292.959030,688.099895,1230.590442,67.334253,393.692060,82.821553,508.027951,415.144932,779.637596,441.694811,191.756822,976.104558,0.000000,84.954973,0.000000,287.642111,124.736711,0.000000,0.000000
2012-04-26 14:00:00,16.960385,0.000000,1222.614568,48.101647,178.109921,383.258282,178.632821,240.727520,76.445949,92.662340,264.475191,657.879570,1187.057565,0.000000,311.396209,75.857161,381.899188,456.436553,634.166230,406.598299,193.290435,0.000000,311.209506,0.000000,23.344457,0.000000,113.316004,70.827056,0.000000
2012-04-26 15:00:00,21.440983,0.000000,1054.947611,44.771586,208.565062,360.166291,190.941814,226.709348,107.830922,123.081054,236.703241,524.258045,965.188436,0.000000,284.018367,80.913520,314.176668,491.971840,613.225434,317.595583,189.246679,691.348244,285.042927,0.000000,23.625231,0.000000,97.994660,43.039395,228.588235
2012-04-26 16:00:00,14.113285,56.802261,847.021775,32.639633,215.880564,305.251241,151.508399,228.087028,83.405615,167.526473,180.978544,351.684029,906.343286,46.449485,272.463457,93.809238,205.091183,463.191068,640.427748,279.666628,171.691444,385.931322,229.453090,317.582426,24.451505,104.157784,62.761079,21.119081,355.740846
2012-04-26 17:00:00,9.285290,49.148154,798.029916,21.116136,169.063216,248.385301,133.849646,119.569028,50.902744,92.552581,113.242127,214.134264,772.982351,36.231205,154.152097,50.103312,111.442062,336.970973,564.670379,194.241062,136.191644,158.589357,106.211862,205.290526,23.165220,58.980048,32.534077,10.793099,356.533436
2012-04-26 18:00:00,8.615738,55.009004,450.311520,5.550543,65.953698,251.907192,90.358357,73.163149,21.935879,56.638459,61.388619,112.716979,396.995722,17.978898,87.779660,14.786222,86.557504,199.620317,419.354643,144.167770,98.353440,110.080806,96.301199,155.272195,9.370407,42.049287,31.174256,18.555138,160.692215
2012-04-26 19:00:00,9.046851,67.767747,169.600669,4.726634,80.826125,211.390650,46.152269,32.487608,23.302528,41.290387,40.960312,63.471697,175.881518,10.686316,64.162895,11.271464,172.760990,136.943831,248.498662,138.727477,85.034511,113.357020,133.693961,70.411676,11.997985,18.779825,36.599863,36.180731,202.562722
2012-04-26 20:00:00,11.026054,36.812109,136.332846,3.512453,49.767452,202.718213,39.201626,10.565076,5.327616,28.115494,39.439423,86.452829,135.277292,8.823709,50.788094,7.393111,182.850515,74.052698,142.870950,140.167555,99.948118,96.975948,77.827395,29.954917,12.809443,8.541261,30.484560,39.005116,186.531222
2012-04-26 21:00:00,12.450035,19.870173,136.767719,3.252271,28.378483,166.808904,38.645574,13.206345,3.011261,18.879486,46.456252,78.792451,114.238833,6.045582,16.748624,3.302660,117.888135,38.850836,124.354538,147.207934,83.731816,80.103444,44.811960,21.849469,11.708179,7.117718,26.300404,41.364729,192.755216
2012-04-26 22:00:00,17.682185,17.987735,123.286640,4.466453,9.879916,104.204750,26.968494,17.432375,1.806757,19.966075,54.890274,98.490564,96.987296,12.249012,10.362458,3.302660,42.836229,42.070518,118.673366,165.448917,75.039699,88.293980,33.534778,37.144097,19.803438,10.731328,41.427735,54.163841,145.226533
2012-04-26 23:00:00,15.402509,15.582399,111.545055,5.073543,9.249284,60.029524,35.587292,23.771420,2.455336,23.090019,70.410258,131.789755,80.366914,10.765240,7.892337,2.848166,23.896244,60.100741,115.727573,156.728447,71.693122,67.981450,33.163818,43.557974,38.466971,13.304657,57.658579,39.648647,87.135920
2012-04-27 00:00:00,9.255876,16.523617,52.402258,3.122180,7.357385,47.156376,28.358623,23.903484,1.737266,35.449970,95.159273,166.964956,54.489609,6.945316,12.832579,5.120638,43.190248,96.375831,96.159093,114.726183,69.244954,51.600378,43.699080,22.695255,40.089886,6.405946,69.843207,28.029341,40.361660
2012-04-27 01:00:00,6.492830,25.831224,40.878110,3.902726,5.885908,47.291883,24.188237,29.318085,1.690939,55.416046,118.214571,153.676547,31.557689,5.287911,11.205914,3.211761,83.371338,76.199153,47.974339,59.043182,77.981992,62.084264,53.195655,13.250646,16.171198,3.832617,79.039152,33.320594,49.414742
2012-04-27 02:00:00,12.796232,21.543450,37.833995,5.593907,2.890401,94.312752,16.959569,33.147925,0.602252,68.183468,102.245234,212.614551,21.879997,4.972215,24.520468,4.817642,254.362236,38.206899,40.820271,41.042212,79.599130,42.918409,40.434633,9.233163,18.682853,2.190067,88.832834,21.308019,26.404824
2012-04-27 03:00:00,1.358661,39.844925,60.229981,6.677997,7.988018,104.069243,19.183774,32.883798,1.899411,82.716598,85.688281,300.474388,73.634607,4.861721,41.931807,5.696331,126.207568,47.007365,28.195445,27.921505,69.536938,27.520201,21.960828,3.030733,4.076610,5.694174,131.961819,21.272268,14.334047
2012-04-27 04:00:00,3.350927,47.270095,44.139661,6.331088,10.142680,174.126273,32.250983,35.789194,2.084719,55.551869,80.468866,213.239888,122.233447,3.251671,31.750090,4.544945,143.200452,36.704381,26.301721,27.201466,65.179649,18.182990,28.044571,2.043983,2.878744,6.843959,107.960401,6.721322,30.554154
2012-04-27 05:00:00,2.397977,45.616376,175.011552,5.897452,20.536939,92.607105,65.336043,38.387517,1.049068,35.770431,74.924865,328.492651,55.577502,2.465922,8.792719,18.587082,132.803848,35.416508,23.987170,27.121462,56.155126,18.981010,20.462285,3.409163,4.459378,8.542866,148.381102,8.911083,50.286963
2012-04-27 06:00:00,2.323135,38.060135,174.729023,9.280426,44.925815,133.763491,122.050252,40.435929,4.670583,33.222956,72.664978,536.484676,127.484109,2.829876,35.711373,6.328121,199.765089,64.413724,26.903908,36.704361,68.369538,32.967566,30.605878,12.065090,8.629086,17.442745,139.465445,30.400056,90.537804
2012-04-27 07:00:00,2.151807,37.568909,237.920881,16.333092,49.620980,183.646537,116.283755,32.129295,10.229447,34.956437,71.213789,491.078800,166.175206,4.468478,50.720239,17.946605,212.476901,116.307011,63.382068,77.430194,80.317890,59.750563,62.911182,14.275171,6.481539,26.621273,160.177066,28.052618,156.176603
2012-04-27 08:00:00,15.010897,44.524017,285.642107,26.700795,48.946120,199.545608,183.529239,56.077753,18.751612,43.812651,64.766401,356.516040,270.089347,4.676104,70.756669,32.462098,243.936004,194.668351,145.765641,219.616025,141.400573,68.717286,91.349805,20.718559,6.031398,23.898400,134.936172,39.879523,206.438035
2012-04-27 09:00:00,16.021565,87.139690,337.340467,42.920911,82.530334,293.553516,186.656833,94.412097,41.546354,70.424133,68.751640,394.664460,380.665614,6.011766,133.874936,45.989057,289.240114,260.123847,195.417423,281.933979,126.076648,105.965080,110.966157,31.162018,16.618912,28.938916,188.464459,51.600295,297.635631
2012-04-27 10:00:00,23.899918,66.755156,399.795649,48.603809,132.810040,283.691689,272.126448,110.988042,83.264194,102.961620,56.019199,322.109480,491.270212,10.076800,209.090122,54.720533,322.813688,314.996106,229.684408,267.507009,116.691226,170.635453,162.530832,51.004050,23.303363,49.382650,137.623869,55.692855,508.627315
2012-04-27 11:00:00,43.703264,47.459770,510.677016,53.118291,143.102202,304.797789,389.873632,103.284310,73.949376,124.786669,58.337362,424.642335,556.609091,6.898337,221.733636,54.295810,352.671179,449.198829,268.429896,241.912192,106.337505,165.820698,157.317874,62.113377,30.333708,48.071131,211.576540,89.714038,583.640867
2012-04-27 12:00:00,56.505572,40.942102,596.917015,55.741108,167.594825,347.389130,365.152939,124.887144,76.879896,175.710678,62.112954,432.395278,612.375544,5.691520,239.493003,58.223789,363.899591,399.582316,189.486737,199.046991,107.862970,158.321870,211.756103,54.380701,30.196079,42.061514,182.570631,98.129761,672.745106
2012-04-27 13:00:00,61.616189,46.117674,657.102233,63.178286,248.107761,506.979988,351.086920,171.343710,103.417562,175.002177,54.025944,529.912335,746.636293,8.076778,234.273473,61.867378,347.140781,307.737253,211.795349,274.267952,191.720848,123.353938,642.267146,55.631280,33.272408,38.310585,139.122439,82.891324,783.103634
2012-04-27 14:00:00,37.745266,117.663797,794.421508,67.018439,234.668961,602.184381,362.431497,183.352175,86.360559,145.529205,49.076173,523.114920,887.936041,8.887850,287.606271,57.397135,305.028643,373.510594,254.948342,292.720824,209.787118,115.445184,610.554289,61.123528,35.064663,44.261821,125.180713,69.027719,947.880553
2012-04-27 15:00:00,32.655613,141.186675,884.199822,58.330964,183.010525,705.182135,374.371337,140.779453,60.642232,133.250008,34.562212,503.406142,908.737830,6.142252,395.584558,64.367403,275.628431,320.169163,178.781905,196.072790,219.540463,233.779286,395.922203,79.658123,20.705229,68.823277,162.624303,51.302631,735.954128
2012-04-27 16:00:00,33.862487,76.048385,1028.731380,53.834737,146.857755,672.842287,379.072228,201.389293,62.362542,107.315559,20.224725,436.809235,1157.528392,6.287906,321.829717,49.954332,250.242735,241.558429,159.256713,168.434236,201.851831,168.519514,407.161175,64.948303,38.940166,61.387632,125.751333,58.263312,575.334428
2012-04-27 17:00:00,13.652761,56.523843,1131.619626,53.127284,114.118456,575.380670,319.826945,127.742217,67.614088,75.452261,8.055302,316.173152,940.307543,5.590753,219.614062,20.093078,195.429907,232.675278,208.513913,144.755357,195.883437,130.746908,490.312374,44.509902,120.736087,29.595707,119.736429,80.162645,450.160399
2012-04-27 18:00:00,10.523088,39.740345,861.049551,33.866985,73.994268,450.560200,309.442621,83.860288,36.945858,68.319292,3.698526,187.913743,585.289930,1.846823,133.868500,14.998319,229.403938,208.850074,138.031433,128.086904,187.700319,76.008176,362.502049,9.797020,73.977916,12.100120,73.659524,169.284349,476.418469
2012-04-27 19:00:00,14.357385,30.537318,493.146561,24.890717,62.117347,338.360548,405.361493,81.615210,29.047088,54.736928,2.073940,169.466304,313.893809,1.310139,96.876934,15.574012,378.268684,268.306878,126.669089,68.163674,169.462595,52.091810,268.871762,5.920501,78.305691,6.077436,78.901213,156.413733,447.750374
2012-04-27 20:00:00,12.874616,27.818242,475.099310,10.840904,62.642875,271.284668,380.895230,35.260940,48.620286,118.845686,2.419596,158.522908,250.357663,2.509785,57.053767,5.211537,307.996027,246.413037,156.547845,42.002264,154.998194,33.745009,258.559075,16.774754,85.608813,5.858429,69.429389,84.338285,231.608028
2012-04-27 21:00:00,17.564608,51.034970,302.237090,3.469089,19.339411,213.152239,370.330253,21.922532,13.249549,59.762402,2.212202,114.280321,94.041912,2.746557,16.989612,3.272361,194.179105,237.612571,135.716881,39.362122,149.809876,39.478384,188.521839,23.047666,63.332360,9.198281,75.038916,64.746348,68.086725
2012-04-27 22:00:00,23.397704,79.689850,160.685762,4.639907,10.457997,151.361126,227.147009,17.564438,3.080752,19.422781,3.663960,88.485174,35.134227,2.904405,13.856775,2.999664,81.424237,112.259598,153.602052,32.001725,134.402143,15.070587,124.716730,10.854252,33.482300,8.322255,91.085841,40.041916,21.312465
2012-04-27 23:00:00,16.950598,90.043256,88.931633,4.076180,11.456499,62.739661,159.030709,12.546027,2.316355,28.251317,5.945294,69.256063,33.661534,7.482000,11.326408,1.999776,54.872855,107.752042,119.304607,34.721871,132.470562,19.165855,131.764969,10.572324,16.886053,6.405946,113.248070,37.003020,16.031500
2012-04-28 00:00:00,5.846160,27.713662,38.921179,3.469089,10.720760,34.554241,109.542132,24.827928,3.127079,25.263197,7.639012,55.185983,21.038459,2.699202,12.109617,1.121087,59.652104,57.095704,108.783919,25.281363,128.068352,19.329665,145.267911,7.330144,25.657527,7.391476,123.501549,12.155582,16.220106
2012-04-28 01:00:00,6.309934,29.073200,41.530420,3.512453,13.768820,40.652048,83.129689,24.035547,4.632709,15.348072,11.130144,40.490565,19.776151,1.136506,22.954050,1.939177,87.265541,59.671450,89.636266,12.080651,123.778444,16.053451,71.150116,3.383144,29.482972,2.190067,138.077123,12.048326,16.785924
2012-04-28 02:00:00,6.355658,26.458704,64.361280,6.157634,22.755340,71.005577,122.887366,35.393004,9.844508,17.792897,10.991881,68.005390,40.604226,0.994443,24.158987,1.939177,107.267582,95.731894,55.970063,28.561539,112.233875,19.002044,134.881033,5.638573,12.712841,4.872899,127.593745,17.339580,23.198524
2012-04-28 03:00:00,10.738645,31.478537,50.227890,5.767361,24.069158,52.305635,193.783923,23.243167,6.879574,13.310717,9.782083,76.916441,23.563074,1.452202,24.821702,1.636180,50.801644,126.426201,79.325991,19.121031,105.248737,31.779280,92.146448,4.581340,20.402371,7.117718,163.595872,17.268076,28.102277
2012-04-28 04:00:00,34.874468,85.128003,79.146979,5.073543,9.196731,49.324485,227.425035,13.074281,1.644612,19.558604,5.876163,52.215632,26.087689,0.615608,29.340216,8.605096,95.584974,118.484317,148.552121,34.321850,97.702093,36.202170,89.475537,15.365111,37.810076,15.549476,268.107794,31.854774,35.457907
2012-04-28 05:00:00,33.628862,93.241882,104.605136,13.355994,3.711515,57.551209,174.878175,14.729913,1.395729,23.937661,3.249979,76.071255,83.117329,0.771429,26.570626,12.450105,229.146638,181.375450,152.970810,42.402285,78.790091,34.191173,63.613546,17.310428,5.456059,18.921652,239.699041,86.915726,46.286359
2012-04-28 06:00:00,9.155074,48.979352,246.329139,21.020688,8.230318,163.778681,189.141587,24.999805,3.712553,21.258154,8.110619,166.515253,288.231441,1.700684,14.991207,13.077137,109.105119,213.520151,185.148204,43.373047,93.032242,59.948439,181.207898,28.381587,4.302752,26.150440,219.035039,87.315581,49.402898
2012-04-28 07:00:00,15.936106,51.280693,289.099694,31.376073,10.740308,298.597985,329.797397,53.871382,6.123873,80.757440,19.168700,237.082150,465.969571,1.994537,15.236946,20.990820,221.050414,259.204897,249.232223,72.901629,82.692172,64.566119,138.282009,42.442459,5.916972,25.547942,277.897086,47.930419,53.544331
2012-04-28 08:00:00,32.308094,50.197238,185.837569,44.127581,23.226959,336.873076,433.992888,75.620103,7.311195,82.857446,29.015097,393.393954,544.484866,2.586583,26.555660,24.174459,194.872939,356.557948,249.230866,129.136981,100.676282,72.929156,136.676501,43.750880,5.150155,27.769684,296.487378,39.011178,73.923376
2012-04-28 09:00:00,26.811472,62.556052,281.251792,42.851726,35.203045,280.285015,447.542282,134.155730,9.130964,143.946997,29.243608,481.962728,702.048243,3.801837,49.185899,35.340669,159.578688,494.554637,397.802585,228.238305,89.227385,76.946919,102.991734,63.097963,6.261100,39.006195,279.998968,32.587895,125.131127
2012-04-28 10:00:00,38.740153,88.958926,380.116324,50.419554,44.522741,348.308471,529.941600,140.349441,21.996658,200.928854,31.415372,428.369673,777.071418,4.583224,159.643137,48.422543,231.985217,769.527213,590.285652,371.954054,105.511664,106.600321,127.439523,69.305508,9.856749,41.096158,230.375969,57.830449,129.854040
2012-04-28 11:00:00,31.520787,75.155407,410.463547,70.582675,33.404993,367.451441,654.891908,175.539790,45.645331,241.149998,35.006958,527.525037,876.061699,4.169470,193.792338,55.723614,452.866769,1034.976598,1079.224403,439.217909,145.436775,159.603208,319.086124,83.377594,11.911752,53.352510,235.725372,39.215858,158.778127
2012-04-28 12:00:00,34.032612,58.927722,0.000000,86.265398,72.870749,424.175222,847.365553,167.673398,0.000000,300.391095,40.363720,645.171853,0.000000,5.185855,189.677643,57.802468,388.415279,1242.188742,1267.407795,438.549627,0.000000,197.755331,0.000000,58.729741,0.000000,51.038993,223.480060,0.000000,0.000000
2012-04-28 13:00:00,38.859936,78.534948,0.000000,109.304501,0.000000,477.141106,930.955179,150.216784,0.000000,0.000000,36.168852,723.769040,0.000000,6.646650,0.000000,89.233633,0.000000,1250.367139,1319.322116,563.805287,0.000000,126.219313,0.000000,58.649765,0.000000,33.857512,189.313183,0.000000,0.000000
2012-04-28 14:00:00,30.617704,170.348692,0.000000,88.132165,157.537039,446.791231,827.891568,131.768911,0.000000,339.625834,43.076753,615.097249,0.000000,8.694148,0.000000,214.101727,0.000000,985.364867,1085.554615,476.765776,0.000000,121.133176,0.000000,75.695086,0.000000,45.587781,159.045768,0.000000,0.000000
2012-04-28 15:00:00,33.959059,145.592678,0.000000,60.309172,185.490809,417.762389,795.591400,172.079319,0.000000,238.960611,57.938953,606.921930,0.000000,5.903299,0.000000,0.000000,0.000000,889.791294,1027.913231,515.722450,0.000000,107.153822,0.000000,48.381158,0.000000,85.537668,122.223522,0.000000,0.000000
2012-04-28 16:00:00,37.035035,78.997859,0.000000,58.444249,322.325767,410.210625,622.879225,178.910676,0.000000,249.708592,50.152453,787.897263,0.000000,13.309271,387.864889,26.995777,0.000000,749.567713,909.291266,500.253594,0.000000,220.026840,0.000000,59.499976,0.000000,52.920647,76.663859,0.000000,0.000000
2012-04-28 17:00:00,26.096496,77.033173,1425.607927,26.229508,0.000000,173.933964,480.181508,151.377980,0.000000,159.139624,35.575242,667.402352,0.000000,37.821230,0.000000,0.000000,280.856220,758.248945,730.381141,500.204375,0.000000,230.950602,0.000000,0.000000,28.226241,102.580110,60.714788,75.714363,835.496307
2012-04-28 18:00:00,4.382987,57.728081,1198.076521,7.545269,0.000000,177.378437,372.832484,139.458999,0.000000,147.776122,16.591519,581.250663,0.000000,47.449138,0.000000,0.000000,0.000000,634.706751,591.683520,299.136123,187.004051,128.591418,562.226879,0.000000,31.434335,188.619521,98.626517,54.807372,1025.827416
2012-04-28 19:00:00,11.881749,31.373957,1491.833577,7.458542,0.000000,380.096650,325.846138,156.363121,0.000000,161.765957,11.302972,922.528284,0.000000,61.892238,0.000000,232.852697,958.150860,649.087999,472.799740,200.330797,43.033841,286.504955,103.275246,0.000000,33.520941,89.518989,150.399690,35.501448,731.602233
2012-04-28 20:00:00,22.352581,25.412905,1199.381142,6.591270,0.000000,439.719654,349.478324,153.193598,0.000000,117.894921,8.537719,919.557934,1162.795631,41.182568,171.040806,216.127298,1002.934191,508.280550,507.307599,263.134182,56.959197,291.091655,166.783587,0.000000,30.004623,34.110294,197.299013,177.864759,588.073154
2012-04-28 21:00:00,18.198214,29.386940,1161.112273,4.726634,64.009246,548.938157,398.410850,88.482509,0.000000,78.641888,5.150284,1014.921813,1095.893331,31.190784,114.950989,244.760453,954.964694,406.323936,584.739866,313.856916,60.552837,173.311745,56.385910,-0.000000,10.954682,23.324214,219.599181,174.075078,622.399425
2012-04-28 22:00:00,8.191156,29.073200,1072.615513,2.471726,0.000000,432.808806,516.571779,52.429188,0.000000,76.061239,3.594829,950.668445,1047.084106,32.232581,177.005244,219.520857,762.909700,494.328592,504.572220,199.850771,86.404586,115.322749,60.169702,0.000000,2.376413,52.342601,249.899822,70.037601,599.766719
2012-04-28 23:00:00,21.777763,19.451853,996.947523,2.384999,0.000000,288.765049,550.768942,41.864113,0.000000,77.419476,3.318304,800.431251,0.000000,20.315050,233.034814,174.980393,664.138560,471.576169,396.629956,184.249931,95.253925,205.582458,120.339403,0.000000,1.545634,32.577247,212.288404,22.523578,528.096482
2012-04-29 00:00:00,55.352358,0.000000,1054.568263,2.515090,0.000000,292.423733,549.656839,69.729500,0.000000,99.966200,2.557859,883.132058,0.000000,10.986227,152.966751,156.012822,653.518008,458.482793,389.055060,190.330258,55.409440,238.016981,166.635203,0.000000,6.800790,20.641382,266.912321,13.049374,393.620485
2012-04-29 01:00:00,46.717024,0.000000,1071.310893,2.558453,0.000000,297.979513,502.670493,79.634258,0.000000,98.336317,3.871354,884.226398,0.000000,10.228557,214.539031,156.376417,459.515912,498.836148,529.401044,213.211491,50.760168,293.221195,86.730433,0.000000,6.820111,41.720777,235.370228,18.197621,414.178527
2012-04-29 02:00:00,23.077635,35.138832,866.050596,4.336362,0.000000,199.059529,459.576507,149.495821,0.000000,131.205638,6.290951,704.442035,217.508788,11.822822,220.864951,123.349815,306.402945,521.803216,470.695603,148.327994,70.165825,347.606355,66.921172,0.000000,8.964678,96.636707,270.866578,23.059853,346.280407
2012-04-29 03:00:00,21.496886,39.949505,721.455154,5.116907,0.000000,190.251585,533.809373,185.813269,0.000000,203.871286,8.503153,607.045810,1036.354492,12.470000,279.183901,128.379554,211.703017,564.732317,459.333259,124.006684,68.458846,308.127970,54.160151,0.000000,8.075939,106.984773,273.487422,19.877951,360.425849
2012-04-29 04:00:00,13.828291,52.185348,574.685344,8.065633,265.969454,159.627042,692.284031,153.325661,72.432412,218.132768,9.263598,468.377349,915.593737,12.454215,277.075261,87.868942,192.409013,517.510306,337.924514,111.846028,57.745306,228.515959,41.399129,53.707405,7.863414,64.716480,267.372118,25.562473,374.194079
2012-04-29 05:00:00,10.371220,50.294080,594.345238,8.455905,272.510529,118.343201,799.045905,125.573445,60.518558,160.394262,11.629170,387.083804,994.302239,11.878934,233.160311,64.384272,244.426746,415.768338,246.394524,83.444497,48.677399,161.152486,20.463631,35.467084,21.508260,29.963685,195.388253,22.124446,345.832387
2012-04-29 06:00:00,10.446231,75.007330,758.605129,9.391766,230.259368,179.385803,679.818806,129.238413,47.181544,146.942982,14.377457,459.135776,970.715383,13.805992,173.741110,60.751679,244.397722,327.571506,187.666460,78.732454,55.403782,137.475951,37.073836,43.220614,35.095199,30.539552,139.073641,30.613743,408.961266
2012-04-29 07:00:00,15.595684,123.808539,804.258657,21.606391,201.174265,288.783079,600.283541,123.069309,70.480565,186.403590,27.341551,621.205813,1020.225208,28.694295,217.993452,59.303599,309.456828,299.690211,212.574108,144.618495,61.246160,154.986553,59.472983,82.559841,28.038633,39.648504,123.996481,31.879423,437.970119
2012-04-29 08:00:00,17.887677,141.895527,859.422653,28.243691,0.000000,370.991052,691.595946,152.045671,0.000000,229.128324,37.690217,739.160013,889.724517,35.926095,163.510835,103.043418,445.539491,614.301505,265.548381,131.567815,58.473707,211.788182,76.549308,0.000000,27.716281,62.037317,147.584334,52.854549,479.989880
2012-04-29 09:00:00,15.140148,0.000000,648.398534,32.919311,0.000000,401.190604,825.750421,173.719007,0.000000,230.677643,34.477149,710.309947,0.000000,49.462743,146.955690,153.321129,639.276880,876.987312,422.427681,217.188118,56.871569,241.757202,75.664129,0.000000,31.732908,63.543809,154.649360,56.439674,493.309431
2012-04-29 10:00:00,17.395095,0.000000,401.181136,39.890551,0.000000,431.777458,974.702544,187.902972,0.000000,235.429196,35.861187,652.828446,0.000000,39.328509,148.274772,118.955634,616.028149,1118.483125,624.777033,305.787113,60.396574,264.230820,127.405199,0.000000,27.325113,66.214262,160.860108,44.262438,419.669953
2012-04-29 11:00:00,18.211411,0.000000,403.172060,33.500906,0.000000,414.853813,1255.128214,211.502517,0.000000,246.538869,35.890045,559.173729,0.000000,29.217243,0.000000,11.120472,619.259771,1352.903127,737.743245,223.603604,75.189338,303.994302,151.710194,0.000000,24.347138,77.356515,191.525463,52.816053,515.058472
2012-04-29 12:00:00,20.758029,0.000000,489.259263,38.920242,0.000000,402.603760,1288.092218,228.207116,0.000000,272.479385,0.000000,607.758120,607.284898,0.000000,0.000000,86.350499,579.205163,1334.069146,785.248968,273.282218,71.059723,0.000000,170.923381,0.000000,32.384180,0.000000,218.066303,73.637694,537.739220
2012-04-29 13:00:00,21.485517,0.000000,673.956386,40.995796,0.000000,511.149454,1313.011608,217.016928,0.000000,0.000000,0.000000,747.922143,739.397616,0.000000,0.000000,95.941632,570.076891,1145.625370,916.769564,335.806024,69.233704,0.000000,175.401202,0.000000,37.950782,0.000000,204.706811,72.071255,552.014695
2012-04-29 14:00:00,28.557305,0.000000,796.677053,50.844407,0.000000,606.545296,1540.347294,191.906534,57.580572,0.000000,0.000000,888.878657,660.251022,0.000000,0.000000,57.873701,529.071649,219.928867,1033.610940,443.305565,70.458046,0.000000,157.588445,0.000000,36.144005,0.000000,234.162895,74.427675,526.999474
2012-04-29 15:00:00,34.469979,97.052393,788.690613,51.139503,133.664158,660.384568,1716.060893,143.169315,35.447680,141.949072,0.000000,840.834377,508.118146,0.000000,148.940136,81.943790,330.469040,1069.736422,1132.965051,550.154218,63.338286,0.000000,212.404880,0.000000,34.424271,0.000000,172.161237,43.177686,381.705159
2012-04-29 16:00:00,30.654225,108.629936,482.039083,52.516038,117.053711,638.472946,1795.629816,87.865970,34.251177,141.182468,0.000000,745.423797,485.578947,0.000000,145.953186,49.347133,316.894295,956.767577,1189.007180,561.308102,69.155381,0.000000,180.615657,0.000000,21.730655,0.000000,163.947290,27.063820,409.168435
2012-04-29 17:00:00,21.513059,85.714103,351.444258,59.719841,95.247033,646.343834,1609.050013,46.583562,29.806281,107.374608,37.966695,620.829811,488.852309,2.986468,144.538541,24.632251,264.377649,813.475600,1314.425776,533.411489,34.706182,144.930883,65.177532,43.443275,15.100000,30.230643,104.238595,13.358116,301.331798
2012-04-29 18:00:00,16.787298,57.728081,225.699352,58.020520,98.168532,450.424694,1134.900969,19.017136,23.209874,46.451685,31.178229,288.592986,551.838781,0.678747,134.772203,7.484010,128.508687,563.229798,1066.376984,457.624665,35.801640,76.499608,127.387642,21.426576,0.888740,24.200240,65.337193,1.859089,215.765134
2012-04-29 19:00:00,9.321196,50.093751,206.130044,49.954887,68.896652,228.057990,678.382745,15.187296,23.302528,36.536560,14.655842,228.873311,496.297249,2.020456,143.989971,16.573900,92.575817,450.326264,814.932530,311.296778,35.981322,54.221349,95.485088,17.691022,1.893402,18.779825,32.001891,3.324909,164.652939
2012-04-29 20:00:00,10.052782,41.309043,201.563872,34.907712,43.040700,182.527696,488.213156,18.620946,20.569230,20.645194,4.977456,67.692721,423.714565,1.752114,125.494188,40.298515,185.151635,494.328592,620.089379,237.932824,45.257406,50.289892,44.589384,28.827203,1.294469,20.093865,14.207736,18.948407,117.501467
2012-04-29 21:00:00,6.590811,50.198331,135.463098,17.128629,24.437027,178.733505,480.984487,10.036822,22.908748,33.684263,6.947698,27.514824,446.436101,1.120721,157.184031,37.117053,320.386672,399.025989,555.913179,232.492531,16.530745,47.505110,32.199322,21.638023,1.932043,21.845918,14.713513,38.826357,83.929619
2012-04-29 22:00:00,7.446506,78.539472,136.767719,7.415179,27.537640,138.216964,467.083202,7.527616,38.984250,22.818372,13.826266,66.911050,459.690330,0.726101,224.058034,75.900586,488.368414,413.836529,433.873193,170.489189,8.040770,61.920453,15.209357,15.788003,2.820782,22.502939,11.035135,34.857918,70.538602
2012-04-29 23:00:00,6.623471,138.149990,160.685762,7.631997,79.617412,105.695325,350.868453,18.356819,80.354345,12.495775,19.460469,82.388139,910.544507,1.562696,279.063407,117.501985,646.614649,390.869460,374.326096,112.646071,5.255699,90.423519,22.109212,17.056682,6.163216,25.514281,11.448952,58.597053,118.821708
2012-04-30 00:00:00,10.875817,108.763050,186.343299,8.412542,139.842860,112.199653,235.487781,21.262215,78.292790,26.349786,29.830168,157.584903,1395.901757,1.168076,236.047157,119.925956,682.370509,376.702857,235.242594,71.363846,7.883548,229.826445,33.238010,60.685138,8.172541,106.492008,18.437871,43.152314,247.639529
2012-04-30 01:00:00,13.867484,97.154686,329.199247,6.894815,45.668337,161.795152,165.981352,10.300949,27.749930,47.266627,39.543120,374.733146,1101.994485,1.515342,100.431498,153.770649,973.727671,307.157714,114.885918,37.842040,11.117824,175.441285,50.450551,67.733354,15.784789,100.578827,25.426790,81.942920,217.651193
2012-04-30 02:00:00,50.675430,131.038560,309.629939,10.840904,29.692302,389.446621,136.510626,15.715550,24.692341,83.939011,58.830760,521.843656,745.392604,1.467987,57.595988,198.614109,846.104030,278.824508,87.321714,25.041350,12.061155,150.869676,107.949341,44.333278,21.677519,51.904588,48.232735,185.730136,171.254145
2012-04-30 03:00:00,50.113676,64.944091,393.343090,12.315267,53.656355,267.625984,104.537669,20.469834,15.311105,99.287082,49.532597,419.757404,638.938001,1.404848,40.726870,157.103609,578.997130,299.859767,64.386613,18.641005,12.038695,179.700363,136.810024,34.042883,9.892059,17.958549,126.582191,113.690439,177.100927
2012-04-30 04:00:00,12.606803,46.224296,460.531048,10.060359,17.762829,105.966339,81.183509,29.450149,6.508957,56.366811,57.551831,296.097029,751.493757,0.962873,29.460709,142.711282,596.344033,273.887661,47.763926,10.480565,9.500686,143.334383,200.911901,20.792237,7.786132,33.727032,156.055197,135.641989,167.293421
2012-04-30 05:00:00,5.454198,71.512406,634.752058,13.182540,16.703156,68.973082,78.403252,24.155814,6.401092,60.549099,71.893979,256.456195,793.742448,1.195746,36.144788,159.485418,559.042893,275.604825,50.709718,11.134966,18.129592,105.711758,95.923975,17.768390,12.767068,57.659131,271.604919,116.703063,228.753539
2012-04-30 06:00:00,4.166159,82.092488,829.693140,12.744059,34.983482,173.512623,121.762164,55.762939,11.651313,121.654952,85.682482,420.058669,832.680630,3.422550,86.263105,159.671509,622.276811,264.655360,72.320879,16.262762,31.709330,131.793788,68.759353,32.618435,7.948974,55.485684,223.270394,71.537451,393.205898
2012-04-30 07:00:00,6.293059,102.027030,979.426951,29.373355,60.558739,332.428197,208.041955,103.822700,20.081827,208.367402,129.546915,432.464103,865.598411,6.141227,129.101769,149.213146,783.510960,242.849000,127.870714,35.141322,55.077553,183.495336,90.530689,78.867423,18.099223,55.110141,193.398411,63.152041,492.258872
2012-04-30 08:00:00,9.429925,181.866563,1126.003452,41.434618,104.137035,373.342879,321.268120,181.378229,49.357885,253.764536,160.970264,523.396682,838.275728,8.657831,177.874097,213.879526,1098.645786,330.649953,201.498815,64.470717,53.598202,257.627409,76.794610,143.754146,26.094632,82.614319,180.589655,59.462828,599.134845
2012-04-30 09:00:00,11.293766,401.812817,997.737923,55.712961,151.334832,398.689204,446.791480,214.746691,71.665384,413.116663,211.055949,587.584300,903.033226,24.258830,189.767953,238.140803,1306.059824,445.349896,281.021010,98.840426,0.000000,407.814986,0.000000,290.795374,41.933622,143.632521,182.927691,0.000000,801.768512
2012-04-30 10:00:00,11.513066,372.687800,783.982422,82.002453,194.032894,591.287355,598.221242,257.350011,72.002395,412.194901,256.208372,664.282187,936.299832,0.000000,171.535776,220.205640,1363.394383,540.260958,383.648469,125.747338,37.973251,0.000000,64.446848,330.058856,0.000000,167.934318,145.512472,0.000000,930.231366
2012-04-30 11:00:00,10.149988,324.841313,588.144586,109.976498,183.349613,578.298348,752.283618,299.968905,76.202660,442.316661,269.019454,549.305218,835.531635,0.000000,163.375334,178.138032,1241.903439,792.406065,477.306922,149.472122,30.729216,0.000000,57.548080,0.000000,0.000000,0.000000,186.886344,0.000000,872.399509
2012-04-30 12:00:00,22.090994,330.209260,501.009195,137.468814,165.322664,405.846905,801.229936,284.209855,82.144521,382.382607,0.000000,403.280771,871.953127,0.000000,200.161481,140.898195,1152.844584,786.869619,555.849103,162.793338,23.553675,0.000000,71.041341,0.000000,0.000000,0.000000,203.128889,66.712115,855.155696
2012-04-30 13:00:00,35.874496,0.000000,514.552485,144.889086,0.000000,326.999006,911.385156,254.563129,0.000000,281.054720,0.000000,319.867319,912.618868,25.748308,132.554467,138.949544,1131.547275,749.658205,659.165324,199.194974,19.007143,0.000000,79.051332,352.279669,0.000000,0.000000,195.007951,0.000000,927.804894
2012-04-30 14:00:00,45.948114,0.000000,461.408846,156.528465,0.000000,213.579687,1081.098430,0.000000,0.000000,0.000000,303.522142,243.805004,716.360286,18.021516,0.000000,197.233609,938.963847,736.433911,775.071713,283.715109,21.768406,0.000000,77.480616,330.380817,0.000000,0.000000,170.334205,0.000000,906.926759
2012-04-30 15:00:00,46.952095,289.640665,361.478067,170.173796,133.890580,143.785406,1194.019899,242.891962,50.268067,322.019659,0.000000,224.941614,514.687050,0.000000,124.729774,142.417635,889.799875,760.654097,728.588680,210.396064,19.590545,0.000000,82.121524,0.000000,0.000000,0.000000,188.457857,0.000000,804.995737
2012-04-30 16:00:00,33.778802,423.953382,255.218862,185.177251,118.848242,98.273798,1213.772392,254.529394,83.216119,439.991827,0.000000,180.783569,447.442960,0.000000,120.766430,124.054764,698.108775,838.811267,786.404919,185.598119,16.251475,0.000000,90.372573,0.000000,18.566056,0.000000,168.905803,32.321566,620.423482
2012-04-30 17:00:00,9.824668,416.067783,170.328242,139.067556,125.287364,61.445365,1055.820261,221.710291,31.907843,333.620209,169.675443,136.547003,504.679749,0.000000,82.468142,117.906707,646.821553,761.083526,855.552480,186.363269,7.817046,192.448002,42.198570,360.394410,19.374870,202.767270,121.657383,8.432563,442.610505
2012-04-30 18:00:00,6.734515,220.977236,171.992473,78.184603,64.324563,58.945470,839.915686,169.437402,20.314431,168.421316,213.719501,161.493258,509.130709,1.799468,36.389097,144.135365,489.784487,616.891174,894.468935,188.490159,1.212854,420.665937,11.202990,311.178729,13.504979,189.112286,85.200436,7.150342,353.070219
2012-04-30 19:00:00,6.956604,152.372850,228.091156,47.309707,122.763217,58.674456,709.799651,148.175187,21.565262,147.097004,242.685527,91.924527,392.156877,2.194089,53.137721,113.199437,274.541287,418.344084,737.921090,292.815782,1.145473,356.943566,13.651326,134.268512,16.828092,199.405601,46.255606,11.118782,274.044353
2012-04-30 20:00:00,4.389519,77.493673,260.271796,29.487260,77.725513,64.907770,403.693338,79.766322,5.258125,107.029030,266.224744,61.908355,215.854590,2.099380,75.549549,97.473926,207.100777,466.853968,561.173524,189.610219,1.931582,359.073105,9.496574,33.901918,19.262466,92.147069,50.347802,22.023054,223.497975
2012-04-30 21:00:00,1.842030,69.336445,225.916789,21.378263,53.288486,49.866512,344.751887,42.260303,6.462630,82.173303,281.571899,67.380053,188.083824,0.852380,119.830984,48.327918,208.516851,265.301841,316.251896,109.365895,3.571180,324.181421,6.083743,63.433943,19.069262,90.723526,25.058952,15.194477,292.904942
2012-04-30 22:00:00,1.587281,69.022705,262.011290,7.154997,35.630763,51.628101,305.550261,26.280626,6.439466,55.008575,301.965641,77.072775,238.365741,0.994443,111.095191,46.812936,295.251364,248.774137,224.511492,71.603859,4.536971,303.705081,5.341823,124.753420,17.716832,122.096236,20.782837,5.112495,220.480281
2012-04-30 23:00:00,1.254148,66.094469,232.439891,5.246998,25.593188,67.075879,213.523749,15.187296,2.432172,27.572199,301.378024,95.832882,215.433821,2.146734,75.911030,53.903051,367.471122,177.082539,201.365978,78.004204,5.255699,313.206103,8.309503,172.046949,13.253813,136.057913,12.644425,9.295445,108.259779
2012-05-01 00:00:00,1.672198,41.622783,173.514531,7.718724,13.558609,57.725908,147.631655,19.281263,0.741234,13.854011,270.545452,89.579513,115.290756,2.572924,101.937670,50.054997,425.176125,198.547090,142.239708,87.124696,4.986176,400.025786,12.315870,159.501124,13.930028,118.537377,7.770574,12.262837,61.485519
2012-05-01 01:00:00,3.154967,14.222860,125.026134,11.664813,13.611162,33.334679,98.421103,13.206345,5.281289,20.509370,248.285165,68.005390,75.528068,6.392848,104.769271,42.783085,402.695955,185.239069,89.005025,55.602997,4.357289,381.842796,8.977230,118.903401,28.420348,80.813473,8.920067,6.506811,70.727207
2012-05-01 02:00:00,1.848562,6.693111,127.635375,10.537359,18.340909,30.489036,65.336043,15.451423,17.187352,37.487325,227.165544,45.024258,70.689222,23.093176,93.924839,40.571212,334.547409,106.678815,65.228269,38.242061,2.223565,311.240374,9.422382,108.613006,12.944686,47.141192,5.793446,5.791777,60.919701
2012-05-01 03:00:00,0.809971,7.738909,192.648965,10.407268,13.663714,25.610790,43.928063,17.036185,6.717429,67.775997,205.492872,35.956873,80.998067,42.934682,33.316508,26.663679,260.026531,59.456804,50.288891,25.281363,1.617138,265.209561,8.828846,127.149814,6.433702,34.329300,3.494459,4.147198,34.514877
2012-05-01 04:00:00,0.385389,6.693111,156.554464,21.595082,12.455001,19.919504,42.259909,21.262215,4.424238,61.392286,214.756470,25.638814,70.058069,52.879112,33.015274,16.907196,209.932924,49.368466,34.507858,19.281039,3.885623,252.596135,8.309503,96.631039,6.433702,21.626912,4.689932,3.396412,22.066889
2012-05-01 05:00:00,1.130787,10.347640,164.846498,24.977444,14.222064,36.745113,45.040166,52.991817,3.128663,60.341714,207.677994,39.054479,81.819493,61.383589,37.352668,15.153180,167.902069,60.244537,31.982893,12.660088,6.756900,221.282224,11.298824,40.480958,11.315744,15.594981,8.692142,7.864927,37.479267
2012-05-01 06:00:00,3.667437,57.544902,241.611993,37.506049,26.624660,85.585765,95.585804,90.537281,9.086254,70.334942,188.355907,88.437175,181.746745,58.466428,43.629483,26.246949,158.948347,100.460988,59.648829,19.827496,19.535420,311.288046,43.355252,52.185818,15.056937,28.654078,23.245958,14.711816,120.320820
2012-05-01 07:00:00,6.657170,91.979700,373.013443,62.052158,59.097127,144.221024,222.105242,133.211839,18.240737,108.327744,206.363473,160.831095,242.684730,49.736140,56.030160,39.849415,193.474662,201.740267,120.220092,47.073243,31.942587,383.938621,79.830945,77.225528,29.662332,43.931744,42.346561,29.162941,264.521806
2012-05-01 08:00:00,9.643047,108.464273,400.277559,83.061529,120.323023,191.457068,350.781309,213.286525,32.397432,186.727463,225.465818,203.544393,291.223677,51.193630,83.800007,48.770175,250.695583,282.682598,194.128465,78.782427,41.261665,386.004950,111.203544,97.698113,33.404900,57.682018,63.044293,49.898883,401.041675
2012-05-01 09:00:00,11.496957,182.781070,422.407100,104.911404,166.035259,221.718037,488.434832,314.499750,44.678089,290.624210,220.509104,259.687655,343.561582,50.778346,122.716404,53.870939,313.847732,422.414431,268.562446,108.393778,51.742407,546.305349,138.862608,146.171985,35.942483,94.633440,75.043512,64.711742,618.262618
2012-05-01 10:00:00,12.481387,248.657841,409.415520,114.244938,174.448136,248.316243,615.193911,400.765567,42.103459,353.094271,207.402471,296.276543,407.481797,0.000000,143.565304,59.651509,339.958013,553.647615,343.647495,139.991114,56.639463,0.000000,155.702947,220.918437,0.000000,130.558677,88.151218,70.931342,617.849870
2012-05-01 11:00:00,12.990397,237.546104,454.751767,155.834353,186.515831,274.164223,718.035536,437.193973,51.307875,366.600999,197.149533,326.919118,512.010641,0.000000,114.078990,67.882142,355.282094,754.198564,435.495775,160.444338,55.859341,0.000000,165.002522,0.000000,0.000000,0.000000,98.630661,0.000000,639.759608
2012-05-01 12:00:00,13.637035,0.000000,518.697140,177.901496,0.000000,265.418665,799.073612,0.000000,0.000000,0.000000,190.016730,340.634323,586.774101,37.109416,0.000000,72.433833,415.235842,845.612235,474.132270,154.160900,65.567797,0.000000,188.810798,262.219948,0.000000,0.000000,107.214622,0.000000,775.821577
2012-05-01 13:00:00,14.139823,0.000000,456.299919,195.939591,0.000000,248.743170,905.920458,0.000000,0.000000,0.000000,181.069005,352.624774,628.953052,30.031322,0.000000,81.878817,444.383686,790.834491,501.470111,165.732283,59.936496,0.000000,186.118710,275.189205,0.000000,0.000000,102.647564,0.000000,758.587500
2012-05-01 14:00:00,16.450121,0.000000,435.888628,214.393609,0.000000,244.457956,906.797087,0.000000,0.000000,0.000000,142.815441,353.688233,578.376623,52.943398,0.000000,107.255617,451.022453,657.936865,516.783057,188.671592,52.408972,0.000000,165.437576,237.291200,0.000000,0.000000,91.863625,0.000000,549.419623
2012-05-01 15:00:00,17.682777,339.479863,388.727762,202.085318,0.000000,267.564020,788.680705,446.898837,0.000000,378.779345,0.000000,330.861634,463.003646,36.112990,89.045393,128.108827,401.377108,643.799163,573.312787,194.954601,38.765081,0.000000,131.787858,162.198878,0.000000,0.000000,72.376541,0.000000,391.837624
2012-05-01 16:00:00,11.609683,410.917391,328.715519,217.846218,151.462668,200.037922,840.172543,488.097101,20.241725,348.002446,0.000000,287.905327,342.327157,0.000000,64.969523,101.073157,410.380856,771.559517,684.578324,250.050726,19.651656,0.000000,72.863834,0.000000,0.000000,0.000000,42.546214,25.275835,326.675403
2012-05-01 17:00:00,5.435244,375.266022,312.073639,225.832372,114.651649,176.845212,859.193103,361.420146,8.056324,245.058550,39.378061,223.005215,209.346324,0.000000,25.047891,65.186378,424.448204,712.052081,767.436886,296.907911,7.072018,196.519829,41.507441,168.748601,16.939674,81.017961,16.280070,9.952448,326.659212
2012-05-01 18:00:00,2.854494,275.463341,294.409367,214.866725,48.506186,159.627042,598.033313,243.657059,1.065523,213.922236,48.149970,161.180590,172.304980,8.192316,4.578761,41.449901,541.117159,939.288719,590.841865,208.891259,2.111264,275.857258,22.109212,52.297762,17.910036,50.645300,12.138648,9.402700,247.828135
2012-05-01 19:00:00,2.135971,275.045021,373.556345,193.445098,23.280867,119.923542,402.581236,251.844992,2.223701,168.149668,46.594515,130.695415,131.279984,6.203430,9.217768,18.088882,471.021511,878.114750,301.733346,127.046847,1.684519,287.979251,12.983598,84.931001,10.529633,86.781405,8.598209,59.776860,137.870903
2012-05-01 20:00:00,2.312336,306.628138,249.182521,177.053651,10.720760,131.983650,399.522953,218.036750,4.493728,138.947585,45.626676,125.380051,130.017677,7.560924,32.714039,8.180902,427.300236,561.727280,298.577139,79.284273,1.145473,215.902533,12.315870,110.375060,4.617582,64.059460,7.862533,67.606484,52.621042
2012-05-01 21:00:00,4.219686,206.963535,125.678445,178.267832,7.357385,143.637237,573.567050,185.285015,2.571154,98.200493,36.985260,99.115901,147.269213,9.755012,26.689354,6.605320,361.983837,462.346412,317.724792,34.641867,1.055632,190.839493,6.157935,67.733354,3.535638,43.691837,14.483614,39.219626,25.084583
2012-05-01 22:00:00,4.128238,101.547040,113.284549,178.354559,7.672701,148.786496,594.697005,293.841168,2.246864,103.225968,42.308373,86.140160,165.362288,11.680759,17.833067,5.150938,247.104859,474.151915,238.609215,15.680845,2.425707,147.429651,5.786975,28.545274,7.322442,24.912012,19.265506,16.231277,32.440212
2012-05-01 23:00:00,3.507696,79.376111,90.888564,206.194002,7.147174,141.604634,574.123102,332.007504,5.420270,113.412741,57.586396,76.291104,123.285370,13.890632,16.748624,5.272137,133.110927,511.070941,207.678391,12.880694,2.785071,152.835405,4.674095,18.043433,5.197195,20.860388,21.840371,2.216606,53.375466
2012-05-02 00:00:00,3.971470,88.579138,71.319256,238.413170,32.057176,102.985189,602.759751,300.312277,6.532120,127.674223,87.831352,42.366576,85.836913,15.926873,7.711597,5.969028,69.564620,459.770666,161.597775,24.241307,2.627849,190.839493,6.157935,26.924185,3.458356,24.747757,33.749120,2.037847,67.709513
2012-05-02 01:00:00,2.743449,160.320919,56.533556,193.618553,53.183380,55.557799,602.203699,381.927487,4.076784,162.852546,84.029129,34.706199,52.596148,12.454215,6.446413,2.454270,87.442550,357.814053,79.746819,21.361151,2.313406,228.843580,4.154751,32.280829,3.670881,59.624574,56.371147,5.934784,109.014202
2012-05-02 02:00:00,1.430513,212.297108,32.180640,211.831272,41.359012,39.161473,666.983691,445.317941,9.080111,165.976490,51.813930,37.207546,42.708072,13.038253,6.386166,1.817978,116.826079,312.738497,58.284614,21.201143,1.909121,299.609813,4.822479,35.875419,2.047965,108.244062,45.427971,17.875855,160.692215
2012-05-02 03:00:00,0.587882,178.517814,27.614468,247.042529,16.133693,33.876707,752.059560,432.903977,6.045686,121.969630,48.046273,73.008085,38.079611,10.512683,7.289869,2.514870,108.506646,329.051555,77.642681,21.841177,1.662059,354.322594,6.083743,53.073065,1.506993,113.554974,31.955911,15.981015,109.768626
2012-05-02 04:00:00,0.685862,138.882049,51.097637,248.083256,18.130698,41.600596,880.507440,466.712220,3.868312,94.804902,51.191748,70.819406,35.344611,7.939759,7.470609,2.908765,61.422196,338.710603,126.458676,15.760849,2.066343,326.638582,7.345007,53.073065,1.062623,131.020759,28.231553,10.224989,69.784178
2012-05-02 05:00:00,1.107007,166.159219,85.331105,235.551171,21.418124,52.541751,1097.645524,465.382369,12.084373,100.867963,45.895488,57.920333,58.889628,7.830863,18.426539,6.270608,43.258804,420.245187,210.101083,20.895086,3.747116,212.497717,14.255527,39.575806,2.803795,106.219511,22.105715,7.144604,70.833685
2012-05-02 06:00:00,3.746012,235.166454,131.860145,241.967141,41.679061,98.622015,1363.320044,406.852459,37.564356,139.191652,40.749354,94.749741,107.653785,11.538575,50.601300,13.561995,98.559425,601.876027,432.544500,38.440925,12.563244,296.318513,39.063818,58.386870,9.691265,135.298000,32.626749,19.654683,112.737626
2012-05-02 07:00:00,7.540310,332.478924,224.748433,254.876414,74.640235,162.895519,1412.591101,452.264132,42.376572,193.550398,41.605627,152.371016,197.248559,18.949725,83.717519,27.761785,201.436618,780.725764,586.987403,100.680420,23.731477,493.875052,73.879536,117.597492,18.503632,196.783597,45.990773,31.923782,226.815370
2012-05-02 08:00:00,10.449025,310.494386,318.329394,303.551354,82.822917,238.923434,1367.225675,565.953252,34.774258,339.556074,44.829359,245.770227,292.658492,26.177174,84.967611,41.052585,254.171288,872.167299,627.220620,124.075008,35.643593,470.441895,108.934708,111.566622,27.163769,165.584581,63.014179,45.660796,309.979912
2012-05-02 09:00:00,14.657639,404.374695,427.239264,330.732482,112.198585,332.993408,1526.598168,771.053868,44.667825,460.262536,49.525159,355.608506,448.738465,0.000000,126.319990,52.724035,328.066649,1575.359447,925.823489,189.277040,44.683446,0.000000,138.323124,151.198500,37.326799,167.875555,82.152764,63.338507,395.015902
2012-05-02 10:00:00,17.852988,530.574485,470.481715,315.277647,144.094583,372.308853,1713.279988,888.261606,54.466232,535.832708,0.000000,381.306719,530.930135,0.000000,142.679933,60.856708,377.441600,1791.045525,1205.122464,284.010641,46.456975,0.000000,156.548260,0.000000,41.732248,0.000000,103.242297,81.878999,429.353229
2012-05-02 11:00:00,18.012884,697.923128,480.709740,265.317612,181.723303,349.966332,1944.950965,1045.979459,56.995472,629.109808,0.000000,370.632108,557.136011,0.000000,142.361209,65.620771,411.918252,1875.323765,1386.313598,285.540802,44.354096,0.000000,161.241149,0.000000,0.000000,0.000000,114.347850,80.904522,541.855258
2012-05-02 12:00:00,17.086257,705.169498,495.997229,221.611752,200.885216,353.729707,1983.193379,1005.637900,60.716769,707.409625,0.000000,370.767465,543.342240,0.000000,135.431728,69.128086,435.565225,1987.995729,1402.893837,281.961295,46.160618,0.000000,190.917063,0.000000,0.000000,0.000000,123.895882,0.000000,592.123924
2012-05-02 13:00:00,16.224627,173.328035,455.713767,205.904626,0.000000,383.593287,1953.374839,933.699170,0.000000,686.662730,0.000000,353.705043,497.899165,26.863301,138.215402,68.579753,399.729689,1884.971729,1416.502531,293.186467,47.490443,0.000000,207.531770,0.000000,0.000000,0.000000,138.778365,0.000000,540.365227
2012-05-02 14:00:00,21.248591,580.641452,393.095470,238.732900,163.691144,340.016142,2050.324229,694.638434,51.444545,570.613796,0.000000,313.976850,440.824009,0.000000,114.505175,67.423375,333.263034,1765.374189,1475.476772,314.336054,50.074202,0.000000,185.946871,0.000000,0.000000,0.000000,115.386600,0.000000,478.978683
2012-05-02 15:00:00,23.006950,494.179014,367.340365,244.219142,159.738758,267.432268,2048.347688,570.623669,42.530134,521.868746,0.000000,271.084056,348.961400,0.000000,89.674391,76.231814,238.894761,1758.901570,1509.389428,335.234878,36.506109,0.000000,162.727729,0.000000,47.154505,0.000000,91.495189,49.506986,435.026533
2012-05-02 16:00:00,15.123423,515.088050,301.930135,182.633526,135.519384,215.398940,1944.847042,587.256381,33.375521,578.950597,58.839574,195.939888,253.468664,0.000000,58.618547,77.123061,149.328093,1840.134031,1349.974013,332.331067,25.301185,0.000000,112.249062,210.206916,48.134439,194.074249,60.773991,37.830648,377.904214
2012-05-02 17:00:00,9.417248,520.873877,272.797854,145.266444,123.090674,176.306299,1786.368655,626.529081,21.929479,509.212596,37.350889,112.028635,193.766560,25.330202,33.137828,48.619962,83.811085,1781.929746,1094.987976,249.885534,9.530075,374.118432,50.646050,190.343193,32.749662,184.122854,27.970734,22.177262,379.951629
2012-05-02 18:00:00,3.259479,432.019385,405.302112,221.457995,109.099503,135.642334,1357.877593,568.797264,15.056306,508.387891,40.080120,87.547168,221.324589,11.885962,30.424659,23.997311,105.320481,1600.826157,717.931782,184.009918,3.099515,317.465182,28.267147,233.154980,23.841407,187.141226,14.069797,23.560377,456.803457
2012-05-02 19:00:00,3.403184,283.725149,442.483797,195.266370,76.254036,149.193017,1058.443898,450.600479,15.728049,454.194258,53.922436,80.355794,185.348824,15.011354,38.256749,7.514310,234.183186,1352.910602,528.769803,162.408753,2.425707,317.137560,15.431933,227.727854,23.454999,207.289842,10.897196,35.608704,297.997301
2012-05-02 20:00:00,4.213154,155.091926,302.454526,166.082655,47.507683,123.446720,877.727183,452.977621,9.358073,387.912320,50.915223,63.471697,126.861908,9.486671,20.785163,3.545057,329.945170,1126.674242,393.894577,99.205347,5.839665,330.570039,16.173853,78.517124,22.199171,145.748959,9.563783,69.823090,144.660715
2012-05-02 21:00:00,2.325400,79.794430,195.475643,169.811927,43.566227,82.252644,794.319468,532.347752,8.778984,286.180413,54.510052,35.175201,74.686530,10.339050,14.398997,1.605881,355.080478,1030.298412,358.965891,90.564881,2.852452,325.983339,9.125614,71.821319,10.065943,132.718061,11.770810,54.986131,73.744902
2012-05-02 22:00:00,0.711990,59.819678,160.685762,154.678024,40.045193,58.945470,761.512434,635.357241,13.504348,292.156653,58.554235,26.733153,102.036526,11.696544,18.074055,1.030188,440.575927,962.470433,383.794716,82.004420,2.290946,302.394595,5.638591,104.454559,5.796128,130.582745,9.103986,24.275411,37.343966
2012-05-02 23:00:00,0.365793,52.080768,148.509304,145.094664,32.057176,45.259280,743.440762,603.529950,6.925901,300.306072,68.578277,28.921832,146.427675,16.779253,17.471586,1.878577,410.484361,907.521184,406.098575,64.963501,2.246025,315.990885,4.674095,83.309911,5.912051,79.937446,5.747466,8.687666,22.632706
2012-05-03 00:00:00,0.489902,61.179216,188.735104,180.002377,19.024094,44.310732,835.467274,547.270922,3.960967,313.616788,66.608035,39.239891,143.903060,21.183214,16.929365,2.484570,288.170996,856.435555,434.714848,73.523963,2.829992,258.984753,3.561215,28.615756,3.844765,6.679704,5.149730,9.581458,26.970642
2012-05-03 01:00:00,0.881823,112.946244,243.094292,192.404371,10.090127,41.329582,772.077411,555.590919,4.099948,381.528609,58.623366,45.805929,112.766140,19.951999,19.760967,3.181462,179.841359,873.177904,453.231260,55.202975,2.874912,141.204843,3.783791,32.844686,7.921375,4.215879,7.034898,10.260741,31.119971
2012-05-03 02:00:00,1.064720,149.340034,269.839013,184.685647,21.599179,27.372379,590.248593,567.476629,14.940488,347.572699,29.726471,37.363881,88.992682,15.942658,20.062201,4.908541,108.860665,889.061671,393.684163,39.762143,3.481339,110.736049,4.896671,24.950684,11.089925,17.575288,16.460743,9.223941,29.233912
2012-05-03 03:00:00,0.176365,171.406384,264.185658,183.167921,21.126204,19.106463,538.813836,588.606781,14.315072,284.550529,31.143663,35.800538,55.120763,13.953772,13.013320,6.150826,73.104804,880.905142,350.549340,40.642190,3.953004,167.905991,7.196623,73.512891,10.336429,46.265166,9.471824,7.043087,23.009918
2012-05-03 04:00:00,0.339665,215.957403,241.354798,170.419017,18.656225,15.041258,498.222082,630.602957,5.929868,304.109134,39.162897,29.859838,48.598840,9.534025,12.772332,8.150602,42.659220,884.554115,354.547202,35.201897,3.211816,255.053296,10.906222,77.248446,8.945358,82.948788,8.552229,9.545707,39.607236
2012-05-03 05:00:00,1.071288,283.996561,257.152118,131.435125,24.020383,28.085776,446.787324,673.722639,6.428588,297.574813,42.965789,45.329104,57.102900,8.295165,25.372753,11.522742,31.753205,834.578711,416.041115,45.284757,5.271310,319.872845,18.485196,51.610597,10.338761,110.432180,12.194362,11.882841,66.904550
2012-05-03 06:00:00,3.194464,312.918328,327.779918,141.861470,46.780418,65.047461,461.488248,664.068921,11.428972,227.529623,40.783645,88.786438,98.223035,9.867522,40.333732,21.979035,72.801805,779.053979,549.427520,123.420460,12.749352,528.499464,39.668330,124.352809,20.354657,184.043764,23.541178,19.150567,144.763774
2012-05-03 07:00:00,6.761724,285.779090,431.185742,135.955832,88.250625,121.225881,629.985058,634.649739,21.636969,193.655510,53.099164,151.985970,174.675597,11.781681,70.072721,32.942768,146.485570,745.492291,683.244256,168.920358,24.733238,716.556350,74.353629,166.262248,26.866019,213.677640,39.371542,31.208124,223.621177
2012-05-03 08:00:00,9.524970,321.215608,441.042474,175.802749,154.154046,175.057843,689.418670,779.573106,37.110979,196.031713,60.381773,214.715967,252.562239,18.179827,101.385487,43.384705,225.244546,947.872747,691.390328,254.442692,36.502741,706.907409,105.008901,159.735001,27.975818,201.417736,56.378965,45.115813,324.551259
2012-05-03 09:00:00,11.615372,479.048432,504.088666,206.309961,214.754516,218.221381,960.675476,813.728143,49.360745,214.880679,79.176608,270.347993,380.189348,0.000000,138.825352,54.732417,335.547232,1138.023205,765.552691,395.540224,47.001522,123.551222,127.905285,294.200993,37.011308,241.020964,69.850577,59.450128,604.306963
2012-05-03 10:00:00,13.649210,605.249390,513.573340,187.436121,284.342641,243.378512,1256.513616,834.132915,74.683902,320.846341,0.000000,297.119315,555.017184,0.000000,151.137024,60.144761,404.757590,1170.950551,727.122721,449.771260,54.064041,0.000000,156.541580,0.000000,44.452963,0.000000,78.664795,66.487850,731.737153
2012-05-03 11:00:00,14.956362,615.250229,503.135918,165.674538,319.623176,261.413375,1444.593111,772.878793,92.593107,334.807078,0.000000,311.913216,706.518317,0.000000,175.488061,65.284725,432.350028,1324.467323,765.228867,482.672663,58.917932,0.000000,189.351991,0.000000,0.000000,0.000000,84.936110,64.582407,916.505118
2012-05-03 12:00:00,16.253513,485.976445,467.748351,179.467664,0.000000,275.133817,1566.642627,685.040566,0.000000,323.204252,0.000000,321.631791,682.785673,53.898362,193.351399,73.704577,447.095896,1205.084429,852.819979,619.751059,73.252290,0.000000,246.901415,0.000000,0.000000,0.000000,94.871552,0.000000,943.984854
2012-05-03 13:00:00,17.815050,0.000000,474.279497,192.925447,0.000000,259.364776,1667.836961,0.000000,0.000000,0.000000,0.000000,331.575878,646.667056,44.234016,0.000000,83.661908,428.071172,1299.029358,941.680835,671.824842,83.296677,0.000000,311.069925,518.247740,0.000000,0.000000,90.433981,0.000000,915.153289
2012-05-03 14:00:00,16.401293,0.000000,434.403749,251.116996,0.000000,282.760107,1714.158301,0.000000,0.000000,0.000000,0.000000,309.326415,665.348703,44.575653,0.000000,90.567898,386.785653,1348.146328,1009.904917,558.073139,64.823158,0.000000,300.432615,402.186987,0.000000,0.000000,96.386432,0.000000,912.572689
2012-05-03 15:00:00,13.375079,0.000000,408.348965,234.609775,0.000000,227.099876,1673.033658,458.079531,0.000000,60.878650,0.000000,283.745275,791.976437,19.870454,376.327681,91.997710,398.096202,1455.050119,1152.285710,481.522221,44.227342,0.000000,205.651961,0.000000,0.000000,0.000000,89.124975,0.000000,734.044644
2012-05-03 16:00:00,11.616151,462.565827,400.670699,238.318915,276.245626,247.142864,1586.780975,648.806149,96.942711,309.286168,0.000000,229.991698,788.852079,0.000000,416.690169,68.802333,398.721102,1433.181288,1132.580550,489.841226,32.491976,0.000000,142.457627,0.000000,0.000000,0.000000,90.693359,0.000000,1043.645874
2012-05-03 17:00:00,6.442502,279.584576,441.744089,216.901272,261.458977,293.772680,1420.255978,607.331406,34.502872,216.649704,0.000000,164.569583,860.311483,0.000000,254.397179,43.125431,465.143894,1362.559618,985.752495,353.663299,32.315694,0.000000,151.352328,0.000000,24.033749,0.000000,83.370168,27.964798,1191.573298
2012-05-03 18:00:00,3.324799,135.221754,646.874347,199.819550,193.289004,264.644834,1217.196581,630.470893,51.423075,235.246547,0.000000,148.361183,816.712980,0.000000,283.702415,19.603864,582.891332,1147.924147,885.210729,307.216558,20.506209,0.000000,125.903802,0.000000,23.087911,0.000000,68.187937,20.306972,927.940961
2012-05-03 19:00:00,7.681658,38.799127,603.604432,122.892492,153.611680,286.732446,1125.448095,529.706484,63.908227,218.540239,57.448134,153.832881,394.891876,15.942658,209.418049,21.603640,593.511885,1074.086094,810.934668,329.217744,14.419481,269.632450,76.714515,114.392543,26.121218,73.641003,58.762092,83.015472,589.016183
2012-05-03 20:00:00,12.182222,30.746478,328.764374,102.511592,68.423677,298.250527,832.408991,412.302080,39.910792,217.317827,61.077528,87.547168,262.770353,21.467341,162.064025,12.513749,595.104968,876.397586,626.822620,230.572427,16.306142,191.494735,40.063673,87.115948,9.756816,39.147448,70.808781,78.582259,380.983891
2012-05-03 21:00:00,14.181021,51.244129,275.274932,143.360120,45.353021,211.661664,638.903094,503.029667,53.114014,195.857691,47.182131,68.787061,282.336120,11.996455,136.459114,12.301652,640.596335,765.855153,544.130008,157.288477,21.584301,201.814811,31.457403,64.984550,7.380403,31.482213,74.625099,15.695001,212.936046
2012-05-03 22:00:00,11.646596,46.015137,314.413548,134.513942,47.034709,101.901134,611.934599,563.514726,49.662645,288.217767,51.433708,65.660376,467.053791,17.126518,99.949523,19.209969,691.220970,733.872973,452.179191,108.405843,36.879732,176.587960,72.188804,112.207596,1.642236,49.605018,70.992700,15.873759,75.253749
2012-05-03 23:00:00,6.662663,102.906578,470.533138,116.604768,121.081530,58.945470,740.660505,452.713494,46.396585,352.869821,64.188438,89.579513,584.027623,27.370860,119.589996,53.448556,669.802855,744.605248,367.172028,88.484769,17.968201,184.450874,36.131498,259.938200,1.951363,88.423955,55.543511,76.365653,91.096643
2012-05-04 00:00:00,2.965538,155.823985,470.315701,137.202486,178.994657,51.628101,925.547606,403.717956,49.454173,421.868231,70.237429,130.695415,589.076853,23.361518,173.571174,105.897225,623.072423,734.087618,375.167751,106.325731,12.757423,351.210191,17.657693,256.343610,0.985342,123.136518,53.612363,42.580287,187.285645
2012-05-04 01:00:00,3.148435,185.838404,407.041606,140.801666,241.690084,35.638296,918.596963,380.606853,68.239810,385.331671,64.672357,120.064688,556.888011,0.000000,199.055591,93.686472,707.682826,835.614941,478.270498,102.245511,6.827916,0.000000,6.157935,224.203746,0.000000,124.779068,54.118140,31.676015,247.639529
2012-05-04 02:00:00,3.154967,176.844536,331.808488,140.107848,274.377893,43.633198,845.476200,300.708467,103.703201,265.127748,64.948883,157.272234,578.347239,0.000000,147.845769,164.951214,651.039879,1037.167068,444.814709,66.483583,12.173456,0.000000,10.757838,184.943117,0.000000,177.833441,40.692059,36.538248,323.270489
2012-05-04 03:00:00,6.708387,148.607975,277.231863,157.540023,324.145345,37.399884,752.059560,323.819571,62.587905,243.260142,76.977734,127.725065,651.771461,0.000000,145.315401,210.976360,559.880135,1010.336380,415.356781,79.284273,19.293356,0.000000,15.951277,390.894050,0.000000,156.206529,38.347093,0.000000,365.895420
2012-05-04 04:00:00,9.778438,136.058393,304.846331,169.811927,272.801311,27.507886,738.436300,299.387833,85.380835,297.182128,71.447227,104.274931,601.699929,0.000000,152.063048,179.979833,490.315515,1051.977607,382.321819,73.603967,18.552167,640.499928,12.612638,229.630872,0.000000,146.515483,55.083714,29.816926,457.369275
2012-05-04 05:00:00,14.868597,114.159385,445.802705,140.671575,187.603919,35.011119,711.189779,283.300791,107.032237,269.480740,66.326351,114.933085,579.402980,17.630916,130.147406,151.432714,456.904008,903.306463,374.650520,100.502100,23.030347,612.749614,14.678106,94.434534,13.888785,97.462261,43.626313,25.360013,447.314331
2012-05-04 06:00:00,13.170490,92.346860,589.424766,142.055405,102.655650,64.581348,738.485745,350.735631,112.091622,221.821049,72.387344,180.942393,824.276110,40.803755,167.174960,160.800186,575.537857,914.560300,360.160208,120.306490,33.650159,474.106186,33.259394,92.299166,29.529581,93.686306,48.217467,23.618508,410.221754
2012-05-04 07:00:00,11.921821,75.980149,556.659493,133.305094,143.621855,113.786214,741.771262,424.277184,89.875824,283.561757,85.871508,276.284101,1063.358012,65.985494,188.909316,159.421861,817.030059,840.931502,442.277490,164.846397,46.546560,372.724841,54.373151,122.181930,25.402668,102.149739,57.067130,25.162817,321.682810
2012-05-04 08:00:00,13.163935,92.439764,758.675994,165.754002,201.259933,169.822363,771.592272,430.943117,69.536872,350.720245,116.511098,379.185011,1156.977689,0.000000,195.035114,175.325534,984.123053,1038.489098,500.931255,186.062985,45.381935,0.000000,82.010729,158.092763,0.000000,119.831473,76.312849,19.672197,407.042572
2012-05-04 09:00:00,13.773191,138.292814,835.371234,242.894505,213.827412,179.632111,980.591444,489.211114,108.125371,477.807764,0.000000,511.673494,1214.971610,0.000000,253.306053,201.568486,1289.985951,1207.847549,711.242764,254.629080,43.761239,0.000000,105.331089,0.000000,0.000000,0.000000,91.257554,0.000000,397.125561
2012-05-04 10:00:00,13.047152,0.000000,908.304955,230.155687,0.000000,200.715019,1118.530107,0.000000,0.000000,0.000000,131.616678,613.840706,1349.971575,78.826851,0.000000,243.210568,1150.233781,1214.807578,820.940164,416.903998,41.024882,0.000000,107.449987,328.952040,0.000000,0.000000,104.001593,0.000000,448.218145
2012-05-04 11:00:00,12.641660,0.000000,1103.986351,0.000000,0.000000,253.304767,1364.525784,0.000000,0.000000,0.000000,167.541497,766.664246,0.000000,60.012624,0.000000,206.361667,1065.848813,1335.326312,1074.046986,479.323274,36.348886,752.461310,127.470848,383.129261,0.000000,284.389220,110.063620,0.000000,568.343644
2012-05-04 12:00:00,13.552903,0.000000,651.078037,0.000000,0.000000,273.582903,0.000000,0.000000,0.000000,0.000000,197.717377,863.110097,0.000000,62.386118,0.000000,229.984154,1010.312641,94.476295,1247.479933,576.642150,40.640848,873.360829,166.087079,381.162942,0.000000,326.246818,107.848593,0.000000,722.914794
2012-05-04 13:00:00,11.055961,0.000000,0.000000,0.000000,0.000000,322.356772,0.000000,0.000000,0.000000,0.000000,225.695337,1107.097267,0.000000,37.087870,0.000000,253.476435,920.862090,0.000000,1390.963114,682.411630,50.251204,982.236088,200.645375,451.767129,0.000000,315.704465,119.856358,0.000000,357.887734
2012-05-04 14:00:00,7.845738,0.000000,0.000000,0.000000,0.000000,389.298969,0.000000,0.000000,0.000000,0.000000,196.287616,1235.349972,0.000000,41.984301,0.000000,222.395839,941.701498,0.000000,1450.663908,738.962363,50.124496,1030.190447,0.000000,482.809722,0.000000,327.708760,145.181449,0.000000,0.000000
2012-05-04 15:00:00,12.873066,0.000000,0.000000,0.000000,0.000000,362.365003,0.000000,0.000000,0.000000,0.000000,116.842124,1097.939018,0.000000,75.622578,0.000000,238.248636,1083.802956,0.000000,1338.144770,698.477842,31.654614,1019.250563,0.000000,526.592816,0.000000,371.000638,144.573624,0.000000,0.000000
2012-05-04 16:00:00,17.514353,0.000000,0.000000,0.000000,0.000000,273.335625,0.000000,0.000000,0.000000,0.000000,72.138395,1010.493966,0.000000,65.389384,0.000000,226.705658,1246.606092,0.000000,1262.812692,637.196366,33.275200,939.844770,185.967007,489.169052,0.000000,295.726904,127.349045,0.000000,105.164395
2012-05-04 17:00:00,13.136476,0.000000,1104.638806,0.000000,0.000000,236.087144,248.764673,0.000000,0.000000,0.000000,35.450538,928.091151,0.000000,29.369340,0.000000,210.556437,1319.462609,105.286536,1140.247614,614.478169,17.810463,978.855953,99.923302,401.380400,0.000000,193.928180,117.981090,0.000000,827.650146
2012-05-04 18:00:00,14.154893,0.000000,1033.042024,0.000000,0.000000,253.126753,1086.246469,0.000000,0.000000,0.000000,42.532440,862.339606,1057.813721,58.845770,0.000000,162.163648,1238.533451,1316.420866,1035.656574,495.786721,13.026946,712.136268,95.262512,329.504091,0.000000,257.606632,137.801245,0.000000,743.861616
2012-05-04 19:00:00,6.290338,312.170870,740.589588,143.967210,206.479744,236.865934,984.211032,452.713494,50.079589,256.435035,0.000000,717.105108,737.608374,0.000000,162.606247,114.714419,1003.288209,1403.781586,890.471073,426.102966,8.355213,0.000000,60.985813,0.000000,0.000000,0.000000,136.651752,0.000000,548.277312
2012-05-04 20:00:00,3.742849,136.058393,512.715869,80.699692,133.956953,273.723791,801.826163,344.949722,28.838616,144.516355,37.642008,571.401606,617.268388,39.383100,87.659166,92.232090,728.746923,934.137226,488.791187,270.174562,8.310293,389.705710,48.224792,92.472592,3.690202,32.851005,128.513340,6.971584,496.410693
2012-05-04 21:00:00,1.051656,142.019444,547.505750,63.397609,153.191258,296.624445,712.301882,342.572580,34.143069,135.687818,40.372696,545.919127,581.923777,31.443341,107.841861,91.353400,786.628935,625.906285,406.519403,164.168848,6.693155,343.674897,32.718666,92.754520,4.830107,30.660938,99.867969,4.647722,454.162974
2012-05-04 22:00:00,0.476838,145.784319,544.244198,64.438336,119.347289,312.614250,373.944587,204.962469,47.022001,77.555299,71.931147,523.876001,669.022997,42.382214,196.525223,98.049620,926.289202,730.009354,392.000853,117.526334,9.702829,422.795477,25.447852,139.554674,9.640893,63.730950,79.039152,13.514147,344.017137
2012-05-04 23:00:00,0.581350,98.514224,542.939578,60.492247,93.176021,330.636658,226.312932,251.448802,59.993587,83.803187,115.138227,571.870609,507.868401,43.060961,178.390922,93.474375,1005.412320,855.362327,324.247619,79.524286,22.550092,588.244307,18.102845,195.306061,14.528961,134.853376,53.474424,20.878999,303.278265
2012-05-05 00:00:00,1.365193,92.239433,433.568890,48.653979,95.383236,235.646373,134.564446,331.083060,62.726886,148.862711,138.884838,439.299183,586.552238,42.445353,108.203342,58.993390,974.789726,684.719153,189.793220,63.603428,29.580151,626.084584,24.409164,213.208529,21.001304,129.104450,50.761620,12.727609,262.539394
2012-05-05 01:00:00,4.840229,116.606539,628.609659,43.797254,123.971931,157.594440,125.111572,253.561817,54.573317,190.288922,170.063067,363.946085,655.979153,39.967138,98.202365,71.719237,830.881237,588.343322,128.141986,53.602889,23.875247,678.176394,30.938059,319.707071,21.928685,111.583914,43.037025,7.686618,348.732284
2012-05-05 02:00:00,10.013590,100.082922,617.302948,27.665988,87.500324,107.592421,160.420838,200.076121,45.863823,168.828787,166.883026,338.150937,569.511086,53.763061,79.043867,119.289664,583.953388,332.056592,106.679781,29.121570,19.383197,644.103764,16.915773,285.029849,9.756816,118.701632,35.128512,9.152438,397.015391
2012-05-05 03:00:00,11.065246,109.390529,676.880619,21.898627,59.805026,81.981630,169.317661,167.852640,39.748647,144.108884,151.881528,344.873309,559.202241,54.852213,94.226073,118.320075,574.925918,179.872931,59.967924,34.081837,16.373523,662.614375,13.577134,258.458075,7.457685,118.208867,33.427262,18.197621,414.367132
2012-05-05 04:00:00,8.615738,106.566873,601.430065,28.706715,98.221085,102.172148,217.416109,127.705353,58.209994,118.030745,131.314958,304.539078,540.057244,53.873555,78.140164,131.470117,393.491476,143.812487,68.594889,46.562510,12.083615,674.736369,15.135165,237.524874,7.264481,135.619899,39.496586,25.705480,364.763784
2012-05-05 05:00:00,6.499526,67.308632,614.303141,21.031355,141.880462,106.843160,180.716715,95.969760,61.913980,81.571054,113.725203,255.290824,507.019376,45.714791,55.159081,109.918217,291.087510,125.211274,159.836782,112.736561,11.997223,779.566201,20.368833,199.906436,13.223599,155.862354,42.574917,35.360961,458.292431
2012-05-05 06:00:00,15.528080,78.624567,631.122096,13.638152,120.122562,86.034485,157.023242,121.498648,31.812457,54.582622,81.113411,255.295903,501.320641,67.022588,29.215140,106.784880,298.132059,69.141016,271.237882,176.664640,18.923821,751.610354,43.348107,181.677970,27.262687,181.501116,58.359413,59.797168,464.002072
2012-05-05 07:00:00,30.268603,107.669305,568.657055,25.640107,132.147901,145.652547,177.383399,108.787380,25.409345,76.074225,69.152015,314.868055,528.184685,86.803896,36.462125,113.376141,400.367048,44.322125,325.668275,275.125034,30.746534,898.730219,80.746824,216.686012,19.333897,182.158671,71.474657,60.744825,559.354921
2012-05-05 08:00:00,40.908215,165.890875,641.598667,38.721253,211.777342,200.677229,291.788811,122.036764,32.800068,140.331794,67.465535,337.629287,389.815050,84.535697,42.129954,132.651066,540.904215,46.172002,331.707700,359.340780,43.239342,982.300442,137.181818,335.247824,15.573250,316.199637,107.445187,49.054739,802.002123
2012-05-05 09:00:00,27.560991,243.531677,697.149737,47.874604,213.054270,191.056780,356.272601,166.444552,48.586697,174.390734,81.052160,331.556402,401.453738,72.008639,57.954317,133.492436,535.629269,90.495028,414.542560,376.682818,44.432965,1101.453601,143.058880,411.522948,26.019602,342.355121,148.448924,55.608778,1148.178690
2012-05-05 10:00:00,21.777672,346.980059,517.490683,55.185722,219.863758,194.944600,403.855550,239.504487,61.519296,242.617045,100.084612,251.851291,452.058940,54.771649,63.753529,139.653538,601.872955,197.963679,716.892901,581.003428,59.996038,1022.871438,168.158552,439.196418,21.077982,306.106990,163.546963,64.900580,1046.261494
2012-05-05 11:00:00,23.284645,441.538641,588.818892,55.439950,193.089730,169.771578,470.630125,269.746188,50.378584,322.721718,105.173295,384.467082,430.828892,54.481618,77.636876,113.117465,481.661340,293.846564,879.342412,631.045080,72.591912,905.903495,65.064624,421.661707,28.464952,311.520032,196.069913,67.262114,922.574861
2012-05-05 12:00:00,24.362142,483.695635,0.000000,65.792809,199.766791,235.510642,633.150555,291.693328,60.853503,336.654304,121.950771,460.491177,397.735969,46.940004,66.183332,101.528542,533.990108,325.209525,642.348065,572.390073,0.000000,886.859272,0.000000,363.642742,39.108418,309.799003,280.576949,0.000000,849.221520
2012-05-05 13:00:00,28.085039,394.471429,0.000000,85.101122,233.208528,207.337783,751.596796,294.422792,57.659730,310.364610,138.447736,545.057025,431.214867,26.879703,66.148142,141.375689,579.183289,341.592085,530.238042,542.343301,0.000000,871.573205,0.000000,305.025391,0.000000,263.597568,345.189233,0.000000,568.670147
2012-05-05 14:00:00,25.562684,415.314274,0.000000,112.661802,175.818542,229.462655,866.782851,283.567231,69.378497,290.971779,157.487865,656.265262,327.538280,18.837436,65.762150,163.146494,551.969324,360.260100,448.163266,464.715139,0.000000,748.488592,0.000000,278.738692,0.000000,248.882702,355.126635,0.000000,293.678377
2012-05-05 15:00:00,31.654053,354.947904,0.000000,144.628842,189.573350,266.539773,1002.428302,265.664568,77.787074,257.277468,146.405222,724.114115,291.942027,14.771509,83.324128,78.018707,530.062672,347.586875,372.628071,470.409589,0.000000,675.319722,0.000000,257.860873,0.000000,230.113842,339.678123,0.000000,363.204228
2012-05-05 16:00:00,32.314033,325.259848,358.297692,182.586077,169.859724,367.892227,1354.983345,172.468783,57.387973,198.376449,124.080236,594.931811,257.471106,13.795296,71.337821,88.494938,440.887333,666.769075,425.270601,451.720808,33.865782,519.331212,256.408805,199.102263,13.676356,256.757466,310.958261,28.328577,426.536235
2012-05-05 17:00:00,22.645838,258.132205,237.280403,159.404170,102.966639,356.270747,1267.274519,105.345437,25.332904,115.195510,99.735702,448.642590,172.808556,5.141938,63.704633,91.977556,394.446315,763.598458,537.500744,460.426239,16.938525,384.590316,169.404279,129.681467,4.244764,197.029310,270.425547,12.511003,225.738875
2012-05-05 18:00:00,8.994595,198.492567,178.298139,94.813868,64.009246,295.946911,1151.860538,62.862200,9.219092,83.395716,76.326721,352.377352,192.081131,4.893291,29.159475,116.047603,299.145567,765.425862,645.128618,408.742030,7.299582,236.542684,121.749051,98.322611,1.197866,102.276129,225.898404,4.075695,158.240339
2012-05-05 19:00:00,4.108642,172.033863,164.382187,72.850878,20.443019,231.987688,932.498249,40.543478,6.717429,87.334602,41.444231,224.495953,197.761515,3.330595,37.955515,85.081376,315.961442,694.378200,758.752053,283.615286,4.896335,113.848453,61.356773,77.036999,1.661557,33.946039,175.182764,4.969488,143.529080
2012-05-05 20:00:00,1.182296,65.571570,117.415848,59.971883,27.432534,121.278610,795.709597,19.017136,4.933836,48.489040,23.642914,196.824794,272.868814,1.625835,34.581692,76.900474,316.492470,591.133714,744.654331,226.972233,2.964753,63.067128,32.273514,48.068832,6.433702,24.473999,85.246416,11.512051,125.800126
2012-05-05 21:00:00,0.731587,23.007568,98.498850,50.301796,14.924980,82.252644,662.813305,15.583487,4.007294,35.178323,19.736994,187.132072,167.886903,3.835709,35.003420,76.839875,335.963483,625.262348,602.625036,244.973203,2.223565,49.143217,17.954461,34.818186,5.293797,20.586630,30.208681,19.484682,111.466079
2012-05-05 22:00:00,0.437646,29.177780,110.675308,35.167894,13.611162,72.360646,574.123102,26.148562,3.289224,45.365096,19.564166,155.396223,88.361528,11.838607,66.151041,77.718564,395.615587,622.686602,479.953808,280.015092,0.920870,48.979406,7.493391,50.535708,3.767483,17.630039,32.185810,37.003020,86.004284
2012-05-05 23:00:00,0.842631,19.870173,104.587079,22.765899,11.036077,91.196095,517.405856,29.714275,3.312387,56.230988,28.447541,187.601075,74.476145,8.681645,24.520468,66.325901,275.249323,635.994624,497.838979,164.088844,1.751900,32.762145,5.416015,40.950134,2.086606,10.676577,38.485032,38.897861,46.019836
2012-05-06 00:00:00,2.175163,11.503784,95.237299,19.123355,8.355887,144.992305,321.953778,38.826653,1.876247,38.981385,40.476393,203.390832,56.172686,5.508899,21.628619,53.660654,161.609410,519.656761,560.331868,205.451073,3.054594,24.243987,5.490207,26.289845,3.226511,6.789208,54.118140,33.999877,31.497183
2012-05-06 01:00:00,3.076583,12.967902,89.583943,12.185177,9.617153,150.277071,326.680215,36.185384,1.250832,25.399021,62.909508,167.277625,100.353450,5.161633,22.532322,49.206608,225.332726,374.985693,499.732703,171.769258,3.750862,11.958183,8.532079,8.951234,8.172541,4.544389,61.750775,28.958885,35.080695
2012-05-06 02:00:00,5.349726,13.804541,115.893791,9.106360,9.932469,204.750816,234.375678,32.883798,2.131046,32.733498,77.599916,133.040429,89.203066,5.366835,16.808871,29.511845,327.467041,428.432423,398.944507,134.647257,1.594678,10.647697,8.235311,4.369894,8.713513,4.380134,88.602936,31.568760,35.646513
2012-05-06 03:00:00,3.932277,15.373239,122.851767,9.930268,11.614157,198.653009,218.250186,32.223481,2.084719,24.176608,74.454440,95.676548,63.746531,6.471772,9.278015,41.843796,283.745766,365.112000,333.926652,109.845920,1.190393,9.992454,8.754654,5.709055,11.089925,3.011342,67.820099,36.109228,45.831230
2012-05-06 04:00:00,1.162700,25.203745,84.148024,13.399358,13.190740,250.687630,207.407184,37.770146,3.381878,23.497490,71.447227,72.382748,57.014224,7.702987,12.651838,23.573116,370.834297,355.023661,331.612101,92.164967,1.010711,6.880050,4.451519,8.457859,19.726156,3.777866,57.750538,32.712815,57.147584
2012-05-06 05:00:00,1.618820,28.356978,78.094846,12.769020,14.999427,244.975190,185.332896,36.837776,4.822883,24.988707,69.368936,98.609491,62.981336,7.534289,9.148818,20.349197,317.351082,370.419870,290.705206,79.686205,4.609117,16.687432,13.111169,12.314114,14.702980,6.297971,42.146157,34.592387,60.340460
2012-05-06 06:00:00,3.850151,31.071895,197.954697,23.339517,24.085003,199.775180,191.439875,44.314430,10.807970,51.952401,68.408427,236.841760,183.662668,8.481455,26.029288,25.686606,384.254143,345.204642,230.647322,45.425746,12.455833,48.164585,38.172064,23.333973,13.691416,14.464300,38.411731,56.361411,95.448139
2012-05-06 07:00:00,7.042778,61.934557,339.431374,43.339610,45.993524,413.312677,232.610190,83.450186,19.610232,83.947637,88.962850,406.560418,269.562278,12.714560,40.180782,47.162833,433.133518,309.524363,278.831835,54.896169,23.880109,95.467249,72.740458,57.877659,19.334802,25.954473,60.379401,75.646352,154.805825
2012-05-06 08:00:00,8.283439,108.210014,426.421710,56.904996,71.832902,544.177693,315.130215,146.623333,29.470323,110.740439,107.136896,584.796623,365.317078,15.530215,74.430088,51.230027,549.784200,364.446356,270.182283,78.164929,34.814789,146.616437,103.677173,96.299488,30.304909,46.776004,79.892883,110.288362,242.187609
2012-05-06 09:00:00,10.067155,174.321197,468.525387,78.304654,110.385313,387.059240,455.881446,209.867995,42.208690,167.422783,110.734153,525.766177,511.845472,25.427886,96.610179,50.931493,551.768982,466.230870,350.736986,103.376449,41.499481,238.659893,124.396775,129.542131,40.092466,87.957518,64.715408,163.026001,375.691889
2012-05-06 10:00:00,13.284479,213.015745,494.383364,74.169452,146.611393,386.579705,559.760787,246.311518,48.931470,220.085297,103.911159,402.182522,668.489502,27.772619,99.816631,66.454802,584.834135,510.716267,426.567285,123.835689,39.874036,314.856805,134.861987,136.077100,46.009964,121.494467,77.654021,220.811168,502.751715
2012-05-06 11:00:00,17.350816,229.917104,423.056218,72.836474,171.581832,431.314889,605.916048,251.943613,51.849317,233.123134,81.105214,388.342752,645.833150,26.223141,83.565663,79.125167,549.078646,522.890249,448.824773,140.310888,42.913364,342.937825,0.000000,145.784160,49.654109,112.884431,78.644143,110.078301,708.534953
2012-05-06 12:00:00,17.755573,241.504522,0.000000,90.807546,204.164059,455.948996,629.094371,269.388430,60.708962,272.965715,78.558120,399.609253,617.323172,34.908697,98.428894,77.874783,590.110320,534.935115,480.909662,160.465715,0.000000,385.938765,0.000000,166.842096,0.000000,115.064411,103.267718,0.000000,975.389382
2012-05-06 13:00:00,14.738130,250.505323,0.000000,81.214125,197.155766,495.405105,660.831765,271.997075,61.339615,334.197061,85.070967,394.968748,474.656256,32.598497,83.743839,80.142286,590.074250,512.820186,515.778259,178.099929,0.000000,431.056331,0.000000,179.224232,0.000000,123.678114,95.749742,0.000000,0.000000
2012-05-06 14:00:00,11.273268,304.717097,0.000000,73.677638,185.623976,480.330670,703.742455,236.906810,0.000000,282.478867,92.357056,374.429539,0.000000,23.451679,67.756057,85.100325,607.415893,559.892855,567.989353,178.194726,0.000000,498.400943,0.000000,230.192866,0.000000,131.039482,40.533872,0.000000,0.000000
2012-05-06 15:00:00,13.344425,265.716035,0.000000,73.816993,152.857977,436.093278,683.065151,209.039393,70.573786,266.229316,73.680952,378.708491,0.000000,18.503443,79.589370,103.433126,662.893214,444.778452,564.191812,160.014603,0.000000,600.294642,0.000000,219.776704,0.000000,151.815393,25.216590,0.000000,0.000000
2012-05-06 16:00:00,17.027268,168.064721,506.493814,58.325988,165.151211,304.953706,535.371821,157.017452,71.350225,268.949485,65.332908,297.389248,465.832454,8.922482,92.464453,80.863998,470.527922,350.016126,577.162256,169.392582,0.000000,589.682492,0.000000,166.000537,21.329241,120.016514,38.259773,0.000000,838.581398
2012-05-06 17:00:00,12.382426,102.196998,471.363588,45.897412,124.502337,193.763702,423.895440,102.563995,60.971500,184.404811,61.594713,185.019223,376.496368,2.891682,70.221172,64.366660,347.378665,301.410971,548.725892,162.801217,9.165053,420.325059,34.218142,162.649362,8.357670,107.852013,20.573673,102.667910,599.090215
2012-05-06 18:00:00,13.096705,92.866912,423.566799,49.060236,119.347289,141.062607,349.200298,91.784095,39.354867,193.820337,47.812513,141.795146,350.711112,1.578481,94.165826,22.845925,231.528048,209.923301,418.512988,143.047710,4.200067,207.875808,24.260780,140.329977,3.439036,124.614813,16.460743,89.879800,468.497022
2012-05-06 19:00:00,7.707786,51.034970,297.888355,52.686795,76.674458,125.750336,274.967432,77.917433,32.382639,114.499330,38.748109,159.617248,368.804187,0.678747,144.411698,9.665584,271.886148,297.498666,322.985136,111.045985,5.435381,101.726459,31.531595,122.357027,6.240498,106.437257,11.494932,60.670653,275.175988
2012-05-06 20:00:00,4.990465,15.686978,146.117499,36.555530,28.325931,71.818618,255.505632,89.803144,11.906063,50.118924,40.545524,118.970348,240.048818,0.347266,73.139675,18.179781,266.752881,283.117418,258.388109,75.284058,4.357289,95.010219,32.199322,128.770903,26.739471,79.882694,12.092668,40.792702,133.910179
2012-05-06 21:00:00,3.540356,18.092315,41.530420,27.535897,21.809390,40.110021,253.559452,69.069182,2.339518,66.146113,44.555141,63.471697,109.399987,0.457759,30.966881,30.905628,195.595178,295.566857,246.184110,60.723273,4.042845,85.017765,35.908922,126.163064,6.858752,81.799003,8.368310,16.982062,65.257637
2012-05-06 22:00:00,1.665666,12.967902,32.180640,19.426901,13.085634,25.339777,148.187706,48.731412,5.327616,38.709738,38.540715,31.110512,72.372299,0.710316,40.787117,25.875888,173.646036,140.807450,157.599913,32.961777,4.581891,76.335797,25.373660,73.442409,2.608258,71.122426,14.391655,14.014670,29.045307
2012-05-06 23:00:00,0.881823,7.634329,32.180640,9.496632,5.150169,17.209367,105.371746,34.072369,2.061556,25.127374,49.463465,26.107816,69.637299,1.294354,11.868629,32.147913,222.677588,164.203809,107.942264,22.481212,2.111264,65.688100,11.573950,25.373577,2.762821,25.185771,18.897668,20.163965,21.501071
2012-05-07 00:00:00,0.614010,17.151096,25.222664,23.676535,2.890401,16.938353,82.573637,36.845702,1.204504,18.607839,77.012299,20.792452,23.773459,1.752114,4.759501,36.511060,129.747752,110.971725,74.486474,17.440940,1.684519,45.703192,4.674095,9.515091,3.110589,6.789208,19.587364,24.025149,21.123859
2012-05-07 01:00:00,0.470306,18.510635,24.787790,24.326989,3.310823,22.629640,58.107374,22.979040,3.034425,15.348072,96.714728,35.644204,17.041152,1.783683,7.289869,39.177428,112.931877,95.946540,52.813856,7.280392,1.751900,34.236441,3.635407,13.109681,1.352430,7.829490,11.586891,22.237564,22.444100
2012-05-07 02:00:00,0.757715,23.844207,30.223709,65.565790,4.256773,21.274572,51.156732,45.165699,1.644612,22.275077,94.848182,57.218328,15.989229,2.699202,6.747647,27.148473,95.407965,76.628444,35.349513,4.560246,3.391498,36.529791,2.596720,14.378360,1.391071,9.691047,9.012027,11.941071,17.917559
2012-05-07 03:00:00,1.286808,18.615214,40.008363,138.373304,3.310823,27.778900,51.990809,64.711089,1.621448,30.696143,96.749294,48.932614,13.043845,3.251671,6.506660,23.785214,52.748745,76.628444,22.724687,4.800259,3.885623,48.979406,2.893488,26.360327,0.811458,12.100120,6.437162,9.438452,14.899865
2012-05-07 04:00:00,4.213154,24.367106,46.966339,153.593934,3.363376,25.068763,56.161194,92.048222,2.571154,34.091734,99.583678,32.673854,13.885383,5.540468,10.181718,20.331055,36.817916,66.754751,13.466481,2.080112,2.964753,72.568150,4.303135,35.734454,1.139905,12.976147,3.908277,8.294397,15.277077
2012-05-07 05:00:00,6.310193,42.497371,71.618478,143.750392,6.259352,32.354777,73.094392,137.225533,4.742660,40.360190,91.595556,38.060502,35.305706,7.792288,12.485224,27.148981,42.118188,69.760837,10.898204,2.533314,6.488803,116.869292,13.333383,39.095268,2.589450,21.073893,8.984931,7.868420,27.060273
2012-05-07 06:00:00,9.104650,98.605377,165.198071,186.051803,29.140922,67.988561,142.236134,204.940905,11.448531,68.488669,75.176499,72.596297,97.510547,15.298829,29.735920,33.365249,86.357895,105.462541,50.935793,10.535473,14.506659,223.299969,41.925464,85.247311,8.262847,62.215556,22.637567,16.891298,90.830915
2012-05-07 07:00:00,10.456182,163.606685,279.460559,164.197865,62.052697,118.106325,239.490873,209.422123,25.615280,136.485038,69.282151,139.350884,217.469117,31.620653,55.249600,39.675356,166.858801,165.213678,112.890797,34.693444,25.147820,390.484651,78.898290,90.662683,17.242196,89.185131,40.262185,32.786563,190.476163
2012-05-07 08:00:00,10.207997,191.408800,413.778818,195.758067,88.638412,179.898615,323.503608,282.229631,36.174917,186.419895,83.856476,222.767306,343.308178,41.040462,85.800430,50.120401,243.851762,153.827432,131.614286,70.864093,35.858289,388.343115,113.305978,86.642594,25.972671,91.294619,58.595028,49.543586,293.458669
2012-05-07 09:00:00,12.726768,262.489606,547.152221,225.465200,136.397456,225.172602,655.669474,417.071387,48.048765,203.590732,90.611475,305.808665,489.926570,49.502365,111.727009,64.233456,302.140295,168.656095,146.369520,96.612295,46.169317,488.261146,160.132617,105.417311,34.447193,110.420262,72.709197,64.265057,424.761669
2012-05-07 10:00:00,16.054900,331.115081,599.076362,203.406374,208.090294,255.947468,844.726916,547.538369,76.453239,230.579827,78.377896,344.549891,623.736019,69.478399,143.037966,84.317781,370.320838,301.457402,140.782784,112.469813,51.519089,681.645934,202.127767,159.637863,38.073771,173.133626,87.141280,66.646026,675.368223
2012-05-07 11:00:00,18.600524,382.013358,570.901536,190.115030,271.111122,282.146133,899.332424,603.095976,81.640807,308.688658,104.326650,371.133947,624.728189,0.000000,141.385487,92.261677,397.571734,423.800546,218.000737,108.455006,57.797349,852.755893,232.176921,272.806584,43.970654,197.146496,104.671953,70.785266,764.658563
2012-05-07 12:00:00,20.237117,454.151639,567.178709,153.768380,281.621967,293.600540,923.335020,637.086047,82.743864,342.947020,141.559743,383.366770,637.307366,0.000000,149.211019,107.762425,400.101619,355.938716,309.060743,81.754109,66.809646,460.380778,275.051347,292.653728,0.000000,162.994669,123.651272,82.356645,872.813574
2012-05-07 13:00:00,21.645586,449.892034,573.768423,120.920719,263.721210,289.584299,858.133565,616.997659,57.710970,327.979595,142.078310,382.801748,609.874418,0.000000,143.956803,126.717204,388.643081,444.096903,294.488284,67.755060,64.957106,0.000000,274.585381,372.735427,0.000000,215.691340,136.852660,73.346316,875.968539
2012-05-07 14:00:00,17.385007,365.618914,559.371922,131.658664,263.681344,273.648506,717.266697,609.212366,64.954840,324.319749,175.099549,382.757967,643.266691,0.000000,136.913554,103.147723,356.056089,454.962190,321.233755,84.440095,54.643555,644.696510,247.435772,406.888189,0.000000,231.889545,125.560859,63.274014,843.237716
2012-05-07 15:00:00,16.727858,420.011094,497.325514,128.541654,298.086632,196.943486,697.105712,516.876884,67.065632,274.942785,175.027862,304.903904,528.052859,0.000000,177.685620,77.343534,310.916511,430.486312,285.961348,83.956431,68.184483,877.234205,311.205673,316.472614,16.577360,126.045081,116.994828,41.333741,797.463209
2012-05-07 16:00:00,8.490052,391.014741,370.686429,117.835375,266.471549,150.106876,658.777158,505.372527,82.578613,250.918303,183.506719,210.591448,574.588955,12.778888,160.832099,72.437697,238.157936,385.649817,226.278136,71.798924,43.310733,598.283861,241.226577,141.378406,14.590739,59.700188,101.052001,26.536226,697.999330
2012-05-07 17:00:00,5.443381,240.834199,304.517522,115.666388,213.932296,125.329962,610.590619,420.467527,68.232003,223.125733,192.287570,167.143841,493.045027,36.465356,136.506707,72.891302,169.376202,378.365050,176.139547,59.150621,20.630596,397.558910,177.305441,153.047949,13.127509,60.839007,60.599202,14.364977,835.762567
2012-05-07 18:00:00,8.027856,177.785755,363.554255,90.940211,177.365522,129.273513,377.558921,367.268444,30.460065,133.786287,187.499177,150.549862,474.838021,12.091164,98.925327,72.204031,193.825086,339.354539,148.131294,41.922259,14.801306,468.007236,157.361205,291.796136,6.163216,106.984773,63.038207,14.586698,743.861616
2012-05-07 19:00:00,6.394850,146.934698,407.041606,116.604768,157.448031,125.479322,288.590692,318.933223,41.092133,97.521375,238.848738,124.285712,380.375339,33.479581,69.223630,18.846373,206.746759,350.086814,136.768950,39.362122,8.781958,711.102349,89.698113,278.263561,12.596919,164.364529,56.325167,17.196573,642.768861
2012-05-07 20:00:00,7.603274,87.428760,410.520594,150.124844,114.407331,92.280149,196.564181,313.650685,21.148319,101.188613,260.763369,138.824795,317.470347,65.333327,53.017228,7.362811,210.463952,327.763682,98.263230,41.042212,12.690042,664.743915,44.663576,165.774037,11.824101,102.604639,70.808781,27.385810,595.805995
2012-05-07 21:00:00,9.882950,80.840229,435.743257,159.101113,59.384604,60.029524,172.375943,297.274818,29.371378,109.745502,272.861352,211.363877,375.957263,94.298453,57.294754,7.605208,221.438523,374.556402,107.942264,34.561863,17.137172,716.999535,31.012251,128.348010,45.828053,97.786492,69.153511,67.499229,499.428387
2012-05-07 22:00:00,7.805767,87.533339,469.228518,172.370380,72.890660,68.972975,211.299544,246.562454,20.939847,84.618129,303.555661,213.083554,437.810333,113.445427,18.917511,14.665023,179.133322,323.685418,95.738265,20.401100,18.686929,822.166020,26.263963,142.514924,37.385027,136.824436,75.360774,50.338408,651.821943
2012-05-07 23:00:00,2.684661,118.070657,345.724441,178.744832,77.778066,74.393248,243.828552,211.829768,23.997435,58.539990,295.709256,276.867919,360.178419,105.174186,7.832090,29.602744,149.395774,256.072084,81.640543,20.161087,21.808904,936.014472,16.470621,211.375993,27.319084,191.028595,84.326821,27.957838,753.291910
2012-05-08 00:00:00,1.339065,150.385833,334.852603,159.534749,84.294607,74.935275,235.487781,260.693243,25.364084,49.711453,279.567090,249.509429,318.101501,83.012314,9.940730,41.783197,185.328644,175.365375,50.078477,23.521268,19.023833,964.517538,14.096478,225.049532,15.610905,164.255026,89.614490,11.655058,757.064028
2012-05-08 01:00:00,1.776710,237.919172,515.325110,127.922672,77.462749,89.976533,191.003666,290.539582,29.533523,79.049359,205.147216,216.679241,330.724576,63.596998,15.362947,32.511509,180.549395,116.123217,33.455789,14.320772,17.249473,834.451824,18.177037,241.401393,13.311774,149.964838,69.981146,17.518338,637.865108
2012-05-08 02:00:00,4.271943,371.781388,562.074012,102.554956,81.877180,72.496153,202.958772,265.579591,20.592393,88.421191,167.885430,151.018865,252.461508,68.663922,39.521933,43.207280,164.264548,66.110815,25.249652,11.840638,15.991699,691.117441,26.931691,142.585406,13.253813,83.332050,71.038680,13.120878,578.642859
2012-05-08 03:00:00,8.080112,282.783931,484.883964,80.396147,74.835112,79.813521,173.210021,205.358659,6.369975,80.407596,141.408131,120.064688,212.488436,72.215504,50.004885,49.388405,122.844393,62.032550,17.464343,15.760849,12.285757,416.406858,23.741436,63.645389,10.742158,82.948788,81.154220,12.370092,500.560023
2012-05-08 04:00:00,6.571215,224.742111,455.312565,54.464704,69.632390,70.463550,127.057752,188.454538,6.115176,79.321007,131.072998,78.167114,226.163435,52.358213,67.175237,29.784541,120.189254,64.179005,15.360205,14.000755,13.386310,325.491907,22.035020,78.728571,8.752154,96.800962,99.178273,10.797017,381.738314
2012-05-08 05:00:00,4.890780,228.998941,402.077433,54.818318,34.889303,89.681252,78.738791,169.110146,3.294008,64.587791,151.414465,96.252084,185.117299,34.539245,99.993416,31.016297,104.377626,88.550182,20.348102,10.465385,8.933099,416.384224,24.783800,187.413781,5.344127,186.249534,86.250447,5.723193,392.913312
2012-05-08 06:00:00,9.003205,225.662677,405.343385,52.924132,48.038015,90.865163,72.058627,149.776537,5.855221,50.738045,163.968388,101.256074,193.521526,30.861825,86.779091,46.139854,122.131664,104.523373,42.479279,27.207766,13.902960,608.035341,41.263017,284.816582,12.895152,249.805378,94.856894,10.344769,359.147989
2012-05-08 07:00:00,13.523265,207.912856,425.545431,45.827158,70.136684,101.437269,70.370606,167.445208,11.659217,71.371012,159.403330,139.375747,200.597086,51.348933,91.639032,52.223337,186.627500,122.544609,57.081392,50.430314,27.985491,799.036015,77.743473,306.307591,22.103809,250.752547,108.130809,20.987651,343.589122
2012-05-08 08:00:00,14.502767,144.795593,351.333495,49.831269,63.302738,125.199817,98.188965,186.174902,16.270929,95.085744,195.017965,168.606412,177.713468,81.406306,68.353478,85.263515,218.462978,192.109825,104.471174,71.633105,32.909209,685.808740,96.394241,220.702067,49.930550,236.865299,126.061064,26.086723,400.987041
2012-05-08 09:00:00,19.090795,137.122147,411.916716,52.274577,91.887401,187.951931,181.293712,237.683332,23.588769,145.939899,239.786098,197.012869,228.230142,55.545027,87.267753,110.241728,298.084272,239.389807,143.164421,86.679790,37.813287,599.725349,153.316427,183.809453,52.127552,165.175603,180.483820,23.763136,600.502064
2012-05-08 10:00:00,22.028218,229.162054,787.049590,62.649373,112.612290,148.798514,286.264770,263.684257,40.611018,194.272737,267.267468,207.129974,357.034255,44.899126,93.886499,132.782035,423.257086,338.015752,178.994587,96.153951,34.865899,626.440560,159.839678,206.434078,52.019464,157.456343,219.571349,23.105559,595.993556
2012-05-08 11:00:00,19.534517,321.224659,907.200471,77.402972,133.594004,106.585671,355.123671,347.033251,51.190584,282.283140,294.442731,287.490391,408.490252,62.864222,81.421413,111.365584,391.116512,432.214277,210.362464,95.581464,26.022891,746.069372,141.848869,209.731394,33.911059,174.272291,218.246732,31.749614,706.502526
2012-05-08 12:00:00,17.307772,304.272432,798.213224,81.975345,136.917149,111.295662,406.056116,423.296528,62.787246,363.153277,292.611557,318.887920,523.763688,75.268065,125.777136,128.031970,432.274923,501.524855,263.077143,107.283634,22.084541,737.465480,116.462111,333.758500,22.062945,313.840081,187.368588,42.357542,712.963827
2012-05-08 13:00:00,17.033390,216.742302,671.008323,90.251982,160.768065,189.531090,437.632768,503.216940,78.083060,354.531367,277.698970,318.444108,638.400239,0.000000,155.746518,102.485106,382.922454,523.641579,273.438266,100.792575,28.069925,170.614069,201.561874,341.533179,22.397878,303.882650,173.302490,55.177113,738.996967
2012-05-08 14:00:00,14.366278,177.209146,567.779424,88.777828,194.318354,204.838849,441.393272,510.588994,94.276594,382.283842,288.173630,293.737662,590.494801,0.000000,149.727130,66.116070,356.622683,483.192657,281.437890,89.733467,26.838404,799.071922,182.481177,327.022363,24.705058,254.950356,157.430216,43.329001,669.918645
2012-05-08 15:00:00,16.445066,213.171699,476.315627,83.239107,209.203176,159.218257,396.886344,451.218318,105.643833,445.391695,274.561666,271.067982,618.715988,27.983769,135.879519,51.468638,323.492558,391.354037,251.905892,69.949539,23.368758,872.831555,147.800901,308.611666,24.259744,245.487906,122.922028,36.197221,630.730603
2012-05-08 16:00:00,24.803347,230.682146,397.744785,65.799158,165.183813,123.716440,329.617004,373.013993,102.642189,388.351830,306.547978,227.433084,685.361211,48.631743,178.835395,61.597596,171.656819,329.998822,221.331595,50.933791,19.131763,751.931236,134.372719,383.173625,15.513509,221.179002,81.396533,21.474053,512.539069
2012-05-08 17:00:00,17.518560,274.261294,361.203724,73.396364,130.757801,87.965404,244.996822,279.296036,64.774961,316.599886,313.358586,154.463017,565.562964,10.823797,142.254248,74.556598,124.198213,263.657778,186.511579,26.718983,8.770517,695.769418,95.430881,375.170136,11.988589,189.037438,52.266099,9.767876,365.378040
2012-05-08 18:00:00,7.087244,352.224955,276.362116,82.454275,89.654987,34.825255,151.524015,180.662795,56.658036,204.822052,259.542541,80.668462,470.419944,17.094949,81.995962,40.571212,65.493408,160.340190,135.296054,10.880586,4.761573,452.936650,50.153783,275.726204,15.456342,199.296098,44.784255,3.825433,295.356818
2012-05-08 19:00:00,3.768977,230.912322,132.636421,68.210970,77.567855,22.494133,173.766072,116.479960,46.072295,145.195473,255.509388,62.533692,220.693435,19.604734,61.572280,40.268215,50.801644,160.340190,141.608467,19.281039,5.008636,384.955200,28.934875,172.681288,14.432359,134.908128,36.048107,6.685570,278.382288
2012-05-08 20:00:00,2.403784,111.482126,63.274096,52.253159,54.602304,32.115118,175.712252,90.859651,27.495131,113.820212,240.888112,44.867924,78.683837,15.500683,42.353535,26.390982,39.119036,175.580021,180.324601,31.041673,7.187280,297.971706,21.441484,138.074548,9.177203,90.559271,31.588073,20.592985,227.270093
2012-05-08 21:00:00,1.247616,50.930390,67.622831,44.144163,38.783927,31.166570,185.165126,93.368857,14.106600,75.517945,234.251505,36.269541,53.227301,20.188771,33.557495,24.118510,36.994925,168.282074,219.040734,43.122324,4.784034,277.003933,11.870718,111.573257,8.153220,71.286681,23.587600,21.665537,192.943822
2012-05-08 22:00:00,0.522562,28.968620,119.155342,29.660714,28.010614,29.947009,228.259112,76.464735,7.597643,36.536560,240.058536,52.528301,66.271146,32.327290,23.737259,19.391767,45.314358,114.620698,236.294663,32.641759,6.333791,247.026571,10.980414,71.116498,5.989332,41.611273,17.472297,10.582506,144.094897
2012-05-08 23:00:00,0.261281,26.144964,154.380096,16.781720,20.863441,48.917965,231.317395,53.881886,11.002685,30.560319,247.939508,80.199459,53.858455,23.172100,8.434559,20.997647,41.420155,89.507175,250.602800,22.561216,8.310293,218.523505,12.686830,45.320028,1.719518,27.430589,14.345675,12.012575,129.383638
2012-05-09 00:00:00,0.235153,25.831224,175.036588,13.269267,17.762829,58.809963,232.707524,30.506656,10.029816,33.548439,256.684621,72.695416,40.183457,18.263025,3.976292,22.512629,35.224833,60.100741,311.412379,18.160979,8.287833,210.988211,11.573950,57.583923,2.318451,28.963636,16.460743,6.971584,87.324525
2012-05-09 01:00:00,0.718522,21.229711,216.567008,15.654266,10.825866,38.890459,222.420572,18.885073,8.338877,22.954195,248.941912,61.908355,30.716150,14.253683,3.193083,12.634948,26.728391,32.411471,311.412379,17.040918,6.401172,233.757902,12.390062,74.570124,6.240498,24.035985,16.966520,4.254454,72.047449
2012-05-09 02:00:00,2.736917,21.020551,284.624713,15.610902,7.725254,37.941912,216.860058,18.092692,6.092013,17.249602,203.453498,64.097034,27.981151,11.601835,2.650861,13.362139,16.992884,22.537778,276.694107,18.400992,4.447130,224.748312,11.573950,67.733354,5.042631,20.093865,12.460506,4.969488,63.560184
2012-05-09 03:00:00,1.789774,18.406055,274.622622,14.309994,3.363376,41.465089,207.407184,19.809517,3.428205,11.137539,159.624236,61.595686,23.142305,16.274139,4.036539,13.937832,14.160737,14.166603,242.396663,29.121570,6.199029,223.601637,11.128798,60.896585,2.241170,17.520536,15.449189,4.647722,36.589542
2012-05-09 04:00:00,1.417449,16.419037,275.274932,12.141813,4.834853,47.020869,190.725641,21.922532,3.289224,7.877771,137.398514,52.997304,31.978458,27.197227,4.398020,9.029291,12.213636,17.600931,203.049288,40.482182,4.828954,234.249334,8.309503,46.377260,1.680877,18.779825,14.391655,3.432164,36.023724
2012-05-09 05:00:00,2.144919,18.131286,265.574188,11.523963,7.599832,71.153968,189.067029,27.465142,6.484031,13.109778,111.760026,82.710203,49.507180,35.402255,9.664007,11.711095,27.456933,20.303398,153.521297,37.580242,6.508489,183.479785,14.447350,39.730640,2.628091,22.934648,14.016758,5.443291,48.656108
2012-05-09 06:00:00,3.928494,37.894837,324.173321,17.429980,23.140337,101.151011,240.869681,64.387705,11.611016,46.999436,112.058063,132.624603,111.769131,40.763395,27.455747,23.180575,74.947533,60.006827,171.475785,61.769162,12.983704,232.568135,36.785456,47.374537,7.842665,46.709063,29.276482,16.124520,105.431748
2012-05-09 07:00:00,6.375856,79.781296,380.068682,28.891936,45.606584,133.738143,348.980651,127.501318,21.362789,112.545671,136.191190,180.412440,199.937018,28.244984,53.060449,30.865435,142.613355,156.455160,281.005830,109.801379,24.914848,272.871065,72.824902,58.544755,15.822906,67.853756,45.687441,33.535827,177.668072
2012-05-09 08:00:00,9.066898,130.686364,379.525929,44.469955,67.178921,182.883631,423.294276,176.951663,29.216170,180.732458,186.962756,235.563324,289.682276,32.203887,77.763803,38.654600,220.921348,252.635525,340.689054,100.497552,34.761969,354.751055,104.961838,64.483898,22.211038,79.180132,65.419017,50.081708,258.751104
2012-05-09 09:00:00,11.480405,180.526367,464.238411,63.029746,89.597382,235.302006,461.047910,238.317945,37.786894,247.708016,248.447515,295.485527,381.223362,38.958773,99.401000,48.519934,288.061824,344.061483,369.351470,130.834388,43.023597,470.321411,132.981611,88.998262,29.254245,98.523560,82.931170,65.079138,339.848745
2012-05-09 10:00:00,13.319003,224.083476,465.935118,79.126307,103.520195,281.013116,547.529911,300.203358,43.771980,322.566085,244.560110,314.103775,441.462802,46.030544,115.109368,53.788497,321.584135,422.268242,463.870312,140.337324,50.090097,487.145794,161.497740,129.139403,38.376642,111.288036,92.962405,69.494612,392.547708
2012-05-09 11:00:00,14.781648,266.106991,442.394442,90.205967,116.900682,290.128688,580.419789,366.779371,48.793782,380.747322,246.256310,332.058771,435.786677,50.149289,129.125779,64.031191,336.954662,460.664175,453.568713,130.306243,52.369946,524.068024,190.278950,204.267777,41.799917,135.335561,100.217938,71.585550,411.527147
2012-05-09 12:00:00,15.342476,292.282022,447.419157,88.185667,120.284301,288.770398,572.053643,437.537915,48.689376,405.428364,299.252398,359.117772,437.471809,0.000000,134.075522,77.514339,334.766319,458.359994,391.852373,124.902041,51.185586,564.746697,212.274985,263.614345,41.744626,140.440610,108.672764,71.010379,406.773963
2012-05-09 13:00:00,14.819591,298.354659,419.869176,83.441801,120.353466,280.828648,553.370186,472.336218,46.377935,363.654869,298.085558,347.851525,436.245909,0.000000,122.158838,96.573760,320.943293,417.864789,349.209904,121.030559,46.231070,548.110590,205.410490,305.034786,39.056457,152.705750,101.035607,66.808044,390.948045
2012-05-09 14:00:00,15.437243,303.493521,366.428439,74.926974,121.857581,257.113774,513.962666,479.846231,41.948460,321.433809,311.905979,317.796677,417.106340,58.493339,102.372982,91.777346,294.977657,360.739425,296.784161,124.490170,42.991982,509.669365,186.073251,347.479505,39.111074,177.831954,92.433216,57.468241,335.463163
2012-05-09 15:00:00,18.359386,300.532735,299.916611,59.540487,112.251061,254.038568,416.286812,435.830118,33.851967,279.762774,339.555138,281.653708,353.345562,50.944862,81.105590,83.017283,228.654907,284.494731,228.615657,99.659143,38.090082,485.482758,155.211713,341.335949,44.549362,185.759522,76.139465,43.303728,276.950583
2012-05-09 16:00:00,10.909216,265.352449,228.238497,46.801986,92.534977,202.129472,287.984453,345.536502,23.281743,201.192445,310.053046,213.172715,261.536098,46.264969,51.496764,72.990132,152.553663,190.784064,153.301737,75.879998,28.238478,404.829349,127.926818,311.825565,32.298120,150.418366,53.578105,26.466768,228.776712
2012-05-09 17:00:00,4.367220,224.091717,196.300781,31.694665,67.703673,168.601523,201.483412,219.257855,12.425005,111.460692,283.229293,141.611053,146.682841,37.647443,21.698957,46.292261,115.022268,88.325206,78.889826,42.397105,14.521909,242.497717,49.157395,240.394625,15.748724,108.962177,35.421767,10.523078,190.718592
2012-05-09 18:00:00,2.652001,204.035299,328.329500,12.456079,52.710405,220.876128,223.784329,104.462186,5.072817,48.217393,239.806353,123.035038,105.613064,10.275911,6.627153,16.422402,305.871917,22.323132,38.505720,34.401854,7.366962,124.332339,36.279882,159.148714,12.983327,96.362948,24.001418,9.903224,194.075457
2012-05-09 19:00:00,4.415647,218.990218,366.380933,7.848815,46.877051,195.671858,305.828287,97.462823,3.428205,40.611269,208.811176,106.932612,85.836913,6.787468,6.687400,5.150938,620.240276,36.275090,69.015716,75.364062,4.559431,116.960856,22.405980,111.643739,26.256461,52.123595,10.621317,25.776983,218.594222
2012-05-09 20:00:00,3.808169,196.087230,237.223500,6.677997,31.636754,172.364684,340.859527,86.765684,2.293191,37.623149,157.723125,98.803233,65.850377,10.023354,9.157521,5.120638,665.377625,97.234413,95.107024,126.326809,5.323080,109.753185,19.512493,106.216613,32.323075,34.219797,10.023581,75.900881,208.786716
2012-05-09 21:00:00,3.461972,174.962099,153.292912,6.981542,27.169770,159.085015,306.384338,118.196785,2.316355,45.365096,148.321264,77.229109,79.104606,11.159860,13.555541,2.939065,612.097852,141.451386,79.536405,101.765485,5.659983,145.791544,12.464254,114.744954,29.386370,49.605018,6.299223,69.894594,181.438863
2012-05-09 22:00:00,3.377056,127.064525,173.514531,4.292998,26.223821,131.035102,168.483583,110.537105,1.598285,48.896511,166.088016,60.970349,139.905753,16.826607,16.989612,2.181574,562.181255,81.350645,60.178338,88.164752,4.671732,235.723631,6.454703,133.916101,19.397709,92.037566,7.402736,25.991493,128.629215
2012-05-09 23:00:00,3.710189,100.187502,156.771900,3.252271,16.764326,82.388151,101.479386,107.103455,5.095980,52.699573,185.963272,42.522910,127.072293,26.723683,50.968835,2.151274,504.122233,52.373503,62.072062,51.602781,3.526259,280.280147,3.783791,112.419043,25.367721,94.118130,4.322094,24.311163,92.794096
2012-05-10 00:00:00,4.049854,103.952377,154.597533,1.951363,19.864938,50.408540,80.627457,131.403129,10.191961,58.947460,223.155927,25.638814,109.610372,37.252151,115.131730,2.636068,471.906557,46.578074,54.707580,49.922691,3.121975,233.757902,2.670912,73.724338,35.085896,77.747379,6.299223,30.603464,67.332301
2012-05-10 01:00:00,1.587281,136.895032,205.477734,2.254908,34.947577,36.451337,90.914409,161.117405,28.537490,58.132519,229.516009,26.889487,106.664987,40.914226,197.248186,1.484682,362.868883,51.085630,48.395167,47.602566,2.807531,178.553688,2.003184,63.504425,34.931332,63.073930,8.506250,35.572952,50.734983
2012-05-10 02:00:00,1.410917,124.240869,233.309638,2.341635,35.367999,25.475284,93.972692,186.209459,28.120546,75.517945,194.535557,23.293800,109.820756,42.871543,315.091023,1.151386,240.024490,55.807831,37.453651,41.282225,3.189356,159.224023,2.077376,22.413326,34.699487,61.486131,8.598209,17.411083,44.133777
2012-05-10 03:00:00,1.156168,111.586706,227.003972,2.775272,37.470109,27.507886,105.927797,194.001203,37.826073,133.786287,162.596883,19.698113,124.337293,41.577188,308.222883,1.242285,170.813889,56.451767,62.072062,39.922152,4.042845,148.903947,4.154751,8.880752,27.821415,54.039903,5.241689,13.514147,30.931365
2012-05-10 04:00:00,1.940011,147.143857,246.573280,3.772635,47.770447,28.591941,162.367018,214.867227,31.456097,201.562284,146.523850,25.013477,133.594215,34.032049,239.481227,1.333184,164.441557,74.267344,111.098470,48.562617,3.369038,230.481688,6.677279,10.008466,16.016634,67.070802,9.655743,5.899032,45.265413
2012-05-10 05:00:00,2.025346,223.771335,265.757333,5.690432,47.733041,31.069073,146.796320,262.759258,27.644102,257.253769,125.127475,42.926773,145.444609,34.950554,272.009649,3.763181,168.829731,86.092768,134.927203,71.794512,6.399181,303.943539,13.655727,16.793690,14.497588,92.179317,12.271150,12.165137,79.904273
2012-05-10 06:00:00,3.935537,305.928264,273.294182,12.390809,60.015276,63.792895,185.568935,362.281830,23.825851,337.736907,133.892331,87.217712,178.076540,46.741322,302.694804,12.851064,268.523102,128.797041,177.291644,93.244630,15.676379,419.136089,37.901597,39.986109,19.538845,140.111792,22.703120,23.640986,161.557201
2012-05-10 07:00:00,6.844516,358.927775,355.566913,26.536696,74.923756,117.413651,339.712375,491.466886,24.983383,373.543736,146.124399,155.134724,296.427936,51.708679,372.510015,25.758012,370.038570,224.449253,224.616896,110.112008,26.899093,555.457481,71.996364,74.796476,30.003506,209.634385,41.861398,36.803129,250.431644
2012-05-10 08:00:00,9.163912,275.126471,412.498172,45.686229,86.943375,170.786371,574.615866,550.683475,32.747876,401.058498,153.690314,224.174061,427.333992,54.011588,230.399344,38.906618,463.504011,312.960647,329.904859,125.815757,36.195444,640.184898,102.497453,97.694572,37.241374,197.006502,63.483819,52.406442,298.754900
2012-05-10 09:00:00,11.816916,321.813898,510.605092,62.361943,110.991558,219.517393,623.449844,572.352757,41.247185,452.943036,153.647082,308.721723,617.968275,57.408979,194.667329,49.482101,585.010772,364.018571,362.978140,117.729613,45.245155,517.020158,129.181045,114.692529,52.591515,171.615213,78.131793,65.901777,381.695035
2012-05-10 10:00:00,14.849420,445.854293,665.068948,73.989036,128.090346,263.487424,837.860845,629.254963,47.413247,485.464979,162.153607,373.364656,841.298202,66.384477,181.935359,59.777867,829.701985,430.344784,418.066055,163.326951,54.413280,611.765632,150.824707,137.947412,50.606567,189.276774,87.107926,77.100370,435.321364
2012-05-10 11:00:00,15.893263,498.998302,722.083810,78.714918,145.655910,299.406074,1071.515173,730.581910,49.275804,495.697817,187.704477,400.441130,941.593662,0.000000,172.792384,73.439133,909.633442,516.044062,508.346151,225.684246,59.686048,746.765789,164.643884,167.073906,56.913709,219.908025,93.392444,78.332519,516.774101
2012-05-10 12:00:00,17.900950,514.484806,713.183014,82.465150,157.787049,355.055464,1276.671520,686.446546,49.024771,487.918336,168.135593,409.337655,828.464890,0.000000,154.055320,86.294996,867.702393,589.267537,576.794340,269.364630,64.990240,158.523173,183.374746,217.035674,0.000000,229.327453,98.856154,65.485581,542.448719
2012-05-10 13:00:00,19.816324,519.293873,199.736044,87.860587,173.030463,416.442635,1281.430878,629.990943,50.362211,459.794785,138.836067,431.208880,733.751595,48.716858,147.803900,101.475874,851.802196,612.168848,584.702312,280.861739,66.470218,627.431790,156.833469,315.483608,0.000000,242.984423,95.911475,0.000000,515.418717
2012-05-10 14:00:00,20.034693,499.600383,669.236812,85.654849,161.167036,434.680439,1232.197773,576.206559,46.033488,437.359145,126.500650,438.543206,612.116412,0.000000,134.617280,106.653262,852.104948,613.266188,585.490575,290.598183,62.320102,588.584867,189.647669,354.905709,0.000000,250.047656,87.114856,81.514197,498.921950
2012-05-10 15:00:00,19.911852,474.909757,569.217115,71.436776,123.355497,472.987536,1036.442384,476.911710,36.124064,388.017723,134.021306,383.721929,479.667635,25.812791,114.777693,75.169889,796.901785,572.097386,490.129514,305.201113,53.926659,484.131006,168.271367,249.773428,70.081435,228.733015,66.097932,80.739137,466.079513
2012-05-10 16:00:00,18.036810,424.388854,501.959204,56.557839,86.894487,442.819662,829.485119,353.576060,25.775307,300.672315,93.087140,294.211696,407.679834,15.958377,86.827568,67.115111,801.270312,485.996673,381.757999,303.696941,44.685119,370.154745,136.958722,206.778523,63.041639,182.757196,40.107203,102.658603,362.323895
2012-05-10 17:00:00,11.484968,380.209373,484.899443,40.679445,56.197518,387.611694,571.619524,242.445819,13.689883,201.460962,46.811044,222.759819,399.940375,7.839763,60.918479,44.277557,904.597609,325.719986,282.413033,245.789037,30.105420,255.921394,90.219217,140.150994,52.384366,128.669570,17.680194,134.527623,226.198873
2012-05-10 18:00:00,11.189354,301.399145,562.943759,26.972170,39.046691,388.091553,368.106047,152.929471,6.786919,116.400861,24.583489,175.719673,445.804947,5.035354,79.706582,16.876897,845.218983,207.132910,163.070671,152.488219,18.552167,136.618143,65.066373,47.857386,49.750100,89.683244,9.655743,134.891203,168.802268
2012-05-10 19:00:00,16.721977,178.099495,544.461635,30.267805,34.106733,347.710519,244.106578,128.629797,6.717429,64.244582,14.448448,136.323448,469.578406,5.161633,205.200770,5.393335,692.814053,134.582730,151.708328,171.209228,8.489975,77.810094,35.908922,25.514541,37.095220,94.610895,11.219054,82.050175,161.258033
2012-05-10 20:00:00,16.290864,143.065243,566.422747,16.261357,16.238799,312.749757,179.048561,116.083769,9.033783,40.611269,8.503153,128.819405,427.291103,4.340823,327.140393,4.029851,625.019525,68.042624,136.348123,147.207934,4.402209,75.189122,13.948094,25.444059,56.995260,92.694586,11.127094,61.743204,111.277473
2012-05-10 21:00:00,10.640664,144.947680,700.363788,18.082629,34.159286,262.341217,226.868984,99.047585,83.550915,34.227558,4.839193,132.727760,394.050338,5.366835,376.301823,4.544945,544.126315,40.782645,100.788196,140.327563,2.627849,84.690144,5.193439,19.594040,54.116517,55.299192,13.380101,51.303704,59.599460
2012-05-10 22:00:00,8.053984,123.508810,752.331173,24.283626,136.164168,180.630601,327.514293,100.104092,124.133449,57.045929,3.076344,122.566035,352.814958,12.564708,355.938387,3.938953,474.207677,46.578074,84.375922,122.886623,1.976502,114.667506,3.412831,11.347628,65.708773,34.712562,7.908513,63.316279,47.340077
2012-05-10 23:00:00,5.558751,92.030273,602.952122,26.495170,181.885058,120.601076,576.347308,106.971392,117.601329,78.506065,3.491132,137.574121,336.404960,11.349278,362.445047,3.696555,355.434496,84.784973,99.946541,107.045769,1.706979,120.892314,3.338639,9.726538,61.303716,24.145489,7.816554,41.901005,169.933904
2012-05-11 00:00:00,3.599144,163.353735,441.396613,15.350721,132.327817,85.911328,616.383011,127.837416,82.300083,92.224253,5.495941,169.935307,313.052271,13.685430,412.690920,4.060151,296.136410,137.158476,71.540682,75.604075,1.774360,133.997172,3.635407,11.488592,42.987951,20.750885,6.483142,34.571904,236.323176
2012-05-11 01:00:00,2.965538,205.603997,429.655028,10.320541,81.509311,71.276591,473.755819,137.742175,41.763876,139.490880,7.397052,189.008083,264.453430,13.101392,389.616376,4.332848,332.069280,115.693926,118.673366,57.363092,2.156184,181.666092,3.412831,9.303645,33.018610,31.482213,4.781892,15.230229,262.539394
2012-05-11 02:00:00,2.514829,261.763380,432.916580,8.022269,65.165407,81.439603,431.217884,173.927559,24.900813,237.283902,11.752326,197.762799,237.103433,4.861721,429.740778,4.878241,384.641016,74.911280,212.097080,55.843010,2.290946,190.020439,5.416015,9.797020,27.377045,50.207286,4.551993,5.684522,229.344758
2012-05-11 03:00:00,0.829567,332.877682,302.454526,12.922358,64.166904,107.863434,393.684413,199.415804,22.121188,309.677903,16.868044,194.948783,173.988056,1.673190,445.886934,5.726631,421.458932,85.428910,247.236179,48.082592,1.617138,190.511871,5.490207,19.100665,18.238483,61.869393,3.954257,3.324909,201.619693
2012-05-11 04:00:00,0.235153,346.368483,229.178340,13.399358,55.180385,111.793132,423.711190,221.866590,12.091372,339.287457,14.206488,167.902962,162.416904,1.373278,428.957569,7.484010,467.127308,59.242159,180.324601,52.402824,1.572218,208.367240,5.638591,19.312111,11.263809,79.225674,3.908277,2.860137,186.531222
2012-05-11 05:00:00,0.971535,320.857494,196.613507,16.671264,53.584256,89.438907,571.319987,321.398653,12.070665,396.474328,8.518215,189.555633,181.351958,2.502427,458.243046,9.262935,429.831975,46.348450,158.127766,65.676123,4.905630,187.721031,13.953220,30.161347,11.776738,86.640763,9.459785,5.581184,195.363585
2012-05-11 06:00:00,3.066841,357.432566,224.767245,25.741981,70.114205,108.618060,688.863793,369.301375,22.197096,428.715999,13.095486,186.660274,177.097144,5.981452,467.229245,21.350630,364.822166,70.534192,195.798275,64.495506,11.921426,261.958500,36.739739,61.248800,17.622981,135.001546,22.935799,15.573250,261.107679
2012-05-11 07:00:00,6.044327,422.538308,306.054606,60.015200,94.157034,156.155504,796.052550,330.746685,26.779067,444.358846,20.969577,210.387979,264.907538,12.100484,413.688590,30.979995,343.467919,154.945450,302.964865,83.135029,21.937932,492.576798,69.027960,81.629556,33.175387,240.492513,40.918641,31.595005,324.514799
2012-05-11 08:00:00,8.988418,350.724424,361.638455,102.577342,123.816003,200.990220,1024.944223,349.703735,31.979373,455.713154,35.724380,270.089241,362.220475,16.947786,210.537475,39.946658,345.097819,224.834509,382.843058,102.576851,31.999609,512.565141,101.023139,88.997427,29.355309,149.004757,58.251743,46.226162,372.614176
2012-05-11 09:00:00,11.751054,346.694415,431.836389,111.471581,158.759181,250.511627,993.355425,441.404060,39.713493,432.574702,59.059071,325.251452,460.211985,25.815710,187.647541,50.344530,430.378713,323.905621,388.738591,107.722876,42.030408,408.878674,127.306571,102.303161,40.709169,101.085999,71.441106,58.820668,468.030201
2012-05-11 10:00:00,15.373404,395.516861,499.735684,125.145911,185.788201,295.575269,1239.816979,418.605560,49.941420,367.700288,88.809921,377.938448,529.220190,28.575430,187.537433,56.417758,508.976859,416.658396,491.031005,127.693981,47.714890,409.886232,148.835503,119.532877,49.243675,114.445026,82.912884,67.784692,544.483634
2012-05-11 11:00:00,16.060174,374.713643,546.007076,97.332027,185.667400,356.992932,1286.569973,396.897390,49.903127,352.700354,110.363999,451.374344,577.267745,27.142967,198.716356,61.250941,602.626962,476.988313,508.789049,141.769863,50.604598,397.784472,159.720653,136.638597,54.925930,137.450244,89.373561,72.708099,579.093670
2012-05-11 12:00:00,17.010863,388.136501,517.791129,103.732013,171.122904,376.449973,1311.784910,449.817139,50.377438,327.314224,111.514148,481.896926,610.521136,24.951786,213.715761,70.844148,630.732269,516.891558,493.692074,149.694517,47.012744,348.864278,167.734319,199.841125,52.042939,204.975947,87.918654,69.677212,574.226900
2012-05-11 13:00:00,16.741259,317.173340,470.434525,104.402351,148.894264,383.182581,1156.753825,456.852075,45.164977,296.628886,93.488708,504.467491,622.698922,25.886769,179.558488,94.680869,710.858272,498.329739,472.049626,156.411932,39.530736,526.600053,155.509156,292.178212,51.909974,268.927623,88.140437,64.180655,492.436169
2012-05-11 14:00:00,14.137731,265.901259,372.547165,92.895930,143.727444,369.967554,1015.320410,404.993717,36.982619,256.451626,71.308920,449.462934,648.089387,22.354585,124.746383,95.723615,830.554170,438.694685,392.363425,157.451601,34.036924,492.462375,137.386740,278.140997,41.381783,262.463066,80.749849,59.057583,518.329923
2012-05-11 15:00:00,11.425054,241.833878,275.928616,72.477395,92.122441,338.735274,870.673521,328.502254,27.530032,202.290882,62.946301,361.818731,550.416316,16.585451,94.820094,77.664016,699.116734,339.626420,335.483494,151.518682,25.476605,476.947221,115.498238,319.025615,26.386299,234.817825,60.823699,46.887731,438.862086
2012-05-11 16:00:00,8.352816,205.366378,225.081794,42.059678,46.864952,331.608178,586.102623,299.734263,16.254136,162.792646,75.394236,294.237803,333.484838,10.342047,72.133097,50.101792,476.377254,220.353765,234.269959,122.729158,17.110262,411.052896,66.525881,316.697736,13.146493,193.586412,36.323894,28.443516,276.027683
2012-05-11 17:00:00,5.949127,149.327337,208.218076,22.550360,24.055407,252.551009,329.258956,222.134037,8.006570,114.365782,85.944129,198.225300,180.383722,18.721974,45.250388,16.871611,300.527057,128.788504,127.874879,101.048028,10.443751,250.156354,29.795099,269.927092,5.866022,169.766185,15.046378,13.109176,145.705882
2012-05-11 18:00:00,6.688791,108.240151,225.916789,11.594031,19.497069,212.339198,219.341687,117.668531,2.293191,46.587509,88.478636,161.493258,124.126908,4.830152,39.521933,4.999440,189.222847,41.211936,63.755372,72.643915,8.624736,139.566736,17.435117,178.531307,3.922047,105.944492,10.253479,4.790729,63.371578
2012-05-11 19:00:00,6.349126,99.455443,144.160569,14.136539,30.638252,202.176186,162.367018,62.201883,2.733299,31.375261,88.142443,125.849054,98.459988,6.834823,51.932784,2.696668,150.457830,50.227048,99.315299,78.564234,9.433306,80.103444,15.580317,78.799053,3.728842,55.299192,9.425844,4.683474,53.752678
2012-05-11 20:00:00,5.754712,60.028837,61.534602,8.759451,18.708778,209.222541,148.187706,33.808242,1.783593,24.855726,93.223596,98.021561,49.440379,4.182975,70.247827,1.393783,169.397815,28.977143,140.556398,73.203945,9.680368,50.289892,20.922140,52.086315,4.424378,30.168173,10.851216,5.899032,24.518765
2012-05-11 21:00:00,4.500563,35.452571,41.965294,7.371815,9.196731,185.644353,139.012858,26.280626,1.968902,19.830252,116.762813,126.318057,45.232687,4.277683,84.827564,1.060487,228.341882,25.757460,98.473644,50.002695,7.299582,50.617513,15.283549,54.059815,5.506322,33.289019,8.782128,6.006287,18.860589
2012-05-11 22:00:00,3.749381,23.112148,34.572444,9.583359,6.674199,157.865454,126.223675,30.242529,1.227668,13.989835,115.483883,136.636116,26.298074,6.550696,77.838930,2.423971,189.930884,25.328169,85.638404,38.642083,4.559431,59.299482,12.835214,23.400077,10.355749,33.617529,7.126858,8.973679,22.255495
2012-05-11 23:00:00,2.789174,14.118281,34.137571,10.884268,3.888903,127.511924,146.241526,36.845702,1.945738,15.076424,136.085019,114.123987,23.142305,5.351050,79.104114,3.696555,148.333719,15.669122,52.813856,31.761712,3.301657,37.840277,11.054606,10.854252,4.347096,28.689878,8.184392,3.289157,28.102277
2012-05-12 00:00:00,1.672198,11.712944,28.484215,8.499269,5.360380,107.321407,130.672086,43.713001,1.482467,20.101899,156.029407,110.997302,22.931920,3.472658,80.068063,4.423747,97.355066,21.679196,26.722549,31.361690,2.223565,26.864959,11.054606,21.919951,7.708850,8.212751,6.988919,5.684522,35.457907
2012-05-12 01:00:00,1.345597,12.445003,36.529375,6.157634,9.879916,75.748316,193.505898,55.466647,0.880215,28.794612,160.592075,109.590294,21.669613,2.935975,59.584134,3.181462,78.946108,23.181714,30.299583,21.201143,1.998962,26.537337,5.045055,25.937434,39.587555,3.285101,8.874088,4.754977,42.247719
2012-05-12 02:00:00,0.568286,8.993868,60.882291,8.672724,9.196731,63.688209,167.371481,63.258391,1.135014,44.278507,155.199831,83.638812,25.666920,6.061367,61.210799,3.060263,51.155662,19.747386,28.195445,16.080867,3.346577,32.598334,4.451519,76.543624,49.981945,4.270631,13.058243,3.646674,56.581766
2012-05-12 03:00:00,0.836099,16.523617,57.620740,8.369178,5.780802,59.351990,153.748221,40.675541,0.718070,58.947460,156.720721,58.156333,25.877305,6.803253,54.884880,2.363372,28.498483,16.742349,27.774618,5.520298,7.816167,79.775822,5.119247,137.017316,73.977916,6.132188,16.046925,2.717130,57.713401
2012-05-12 04:00:00,1.502365,43.086901,50.662764,10.233814,5.991013,56.506347,187.667358,44.769508,1.482467,79.728478,136.257847,64.253368,23.773459,4.530240,49.221676,4.211649,21.595124,16.098413,32.403721,5.280285,13.341389,141.532465,14.244862,207.428992,87.598817,37.066884,12.230608,2.037847,58.845037
2012-05-12 05:00:00,2.223623,102.269101,81.302380,10.073289,9.292632,41.254741,231.268166,61.212191,4.863375,137.822609,133.921637,81.525989,46.218691,4.484505,59.640093,7.318684,22.327990,18.553430,44.267370,13.917215,7.426836,180.540794,26.514705,231.174397,98.858865,92.928303,16.605753,4.352253,70.322489
2012-05-12 06:00:00,3.409830,143.278345,170.019462,16.210939,24.661029,76.342954,243.120258,115.363090,8.788263,172.455648,166.997249,110.793782,111.302850,3.818933,46.825257,17.263921,72.870362,69.807573,101.912378,36.977905,12.281385,204.208074,39.626548,215.694391,113.029246,132.271757,28.073366,19.757697,139.672732
2012-05-12 07:00:00,7.726006,115.177381,268.414984,23.497367,49.197077,121.991356,374.518592,165.902473,18.511410,189.098264,196.118120,179.303853,209.579767,4.956298,57.414283,27.082865,150.248963,158.468604,194.595629,59.266169,14.260553,220.717639,54.301496,151.156147,120.045015,82.316986,43.683792,40.848736,223.606569
2012-05-12 08:00:00,8.806493,136.998958,370.686888,35.769496,68.759500,168.532364,473.711139,190.099670,28.208984,235.465973,210.683787,236.778775,298.145814,7.289773,76.370768,37.728273,233.617961,257.488190,280.695699,76.547874,25.820388,265.244211,68.189015,211.475990,108.189986,115.672334,53.893505,64.902227,266.740201
2012-05-12 09:00:00,10.514947,171.582927,454.168949,46.261468,87.809085,233.111887,502.640038,214.605413,37.867182,298.969450,211.127645,290.170494,387.742788,8.512342,97.127469,48.342872,298.444347,336.328552,310.235257,99.260667,40.096771,375.651613,100.763130,202.664294,105.415059,120.149020,66.331089,78.276260,312.849672
2012-05-12 10:00:00,14.415968,219.858681,487.248926,55.659590,91.710346,302.376918,616.911294,236.587573,38.176794,306.653391,193.881220,317.322823,415.278066,9.138832,112.296643,57.112175,341.185590,426.229821,368.520735,123.557045,38.500011,361.511537,123.389151,228.937563,103.656995,133.078477,71.622928,84.333767,359.342142
2012-05-12 11:00:00,16.855790,278.960020,460.418473,59.300343,106.005425,349.878502,751.872522,256.122273,35.450479,319.467447,182.771615,323.474179,418.121413,11.489678,121.509450,64.246503,368.208833,472.209196,430.360602,130.028230,40.120158,420.700250,131.874996,190.599793,99.085927,143.002743,72.693205,101.443742,416.394959
2012-05-12 12:00:00,16.878017,369.499757,446.936483,52.880629,132.550467,344.163379,777.067638,295.265769,33.835900,317.318249,179.783266,314.626362,430.749627,13.947383,117.446046,75.397233,376.482191,476.613099,464.812295,130.470946,41.676357,448.156891,138.749326,220.023316,83.984012,128.856560,96.972246,107.053966,490.125382
2012-05-12 13:00:00,16.011874,314.054625,457.741555,61.521074,143.221718,326.543950,714.164776,342.185985,44.854847,303.211451,207.172309,259.803739,410.716989,19.118732,104.127708,63.939995,376.992588,445.038789,408.738832,125.489138,35.061554,416.473288,133.696763,167.096281,84.381085,89.201141,84.312644,101.745174,630.491065
2012-05-12 14:00:00,11.459342,145.104882,420.252604,82.725495,152.561768,320.226136,663.769818,342.413799,38.378477,212.909391,226.850497,231.916314,420.598012,21.080509,85.688135,65.168959,324.109321,386.946696,328.076288,112.864753,23.612419,338.960521,89.614398,136.330401,77.750915,74.908279,68.825459,103.832820,747.813532
2012-05-12 15:00:00,8.755754,130.700302,513.296718,75.933492,98.937245,285.978131,585.744874,294.087608,32.870110,156.158899,221.652730,182.641244,473.138218,19.770139,66.264600,52.267106,271.850342,322.485187,246.673234,85.084458,17.580956,215.795659,80.951538,114.997669,64.566106,48.341222,52.898041,110.847017,627.216191
2012-05-12 16:00:00,5.082798,111.742739,487.274710,75.201202,88.351734,215.694437,482.174745,242.789758,21.621031,136.959425,197.606488,161.457347,432.568782,17.107308,54.877692,31.017631,206.101111,219.484399,191.975675,60.100149,12.557586,197.323911,55.561102,106.679004,70.341349,40.825876,26.241128,139.102520,456.415591
2012-05-12 17:00:00,2.069926,128.300656,350.811370,72.931372,51.190044,174.276273,314.037113,160.735685,14.017939,64.518032,210.740093,139.781313,272.367593,6.629279,46.366657,17.199939,175.625627,122.125057,114.028925,37.794916,6.728499,252.965599,36.528604,120.706182,100.358686,45.560807,12.210926,118.580514,325.718684
2012-05-12 18:00:00,1.613410,76.761614,347.029061,45.109534,37.207345,137.403923,234.820215,145.665981,9.010620,34.499205,226.913040,59.407007,98.670373,2.367721,52.053278,4.241949,195.064151,78.345608,71.119854,20.161087,6.962678,205.746268,42.437817,149.633622,110.242358,70.246399,8.920067,184.157060,214.444893
2012-05-12 19:00:00,1.384789,99.978342,326.807443,30.788168,20.337913,122.769185,216.304006,88.218382,11.767082,33.684263,205.562004,57.374662,53.648071,2.825481,68.259681,2.363372,149.395774,175.794666,107.100609,39.442126,4.986176,225.075934,23.518860,194.178346,65.921298,54.806427,10.667297,176.005670,116.747044
2012-05-12 20:00:00,1.188828,65.257830,401.823124,26.234989,5.991013,147.431428,263.290352,54.938394,11.442792,26.485610,184.822605,63.002694,31.136919,1.310139,67.295731,1.605881,73.281813,274.316952,96.790334,51.122755,3.593640,180.683228,19.957645,269.241845,94.090480,95.322667,13.655979,146.939530,29.799730
2012-05-12 21:00:00,1.489301,20.706811,223.524984,30.397896,5.885908,341.070684,362.823558,47.014587,4.053621,20.645194,189.385273,82.544473,24.825382,0.426190,114.589508,1.090787,55.757902,381.425058,146.237570,49.442665,7.142360,195.917625,19.660877,271.003899,78.962586,64.059460,13.655979,184.157060,27.536459
2012-05-12 22:00:00,0.698926,5.856472,146.552373,37.986529,4.677195,242.692728,469.307407,76.992989,1.459303,13.310717,157.723125,187.601075,25.456535,0.694532,95.431010,1.636180,48.854542,352.233269,163.491499,38.402070,17.743598,179.700363,44.515192,219.974816,67.602175,45.662897,19.955202,181.690192,21.878283
2012-05-12 23:00:00,0.849163,39.008286,103.282459,57.023157,9.669705,198.924022,465.137022,61.277439,3.752495,21.731783,145.210354,93.644203,33.451150,1.168076,75.850784,2.333072,37.702962,201.981418,144.975087,24.641328,8.175531,154.309701,23.667244,173.597556,77.474913,25.733287,33.427262,95.957591,30.365548
2012-05-13 00:00:00,5.062317,55.531904,108.500941,57.413430,4.992511,114.638776,507.396930,50.448237,2.154210,26.485610,149.600194,48.463611,29.243458,1.389063,35.967369,5.393335,25.666336,133.724148,166.437292,20.081082,4.200067,150.542055,15.951277,216.662155,38.679495,31.482213,25.656688,164.672378,28.479489
2012-05-13 01:00:00,1.358661,50.721230,150.031361,60.665701,8.513545,142.824196,581.907822,37.506019,2.131046,41.290387,146.385587,40.490565,29.243458,1.783683,33.316508,4.575245,20.533068,81.779936,154.233293,20.881125,3.436418,143.989626,5.045055,164.223429,36.940657,15.330469,43.818681,101.248844,34.703483
2012-05-13 02:00:00,2.749981,107.717252,121.329709,53.727522,11.876921,153.258222,659.198971,29.846339,0.880215,44.685978,135.670231,61.595686,23.773459,1.183861,17.049858,4.514646,22.480170,72.120889,143.081363,8.800474,4.941255,124.332339,10.683646,200.944634,53.227777,41.666025,49.888005,136.571534,34.326271
2012-05-13 03:00:00,3.083115,171.824703,118.937905,50.908887,14.662216,147.702442,707.575445,22.582849,1.273995,43.463565,127.685563,71.288408,19.986536,1.310139,17.772821,2.939065,29.206520,76.413799,155.285362,8.880479,3.346577,101.398838,17.286733,180.081915,59.758081,24.747757,22.530067,124.952228,23.387130
2012-05-13 04:00:00,1.469705,206.754375,146.987247,55.852339,17.552618,65.856318,739.826428,28.393641,1.343486,29.881201,137.916999,42.053908,20.828074,0.536684,12.531345,3.029964,26.551382,63.535069,145.816742,6.800367,2.515548,119.418017,17.731885,195.306061,48.513593,23.543220,24.737094,122.628367,25.273189
2012-05-13 05:00:00,2.108011,140.036879,190.861523,58.481381,26.945991,85.438449,753.069691,33.478867,3.122569,34.166423,138.045798,61.778634,39.804531,1.397512,26.956913,4.309167,33.214489,55.045263,172.938325,6.988296,4.414419,186.768803,18.604741,190.663781,76.620298,55.846021,24.018680,125.700294,52.015741
2012-05-13 06:00:00,3.118952,121.606669,244.809511,45.513024,50.208962,93.601498,839.580102,57.370740,7.313846,61.218266,125.158569,98.645729,93.596336,3.609864,32.173416,13.551402,75.639759,78.252743,197.413683,19.216947,8.351766,235.465630,21.408505,237.900009,77.380739,94.139259,29.028860,142.520239,105.850549
2012-05-13 07:00:00,5.560524,181.858753,334.491478,59.458349,70.724523,127.123650,925.081596,116.778190,10.866824,117.000838,131.107629,163.000423,193.479694,5.877193,47.397624,25.940592,148.940231,146.990836,247.492196,41.869894,10.710077,296.294742,34.145090,195.093929,99.977968,92.299138,39.218764,106.304704,194.571001
2012-05-13 08:00:00,7.272917,220.261821,373.710971,98.105603,98.095119,169.264553,710.464479,177.176253,22.387433,184.832284,140.995269,235.256319,300.338923,11.911727,75.614298,38.036195,225.841907,233.466018,246.761238,69.116800,6.758561,381.738901,30.608623,206.658858,117.968549,126.675969,43.111638,113.884690,269.164438
2012-05-13 09:00:00,9.381397,269.188118,522.622225,169.928257,169.767973,240.605138,552.774320,218.482163,36.567987,237.364567,158.739146,280.253352,423.949343,18.141450,99.152445,47.292576,296.475628,323.214955,280.232712,93.597857,15.056348,478.773383,59.995951,252.406551,130.729888,150.199016,46.362649,139.756803,510.094446
2012-05-13 10:00:00,14.472113,332.469149,574.881552,249.827188,220.885440,277.198098,677.096705,255.906346,49.984837,262.199916,177.124103,319.660041,552.083546,23.649787,114.905378,56.214414,345.859473,402.171400,306.937403,110.992893,27.094183,577.754958,0.000000,259.115194,140.924697,185.381114,79.527831,143.701066,819.139738
2012-05-13 11:00:00,16.271806,485.582305,0.000000,179.563422,301.302622,280.159060,840.935436,307.907458,84.952628,292.195709,184.596050,315.142728,648.993178,28.442234,122.099096,71.549243,380.709413,512.389097,331.064024,123.900920,31.591860,659.714161,0.000000,277.739010,0.000000,226.722029,75.928904,0.000000,986.211781
2012-05-13 12:00:00,16.187491,478.139620,0.000000,134.407563,314.001720,269.531761,718.516724,474.270076,0.000000,345.174132,177.028817,365.907343,904.276303,34.629450,128.638465,86.534199,417.189122,543.973290,352.892847,126.078878,34.193315,641.865194,0.000000,272.511723,0.000000,219.005443,78.525319,0.000000,283.384762
2012-05-13 13:00:00,18.074211,514.862548,0.000000,152.869131,370.542572,276.005488,779.623393,556.410129,0.000000,468.194050,195.707788,413.420835,0.000000,34.710434,129.346921,92.752474,0.000000,552.045037,365.436067,121.455900,0.000000,561.359938,0.000000,215.131474,0.000000,199.022037,58.253808,0.000000,0.000000
2012-05-13 14:00:00,16.515615,539.221845,0.000000,166.701396,329.057477,259.096663,699.842592,404.028078,0.000000,582.680678,181.190548,387.841549,0.000000,33.092430,197.689845,59.158149,0.000000,467.781920,391.652821,108.274615,0.000000,495.687611,0.000000,189.965752,0.000000,182.254957,47.045752,0.000000,0.000000
2012-05-13 15:00:00,16.168624,456.203026,0.000000,123.974001,282.281826,265.586284,686.413041,362.282573,85.298173,532.639475,157.994541,331.828997,0.000000,26.728596,244.811373,87.577937,0.000000,499.392774,438.759488,88.482295,0.000000,390.341537,0.000000,136.285792,0.000000,135.707627,32.914206,0.000000,0.000000
2012-05-13 16:00:00,17.630589,337.994800,0.000000,89.397338,341.106647,284.544145,659.494125,326.462595,119.712527,414.733369,138.308583,239.460839,871.091607,17.914614,208.472222,32.192064,743.908826,423.033193,502.131716,61.756951,38.543204,366.031814,0.000000,101.489196,0.000000,98.500787,29.268364,0.000000,266.116290
2012-05-13 17:00:00,13.480189,280.012018,0.000000,75.184397,255.531812,385.688077,636.750626,349.487435,90.389625,332.242353,127.759523,304.555711,835.966036,7.416658,60.295830,25.987277,660.113673,351.514444,484.884172,28.825512,0.000000,329.464178,0.000000,89.752021,0.000000,77.647428,29.553850,0.000000,714.424097
2012-05-13 18:00:00,6.545086,343.440247,1043.478988,51.850685,197.335566,484.436907,750.446143,387.606215,64.000881,381.528609,140.741508,326.582204,785.996830,4.072481,63.982154,12.634948,547.135472,340.249070,330.560032,14.960806,47.593272,248.500867,61.876117,152.664355,123.843938,100.359821,24.737094,287.050483,659.554785
2012-05-13 19:00:00,5.081913,234.572617,1052.176458,40.284801,137.005012,576.446043,889.960314,281.955458,38.173526,371.613483,127.650997,490.420476,531.221091,1.467987,116.878888,13.695435,259.141485,365.326645,248.288248,24.641328,34.768469,300.428866,46.221608,259.092414,93.897276,167.759133,8.920067,270.604696,515.459888
2012-05-13 20:00:00,6.577747,190.649077,642.525612,50.258433,69.895154,471.157238,929.161940,159.664707,59.738788,260.645568,111.992751,665.671146,390.684184,1.026013,85.490280,20.149257,198.781344,370.907428,290.791830,26.801445,22.168268,264.881939,30.196139,219.058548,71.408299,106.437257,7.908513,244.041175,312.708560
2012-05-13 21:00:00,4.258879,78.748632,579.903826,53.597431,55.968676,455.709460,922.767349,103.405679,15.426922,144.923826,108.743579,629.088937,160.733827,0.678747,192.066957,17.513189,197.719289,456.980275,443.762640,21.361151,17.923280,202.797675,20.699564,163.025232,64.008575,80.430211,4.873851,221.303087,209.729746
2012-05-13 22:00:00,4.219686,44.969338,479.013172,48.307070,41.569223,270.742641,926.937734,94.293301,2.547990,66.825232,97.578869,611.423169,132.752677,0.473544,179.415118,24.633603,121.959347,367.258455,642.393239,20.241091,13.813054,111.227481,18.696381,170.355377,62.424300,84.974600,50.715640,215.010786,147.678409
2012-05-13 23:00:00,4.650800,42.877741,378.774828,56.069158,19.602175,123.040199,1129.340455,117.800594,4.076784,62.614699,75.145754,425.229102,104.350757,0.978658,137.483311,56.872415,101.603287,283.976000,821.876184,15.280824,11.454728,93.208302,16.025469,143.501675,67.505573,69.151366,26.162465,152.552548,68.275331
2012-05-14 00:00:00,5.232150,53.754046,275.927242,51.212432,10.405444,63.417195,1165.205772,135.497096,1.829920,98.743787,53.161991,209.175198,49.229994,1.846823,79.465595,43.146681,170.990898,209.708656,805.253496,24.241307,8.557356,105.821727,9.867534,119.678705,63.796051,35.917099,18.529830,101.391851,47.528683
2012-05-14 01:00:00,9.817630,71.114302,132.201547,57.543521,5.623144,50.408540,1005.619012,111.329485,2.432172,113.684388,42.999686,74.258759,47.126148,1.531127,25.544664,25.300195,157.361189,125.138328,710.988127,39.682139,8.108151,79.612011,7.048239,139.907084,65.708773,25.240522,33.059424,56.880971,36.589542
2012-05-14 02:00:00,6.675727,118.279817,89.801380,59.841792,4.151667,34.418734,844.642123,79.106004,1.551958,115.178448,44.002090,22.668463,49.650763,1.120721,8.133325,16.907196,124.614485,83.926391,628.505930,45.282441,9.792670,57.169942,7.196623,111.925668,40.476295,22.831449,50.255843,58.203785,34.892089
2012-05-14 03:00:00,3.788573,127.482844,62.839222,56.719612,3.626140,33.334679,802.660240,64.050772,1.181341,121.562159,36.916129,15.633423,53.858455,0.820810,7.952584,8.514197,144.262507,93.156148,563.277661,58.323143,3.121975,41.771734,5.861167,68.649622,24.382379,19.491596,42.025471,20.735992,19.426406
2012-05-14 04:00:00,5.617539,56.054803,123.504077,66.302971,5.202722,21.545586,783.198440,59.296487,0.949705,77.691123,23.815742,18.134771,77.631914,0.473544,4.036539,4.090451,93.637873,83.282455,443.552226,35.521915,2.627849,45.211760,3.709599,41.232063,25.213157,12.483382,35.588309,27.350058,11.882171
2012-05-14 05:00:00,5.680412,30.882731,91.567884,73.225453,16.282917,42.389047,840.998901,56.573013,2.898579,51.694308,19.890318,34.919012,89.912326,1.708516,12.478960,6.047431,60.127671,63.601425,451.768984,46.560132,4.267871,46.474121,12.945545,30.246388,15.994092,14.281667,40.593504,21.303454,31.450066
2012-05-14 06:00:00,5.833999,68.782311,152.087530,75.774526,28.262561,79.321741,888.888852,65.255472,8.885815,73.580682,24.875653,78.789656,120.569021,6.815050,31.640402,13.876917,106.355613,76.968016,531.710027,70.221291,13.418348,84.654597,41.604104,44.554858,18.936271,25.550731,50.381526,27.724066,85.338970
2012-05-14 07:00:00,8.019400,114.278418,239.037807,67.374504,48.982172,130.797044,932.815568,122.395079,18.300109,132.961585,25.899916,142.726469,199.246992,14.677373,67.081106,25.533841,182.667835,144.275787,561.635202,111.870721,24.835101,170.944217,78.108376,66.007897,25.909814,48.824283,72.591145,41.360811,177.671494
2012-05-14 08:00:00,12.121688,152.243462,341.108207,67.932207,81.975985,189.407822,955.997836,191.643790,29.312316,193.356284,32.935545,206.349267,323.972174,21.353037,93.376734,38.757382,244.222084,234.399643,452.822264,102.931577,34.881042,231.249204,112.153439,93.987594,41.914288,74.108515,87.486395,55.220723,288.770765
2012-05-14 09:00:00,17.998644,203.945467,433.510182,78.674253,117.071871,254.824223,758.880031,248.504433,45.250033,288.684767,35.218428,285.627049,472.478154,27.451250,105.672432,49.711388,320.447592,327.146278,377.945456,118.214048,44.361259,307.154731,147.309519,119.023272,40.805690,93.993843,99.858889,66.187342,432.074918
2012-05-14 10:00:00,22.725576,257.712797,490.880258,87.948586,182.652493,331.007404,803.708661,286.318632,61.304182,351.201651,45.042204,358.598487,610.186398,31.898436,118.102791,60.237584,392.687488,402.931572,434.596804,129.418168,51.098458,379.470139,169.867974,138.731815,47.104056,113.929605,109.815304,70.702111,631.787102
2012-05-14 11:00:00,23.985272,278.595709,550.748351,116.440669,256.514188,410.696907,870.254961,317.931102,72.174384,387.150653,54.163656,448.738477,746.273958,36.210013,140.871350,66.001429,462.329683,472.746035,492.029718,131.024676,54.709496,446.604988,178.703137,148.551363,56.780934,127.543324,107.733122,76.427699,865.365688
2012-05-14 12:00:00,27.818603,286.304696,637.117022,172.253908,262.952285,388.051268,864.471158,385.535145,75.328280,471.026728,47.645349,484.748883,879.068330,41.177558,177.943932,74.725166,547.087449,518.676728,512.249841,142.490776,58.761353,444.888576,204.294040,150.550194,67.401007,130.765841,105.112741,77.722370,949.356641
2012-05-14 13:00:00,33.301522,360.341031,633.433797,190.105137,251.507704,388.047834,946.447323,512.539722,0.000000,565.118389,47.743247,496.369855,983.064822,43.646289,201.234825,85.358730,653.266910,506.305327,525.719947,132.894261,53.691323,255.316863,214.298877,150.762377,0.000000,145.306327,109.518574,0.000000,1010.348861
2012-05-14 14:00:00,35.595693,335.740096,331.950637,210.585315,0.000000,426.671041,908.723528,480.406002,0.000000,554.928961,47.534634,518.115729,1145.191618,37.298559,0.000000,111.600476,708.147791,469.269763,539.785795,142.156532,47.776408,440.624805,184.370771,151.818772,0.000000,140.803240,97.771032,0.000000,1021.050300
2012-05-14 15:00:00,30.737879,337.023515,559.952545,170.181517,0.000000,345.060931,939.767812,472.197331,0.000000,0.000000,52.064761,461.229829,1137.573429,32.119302,0.000000,103.211387,724.606307,530.410773,617.186176,169.688642,39.833470,448.313616,157.951329,140.433910,0.000000,127.201173,75.960062,0.000000,1031.009423
2012-05-14 16:00:00,19.580387,381.554828,662.446648,124.319553,0.000000,288.153651,852.749626,441.610586,0.000000,325.633894,50.547151,398.781823,1156.114279,21.484779,293.657736,69.423106,682.343715,636.844979,692.534384,217.058529,30.591491,275.172737,129.765102,206.685465,0.000000,103.400393,46.702805,0.000000,868.773081
2012-05-14 17:00:00,10.203917,439.547822,559.464014,103.126147,278.131364,227.376482,948.176598,440.988511,115.569419,661.991255,33.532396,284.409851,1087.934984,0.000000,252.654435,40.678752,602.356543,731.153585,606.503331,227.645148,20.502542,0.000000,82.713038,0.000000,0.000000,167.185024,25.360662,47.659871,872.002012
2012-05-14 18:00:00,5.539155,391.860720,812.778591,128.963399,176.209361,227.922483,897.188983,456.147144,119.037469,560.408345,18.121597,162.900266,891.189125,0.000000,271.050576,23.906412,601.123281,814.579682,541.815457,170.729202,28.075314,0.000000,89.623921,434.381542,0.000000,389.010652,22.759965,252.979103,624.096878
2012-05-14 19:00:00,4.173962,465.066620,1166.548192,116.691495,60.435659,366.139447,883.009671,338.742740,46.697711,341.868106,26.892087,234.345009,803.037982,4.009342,255.687630,17.694987,501.644105,650.590518,519.090770,133.607201,30.388720,646.233303,73.672643,434.804435,113.720034,431.990717,11.816790,225.343031,665.590173
2012-05-14 20:00:00,1.521961,448.752162,966.506377,106.978045,54.917621,711.275336,923.879452,333.724329,17.094698,269.338281,28.862329,349.563336,720.567222,5.903519,207.911878,20.149257,384.286998,697.597883,528.769803,94.405088,30.433640,590.373846,60.763238,357.767436,90.999212,410.309054,9.241925,239.321949,491.129728
2012-05-14 21:00:00,1.045124,377.637860,686.665273,105.503682,87.868193,705.177529,742.050634,272.182763,3.080752,264.856101,29.035158,334.398915,427.922257,2.304582,214.418538,12.756146,314.545368,620.754793,589.789796,56.643053,15.722176,526.979097,43.847464,306.879318,92.853973,319.038011,10.667297,229.668988,418.893674
2012-05-14 22:00:00,0.803439,232.899339,760.376333,113.525951,132.432923,639.863238,604.427905,279.974506,13.342203,334.533629,19.322206,321.266840,207.649591,4.325038,136.097633,3.878353,417.387720,455.048465,561.804765,88.884791,12.173456,441.961331,23.667244,300.817852,98.978549,296.370818,14.299695,251.441779,289.698642
2012-05-14 23:00:00,0.698926,201.734542,886.489651,120.334039,107.838237,706.939118,771.243334,224.111669,40.026610,431.104238,19.322206,388.803227,114.659602,3.062253,135.856646,4.151050,345.875999,355.452952,580.110763,94.485092,25.200402,318.284235,18.028653,188.962667,82.807351,228.204982,9.103986,259.664673,288.567006
2012-05-15 00:00:00,0.672798,196.087230,802.993937,114.696769,49.241924,738.647715,955.018332,197.963106,39.146395,365.093949,11.061012,408.188671,96.356142,2.257228,162.124272,3.999552,214.889182,226.021714,507.097185,58.403148,19.697640,373.488449,18.102845,154.778820,92.023195,217.856916,7.356756,241.073783,266.500117
2012-05-15 01:00:00,0.424581,164.085794,715.584361,69.902152,76.569353,656.937098,981.152749,146.986616,56.009457,280.068349,7.085961,333.773578,70.689222,2.099380,104.166803,4.332848,107.444591,166.350264,514.461667,22.721225,13.161707,349.572083,14.912589,134.691405,99.268355,201.376661,6.115304,213.330456,301.769418
2012-05-15 02:00:00,0.293941,111.272967,684.273469,70.856151,91.021358,715.205034,1057.053769,159.664707,64.533642,221.664183,8.434022,336.587595,47.967687,1.878392,62.897711,3.514758,91.336753,90.151111,605.781243,9.920535,16.687967,293.385005,15.135165,116.436526,77.281709,200.500635,5.931385,221.231584,250.280011
2012-05-15 03:00:00,0.855695,53.440306,625.782981,87.334326,90.863700,617.640118,1143.241741,213.018339,58.348975,188.523215,16.073034,293.595682,43.339226,1.752114,36.630085,3.454158,38.942026,53.446730,599.679243,10.320556,9.051481,251.121839,9.422382,143.924567,91.134455,225.686405,3.770338,210.541823,196.527334
2012-05-15 04:00:00,1.228020,14.641180,614.911144,92.711414,58.070786,506.795534,1153.250667,242.072297,24.900813,139.626704,14.828670,244.819402,29.033073,1.641620,54.643893,4.787342,16.461857,49.583111,483.530843,6.320341,17.069791,246.862760,13.206174,140.611906,96.196407,222.784566,5.425608,218.979226,217.273981
2012-05-15 05:00:00,4.117503,20.439195,594.575118,86.400403,34.641943,520.839602,1140.873621,187.862326,14.592744,98.097180,19.579090,247.174345,39.283194,2.234856,61.379516,5.012317,30.594184,47.855163,471.411235,8.373223,20.499110,194.667155,19.376121,129.179730,90.441320,177.850826,12.428662,238.357377,203.518124
2012-05-15 06:00:00,6.725695,55.602038,628.162347,62.615715,54.252517,649.229526,1060.120292,153.467864,26.114791,104.546292,21.186114,375.908902,114.709084,7.279584,77.227885,13.607181,82.177612,92.074536,376.203354,29.285440,19.077344,273.576602,45.164957,141.875028,84.907238,188.161258,40.833955,172.144535,213.875001
2012-05-15 07:00:00,7.950506,112.020063,777.152504,48.456804,70.508152,680.228479,1108.545647,177.792424,27.382758,149.418425,34.264111,477.750975,208.037046,14.013739,68.072510,26.636512,173.930523,176.855920,356.533477,53.576535,26.930001,342.740171,80.096234,117.454167,78.926860,188.573100,92.532786,208.657085,273.325741
2012-05-15 08:00:00,12.028412,158.806888,838.506090,53.515812,105.463249,703.332281,941.257441,249.962843,43.425527,225.608855,44.590882,445.201582,296.029784,20.616813,94.022044,41.861308,250.137997,250.701618,326.378961,81.256484,38.777731,365.738952,115.514031,134.903152,110.681944,168.710890,83.285901,269.075554,350.404222
2012-05-15 09:00:00,13.458496,190.000368,914.976157,66.646352,123.403102,567.531351,689.919590,333.243916,45.529402,287.438564,61.708133,389.416266,374.461693,30.558897,107.825679,53.668927,313.467155,337.252142,333.138784,109.630177,48.367695,435.702825,146.050792,165.523544,108.746465,218.879243,100.243171,285.597759,431.071610
2012-05-15 10:00:00,15.178383,219.526773,994.239823,77.153944,128.225487,678.604534,607.007332,397.056367,47.867305,319.152201,83.379550,426.282827,453.609760,41.607184,117.397781,60.050669,376.041212,404.723481,358.097291,119.980952,53.416832,507.197579,194.949577,192.856654,109.852004,237.347217,103.317452,306.053550,509.892027
2012-05-15 11:00:00,17.203834,238.663792,1021.136735,89.703107,0.000000,724.912649,698.172354,377.649400,0.000000,335.791498,110.569746,448.523428,518.493221,51.265934,124.261760,67.283191,431.718083,440.509816,383.923988,127.254903,57.459035,505.809705,216.569526,0.000000,108.274214,203.652280,124.753844,344.915335,498.681626
2012-05-15 12:00:00,18.358693,254.507896,999.659962,97.449055,154.916086,695.688058,737.322235,374.624843,55.960855,345.119824,129.204533,485.407818,584.194434,0.000000,127.233742,77.481502,498.291952,445.970919,382.666258,131.253147,64.186405,500.309871,266.794706,183.554436,111.462489,176.364129,146.360038,379.303765,475.559439
2012-05-15 13:00:00,19.479316,241.720326,957.640345,95.299456,141.006990,666.734266,664.051052,367.313799,51.312418,354.889742,118.533178,500.739645,649.345387,51.714805,125.119468,100.796722,522.093327,418.211697,372.662513,121.789126,73.780521,492.697986,326.866606,0.000000,112.437098,145.163812,130.833134,385.537137,426.353965
2012-05-15 14:00:00,23.988194,0.000000,854.556506,88.970158,0.000000,652.645317,745.488775,316.624198,0.000000,322.944457,183.512238,466.161872,0.000000,43.580010,0.000000,119.426853,552.575717,383.746637,377.691466,107.197656,55.905765,494.722010,262.411474,0.000000,130.222973,125.145521,101.235958,378.198780,383.411573
2012-05-15 15:00:00,20.091393,0.000000,708.645211,92.795808,0.000000,554.396858,930.783071,232.418496,0.000000,245.299586,202.477445,363.838404,0.000000,41.566185,92.512047,103.220014,516.045729,346.726948,488.525002,89.587582,46.914986,500.222410,215.495266,0.000000,154.106458,127.260127,91.094340,362.641747,381.787819
2012-05-15 16:00:00,18.330423,113.065716,732.415763,85.613230,84.909034,531.393452,899.982595,161.375455,25.094755,188.640369,173.335190,266.144445,369.041303,24.428056,89.057795,84.489171,409.875029,292.716262,597.289600,94.989791,37.759775,562.774666,137.335377,0.000000,168.223218,82.406528,87.446750,356.650455,423.484718
2012-05-15 17:00:00,17.233435,80.304632,958.640418,66.953301,98.078390,583.808615,624.974090,105.395756,24.065197,150.650788,161.991852,194.805857,322.954003,12.436227,56.374403,49.515800,296.899665,218.904715,457.450744,87.084177,42.887309,573.555759,113.146716,311.365585,157.651168,218.197385,64.524735,352.902563,531.980872
2012-05-15 18:00:00,18.661988,70.800563,1054.133389,61.402883,97.117477,569.128674,419.262779,63.126327,41.207950,149.134358,159.885563,208.080859,274.762275,8.002898,41.269092,32.905404,230.465993,163.345227,324.037205,93.765054,40.046628,553.188812,103.052670,375.317493,155.587400,271.239799,47.910877,342.537137,670.493926
2012-05-15 19:00:00,5.558751,100.082922,1036.303575,98.955775,89.392223,579.969220,299.989747,78.445687,54.086883,165.161548,155.545488,202.296492,234.368434,4.703873,25.062689,11.695659,183.204534,169.140656,233.138457,114.806188,37.733222,529.927690,50.895703,411.474841,137.947850,297.192093,46.071687,338.032422,664.647144
2012-05-15 20:00:00,4.448307,183.746807,842.349990,106.978045,131.381868,606.257545,253.003401,79.370131,65.274876,184.720153,182.264746,169.778972,149.793828,2.336152,48.137233,7.726407,188.868828,121.060063,154.654121,89.844842,43.887331,450.807110,80.349922,395.263944,85.125802,285.748993,32.093850,324.732786,588.450366
2012-05-15 21:00:00,3.736317,231.016902,855.831068,78.921784,173.739382,721.980375,326.680215,74.219657,80.516490,166.791432,203.384367,274.835574,176.933441,1.089152,88.803856,6.847718,136.297093,131.792338,154.654121,57.603105,46.088435,387.903793,80.424114,372.991582,101.219718,259.632444,37.703377,323.088207,451.333886
2012-05-15 22:00:00,1.332533,137.836250,806.907799,63.050700,164.174782,919.007302,545.208428,69.465373,97.541697,108.251442,193.014668,498.549856,252.671893,3.551582,128.386036,4.878241,114.347950,138.446349,199.261840,26.721440,44.111933,363.987427,61.060005,332.111930,79.310354,250.160404,19.219526,329.022991,356.653731
2012-05-15 23:00:00,0.627074,84.918843,708.626385,36.295348,126.389357,980.120881,609.154342,73.559340,70.185548,83.124069,182.748666,611.266835,241.942279,3.788354,117.059629,6.665920,113.639914,106.893460,255.021489,13.760742,49.884218,354.322594,31.531595,295.884101,52.609523,204.168997,17.472297,327.878936,277.816471
2012-05-16 00:00:00,2.005331,45.178498,597.081330,18.039265,95.593447,942.720997,578.293488,76.860926,36.505750,93.582489,192.945536,696.625324,182.824209,2.257228,70.910542,5.999328,83.548348,71.047661,229.771836,18.160979,46.762243,358.090241,22.257596,345.996916,49.228449,254.321531,46.899323,320.335325,275.175988
2012-05-16 01:00:00,4.337263,70.068504,578.381769,10.624086,73.889163,803.148965,438.724579,55.730774,15.287941,126.723458,180.156241,612.517508,110.241525,1.657405,54.583646,4.332848,53.456782,52.373503,163.701913,10.880586,48.312000,378.238960,18.696381,328.376376,57.478271,261.165491,39.772465,309.288047,280.834165
2012-05-16 02:00:00,10.020122,139.823267,576.424838,12.098449,85.818636,710.597802,312.778930,38.034273,12.600970,144.652178,178.289695,595.789746,71.530761,3.078038,28.014785,3.575357,36.463898,41.211936,82.692611,14.080759,50.198661,332.699579,19.957645,255.779753,55.121179,218.623439,70.578882,289.088330,236.134570
2012-05-16 03:00:00,8.968467,122.358432,444.440728,13.312631,84.715028,593.926424,298.599618,25.752372,23.951108,149.541829,173.277674,532.943386,60.801147,2.746557,21.688866,3.938953,30.268575,47.007365,71.751095,3.680198,54.960235,241.784627,20.476988,232.027265,58.309049,187.414984,103.730266,244.327189,158.428945
2012-05-16 04:00:00,6.146633,63.375393,329.416684,23.199535,58.123338,540.943254,362.267507,37.506019,10.516250,151.171713,174.452906,393.649588,48.388456,2.509785,16.989612,5.332736,60.006123,55.378540,100.367368,7.600410,52.220084,240.474142,19.364109,254.370110,84.990559,145.584704,132.848637,206.466128,158.428945
2012-05-16 05:00:00,7.714282,35.115405,312.271501,25.936304,55.181522,598.883052,358.681799,54.302591,6.640001,129.970903,166.278278,349.931137,53.099134,4.034556,23.765596,9.451435,78.418046,77.516385,120.786168,16.468025,47.459373,261.502730,27.786117,258.033264,84.890169,113.426444,131.860947,197.362839,153.255116
2012-05-16 06:00:00,6.071827,61.626509,330.705680,42.955857,48.417622,642.063233,317.581920,84.281640,16.941460,204.779495,148.740899,363.776721,118.807986,9.806927,49.201539,20.156680,127.552126,139.116801,121.704966,29.313016,41.366973,253.121295,48.223966,255.782902,85.880581,98.840262,131.830385,146.446091,164.453809
2012-05-16 07:00:00,6.242448,101.962006,350.708803,72.599579,63.373190,542.608733,347.414468,139.626272,22.871814,228.930229,137.970384,319.041868,210.304736,19.987513,84.334745,29.842014,236.442690,258.187692,181.997349,58.203983,45.196251,251.509829,80.921044,146.402611,80.705755,77.866894,137.797227,149.246350,217.481815
2012-05-16 08:00:00,7.457414,143.504512,435.169710,142.614232,77.636771,495.777913,458.563118,186.729519,31.559196,290.465828,153.517559,302.538396,306.074510,40.618028,90.852168,51.045544,362.774282,292.796851,229.858278,79.414475,44.525878,301.580246,113.472017,174.888177,105.776538,91.397322,150.316693,136.860964,289.271039
2012-05-16 09:00:00,10.528335,186.567696,457.377091,179.611382,95.125946,414.261426,530.418233,228.326834,39.772671,333.954702,160.552850,430.169725,454.807025,52.820523,129.686162,75.702724,549.597443,365.664435,310.794961,111.297871,49.421430,367.024522,144.340648,202.366088,83.693183,111.380843,141.064354,113.412058,359.839259
2012-05-16 10:00:00,12.828427,208.097719,493.287388,180.397493,105.680248,366.868394,637.038144,260.089062,44.793358,337.764399,168.333358,564.540416,496.218585,55.169255,139.703788,90.879100,508.354300,422.245322,340.976921,130.453875,57.843147,384.672416,171.144097,173.298568,65.931900,115.736678,124.438007,103.031737,401.400340
2012-05-16 11:00:00,14.624669,217.328041,491.797651,183.551045,110.088482,382.466711,785.646748,283.720402,47.156056,343.409848,180.905687,532.315629,479.777611,51.943470,138.618000,102.425355,479.300457,446.830997,384.272150,148.844260,65.550462,381.710107,199.011498,158.213616,53.976371,116.718960,116.324383,94.546107,417.562931
2012-05-16 12:00:00,16.972647,214.117009,485.093832,173.227295,114.140251,347.076021,884.676124,281.882297,44.868539,314.098860,179.057381,451.262655,481.465091,57.459760,121.738161,99.423619,486.269407,465.451832,453.180289,163.067876,68.181556,371.598310,228.473897,153.714906,51.423338,113.879973,121.740838,88.521382,402.770070
2012-05-16 13:00:00,30.458893,199.089913,449.668027,130.711911,107.480610,347.156769,914.685336,267.755286,40.028230,291.057180,162.147836,413.992992,459.876664,77.771483,107.609370,87.661418,533.278258,425.803675,518.988938,200.068397,63.901882,346.068984,233.072143,143.426281,44.253679,106.143290,188.658593,77.302980,374.156989
2012-05-16 14:00:00,35.173386,174.274564,401.313913,107.864688,96.702418,326.346595,768.155288,244.303839,37.225569,262.123900,147.687772,335.909099,459.169456,90.285830,96.716000,81.524525,616.157105,371.728283,567.127008,189.390534,52.876186,318.144682,195.011134,125.588097,35.858083,93.108111,210.626480,62.117734,326.032081
2012-05-16 15:00:00,27.253731,137.262051,314.020412,98.726422,80.045542,240.639068,693.791652,202.150807,32.175867,202.466516,135.319786,249.600874,412.847404,91.349503,77.404172,60.030369,585.336621,332.366818,519.498298,188.614732,37.015783,260.255933,138.978475,106.874960,26.942548,76.783782,120.816351,45.082381,257.428099
2012-05-16 16:00:00,19.584115,90.820785,209.308147,89.627776,62.521894,205.383461,622.799501,140.361884,21.499394,133.798517,127.354740,167.616753,342.010773,82.221928,47.700624,46.022378,623.620137,290.153697,400.171298,221.650984,21.167857,179.276158,84.646278,71.918561,15.931912,50.241063,87.705255,26.327554,174.688678
2012-05-16 17:00:00,15.905470,39.111043,132.737478,69.519824,38.972099,184.726513,514.444425,71.055390,9.491106,60.233758,104.475778,117.488220,236.410327,57.617794,17.603937,38.048054,730.458838,264.192819,298.473222,221.454111,6.729847,86.586145,48.810925,31.488262,6.751688,21.261570,51.859579,8.148471,92.491119
2012-05-16 18:00:00,12.195286,6.274791,171.122726,87.171112,21.546626,183.476244,457.352302,29.582212,3.196570,16.298837,79.936062,108.495955,232.895742,33.605860,4.036539,28.027163,792.116220,372.914281,293.948036,210.091323,2.582929,35.874548,38.950793,6.695805,2.434374,3.832617,30.024762,6.614066,62.428548
2012-05-16 19:00:00,8.903147,9.725927,197.432574,117.168495,24.857449,233.478263,428.715653,36.053321,3.706168,15.891366,64.464963,81.137465,394.471107,27.481354,8.133325,15.907308,785.212861,651.019809,278.377417,147.847969,2.785071,32.106902,19.141533,4.158447,4.250494,2.682832,27.265979,24.168156,102.978814
2012-05-16 20:00:00,8.739846,14.850340,159.163705,136.985668,10.090127,196.484899,343.639784,40.807605,1.436140,13.582364,54.544618,66.754716,455.693023,18.578721,66.572769,10.544273,574.571900,777.875301,219.882389,123.526658,3.256736,27.520201,17.880269,4.863269,6.143896,3.285101,28.185573,82.443444,118.633103
2012-05-16 21:00:00,8.315265,26.877023,131.984110,97.394685,4.939958,151.090112,286.922538,67.352358,1.829920,15.891366,56.169204,55.654985,408.777259,8.886848,244.782950,5.332736,560.234153,715.628105,175.905911,105.525688,3.526259,36.038359,17.954461,2.889768,9.930700,5.639423,30.024762,75.185847,152.393556
2012-05-16 22:00:00,5.153766,66.199049,144.595442,63.917972,5.675697,143.772744,317.227341,102.217108,33.587143,27.979670,62.494721,50.339622,325.254577,8.381734,324.188298,4.423747,564.305365,549.707132,208.309632,93.445036,4.761573,51.764189,13.428750,4.792787,13.814105,7.172469,18.989628,59.383591,121.273585
2012-05-16 23:00:00,2.789174,83.663885,202.216182,66.346335,41.201354,135.777841,380.339178,155.702803,47.045164,39.932151,73.037248,45.649595,279.390736,13.164531,308.403623,5.908429,469.959456,462.131767,233.138457,129.286968,4.694193,85.509198,8.532079,7.118698,41.384355,12.921395,12.874324,64.889354,106.185114
2012-05-17 00:00:00,1.241084,119.639355,240.919925,45.445071,62.275005,112.877187,449.011530,250.392294,49.616318,85.297247,89.075716,48.463611,277.918044,14.932430,328.044096,4.999440,411.723425,489.391745,251.444455,145.607848,2.807531,132.031443,5.416015,16.704272,61.690124,35.917099,7.356756,77.938729,93.359914
2012-05-17 01:00:00,0.979803,156.869784,240.702488,20.033991,70.946209,89.434506,406.751621,339.667184,57.283452,163.124194,114.688873,53.153638,230.160742,15.974227,343.166055,3.151162,476.862815,492.396783,196.105633,94.325084,4.289908,158.732591,4.748287,27.629006,69.978587,80.101701,6.161284,72.790482,107.882567
2012-05-17 02:00:00,1.025528,242.206946,213.088020,11.404631,60.015237,105.153298,219.918341,322.498936,61.568708,205.093699,125.127704,45.180592,285.491889,21.909316,376.362069,1.605881,432.610512,338.710603,124.354538,53.362876,8.961640,259.148564,5.119247,43.839903,59.081866,117.935108,8.322331,84.445540,85.815678
2012-05-17 03:00:00,1.214956,297.111371,216.567008,7.892178,55.443148,124.801788,157.640581,327.253220,31.873041,202.784697,148.563224,59.563341,308.003040,30.227910,338.466801,1.151386,401.810909,281.614899,111.098470,32.721764,10.219414,280.443958,7.567583,44.756171,49.537575,161.517442,10.805236,114.476977,83.175196
2012-05-17 04:00:00,0.836099,349.819618,184.386368,5.463816,60.698423,121.007597,147.075603,319.461477,11.720755,204.686228,156.928115,74.415093,301.481118,39.130543,312.018434,1.424083,493.324672,255.213502,109.204746,24.481319,7.479264,242.276060,6.974047,24.245862,40.727461,141.259322,6.943171,105.860814,110.711655
2012-05-17 05:00:00,1.385846,324.420361,318.213002,5.137868,80.697549,118.462172,141.963140,267.702099,12.596913,229.376369,147.809183,120.702646,362.959372,46.132720,286.162866,3.859895,432.257730,245.195714,93.593612,35.752946,9.000119,303.907873,14.703838,27.806220,52.336193,157.120955,9.845460,91.711420,202.990344
2012-05-17 06:00:00,4.130303,283.113362,494.215843,10.039375,113.243177,170.861972,168.564908,332.879143,26.131812,232.593295,144.914289,198.975709,399.789746,60.098454,243.704520,11.425691,472.297267,264.077481,114.666863,62.913262,17.608839,402.305652,37.107438,80.692137,51.331531,167.530537,23.149945,100.794400,335.058954
2012-05-17 07:00:00,8.465419,266.798979,529.890648,20.806265,121.379101,209.224038,246.667448,422.007042,32.372780,239.521535,167.163006,247.746222,388.738176,92.528164,176.293762,25.578773,504.623997,295.847267,205.936455,77.356471,30.861815,486.476819,73.218073,161.994661,78.836297,192.928322,38.879432,89.433689,439.023973
2012-05-17 08:00:00,12.938109,269.049454,490.597417,35.937509,154.362681,292.136495,354.693275,504.365146,51.440923,290.231146,199.630729,309.648277,495.756845,101.449104,149.700980,39.998145,535.044513,357.375039,221.497052,84.579823,38.754988,554.295950,105.401451,153.020213,95.567883,158.893757,58.906114,111.639043,497.306488
2012-05-17 09:00:00,14.528125,312.331503,576.242617,50.442949,170.274136,382.268181,475.026576,659.590384,52.740426,369.591867,227.753356,383.226463,609.277468,88.668685,147.830806,50.739018,609.371835,611.160922,286.695738,105.855261,51.578413,530.821294,127.889597,178.510507,112.524140,146.892252,79.870917,129.496685,517.716728
2012-05-17 10:00:00,16.269937,435.821777,613.804096,50.108605,208.246302,425.924034,508.430302,848.307392,53.122180,474.659274,262.444100,451.742502,609.237684,89.571702,125.585845,58.634748,577.122439,734.791643,348.727032,136.031174,69.127001,743.284718,151.190956,422.527659,118.703454,272.665638,104.831548,133.930221,567.095935
2012-05-17 11:00:00,15.846399,534.559101,660.612632,57.232052,255.206674,411.834867,530.683896,846.803917,57.873148,602.676327,272.876051,489.851434,588.561856,73.554471,148.240720,65.085631,518.774869,838.507214,449.312374,143.266657,73.211131,0.000000,164.726775,508.566505,0.000000,334.057625,125.482235,0.000000,663.569623
2012-05-17 12:00:00,15.775121,0.000000,618.175743,78.980999,0.000000,411.634720,589.284993,811.342901,0.000000,0.000000,315.603151,438.698930,608.129823,66.922758,141.813142,71.629697,530.063683,910.227122,520.319899,136.308192,65.662966,0.000000,165.823449,532.376686,0.000000,0.000000,133.403136,0.000000,822.705345
2012-05-17 13:00:00,18.414414,0.000000,686.905481,81.898005,0.000000,395.216169,602.201521,0.000000,0.000000,0.000000,293.085631,462.596355,657.128144,53.560096,0.000000,79.911879,573.900204,906.883713,548.545790,134.309832,68.899342,915.895976,157.011117,582.944856,0.000000,389.806981,158.973534,0.000000,964.138832
2012-05-17 14:00:00,19.798027,0.000000,609.275249,93.948501,0.000000,340.052869,612.536488,0.000000,0.000000,0.000000,292.980798,414.001755,491.830891,56.000496,0.000000,94.227155,660.011044,962.123696,680.199117,176.037983,67.343941,1063.421853,147.067940,542.996030,0.000000,333.464106,133.413304,0.000000,982.444789
2012-05-17 15:00:00,12.956529,407.900705,268.631146,118.073223,0.000000,286.744142,620.797974,0.000000,0.000000,0.000000,278.964278,313.254504,460.424735,38.732850,0.000000,76.154849,615.635088,922.281112,612.417345,176.199534,58.375873,862.020623,127.998475,569.223016,0.000000,310.129729,125.231332,0.000000,1131.957134
2012-05-17 16:00:00,9.609763,471.034899,407.626248,123.946149,0.000000,316.635748,614.014192,636.218008,0.000000,601.836833,270.408694,273.697476,547.315595,23.537751,0.000000,42.376569,524.914834,791.116377,528.214911,200.860531,49.208656,863.865745,64.683973,520.695531,0.000000,362.119214,92.174207,0.000000,1000.998440
2012-05-17 17:00:00,5.565069,424.903577,474.231993,97.121813,249.269490,311.941976,626.576186,488.397353,77.022529,461.684274,260.949684,171.337692,690.273900,6.945680,262.737311,19.868231,632.891436,673.798600,389.083874,121.672802,27.556942,627.578089,39.050925,374.606181,73.400757,344.497388,69.055073,123.485884,884.046070
2012-05-17 18:00:00,13.965464,368.225673,466.184403,87.168019,274.903421,267.761491,526.318727,407.283669,66.572035,331.409686,260.561344,78.479783,657.451845,1.720544,140.616147,9.423187,550.144628,490.935157,250.794216,38.962100,22.639933,276.348690,28.415531,198.336794,71.562862,185.170166,57.934457,140.182456,542.807741
2012-05-17 19:00:00,18.877545,299.830447,411.390341,97.915049,186.299489,291.475185,341.971630,253.297690,80.539654,231.579309,238.226556,109.277626,579.819931,1.325924,139.230469,6.484122,452.789562,401.816380,227.036457,53.282872,23.875247,108.115077,46.444184,196.715704,56.879338,131.349269,44.002600,122.020588,223.686581
2012-05-17 20:00:00,23.273596,164.713273,488.580389,105.156773,168.694319,313.427291,270.519021,125.592338,48.967739,122.784572,188.797657,153.520213,587.183392,1.878392,143.447749,4.151050,412.254453,338.495957,211.045011,99.765377,19.136134,85.836819,59.947126,229.207979,26.217820,100.469324,37.841316,156.985760,50.923589
2012-05-17 21:00:00,18.283131,131.143139,627.957349,117.602131,151.772334,325.758413,276.357561,96.274252,38.173526,81.494185,136.568938,174.468999,568.459163,3.062253,169.233401,3.151162,424.291079,307.587005,282.375279,57.443096,35.374896,86.492062,48.076408,208.697671,75.909958,98.498264,24.277296,184.693336,81.666349
2012-05-17 22:00:00,9.987462,92.971492,660.790299,129.570489,95.173025,314.511346,340.581501,93.632983,19.179417,69.405881,125.162269,202.140158,399.730722,4.546025,170.197350,4.605545,361.629818,335.276275,227.036457,70.563803,62.169975,73.223393,42.141049,134.198030,104.987201,98.498264,13.058243,164.743882,102.790208
2012-05-17 23:00:00,9.086043,86.069221,728.195693,140.845030,53.866566,301.367184,399.800978,95.878062,23.696309,85.433071,121.982228,207.299187,352.183804,2.935975,204.056080,7.574909,379.507749,332.485883,226.826044,43.682354,30.995147,70.930043,27.080075,80.561107,80.508220,79.992197,23.817499,184.907846,85.061255
2012-05-18 00:00:00,5.264810,61.179216,686.012963,150.385026,37.575214,274.807846,397.576773,113.310437,29.904139,82.580774,111.094044,197.919134,320.415731,3.141177,183.632398,6.181126,365.878040,248.344846,277.325348,56.883066,35.666879,33.745009,24.334972,45.531474,55.623510,44.129850,11.678851,184.121309,74.122113
2012-05-18 01:00:00,7.165629,33.047234,662.747230,113.135678,18.866436,263.289765,366.159867,129.025987,18.067567,85.025600,108.674448,212.770885,208.280744,1.925747,148.086756,4.969140,650.508851,264.872550,319.408102,105.365679,28.457138,27.356391,17.731885,40.809170,29.367049,25.021516,31.496114,159.130863,68.086725
2012-05-18 02:00:00,5.604475,21.020551,583.600251,103.682410,15.030086,185.508846,328.904421,164.154864,12.299844,88.421191,88.107878,165.870617,248.884970,2.162519,103.564334,5.272137,980.454021,290.200719,209.151287,85.204592,27.423967,20.967773,16.248045,17.479575,18.528290,20.258120,65.383173,150.085680,43.756566
2012-05-18 03:00:00,7.191757,39.949505,535.981602,130.004126,15.450508,238.627523,316.949315,155.042486,27.286659,145.467120,93.984040,195.574120,291.593042,2.620278,90.189534,6.484122,736.004300,241.261545,190.424461,137.127391,26.705239,20.312530,16.470621,15.858486,13.930028,15.823234,60.739221,155.555692,28.856701
2012-05-18 04:00:00,12.338990,26.772443,442.483797,127.358945,15.292849,309.497593,319.451547,139.194873,21.611590,130.526520,62.771246,162.431264,251.199201,2.225658,70.549061,7.120414,272.771194,222.802031,207.678391,114.406166,19.944703,23.261123,19.512493,17.620540,11.379732,14.016429,31.811602,149.728163,33.383242
2012-05-18 05:00:00,5.200078,18.942091,488.052654,95.297534,12.710357,210.437592,340.038505,148.664181,4.559275,97.556539,58.545532,288.870380,197.022013,2.149763,73.721501,10.908567,193.938852,262.540808,205.221051,84.348178,20.438813,30.879866,24.569922,21.363226,11.394819,14.153022,36.690324,178.766710,48.099503
2012-05-18 06:00:00,7.524420,46.919867,455.770961,95.634141,25.196056,141.935454,437.709372,175.854876,9.146304,111.904843,59.888811,263.002525,240.035609,2.681931,105.720525,9.777120,187.965381,294.467120,222.935507,90.222715,30.805153,75.461992,53.626312,34.445857,14.523987,30.573558,58.017750,152.198698,90.404610
2012-05-18 07:00:00,2.564660,110.386559,387.360021,85.191129,46.778734,189.751536,425.369409,217.873357,20.688638,149.709503,53.225206,456.328412,421.266012,3.198699,133.882040,30.844692,423.831827,304.641593,284.296448,122.075467,26.045351,141.128721,41.570554,58.660734,16.199970,63.738555,61.861293,118.504969,162.964446
2012-05-18 08:00:00,8.554251,174.541960,502.184232,73.326954,78.663292,303.696666,526.270533,303.471302,51.925337,218.360725,50.224251,427.794214,740.704702,3.105146,204.562653,36.179480,408.360882,390.989455,321.954968,221.572871,48.268322,212.308544,112.172906,99.305775,14.764798,97.855077,77.589709,118.807174,262.828966
2012-05-18 09:00:00,14.131645,200.398802,729.905005,108.370168,123.421108,348.099739,608.355086,344.317063,76.985305,282.005618,50.396540,525.500871,1024.970405,4.001984,274.540063,67.063754,498.590005,516.833737,349.579008,251.610316,55.690269,275.076406,135.197845,130.876275,12.471869,127.214049,62.363832,102.008784,363.559783
2012-05-18 10:00:00,10.643386,227.411714,789.134444,127.295356,169.033484,389.411065,661.169604,359.267974,92.751890,331.443245,55.036914,365.446619,1266.431725,3.832030,321.751858,70.769212,544.794601,620.773542,387.320503,270.535452,84.430285,322.688058,161.069363,147.298324,9.937226,134.466297,80.734428,74.032759,403.970539
2012-05-18 11:00:00,20.602755,240.556739,821.207655,99.145051,196.090338,342.558344,730.537367,367.996973,96.142530,364.018077,60.609389,373.466975,1268.713658,4.272672,289.409937,73.161277,689.416318,712.986180,479.951477,300.228737,80.101773,369.916303,176.232435,156.168945,12.329495,128.952808,72.115825,58.121302,438.625720
2012-05-18 12:00:00,20.767442,249.102876,866.356662,94.342658,205.500617,362.178700,798.453497,338.406190,89.900576,374.018223,66.427222,374.185894,1181.196752,5.669434,252.901229,83.705275,787.580217,738.665152,579.685372,345.445073,98.856631,392.234000,170.621081,158.272638,0.000000,131.461412,100.059707,0.000000,464.609768
2012-05-18 13:00:00,24.024332,232.308796,828.911867,105.134664,199.572021,391.977747,917.421395,302.366508,94.738460,385.804928,73.231747,373.917642,1062.116135,6.329654,230.842894,98.509216,745.351104,800.268260,724.178427,438.403255,90.135345,387.852490,183.471096,152.318149,0.000000,126.649187,118.745789,0.000000,459.548468
2012-05-18 14:00:00,25.691146,211.750935,851.359441,98.851459,199.101172,365.477039,1091.296249,257.031788,0.000000,388.192977,69.430503,386.451097,1113.641858,6.162002,247.869334,81.985025,770.861426,812.972485,833.471453,424.498050,80.356937,355.933630,189.530918,152.258782,0.000000,119.300618,165.743074,0.000000,443.991045
2012-05-18 15:00:00,19.772309,175.251615,745.943428,90.409181,175.870068,325.331802,1255.587675,200.626594,80.973185,365.606159,58.710758,355.181383,1016.922198,4.883686,236.373788,54.602547,876.144350,798.032973,880.447620,403.901053,70.521272,340.593374,183.157550,141.160128,0.000000,101.998323,171.370062,54.448606,419.095194
2012-05-18 16:00:00,33.466828,138.293252,633.260657,93.962161,167.142715,337.404907,1488.202381,158.614103,73.393806,377.255428,44.265379,316.872083,803.616146,5.324317,193.287788,56.229021,696.309902,924.280172,1073.232418,485.246822,41.991486,335.351424,213.926307,109.779974,11.793942,84.530398,149.538721,60.500076,410.555803
2012-05-18 17:00:00,37.003319,111.938761,549.024926,88.870757,180.455463,327.945203,1224.589157,160.708867,63.521155,403.806626,26.545936,244.756929,697.264453,4.820249,179.912481,53.041299,681.280788,1092.143732,1130.785427,440.885720,25.733304,348.706165,193.726359,85.044620,9.470718,70.394035,128.805322,50.514422,358.614946
2012-05-18 18:00:00,32.137550,70.277663,475.099310,93.342117,194.760481,264.373820,924.140648,148.836149,56.843345,434.092359,13.105572,208.549861,672.599536,2.841266,200.140034,38.329039,806.099948,1013.490455,1001.148716,380.820525,9.343464,365.297913,111.510557,133.858456,20.672857,76.488090,124.697022,64.424582,302.146630
2012-05-18 19:00:00,34.920192,46.956355,348.551119,80.916510,149.670224,282.260721,917.484860,170.625973,47.137819,361.426710,5.876163,197.450131,412.564182,3.062253,140.495653,21.815737,639.003252,1136.333290,957.172238,397.701435,7.636485,427.054555,101.791406,305.963050,55.758753,208.713386,144.330366,144.722924,218.405616
2012-05-18 20:00:00,41.811475,37.125849,304.411457,48.220343,103.318701,342.290246,710.355702,135.761223,66.965815,275.042874,5.392244,177.908352,253.723816,2.951759,106.697171,13.210641,411.546416,1022.785819,805.253496,370.739982,8.130611,420.338316,55.643990,384.268728,39.065904,247.039559,152.284859,159.452628,198.601998
2012-05-18 21:00:00,36.912459,80.212750,315.283295,25.844716,59.699921,308.955566,531.863193,167.852640,66.016110,177.521500,4.666365,163.369269,170.411518,2.904405,105.010259,9.635284,334.547409,881.763724,656.701375,312.016817,7.793707,306.162242,72.559763,318.861285,25.831411,203.566728,148.698440,163.349565,253.486311
2012-05-18 22:00:00,35.201069,67.767747,305.498641,21.725172,54.865068,265.051354,383.119436,131.799320,34.119905,138.947585,5.323112,118.657680,151.687290,2.162519,113.866546,5.999328,306.933972,761.132952,571.694212,322.737395,14.689004,231.792173,98.452767,223.992299,9.235164,158.341845,133.571110,191.807926,393.809091
2012-05-18 23:00:00,37.193336,108.658470,287.668827,19.470264,80.563361,197.839968,325.012061,109.084407,33.262854,182.411151,11.164709,86.296494,182.613824,0.947089,153.930701,4.696443,346.053008,661.752084,475.114292,316.577063,12.240837,212.790129,78.420930,102.128648,9.331766,79.992197,131.180164,163.707082,512.630799
2012-05-19 00:00:00,37.924922,94.644770,246.355844,17.475538,138.581594,167.079918,531.863193,104.330123,51.446238,342.003930,7.880971,80.355794,161.996135,1.578481,162.003779,2.848166,463.764133,412.977947,407.150644,285.295377,14.801306,157.749726,56.608486,66.464675,6.993995,55.572950,129.386955,167.675522,418.516462
2012-05-19 01:00:00,31.379836,84.395944,199.824378,29.920896,213.311601,182.256683,597.199236,81.747273,72.710375,328.693213,6.532910,80.512128,173.356902,1.957316,228.335560,1.939177,545.542389,356.955470,381.269751,238.492854,14.936067,95.174030,31.902554,42.641706,28.787437,49.988279,110.397327,180.081365,313.840195
2012-05-19 02:00:00,30.942190,46.747196,221.568054,63.007336,197.283013,185.644353,614.158805,68.540929,143.984609,300.170248,4.977456,76.291104,234.158049,2.730772,272.255513,0.999888,607.141594,344.720677,358.965891,167.049003,23.291280,61.101400,22.035020,33.197097,31.569578,35.752844,100.879523,181.582937,309.690865
2012-05-19 03:00:00,24.272995,22.902988,227.221409,97.264594,166.802420,152.716194,989.493520,57.843790,88.739549,304.516604,14.966933,63.784365,317.680732,0.962873,212.550885,0.908989,640.596335,302.220867,480.795464,128.726938,32.702126,61.920453,11.870718,27.769970,61.825367,30.879945,107.040807,151.265487,231.796634
2012-05-19 04:00:00,18.583604,18.928954,263.315911,133.690033,139.107122,122.633679,1372.612956,54.278076,91.912955,316.197438,22.052894,57.687330,362.492649,1.846823,168.932166,1.393783,665.023606,363.609481,583.266969,186.330043,32.387682,73.878636,9.348190,5.145198,44.862032,8.158000,109.885180,103.715712,168.990874
2012-05-19 05:00:00,14.187525,36.613167,316.800194,120.436386,181.737595,110.222026,1544.504675,46.570106,64.336437,276.089086,28.003786,63.596794,425.729590,0.980277,169.424063,5.734582,694.851327,498.248082,602.237463,195.873437,26.290093,48.316733,21.364342,10.262901,31.955838,19.185438,101.183665,90.734373,124.475674
2012-05-19 06:00:00,9.185067,35.672167,504.703487,118.112386,188.016495,96.614432,1474.680012,66.901979,52.934864,296.056015,35.797972,124.191976,605.431655,1.095111,148.400562,23.505012,821.785958,604.032517,564.984181,207.775243,31.737089,59.318230,45.109559,12.054466,50.138397,9.777434,107.233539,77.622078,246.838254
2012-05-19 07:00:00,7.257009,51.146338,509.568733,128.021476,200.282448,136.848145,1338.754496,110.161007,55.849317,287.176581,42.854865,225.480302,953.091242,1.414938,155.977960,37.358100,946.161677,896.921625,596.838279,315.699760,35.761581,60.431184,73.449916,28.844222,67.180619,17.802471,100.054223,88.247071,378.711546
2012-05-19 08:00:00,7.997940,66.676994,648.438294,133.093895,332.942819,189.612266,1269.363483,124.044442,76.897077,335.155028,53.672069,267.942820,1058.916016,3.580288,200.099592,63.288817,1142.359036,1216.798098,866.779883,357.208709,46.299986,94.377501,107.158242,39.966829,69.896791,21.917788,103.145531,104.056038,617.520558
2012-05-19 09:00:00,6.448127,94.432183,816.651043,157.115580,359.190222,252.877736,1444.055973,118.406171,87.296541,317.700694,0.000000,351.534167,1032.514877,0.000000,243.502339,120.692608,1257.708275,1085.341587,948.526347,377.092249,54.484641,0.000000,142.848887,0.000000,0.000000,0.000000,96.719505,112.270897,746.769160
2012-05-19 10:00:00,9.033235,0.000000,892.301282,151.616469,329.462128,290.533814,1687.982895,154.772832,76.595387,329.112818,0.000000,412.337083,949.414144,0.000000,199.441713,151.377026,1037.354539,1064.266638,1046.227653,498.006808,69.057207,0.000000,175.665769,0.000000,0.000000,0.000000,100.304554,0.000000,768.705619
2012-05-19 11:00:00,12.077222,0.000000,890.855094,200.428004,0.000000,320.848367,1708.601211,0.000000,0.000000,0.000000,0.000000,427.367212,749.874130,5.691035,0.000000,164.043183,946.258041,1133.444357,1041.957092,445.195630,76.467100,0.000000,182.036650,125.641704,0.000000,0.000000,101.060383,0.000000,1006.619380
2012-05-19 12:00:00,12.671540,0.000000,850.014766,187.866431,0.000000,336.018260,1558.809370,0.000000,0.000000,0.000000,71.996644,431.378902,650.989410,4.088530,0.000000,158.434346,1020.197001,961.192766,1046.554932,447.158409,72.664734,0.000000,177.177204,227.053531,0.000000,0.000000,99.552895,0.000000,925.961868
2012-05-19 13:00:00,14.379105,0.000000,861.459402,0.000000,0.000000,337.284101,1633.176868,0.000000,0.000000,0.000000,77.557400,489.887495,0.000000,3.773605,0.000000,168.108810,989.014720,1052.189577,1141.340893,487.420758,84.007740,274.681898,183.068036,173.520635,0.000000,0.000000,92.415728,0.000000,659.883176
2012-05-19 14:00:00,15.916565,0.000000,796.517276,0.000000,0.000000,317.363096,1009.269384,0.000000,0.000000,0.000000,56.043476,504.312326,0.000000,3.852221,0.000000,125.077999,999.911220,38.321400,1467.823965,596.910145,77.093257,251.569494,148.290891,149.972414,0.000000,136.587168,69.867581,0.000000,526.011031
2012-05-19 15:00:00,14.480094,0.000000,960.424679,173.095259,0.000000,303.894559,0.000000,0.000000,0.000000,0.000000,39.196493,480.390067,0.000000,3.963584,0.000000,75.463476,1222.842027,109.257438,1494.483616,614.244907,62.530581,218.641138,118.817772,97.403100,0.000000,104.216739,47.332051,0.000000,510.645769
2012-05-19 16:00:00,15.768721,0.000000,398.169243,152.794311,0.000000,361.031092,271.041371,0.000000,0.000000,0.000000,28.776928,460.193443,0.000000,4.081954,0.000000,77.361462,1418.892877,1257.558429,1398.051477,602.199918,31.119659,143.881032,85.707745,65.075200,0.000000,83.340762,35.807454,0.000000,507.073839
2012-05-19 17:00:00,10.463648,0.000000,735.998230,0.000000,0.000000,167.345561,1603.526149,0.000000,0.000000,0.000000,22.696385,331.167779,753.595376,2.755259,0.000000,67.413475,1402.688313,1250.252987,1458.331765,627.540819,34.355376,102.347525,123.323341,66.245311,0.000000,59.363731,32.116905,0.000000,367.587873
2012-05-19 18:00:00,9.634733,0.000000,502.713778,0.000000,21.021099,63.552702,1676.773088,70.594502,23.256201,277.759347,0.000000,272.021558,715.097223,0.000000,69.645358,79.688041,1439.261896,1392.162119,1388.941293,545.309391,9.612988,0.000000,45.924840,0.000000,63.680128,0.000000,19.587364,22.380571,148.244227
2012-05-19 19:00:00,5.865756,49.570852,277.231863,150.818662,10.352891,60.165031,1345.922487,100.104092,11.767082,291.613359,0.000000,272.646895,742.867989,0.000000,153.087245,114.472022,1239.418497,1432.114792,1364.533296,505.787260,9.433306,0.000000,15.580317,0.000000,22.276453,0.000000,20.828817,39.255378,66.200666
2012-05-19 20:00:00,6.616939,110.645488,183.734058,123.933219,8.828862,101.223600,889.682289,120.705990,42.435618,195.721868,5.150284,166.026951,627.787618,3.709430,163.088222,61.538559,1030.193609,1244.514623,1205.460486,470.185342,8.489975,123.677096,7.122431,52.156797,22.914027,35.971851,16.506722,58.382543,56.015948
2012-05-19 21:00:00,13.416774,104.893596,138.072340,77.534148,25.067660,63.417195,703.127034,98.915521,67.151123,95.484020,5.461375,133.196763,690.061457,2.951759,170.197350,67.416688,877.611669,953.026031,870.271351,408.982043,8.939180,94.682598,5.045055,42.359777,41.654841,40.844750,21.380574,37.896813,76.196778
2012-05-19 22:00:00,9.033787,138.045410,136.332846,61.142701,38.310953,45.801308,596.365159,53.353632,35.949825,90.322722,7.742709,148.048515,797.988751,2.225658,105.431987,123.077118,950.185446,840.981078,657.332616,265.454307,10.960603,97.631191,18.028653,56.949584,18.354406,44.294105,21.380574,61.206928,109.391414
2012-05-19 23:00:00,2.083715,127.064525,258.967175,50.388524,66.216461,50.273033,501.002339,38.694590,18.415020,99.422906,11.579497,190.102422,718.884145,2.130949,89.044844,142.983979,996.915877,699.958983,666.590822,246.733298,13.453690,149.067758,7.196623,66.182747,11.688858,60.664856,21.058715,129.385440,157.108703
2012-05-20 00:00:00,0.692394,115.456161,257.227681,66.216244,15.030086,71.276591,483.764744,37.506019,1.876247,111.375386,20.117216,328.145546,576.664162,5.208987,79.405348,107.291008,703.965633,614.530073,580.110763,317.137093,11.117824,193.788086,7.345007,44.967617,8.462347,50.973810,25.288850,65.818899,195.395698
2012-05-20 01:00:00,1.476237,82.095187,205.912607,81.350147,29.797408,214.100787,424.267241,36.449511,2.154210,87.877896,26.408167,237.159025,599.175313,9.281468,76.152018,89.899018,480.757018,581.903957,540.132147,221.771953,12.240837,148.576326,22.851132,24.457309,12.365073,26.609314,16.598682,38.254330,260.841941
2012-05-20 02:00:00,0.280877,61.702115,185.473552,70.422515,40.307957,75.883823,451.791787,36.713638,5.860377,82.444950,27.030349,183.692719,542.581859,11.507126,66.151041,82.021112,467.481327,561.083343,473.430982,152.248206,18.417406,99.269298,60.318086,13.109681,21.252470,16.535006,32.047870,20.163965,292.904942
2012-05-20 03:00:00,5.160298,55.636483,243.094292,53.293886,54.497199,74.799769,592.472799,44.109191,5.003326,47.674098,21.845500,229.029645,399.941106,9.344607,86.755463,74.325005,460.931986,492.396783,506.886771,119.126421,4.087766,60.446157,16.989965,10.360877,22.160530,9.307785,36.921722,43.259570,387.773702
2012-05-20 04:00:00,25.429163,62.643334,284.842149,35.167894,35.998632,85.098287,676.436565,62.730137,6.972228,57.045929,20.532004,214.803230,185.769593,13.685430,93.864592,78.566954,553.507803,505.060867,442.289744,110.885976,1.976502,49.470838,4.228943,10.219913,29.908021,7.555731,28.087244,50.016643,384.378796
2012-05-20 05:00:00,8.227568,81.647822,196.455854,20.970045,36.614412,86.747561,725.570258,70.678458,17.795634,55.023171,17.109683,222.935810,154.252720,14.959329,44.819746,58.881622,697.479414,557.429877,376.841004,106.766476,4.783422,81.344999,15.428465,25.656686,27.714984,17.408740,41.314003,47.617985,318.913339
2012-05-20 06:00:00,4.762492,93.759965,313.380386,23.532762,92.494780,147.740340,672.981411,84.013181,22.415961,131.685428,15.611322,298.973085,261.406454,12.006931,67.821346,78.511219,731.204428,511.700202,465.396999,118.861881,6.195111,121.916676,25.138038,35.944672,47.768711,23.669994,44.934477,69.018839,439.534242
2012-05-20 07:00:00,9.037844,130.404295,0.000000,30.337199,84.957111,212.958419,628.212156,111.366076,14.192967,174.778299,19.272919,338.387518,327.248464,16.198971,127.114757,147.773417,961.794813,473.833774,502.991793,105.810491,0.000000,186.499943,0.000000,52.851735,0.000000,46.533461,52.318704,0.000000,487.806034
2012-05-20 08:00:00,12.593903,185.707847,0.000000,49.944391,104.115065,306.451470,860.126719,141.619206,23.874620,188.076031,25.958660,349.025203,0.000000,25.358710,220.012877,170.051304,1211.815943,618.943725,518.271003,183.774400,0.000000,256.302291,0.000000,76.379055,0.000000,70.536016,67.848989,0.000000,0.000000
2012-05-20 09:00:00,12.297259,247.968404,0.000000,128.069390,134.146670,285.618314,1345.177365,173.327337,31.938897,193.052125,37.102088,357.886428,0.000000,25.930565,149.084299,0.000000,0.000000,982.040332,744.487347,207.502172,0.000000,313.053392,0.000000,85.747280,0.000000,77.206130,68.863324,0.000000,0.000000
2012-05-20 10:00:00,12.487723,276.021934,0.000000,205.576601,138.537262,301.426979,1766.953175,210.585174,0.000000,193.805554,45.897855,417.957220,0.000000,30.299157,0.000000,258.338416,0.000000,1189.136843,1152.850982,352.680816,0.000000,339.855478,0.000000,96.408383,0.000000,70.188516,88.612725,0.000000,0.000000
2012-05-20 11:00:00,8.587745,277.511083,0.000000,232.026330,192.040030,421.260328,2100.085102,200.800129,0.000000,203.882948,52.245048,418.779270,0.000000,38.800494,0.000000,0.000000,0.000000,1314.015889,1379.780126,571.430124,0.000000,349.166055,0.000000,88.719237,0.000000,72.410869,93.657638,0.000000,0.000000
2012-05-20 12:00:00,10.557380,333.674917,0.000000,233.245426,167.867615,423.879196,2029.753313,211.442340,0.000000,253.332328,61.638159,540.293706,0.000000,39.877243,0.000000,0.000000,0.000000,1395.989355,1474.370518,638.092553,0.000000,328.643759,0.000000,86.262641,0.000000,87.227941,114.497324,0.000000,0.000000
2012-05-20 13:00:00,14.892532,300.474717,0.000000,268.902056,237.439516,397.771584,2407.699042,0.000000,0.000000,0.000000,73.048878,419.073400,0.000000,48.981520,0.000000,0.000000,0.000000,1507.172281,1457.457778,704.744618,0.000000,294.067921,0.000000,70.343903,0.000000,87.130970,116.620257,0.000000,0.000000
2012-05-20 14:00:00,26.311150,276.803908,0.000000,298.790363,0.000000,446.146772,2658.709072,0.000000,0.000000,0.000000,90.016285,294.203061,0.000000,77.367278,0.000000,0.000000,0.000000,1796.353843,1587.898918,671.219052,0.000000,320.160238,0.000000,59.186325,0.000000,80.865284,150.187297,0.000000,0.000000
2012-05-20 15:00:00,29.942121,244.864286,0.000000,62.560194,0.000000,369.185876,2719.108534,0.000000,0.000000,0.000000,89.749626,255.526695,0.000000,87.641361,0.000000,0.000000,0.000000,1816.474797,1714.899979,612.240265,0.000000,367.285941,0.000000,73.486432,0.000000,63.533532,52.503764,0.000000,0.000000
2012-05-20 16:00:00,32.827036,186.408378,0.000000,0.000000,0.000000,535.602113,2633.618361,0.000000,0.000000,0.000000,83.939378,415.331819,0.000000,82.484431,0.000000,0.000000,0.000000,1747.043789,1758.883418,659.050509,0.000000,456.448128,0.000000,109.232543,0.000000,70.758804,62.017972,0.000000,0.000000
2012-05-20 17:00:00,31.184363,159.836846,0.000000,0.000000,140.766111,784.174464,2416.155888,0.000000,0.000000,0.000000,67.640599,774.116462,0.000000,63.181680,0.000000,0.000000,0.000000,1599.454556,1792.655771,573.943437,0.000000,487.807875,0.000000,84.322141,0.000000,60.127121,46.532414,0.000000,0.000000
2012-05-20 18:00:00,25.755764,301.836512,0.000000,303.248925,107.890790,789.733789,2173.605041,0.000000,0.000000,0.000000,56.163497,844.517504,0.000000,77.014086,0.000000,0.000000,0.000000,1296.743731,1798.171485,540.029106,0.000000,589.773474,0.000000,98.550141,0.000000,43.157693,39.772465,0.000000,0.000000
2012-05-20 19:00:00,35.240261,177.994915,0.000000,280.345788,111.359271,946.786202,2177.497401,282.879902,0.000000,362.784947,54.475486,963.644186,0.000000,69.689934,0.000000,113.835729,0.000000,1030.298412,1672.789468,359.859395,0.000000,699.307977,0.000000,163.589090,0.000000,76.378587,38.944830,0.000000,0.000000
2012-05-20 20:00:00,42.418953,72.055521,0.000000,249.123983,127.650623,1122.403050,1903.920098,195.189774,0.000000,367.538774,34.150876,1064.167095,0.000000,35.578961,61.994008,95.989244,0.000000,965.046179,1499.198108,336.098115,0.000000,597.253897,0.000000,175.500574,0.000000,98.881525,31.863952,0.000000,0.000000
2012-05-20 21:00:00,37.271720,62.747914,0.000000,243.616804,110.308216,1199.099914,1422.657585,146.458362,8.269386,239.049609,19.114812,1104.813995,0.000000,54.836429,81.032013,58.114700,0.000000,1089.969861,1222.083174,219.371824,0.000000,497.820788,0.000000,142.867335,0.000000,85.960130,28.139594,0.000000,0.000000
2012-05-20 22:00:00,34.508674,66.199049,0.000000,167.210109,97.590452,1261.162041,1095.699344,119.385356,5.095980,200.747342,19.218509,1195.175179,342.506113,69.042757,113.444818,43.904171,580.059185,1060.563427,1157.275733,212.651461,0.000000,355.796891,0.000000,106.498541,0.000000,38.107166,27.771756,0.000000,0.000000
2012-05-20 23:00:00,28.028908,56.263963,0.000000,122.762401,137.740750,1288.940940,847.422380,140.911697,6.925901,252.767797,27.894491,1263.024234,0.000000,78.261086,118.144072,55.811928,848.936177,859.655237,980.317753,241.693027,0.000000,269.468640,0.000000,127.008849,0.000000,22.831449,31.450134,0.000000,0.000000
2012-05-21 00:00:00,28.682110,67.976906,0.000000,146.525664,118.926867,1302.627130,808.220754,129.290114,10.910031,305.059899,31.420189,759.487221,0.000000,65.254403,158.208227,61.417361,942.574050,706.398348,790.103705,223.692056,0.000000,291.746898,0.000000,104.031666,0.000000,26.883073,22.622026,0.000000,0.000000
2012-05-21 01:00:00,27.865608,112.946244,0.000000,141.105212,144.887924,1007.776763,793.207365,131.271066,20.105959,307.097254,33.528694,0.000000,610.115312,54.504948,137.844792,76.718676,1029.308563,564.732317,728.242057,191.210306,0.000000,238.016981,0.000000,110.234096,0.000000,54.368413,19.679324,0.000000,0.000000
2012-05-21 02:00:00,45.162403,95.899728,0.000000,133.299761,129.542522,1078.213434,822.678091,95.613935,28.027892,285.093824,51.018920,0.000000,571.404548,53.889340,157.364771,72.862799,983.109159,447.750518,636.291239,149.128038,0.000000,230.317877,0.000000,144.981800,0.000000,96.910465,22.759965,0.000000,0.000000
2012-05-21 03:00:00,53.582180,104.161537,0.000000,119.206585,53.656355,1272.138094,788.202903,196.378345,35.602372,210.526644,79.915815,0.000000,0.000000,85.743086,127.964309,29.035904,1052.673779,410.187555,638.816205,136.087335,0.000000,291.910709,0.000000,155.483641,0.000000,135.893658,28.599391,0.000000,0.000000
2012-05-21 04:00:00,56.247245,150.594993,0.000000,106.457681,100.060431,1161.293509,783.198440,174.719940,27.773093,206.180288,89.455938,924.946282,0.000000,107.336705,106.757417,172.495823,1133.636831,386.361904,685.948889,117.686343,0.000000,380.859931,0.000000,219.763370,0.000000,159.382127,19.536173,0.000000,0.000000
2012-05-21 05:00:00,54.734382,168.897708,0.000000,77.292238,132.633086,1134.777549,738.884350,206.509261,44.094520,280.205784,92.226789,1248.833576,758.640815,114.161956,170.581787,200.386289,1147.973044,337.525035,673.892155,88.070320,0.000000,327.466782,0.000000,239.420367,0.000000,194.473175,13.488627,0.000000,0.000000
2012-05-21 06:00:00,58.021703,238.641088,0.000000,57.727595,136.799020,1135.812531,583.549300,260.758770,56.823431,359.815215,80.694390,1107.792039,861.146417,147.269762,276.138893,222.799710,1129.853136,323.647375,608.588459,73.043105,0.000000,227.579166,0.000000,255.997398,0.000000,213.823212,20.770807,0.000000,556.331959
2012-05-21 07:00:00,66.095132,301.070593,0.000000,71.689230,144.419794,1233.715995,548.238427,471.910990,54.394557,496.862314,63.132065,1168.623702,1017.057407,137.691698,229.885458,243.114697,1155.942546,360.949564,576.492156,69.668233,0.000000,268.655078,0.000000,130.616131,0.000000,106.696229,45.888613,0.000000,0.000000
2012-05-21 08:00:00,68.981083,387.636662,0.000000,75.779099,253.804470,1345.513633,503.210707,533.470161,0.000000,666.881668,62.651737,1308.191871,0.000000,136.659495,323.598866,289.775376,0.000000,523.852625,538.133184,92.334267,0.000000,367.433176,0.000000,186.435001,0.000000,106.009178,53.151923,0.000000,0.000000
2012-05-21 09:00:00,71.208612,414.331967,0.000000,126.195072,0.000000,1339.742673,950.037369,668.987811,0.000000,679.463696,64.789375,1273.602947,0.000000,136.697850,0.000000,266.053511,0.000000,758.176318,741.758424,114.754903,0.000000,719.196530,0.000000,290.660949,0.000000,200.074467,57.663380,0.000000,0.000000
2012-05-21 10:00:00,73.539268,522.228164,0.000000,141.966631,0.000000,1396.871361,1226.008339,0.000000,0.000000,0.000000,62.407350,1456.083440,0.000000,148.372959,0.000000,229.609923,0.000000,1081.666716,1045.525797,147.753849,0.000000,792.046121,0.000000,427.777325,0.000000,328.344843,54.735951,0.000000,0.000000
2012-05-21 11:00:00,75.309154,567.707702,0.000000,156.735392,0.000000,1504.633646,1344.443736,0.000000,0.000000,0.000000,59.880933,1541.892291,0.000000,133.221216,0.000000,231.969361,0.000000,1202.506444,0.000000,0.000000,0.000000,828.324539,0.000000,548.547102,0.000000,383.003292,113.423109,0.000000,0.000000
2012-05-21 12:00:00,76.507947,587.617211,0.000000,176.249345,0.000000,1514.714733,1240.969938,0.000000,0.000000,0.000000,66.099034,1494.922591,0.000000,146.608155,0.000000,275.862917,0.000000,1048.135886,0.000000,0.000000,0.000000,829.153311,0.000000,546.591062,0.000000,395.529352,116.728681,0.000000,0.000000
2012-05-21 13:00:00,74.779613,647.963658,0.000000,176.577604,0.000000,1522.159128,1353.792904,0.000000,0.000000,0.000000,91.609300,1436.725677,0.000000,150.052725,0.000000,0.000000,0.000000,1137.987720,0.000000,0.000000,0.000000,671.958345,0.000000,534.564188,0.000000,347.513470,118.884971,0.000000,0.000000
2012-05-21 14:00:00,72.355559,501.891945,0.000000,155.980025,0.000000,1507.924578,1411.909128,0.000000,0.000000,0.000000,131.633049,1452.045696,0.000000,117.793960,0.000000,0.000000,0.000000,1126.531219,1207.178885,0.000000,0.000000,637.789802,0.000000,475.217079,0.000000,320.300205,125.560707,0.000000,0.000000
2012-05-21 15:00:00,70.592856,461.802025,0.000000,134.174699,0.000000,1460.664696,1460.104345,371.355480,0.000000,0.000000,143.025619,1427.414929,0.000000,113.217169,0.000000,0.000000,0.000000,989.525071,1226.177846,496.564640,0.000000,839.874961,0.000000,369.414406,0.000000,357.992091,100.844453,0.000000,0.000000
2012-05-21 16:00:00,68.582871,496.383947,0.000000,142.031204,0.000000,1414.997610,1385.069154,620.631480,0.000000,0.000000,129.835442,1406.545352,0.000000,122.084807,0.000000,0.000000,0.000000,1022.483110,1119.338464,547.522386,0.000000,999.755939,0.000000,367.394229,0.000000,309.533687,95.157555,0.000000,0.000000
2012-05-21 17:00:00,66.558961,460.770746,0.000000,123.890041,377.459650,1339.755676,1155.195500,623.046681,0.000000,494.299862,142.349934,1387.374196,0.000000,75.233564,0.000000,0.000000,0.000000,794.613311,970.643783,482.159775,0.000000,775.127539,0.000000,313.591552,0.000000,243.478408,82.838800,0.000000,0.000000
2012-05-21 18:00:00,65.137327,347.641978,0.000000,139.093710,304.490617,1286.095297,945.226144,645.306880,49.037229,381.981576,148.817414,0.000000,0.000000,54.441808,155.918847,0.000000,0.000000,436.988585,721.772322,282.815243,0.000000,735.598854,0.000000,284.331815,0.000000,174.441703,72.188173,0.000000,0.000000
2012-05-21 19:00:00,65.085071,378.369919,0.000000,102.294774,204.167423,0.000000,1052.883383,451.260796,11.489119,331.681333,145.037526,1097.131288,974.711807,80.960288,48.558961,168.284174,803.621819,501.626539,764.854052,181.849801,0.000000,627.395070,0.000000,218.988066,0.000000,135.565148,68.693714,0.000000,772.341105
2012-05-21 20:00:00,65.124263,547.684706,0.000000,75.409331,157.763347,1252.083083,864.938000,315.367510,13.156895,414.941225,116.106065,1211.121271,839.434516,74.520086,48.558961,130.227832,718.480388,498.836148,679.426062,128.486925,0.000000,616.092130,0.000000,109.247346,139.976495,65.483004,62.440471,0.000000,510.178923
2012-05-21 21:00:00,64.569041,290.836580,1301.141543,45.054799,122.920876,1146.929785,573.845076,300.180214,21.009337,531.885381,104.250043,1065.261435,816.923365,46.817745,39.280946,151.467876,575.456946,464.063576,574.850419,97.285243,0.000000,570.880370,0.000000,68.649622,109.759347,29.346898,67.360302,0.000000,559.970877
2012-05-21 22:00:00,62.563711,214.493285,1555.759983,35.428076,151.719781,1237.312839,440.392733,234.808808,22.955075,566.520409,89.663332,1096.684615,709.416839,55.751948,75.368809,188.736428,505.184289,373.912465,546.654973,71.043829,0.000000,393.145736,0.000000,52.791137,113.739355,24.419247,71.866315,0.000000,691.994997
2012-05-21 23:00:00,59.839857,164.294954,1746.017144,29.357169,0.000000,1209.127419,519.074010,158.740263,0.000000,483.667988,75.837067,1228.943373,782.630676,61.592327,159.654151,190.736204,449.249378,284.834582,516.565804,64.963501,0.000000,326.802393,0.000000,0.000000,117.410236,10.731328,0.000000,343.967206,689.920332
2012-05-22 00:00:00,60.617168,0.000000,1572.285177,21.855263,0.000000,1185.007204,628.060091,119.385356,0.000000,360.611768,68.163489,1270.997280,0.000000,55.925580,0.000000,59.506434,453.851618,241.690836,536.975940,41.762251,141.769106,319.922342,90.291648,0.000000,129.968514,13.523664,66.072869,329.988287,615.609613
2012-05-22 01:00:00,56.782871,0.000000,1745.582271,29.183715,0.000000,1203.707146,576.903359,73.691403,0.000000,280.883291,66.711732,1357.450109,0.000000,55.673023,0.000000,230.216628,416.148656,193.610243,477.639257,13.440724,141.005457,259.148564,68.850164,0.000000,127.070450,15.932737,62.256552,318.905257,535.452111
2012-05-22 02:00:00,54.535855,0.000000,1689.048714,28.273079,0.000000,1160.480468,472.087664,51.240617,0.000000,231.986780,84.513048,1308.986498,0.000000,26.960455,0.000000,199.401899,548.728555,96.375831,426.508711,8.880479,139.186177,169.052666,74.117795,0.000000,107.653420,10.512322,41.013917,326.091351,460.952786
2012-05-22 03:00:00,55.221717,0.000000,1256.784445,22.158809,0.000000,1114.543654,515.181650,66.427914,0.000000,182.682798,92.186626,1219.250650,0.000000,11.017797,28.255772,173.950206,544.480334,58.812868,409.465196,7.840423,138.849273,144.644869,60.318086,0.000000,101.258359,6.624953,58.256315,317.975712,387.585097
2012-05-22 04:00:00,55.711619,56.159383,1092.837132,18.559628,0.000000,1040.692433,497.666030,105.386630,0.000000,184.720153,68.163489,1139.363859,569.721471,9.249898,28.316019,147.892519,548.374536,39.065481,315.620654,8.000431,136.311265,180.355606,57.869750,0.000000,85.183764,8.486510,62.647206,323.123959,410.972226
2012-05-22 05:00:00,63.178874,56.347305,1119.595054,21.898108,62.565825,1027.254063,548.227023,156.040842,3.641737,200.401765,69.190052,1145.466253,714.911945,6.937826,27.534408,158.466818,594.439919,39.065182,294.990048,12.316722,133.926043,129.064789,78.956273,21.194177,56.429413,9.170696,73.527847,319.521319,363.670582
2012-05-22 06:00:00,64.057406,57.668311,968.704267,37.957839,81.554898,1041.155107,495.919976,179.493579,9.515531,220.770478,66.981451,1145.341865,978.636154,13.018987,39.036975,199.380947,627.038769,98.713568,318.628504,24.982643,129.407693,173.650229,122.534359,20.162571,45.168301,16.994798,121.080279,344.611185,490.255801
2012-05-22 07:00:00,65.635589,75.249331,1092.283911,62.047003,132.047235,1141.335772,398.777919,235.026952,19.726955,281.711979,73.938027,1220.800860,888.726332,28.035166,89.988069,204.881040,763.647272,185.548538,330.314190,55.340450,132.386506,203.322379,155.464523,37.641360,52.307072,25.666386,124.301191,363.710731,542.045694
2012-05-22 08:00:00,66.314432,113.587593,1561.738518,67.322349,0.000000,1233.643190,459.586825,288.630061,0.000000,340.132923,91.981707,1286.961601,1141.913402,47.899132,99.442117,180.417945,714.989015,256.108198,288.520132,93.247743,133.937189,268.412169,0.000000,0.000000,91.125491,57.581036,125.716964,379.727771,793.713472
2012-05-22 09:00:00,67.924833,182.248539,1799.668347,82.795083,0.000000,1315.769344,540.334469,300.451907,0.000000,349.936206,103.176063,1343.550197,1464.110581,84.365633,178.325382,174.888062,910.379150,341.477647,328.226337,139.747421,0.000000,380.732946,0.000000,0.000000,141.155110,98.242199,115.257684,0.000000,983.098399
2012-05-22 10:00:00,68.836093,231.828734,1842.079441,83.658720,0.000000,1426.287829,547.000231,340.830976,0.000000,338.763125,71.311844,1369.996711,334.222850,68.100042,173.147097,143.177349,1082.854928,391.682081,346.740540,158.074526,0.000000,426.479353,0.000000,0.000000,168.020335,115.299008,110.997210,0.000000,958.920125
2012-05-22 11:00:00,0.000000,232.535397,1750.889532,82.154613,0.000000,1495.809057,593.465658,312.396879,0.000000,317.745246,53.395983,1360.523785,610.876286,47.031959,184.789874,118.178247,1103.333153,428.882711,354.185512,162.952981,0.000000,480.189840,0.000000,0.000000,164.227949,118.395859,0.000000,412.250301,753.080820
2012-05-22 12:00:00,70.454913,227.264150,1730.160057,91.991177,0.000000,1489.201758,618.365397,309.663543,0.000000,308.774251,59.060484,1362.586808,0.000000,43.367911,178.130979,110.463659,1111.928290,440.550409,372.812585,143.685497,0.000000,453.480578,0.000000,0.000000,175.029417,115.221064,0.000000,406.380683,668.879545
2012-05-22 13:00:00,0.000000,210.312214,1802.454364,96.601728,0.000000,1426.841131,667.747753,289.570914,0.000000,301.784404,61.435153,1343.723951,0.000000,32.069501,176.425988,147.742719,1124.955697,416.726704,381.467764,132.900622,0.000000,396.228214,0.000000,0.000000,169.883900,104.533560,0.000000,394.719613,573.379290
2012-05-22 14:00:00,57.247912,194.681575,1746.693290,102.133466,0.000000,1344.168762,812.488939,258.778657,0.000000,278.257341,60.306615,1307.642033,9.321225,29.405625,170.322431,161.971367,966.587664,370.344100,423.271063,122.543182,0.000000,360.306566,0.000000,0.000000,156.190490,94.159321,0.000000,395.969352,575.640189
2012-05-22 15:00:00,56.639672,149.888846,1632.563572,105.335885,0.000000,1213.401886,996.299678,212.488066,0.000000,232.888831,50.644774,1122.447430,1003.046064,26.060126,163.278173,88.979524,759.467982,303.444350,452.122028,123.057997,118.473767,293.605647,0.000000,0.000000,158.226158,75.536415,118.625766,392.862696,511.393361
2012-05-22 16:00:00,49.334619,101.673298,1521.770209,117.151913,125.160588,1090.724940,922.496388,150.591133,42.542030,154.487026,34.844774,980.460830,819.788746,16.547922,140.154271,88.460834,543.567382,208.605632,449.419581,104.698580,153.053386,268.664343,473.199707,64.157163,150.591865,52.101550,93.392723,376.356333,464.262810
2012-05-22 17:00:00,38.126476,50.730135,1532.039198,114.617467,97.486815,1038.269522,814.305828,84.955782,36.266211,84.264401,22.391634,911.997335,670.120437,6.994268,114.520853,58.901646,395.094321,99.796383,416.187851,79.671697,139.312867,214.380915,377.892099,35.617838,118.803384,34.189384,57.928906,351.415237,456.876508
2012-05-22 18:00:00,34.397630,16.628197,1370.068995,118.989767,67.793044,947.192722,819.619808,48.731412,30.622209,44.821802,15.209424,919.401600,665.446459,1.152291,77.658189,20.058359,397.208670,25.113524,377.061475,59.363200,128.562478,230.236372,285.639151,47.916408,90.052511,40.544552,35.082532,343.645440,458.312304
2012-05-22 19:00:00,30.752761,20.602232,1135.019862,130.307671,67.057305,890.415362,726.759220,58.239980,22.908748,48.217393,14.794104,858.900253,576.243393,0.726101,54.764386,3.848054,441.106954,57.954286,478.270498,80.884359,105.563181,267.011479,203.211853,135.255262,55.778073,94.282385,28.415472,324.232262,398.147026
2012-05-22 20:00:00,30.112623,16.000718,841.480243,120.680948,103.844228,827.269180,622.221551,59.296487,17.256843,39.117209,14.483013,837.013461,630.943387,0.694532,44.642916,7.544609,280.913618,149.607915,474.903878,96.565205,98.712804,212.790129,154.170949,218.917584,39.722798,121.767726,24.369256,301.494174,264.236847
2012-05-22 21:00:00,31.392900,25.831224,764.072758,118.989767,104.212098,802.335924,584.688079,48.995539,42.481946,33.548439,13.480609,794.959553,475.258790,0.268342,38.859218,15.755810,175.947156,173.862857,425.246228,65.683540,96.354478,185.269928,169.380307,200.098848,48.590874,114.814263,18.989628,275.645687,202.185510
2012-05-22 22:00:00,39.662440,41.518203,710.148442,116.474677,64.482221,761.006342,636.122836,48.467285,49.153047,31.239438,14.068225,781.983812,364.806880,0.584038,36.991566,15.695211,187.983782,166.779555,451.547950,51.202760,84.517925,161.025941,167.599699,203.270545,41.558239,106.875270,9.058006,240.930776,112.786320
2012-05-22 23:00:00,34.769955,36.289210,479.882919,116.257859,27.642745,791.766391,620.553396,44.901572,11.720755,28.115494,13.653437,795.115888,277.286890,0.678747,64.343635,15.422514,210.463952,100.024804,439.975192,37.922044,76.005490,136.126711,125.532842,184.663255,34.854051,84.810345,6.207263,232.386118,63.182972
2012-05-23 00:00:00,37.350104,20.288492,392.255906,109.232953,20.705782,708.294186,450.679684,46.090143,5.628742,22.954195,12.754730,774.948772,208.911898,0.757671,36.931319,19.482665,108.860665,40.138709,423.142091,34.481858,74.455733,101.562648,115.591116,154.919784,36.167840,46.976937,3.724358,219.014978,54.129889
2012-05-23 01:00:00,37.715897,14.327440,342.028016,80.179329,13.085634,574.684454,334.742961,46.486333,6.045686,32.461850,13.204084,707.881388,169.149211,0.868165,23.436024,18.270680,60.360141,30.694307,372.011545,20.081082,62.709021,61.920453,72.188804,120.876902,43.973292,20.258120,12.184628,202.247426,59.788066
2012-05-23 02:00:00,35.318645,10.457986,309.847376,52.556705,11.929474,512.757834,270.519021,41.864113,4.794854,48.081569,11.614063,645.347696,168.938826,1.199646,37.594034,24.209409,64.431353,25.542815,307.624931,9.440509,63.787113,43.082220,59.501974,101.846719,53.227777,17.958549,14.253716,144.007889,46.774260
2012-05-23 03:00:00,33.901196,6.588531,281.363161,35.428076,13.506056,486.062989,205.182978,29.846339,3.520859,44.414331,9.885780,609.078155,175.881518,1.436418,56.210311,26.239484,60.537150,18.674159,235.032181,6.560354,55.903565,29.485930,45.702264,83.309911,74.248402,10.019557,24.047398,108.220427,53.941284
2012-05-23 04:00:00,31.948122,10.144246,293.974493,24.196899,20.022597,407.604536,160.142812,27.601260,5.234962,42.648623,9.574689,519.654977,183.455363,1.641620,50.788094,12.241053,58.413040,14.381249,159.493637,6.640358,53.006193,34.891684,42.289433,67.451426,95.075822,9.034026,35.222789,117.480120,68.463937
2012-05-23 05:00:00,32.695147,17.167809,293.947789,15.215653,30.081736,373.455956,164.609050,37.866175,4.892455,36.463293,11.095258,447.333279,163.568515,3.588604,34.553313,11.015197,62.763539,17.025448,135.890692,11.927186,63.849150,58.903502,67.802261,56.151852,106.861768,14.355828,49.324904,117.786916,98.162587
2012-05-23 06:00:00,30.356688,46.522639,318.509799,21.553865,42.772181,354.951862,210.120080,75.026048,11.511476,65.075070,19.927266,423.580074,243.283872,11.075154,43.323708,23.002436,121.939959,64.759435,171.443094,23.858701,61.786444,95.677356,91.645693,59.009897,140.570616,29.526246,66.424744,95.022457,145.449101
2012-05-23 07:00:00,23.005177,88.545862,401.523606,34.871348,64.602844,411.370157,293.634188,122.251036,21.468294,122.685242,29.499968,454.920794,332.478724,18.752189,65.545085,35.313837,215.972125,158.589782,242.596238,53.074319,69.764694,165.120306,113.883980,72.367572,139.643641,52.523631,69.421782,93.069186,232.545147
2012-05-23 08:00:00,22.430983,133.380847,545.906167,47.899022,85.251199,410.044827,377.906513,170.858958,30.622826,179.491752,34.277946,393.806908,367.039942,27.236971,79.424186,43.955979,270.118793,259.152030,280.695423,86.874974,71.520467,234.074224,143.730854,96.348230,100.241997,73.798078,63.433663,106.432815,301.939221
2012-05-23 09:00:00,22.665694,173.399319,571.514393,63.465188,114.241394,327.365365,447.300081,220.697475,39.285186,235.521896,42.432833,355.070098,487.126973,31.449092,103.922667,52.820347,350.237639,349.412941,302.999318,113.816351,72.151863,297.881193,168.388223,122.568234,109.844736,94.785469,86.455045,106.713564,378.854102
2012-05-23 10:00:00,23.483140,207.119792,591.404017,78.119184,140.818820,332.775757,546.872149,266.281299,46.903245,280.969834,51.863121,345.692405,550.101412,33.504917,129.179719,58.944024,400.836954,409.972334,334.560291,119.265892,77.434552,345.347439,185.617643,138.551651,109.842943,109.198877,122.883856,110.041841,446.064662
2012-05-23 11:00:00,23.854280,239.068099,607.959406,84.009101,152.228451,356.876322,627.781361,285.723749,53.232939,310.644883,61.166058,344.658583,509.709774,34.668797,145.753826,64.276486,412.440262,434.630956,340.773240,121.158176,87.131770,373.572040,203.082479,145.962656,117.688372,119.235398,111.316080,117.953398,488.226042
2012-05-23 12:00:00,20.537987,247.211389,578.967788,90.271694,153.936287,330.263512,609.850827,290.690643,55.525339,318.164660,65.139131,340.850869,489.911013,36.539357,146.143223,66.566297,430.630459,437.450706,324.875965,122.694535,79.983814,395.059480,207.542903,148.149669,121.837140,130.707345,96.877169,115.659176,490.757019
2012-05-23 13:00:00,16.452204,232.893217,542.204132,92.314916,137.244206,319.471178,590.080380,283.337944,50.426513,307.945091,64.208964,338.457732,463.004833,35.409383,128.122604,72.822378,402.390262,414.241280,305.511742,121.233669,59.995695,387.803452,182.256016,142.517686,108.650537,129.096354,91.394223,96.641961,448.567078
2012-05-23 14:00:00,14.592360,202.040115,491.431358,87.246776,107.922669,299.279483,604.802732,262.323542,42.680658,274.982788,60.599549,322.882237,414.370019,38.553126,110.516607,92.574187,348.111427,363.001066,276.633620,108.035293,52.117427,357.429991,171.855105,126.752602,109.125188,110.880513,81.248672,80.284643,397.335240
2012-05-23 15:00:00,12.331519,168.999593,427.377794,82.204403,94.905171,240.910404,583.377751,226.749628,37.781753,213.372405,51.812028,251.838795,343.908059,26.954023,95.675448,107.040580,273.607343,296.791687,255.472893,87.848397,44.139915,339.817647,153.912861,104.414626,113.008701,94.375996,67.353049,69.735119,350.898439
2012-05-23 16:00:00,8.161901,124.001864,346.664903,80.676483,76.851374,170.440738,653.574953,182.017073,29.945053,144.405367,41.232891,169.691610,257.359238,16.927948,68.264307,101.530232,161.998272,212.193492,264.121892,61.503669,34.347494,320.346799,129.664868,76.707807,126.389181,77.835296,42.150580,59.525424,300.287037
2012-05-23 17:00:00,3.554733,78.929622,329.133093,78.610045,60.715954,92.485663,758.203405,124.637944,20.058921,74.323873,24.348062,85.987812,189.474744,9.685617,34.287521,54.143419,60.164112,120.215267,275.962861,46.561962,21.163137,385.913376,84.801287,61.013647,130.983167,85.737418,22.035645,60.311788,328.107122
2012-05-23 18:00:00,1.744050,45.805977,370.729668,106.674499,45.615785,60.029524,875.502977,68.012675,10.539414,30.152848,10.749922,51.590296,189.766901,5.272126,11.627642,14.149930,20.533068,78.453455,336.451618,49.282656,13.925356,442.616574,49.931207,97.194896,120.308300,145.529953,11.173074,77.438205,461.329998
2012-05-23 19:00:00,1.234552,40.158665,312.456617,133.863488,27.117218,61.520100,799.601957,69.597436,5.072817,38.981385,14.483013,51.433961,205.335360,6.787468,5.602957,5.484234,51.863699,195.112762,536.344699,128.006899,18.978912,356.615944,30.047755,193.755453,106.919244,175.150609,9.287905,94.134253,453.031339
2012-05-23 20:00:00,1.123508,73.101319,229.830650,111.357770,29.429538,63.146181,755.951920,59.956805,8.825311,32.869321,17.870448,55.185983,154.632674,11.270354,10.422705,2.939065,110.099729,314.884952,701.309094,156.648443,18.686929,328.440500,30.789675,242.952000,111.652749,159.053616,8.736148,87.770449,308.936442
2012-05-23 21:00:00,1.188828,123.508810,242.224545,96.787594,38.731375,68.566455,746.499045,53.221569,8.338877,29.473730,17.421095,59.876010,127.282677,5.808810,13.194060,3.575357,158.954272,395.806306,647.863997,90.164860,12.600201,342.200601,29.305835,209.191046,121.100438,140.876060,10.713277,75.185847,244.056017
2012-05-23 22:00:00,1.339065,131.979778,283.102655,100.473502,37.259898,54.880265,649.746096,71.842515,13.203222,30.696143,19.944388,55.342317,127.072293,3.188532,10.061224,5.272137,156.830161,330.983365,565.592213,78.164213,10.623699,296.661220,25.299468,185.509041,111.730030,140.985564,10.161520,53.198545,160.692215
2012-05-23 23:00:00,0.516030,65.571570,234.179385,113.829496,23.964053,59.487497,506.562853,89.539017,20.105959,36.536560,18.700024,57.374662,92.779604,2.178304,20.845410,5.878129,136.474102,191.678434,458.070776,50.082699,9.725289,247.190381,24.631740,167.395126,97.452235,115.361780,5.563547,52.841028,93.359914
2012-05-24 00:00:00,0.287409,14.536600,158.076521,122.372129,8.250781,63.552702,366.993944,71.974578,8.778984,33.140969,21.776368,40.490565,61.432300,1.578481,33.677989,5.969028,81.955265,88.433947,420.617125,58.003126,8.849339,210.332969,22.776940,181.773487,80.566181,100.797834,6.207263,46.441472,57.336189
2012-05-24 01:00:00,0.770779,8.261809,115.024044,104.462955,4.519536,46.749855,316.393264,48.467285,3.011261,32.054379,26.442733,33.142857,39.552303,1.041797,46.390074,5.120638,43.013238,45.719492,428.823262,21.041134,8.400134,166.759316,16.693197,220.045299,67.080523,112.569444,5.839425,27.278555,38.664207
2012-05-24 02:00:00,1.580749,9.203027,96.107046,99.259321,3.310823,31.166570,307.218415,42.656493,1.783593,38.030620,29.380814,24.075471,30.505766,1.783683,46.209334,3.666256,23.188207,28.547852,354.968029,14.880802,8.692117,123.840907,17.880269,224.062782,61.535561,94.829901,4.827871,18.018862,24.895977
2012-05-24 03:00:00,1.012463,7.111430,67.622831,75.409331,3.678692,25.475284,239.658167,34.204433,1.922574,46.315862,25.163803,15.789757,30.084996,2.509785,36.268603,3.060263,11.859617,16.098413,235.873836,8.720470,8.175531,133.669550,18.844765,195.799436,41.365035,72.436466,3.402500,12.834864,20.746648
2012-05-24 04:00:00,0.960207,5.019833,46.096592,45.011435,3.941456,26.559338,164.313198,31.166973,1.806757,36.536560,28.067319,13.444744,27.981151,2.383506,29.822191,2.242173,9.381488,10.946921,134.033571,6.560354,10.309255,162.500237,20.551180,169.721037,39.510274,76.050077,7.070455,8.544659,22.632706
2012-05-24 05:00:00,1.825903,11.556038,77.231928,23.995220,8.657818,46.055892,119.054775,39.627236,3.217034,58.942437,28.170696,28.984228,37.928541,2.799155,17.443502,5.685908,25.856687,23.715408,76.159728,10.817611,12.276322,156.152202,32.623196,139.285730,35.723578,85.259783,14.738653,14.273390,33.342574
2012-05-24 06:00:00,4.006477,41.992718,140.736664,24.012181,24.956029,82.295482,142.019351,68.642121,10.063697,78.747762,30.447917,75.564209,105.988914,5.550944,29.718599,14.290773,83.140973,82.320223,113.679624,28.661683,17.718883,189.014031,53.053434,146.677898,26.124414,85.673420,25.749944,24.100943,87.567626
2012-05-24 07:00:00,6.295976,88.008513,229.530373,38.188463,47.966434,134.308195,220.775880,120.905058,20.448306,130.266628,38.018412,139.251587,209.469364,10.991636,62.261485,27.459380,168.341948,174.422921,209.494491,60.770664,26.860646,225.799776,79.840109,212.108361,36.282901,77.398429,42.223330,37.280351,170.720716
2012-05-24 08:00:00,9.107271,135.109224,322.225199,49.915709,69.846312,185.034452,309.549358,173.251122,29.593608,186.572021,45.280143,202.885153,290.536147,17.942901,87.383918,41.101597,246.576814,275.082531,227.046897,75.641755,38.076745,269.630182,107.408258,151.860431,42.100198,99.457204,58.370224,53.067188,252.770074
2012-05-24 09:00:00,11.202387,175.227678,385.833570,65.929884,88.067632,224.836519,393.563262,218.439494,37.674955,239.901806,50.368909,266.655702,371.163220,25.996591,107.107509,54.721379,330.693746,371.129433,290.698076,96.666694,45.926784,324.556734,132.665791,183.305853,43.111630,128.200191,77.671647,63.487177,322.163094
2012-05-24 10:00:00,12.604624,209.497396,440.403825,73.342869,105.776882,261.871649,479.927980,253.650209,43.442340,277.805892,57.775966,312.652883,441.114559,32.550658,130.893454,68.985954,409.367858,438.229748,339.224881,114.362340,49.867657,366.392144,152.321698,178.212694,41.668220,127.326572,88.785315,69.698144,369.975150
2012-05-24 11:00:00,13.840986,242.746566,475.993959,81.589351,131.259024,293.104898,535.949511,278.682270,47.042275,315.991671,72.414704,339.681994,454.517072,37.411829,141.329235,82.646776,438.195163,480.272558,350.334351,123.776595,52.333583,400.998161,167.764763,187.066345,40.718769,126.574071,90.181388,72.461804,393.464547
2012-05-24 12:00:00,14.574866,285.244594,484.520271,90.496683,148.509564,307.343316,567.873499,287.544713,51.443349,309.477444,91.436529,338.064306,441.704459,47.373971,129.599808,87.765046,455.823822,484.329552,359.318994,134.297132,53.511187,437.987148,175.261622,187.584018,39.126324,124.164462,99.319075,71.956041,393.168279
2012-05-24 13:00:00,15.701573,278.074925,452.831556,96.214208,133.766116,300.400687,606.439223,271.803081,49.537440,282.574316,90.997005,322.468596,415.926839,40.979339,113.557539,92.188665,451.248756,464.297569,350.529668,134.218468,50.980811,436.244214,165.635612,176.313119,35.870798,120.581608,102.354423,66.150218,388.735710
2012-05-24 14:00:00,16.894723,220.330861,390.790611,105.669996,111.514335,261.591513,797.983414,240.042143,40.259703,250.157297,82.763322,285.696759,365.573713,40.250054,97.711145,97.664864,447.810722,425.643550,371.843468,131.534086,40.261157,413.023555,144.250767,152.996016,31.682943,109.474851,79.681308,56.391797,328.488827
2012-05-24 15:00:00,14.183140,177.513911,310.037207,113.274947,104.122292,203.845529,895.081012,205.166977,33.964471,196.517004,75.444415,225.871441,288.948351,32.571333,74.831005,87.892585,422.413045,348.493091,350.183391,128.546959,28.128498,366.171397,93.137922,134.912988,25.085643,96.630863,53.746061,44.136022,254.836051
2012-05-24 16:00:00,8.825820,112.003569,225.133992,111.254136,69.478330,156.981324,838.186543,151.186755,22.859756,139.144452,66.024460,165.090111,201.328814,22.733111,48.268029,64.446333,530.399897,348.637031,381.799630,117.645379,16.188482,340.352968,62.308846,110.674699,15.997504,82.446358,32.072564,28.200414,180.436090
2012-05-24 17:00:00,4.159121,54.735624,136.699440,107.238063,34.560749,115.723473,761.648712,93.693442,9.654609,79.871221,56.756354,90.487602,114.163227,10.535044,19.084252,34.155661,759.526641,458.795704,371.673464,99.824208,10.663134,324.913715,51.383414,99.377828,5.644707,79.931333,14.061579,10.205679,125.760908
2012-05-24 18:00:00,1.894286,34.232643,140.681581,94.359232,22.807892,94.583765,620.831422,47.684397,3.312387,46.610920,40.503153,62.690026,105.823449,2.904405,3.012342,18.906972,915.845659,528.173530,385.847717,70.734298,3.189356,287.160198,43.402313,93.882235,2.202529,83.167795,4.460034,3.289157,146.358168
2012-05-24 19:00:00,1.940011,44.551019,270.708760,112.311770,24.647238,115.451817,531.863193,43.052684,4.030457,39.117209,36.017422,70.975740,190.818823,2.778126,3.193083,7.514310,870.885319,666.474285,514.040839,72.643915,3.346577,227.533095,40.508825,135.960084,24.015291,82.182264,3.218581,9.295445,217.651193
2012-05-24 20:00:00,2.103311,30.537318,247.660464,125.797855,15.923482,131.577129,412.312136,37.109828,3.381878,21.731783,28.862329,62.690026,271.396122,1.736329,6.988635,4.454046,682.016491,548.204613,538.238423,85.444605,2.358326,178.881310,21.515676,164.787286,25.599566,121.877229,4.506013,29.352154,215.387922
2012-05-24 21:00:00,2.586681,36.080050,213.957767,108.669226,24.279369,131.170609,383.675487,18.356819,2.710135,33.005145,17.179135,42.366576,367.121110,0.868165,22.050347,2.726967,573.509844,328.192973,376.009406,52.802846,2.246025,160.698319,14.096478,125.105831,17.910036,90.668774,4.781892,68.393022,207.466475
2012-05-24 22:00:00,1.953075,23.635047,247.877901,98.695594,16.659221,124.124254,373.944587,13.734598,2.594317,35.042500,11.026447,45.336926,320.626116,0.741886,96.515453,1.999776,522.354182,222.802031,230.403078,37.442018,2.740151,124.496150,12.761022,110.022649,14.490320,88.369204,5.517567,59.383591,167.482027
2012-05-24 23:00:00,0.927547,15.896138,238.745557,88.938780,7.935465,91.738122,301.101850,19.809517,2.432172,25.399021,14.068225,45.805929,272.448045,1.136506,134.049240,1.636180,489.961497,200.264254,171.066395,29.761604,2.807531,112.865588,14.541629,112.137114,11.031964,65.483004,5.011790,34.142883,148.244227
2012-05-25 00:00:00,0.816503,11.294624,207.652101,93.838868,14.294347,61.113579,239.658167,25.884435,14.801507,21.731783,12.581902,34.549865,197.971900,1.341709,178.149934,1.787678,467.835345,154.330116,127.089917,14.480780,2.178644,80.103444,13.577134,145.475175,3.013987,38.161918,4.184155,31.640264,99.961120
2012-05-25 01:00:00,0.973271,13.699961,152.423165,79.919147,57.229942,39.161473,201.846669,26.412689,26.823388,18.064544,8.952507,23.762803,174.829595,1.404848,238.999252,2.878465,393.845495,140.592804,114.254677,14.880802,3.391498,61.101400,8.828846,123.837152,2.762821,20.477127,3.448480,49.694877,65.069031
2012-05-25 02:00:00,1.018995,13.804541,127.852812,79.095239,42.094751,39.025966,210.465466,26.412689,27.749930,18.336192,8.053800,35.800538,99.511911,1.294354,302.258444,1.454382,269.408019,147.676106,89.425852,24.321311,3.121975,52.910864,7.493391,81.477375,2.898064,13.359409,4.184155,44.689638,54.129889
2012-05-25 03:00:00,1.247616,18.092315,103.934769,80.916510,40.570721,32.521639,244.106578,40.015224,38.405161,23.225843,7.397052,18.134771,69.216530,1.578481,358.890483,1.999776,186.744718,133.509502,71.330268,35.441910,2.897372,63.722371,7.419199,81.124964,6.356421,20.258120,3.770338,32.534056,73.179084
2012-05-25 04:00:00,0.705458,19.974752,92.628058,76.883694,28.220825,27.236872,235.209755,47.146650,19.665852,33.684263,6.394648,17.665768,58.066147,1.562696,295.751785,1.605881,157.007170,129.860529,62.282476,27.441479,2.515548,80.922497,7.357432,53.284512,5.776808,28.525623,4.259322,17.446835,91.662461
2012-05-25 05:00:00,1.579747,40.436572,95.356260,56.403943,29.311561,34.251228,226.635156,61.637596,8.726079,54.753989,6.726489,32.927833,73.700087,3.843034,293.574406,4.535706,147.904970,135.582712,72.741971,21.910635,8.506433,79.903511,15.916848,28.724898,4.749603,33.511617,9.569350,29.777482,97.914491
2012-05-25 06:00:00,3.708137,102.328143,141.302333,50.059940,51.044489,73.745775,231.831460,113.297168,12.861815,125.148644,12.220873,72.926716,124.493509,9.884541,263.211676,13.582548,167.923197,161.137363,116.396281,27.117907,17.660483,152.502873,39.680652,48.714682,10.190872,60.731224,22.511558,46.193854,169.759912
2012-05-25 07:00:00,6.022999,201.546842,223.883694,49.661225,71.058690,126.932737,278.012527,209.773435,20.299869,183.676882,24.587567,134.792177,214.808992,18.319809,266.390340,26.047413,268.252839,202.949503,184.938953,50.995771,25.714985,224.182930,71.619139,75.598733,19.134748,83.997018,39.373977,43.356246,231.015372
2012-05-25 08:00:00,8.548795,194.202243,298.702729,68.106700,92.207194,179.438944,371.078444,284.853950,29.563850,228.405893,36.381706,194.578742,307.367207,25.086943,129.495667,39.741116,304.504283,278.535732,216.501618,75.846836,33.740412,255.167626,102.063277,92.641646,27.430493,81.722628,55.225882,52.364903,282.177193
2012-05-25 09:00:00,11.440242,237.138734,371.986809,92.289971,111.752931,226.437584,536.295939,398.401790,39.466679,259.455292,46.831512,245.715830,399.179899,29.534933,141.585146,51.164397,417.740526,373.468216,262.048548,104.556883,39.272170,308.289860,124.546971,116.753136,46.751622,97.977419,68.193453,72.010630,358.347126
2012-05-25 10:00:00,14.973515,289.774878,421.827775,93.825023,133.613848,273.569799,772.920110,560.621875,50.460927,317.875572,56.647868,286.051101,479.679536,33.615158,144.490785,61.625256,490.695377,519.263893,344.216967,128.800141,41.752076,356.370311,134.938820,134.435109,78.254907,114.769449,76.546481,96.901978,430.914066
2012-05-25 11:00:00,19.250157,326.177718,468.169420,97.278795,148.982612,344.053427,1071.959711,678.147745,54.206164,380.623346,62.097150,320.470992,511.026254,35.855323,136.627584,72.467029,487.593085,809.858556,533.975276,165.954921,43.468005,377.762758,150.573086,140.280357,80.670662,115.918202,76.302564,101.006663,479.889738
2012-05-25 12:00:00,26.150457,373.555969,501.377763,118.651981,0.000000,399.344829,1183.021312,739.614202,0.000000,408.002757,66.907622,321.572874,506.660443,32.208977,138.174998,81.575590,459.410574,977.291185,677.777024,202.702789,40.409445,0.000000,149.307420,142.595251,0.000000,0.000000,71.573362,0.000000,483.058264
2012-05-25 13:00:00,29.157084,380.228207,455.420462,120.534236,200.255499,403.133439,1344.665290,706.625527,62.588717,401.224939,75.117961,316.673005,517.894360,0.000000,160.371443,101.722796,470.441964,1128.458387,863.919152,235.795962,27.167785,0.000000,105.731249,0.000000,0.000000,0.000000,76.183840,99.901204,443.016823
2012-05-25 14:00:00,30.722271,410.254520,430.385796,122.694929,213.214242,350.499776,1364.132166,683.877988,65.332748,445.651780,0.000000,336.670379,508.134304,0.000000,173.588289,107.912293,499.581407,1112.032985,951.822628,299.242469,24.303531,0.000000,70.663134,0.000000,0.000000,0.000000,75.251265,94.309642,430.536585
2012-05-25 15:00:00,26.194755,426.823310,411.022239,139.278590,257.593073,303.377120,1381.761383,659.233362,69.820543,518.729922,0.000000,261.510566,465.871807,0.000000,211.496169,95.605587,553.609356,871.630917,769.769138,253.503899,19.259174,0.000000,55.195890,0.000000,62.575995,0.000000,69.991842,78.004393,426.228259
2012-05-25 16:00:00,15.744613,471.350098,381.110950,138.206190,226.724108,284.829654,1523.819557,638.915587,55.440683,523.683266,95.639557,207.367905,423.152130,0.000000,226.330767,65.010840,592.214651,946.538746,844.582508,289.255725,14.582081,0.000000,40.660576,0.000000,47.925366,0.000000,62.101494,81.807747,321.425767
2012-05-25 17:00:00,9.233855,429.899619,409.131459,129.567714,194.640011,258.284171,1375.754774,627.298700,82.306760,558.445491,103.599919,162.713736,322.879128,0.000000,221.654341,38.423131,721.696821,930.092669,838.837300,279.136814,7.285445,0.000000,24.869642,0.000000,38.915709,209.416905,50.344916,119.320423,340.328467
2012-05-25 18:00:00,7.629402,351.074577,424.653983,138.808630,188.927126,190.522599,1010.962527,550.572508,48.805594,621.664808,92.739310,93.644203,209.963821,12.061093,183.692644,23.876113,888.232222,718.847788,841.865492,212.971479,2.380787,97.324147,9.125614,217.075654,39.896682,136.052487,35.266451,137.393823,333.864007
2012-05-25 19:00:00,9.523689,316.563224,445.093038,91.627324,72.365133,247.841987,831.852940,394.341451,72.826192,565.162173,115.553015,72.539082,238.786510,20.441328,176.161788,10.726071,857.609628,575.464592,897.835555,157.048464,1.864201,67.326207,10.832030,110.868435,52.551562,111.583914,32.829526,91.560130,160.880821
2012-05-25 20:00:00,14.481494,306.732718,478.360861,59.494883,49.399582,232.394209,731.763682,263.070385,48.620286,409.236632,147.042335,74.727761,432.340333,21.293708,145.074414,6.635620,748.748963,528.886518,760.856191,121.286537,2.133724,49.143217,10.164302,82.393643,64.221100,68.987111,30.070742,66.927202,126.743156
2012-05-25 21:00:00,15.585405,180.609411,465.966966,47.179616,45.247915,266.406422,705.629265,246.694518,50.589187,261.188863,165.120177,95.207545,469.788790,40.409113,150.797865,6.090227,637.764188,727.862899,798.309842,129.606985,1.774360,47.832731,7.196623,101.423826,42.717465,97.457982,25.656688,53.806324,145.037927
2012-05-25 22:00:00,14.932203,161.575878,477.708551,40.848528,35.840974,268.168011,599.423442,200.736439,59.530316,274.227932,222.395482,106.932612,378.061109,57.141011,160.618101,2.999664,652.632962,658.532401,926.662241,126.006791,2.201105,90.914951,6.157935,179.236129,59.217109,90.121257,28.139594,50.981939,103.167420
2012-05-25 23:00:00,11.894813,262.913758,576.207401,46.008798,38.153294,213.558760,587.190311,140.647570,89.110166,320.136323,265.775390,68.005390,198.603053,43.566074,180.740549,2.242173,504.476252,552.497523,801.255635,97.525256,4.244987,101.726459,3.709599,333.592056,80.836667,165.295307,35.818208,44.189114,74.310719
2012-05-26 00:00:00,6.714919,314.994526,574.902781,40.371528,49.662346,121.549624,549.100788,80.294575,90.453652,370.119423,278.633818,50.183287,101.405373,48.996049,177.185985,2.272473,275.603342,533.394073,690.788406,58.483152,3.997925,136.618143,2.967679,220.891084,50.349033,212.874513,48.692532,34.428897,53.941284
2012-05-26 01:00:00,5.388918,123.195070,535.111855,44.968071,32.319940,79.813521,427.325524,41.864113,55.221897,306.146488,248.941912,41.897573,69.006146,34.552948,92.719902,1.575581,241.440564,393.874497,716.669299,56.403040,4.222527,194.934761,4.006367,154.003516,30.023944,140.657054,72.693950,37.217531,71.293025
2012-05-26 02:00:00,6.336062,65.780729,445.527911,31.265168,45.720890,68.701961,379.505101,36.977765,47.068328,150.356771,176.077492,48.463611,71.951530,18.136746,53.197968,2.423971,211.703017,246.413037,679.426062,48.162596,4.447130,125.970446,3.116063,170.989716,10.452351,142.299604,91.867497,43.545583,185.776798
2012-05-26 03:00:00,4.173962,37.335009,407.476479,25.454444,51.186376,52.441142,482.374616,34.996813,26.939205,78.234418,145.486880,53.622640,61.853070,8.618506,30.424659,5.696331,115.587015,226.021714,569.379661,36.241953,4.200067,202.633865,2.819296,138.990816,3.496997,125.381336,58.302295,27.385810,351.749978
2012-05-26 04:00:00,2.658533,32.942655,335.070040,25.714625,30.060171,29.404982,513.513496,34.204433,9.520218,75.925416,168.369349,49.714285,73.844991,5.745671,13.254307,4.302548,76.290970,221.943449,509.411736,33.841824,3.526259,276.184879,2.980830,105.934684,1.932043,75.940574,43.644607,16.195525,399.090056
2012-05-26 05:00:00,2.335401,18.220905,304.496127,19.732617,37.864163,29.394565,468.674497,42.513095,22.460559,95.100909,194.916311,56.306124,123.428515,2.609869,18.221036,10.165327,109.584638,226.346004,512.087878,75.026894,5.571334,242.186668,14.124177,86.483822,4.358705,60.914429,56.026246,19.833218,398.220470
2012-05-26 06:00:00,4.204434,33.763312,288.076392,22.641971,52.202447,63.989606,458.799639,66.682642,24.485357,99.073158,206.441308,98.401120,158.292902,5.787694,36.281680,25.470598,223.236414,224.898611,578.874850,119.904254,13.105064,249.765176,42.180503,89.238038,11.407682,59.721661,62.542519,26.172098,372.521638
2012-05-26 07:00:00,6.651541,78.045402,315.098944,37.176767,65.794797,124.456785,471.043221,111.586060,37.171886,151.770647,223.025425,155.817911,215.253692,13.107197,58.142542,34.070262,258.921996,243.259270,569.699955,101.553802,22.463279,288.839469,74.637972,151.806473,28.693708,111.660866,59.183227,33.214585,372.430170
2012-05-26 08:00:00,9.482336,130.282276,403.796453,56.698302,90.203699,178.112545,753.299739,169.939582,41.622375,191.603277,249.681324,205.399427,334.288213,17.129174,81.042106,41.738671,268.061384,393.743898,762.404920,115.429096,30.840798,396.435114,102.358233,148.159503,78.798008,111.863482,54.428452,46.614940,469.441647
2012-05-26 09:00:00,12.486433,186.193237,555.478394,85.185904,103.797699,236.858295,1063.796600,234.756103,46.400403,263.571610,216.535418,268.619175,554.553544,22.096950,102.051062,53.100169,337.310406,532.895153,795.183120,125.281760,35.312097,470.205500,125.413873,174.985663,103.601150,160.155951,63.745678,64.812360,496.779765
2012-05-26 10:00:00,14.623507,222.418227,618.636110,102.125683,121.275614,281.366809,1081.062256,273.819699,52.988905,352.598274,176.423554,309.027610,694.795211,28.761048,116.624831,69.153056,424.242067,644.914345,843.816950,143.088055,37.896609,543.500572,138.508267,202.861087,87.107371,166.125145,79.365715,82.263486,480.833423
2012-05-26 11:00:00,15.499714,237.849558,521.018388,127.035321,156.920717,302.933761,1101.916917,292.034502,56.086921,383.431758,195.606490,335.236043,646.766451,39.083465,120.263480,87.605851,462.135998,740.360596,827.817415,151.613686,35.202272,542.335951,144.669826,259.565829,0.000000,182.369352,81.223782,94.535279,491.660824
2012-05-26 12:00:00,14.250876,261.818925,482.511901,137.565820,175.314986,292.265231,1137.207575,315.103304,58.968301,389.492640,244.603645,342.897512,571.933841,0.000000,121.877827,94.425045,463.589746,716.426800,773.966023,159.985750,40.006556,0.000000,145.957184,338.298875,0.000000,222.039481,77.453210,0.000000,488.485324
2012-05-26 13:00:00,13.986687,259.138163,445.731251,147.325285,200.517970,258.251946,1215.577689,322.152155,64.435755,405.293772,267.679602,315.741678,511.678842,57.531314,122.072063,106.995376,418.178790,751.874612,713.800250,151.421590,34.187249,0.000000,129.563653,193.587067,0.000000,0.000000,75.685014,0.000000,505.567120
2012-05-26 14:00:00,11.756565,265.096148,415.349128,134.399819,192.805440,209.142964,1298.291772,301.331011,67.802681,414.426845,266.607049,277.868773,552.699722,0.000000,112.671493,111.969442,351.100324,737.333537,869.856270,148.061428,39.072941,0.000000,116.167727,88.417677,0.000000,0.000000,66.760764,0.000000,461.512440
2012-05-26 15:00:00,8.489824,224.144631,356.774729,124.070216,151.655463,155.536166,1294.794809,256.308893,59.814246,358.411297,213.096734,237.116763,506.717691,50.351109,93.572400,90.486428,297.608827,551.761336,851.485131,135.253584,34.169788,394.954644,95.995892,207.877171,48.455567,147.160164,48.616013,75.964400,358.841602
2012-05-26 16:00:00,5.268320,150.328620,260.188651,112.280413,108.392338,109.224403,1214.577843,172.663792,46.452079,297.962287,161.033991,173.316908,380.058966,36.798324,71.813490,61.481451,211.664116,430.043400,739.460015,130.071185,35.457482,300.367720,67.402051,169.696596,60.945015,125.883769,33.545420,55.574075,251.774523
2012-05-26 17:00:00,3.587822,81.604327,195.142586,109.729425,56.865851,72.538993,864.852508,87.540373,31.685066,199.812786,153.534799,102.557615,252.833392,23.897442,37.876182,34.494476,113.358407,225.201033,593.874317,134.042766,15.892580,167.431711,43.921761,111.238554,63.122951,82.692873,17.719692,26.775411,124.518584
2012-05-26 18:00:00,2.175163,38.485387,108.066067,96.514444,33.213336,84.149740,851.870791,65.767596,20.824029,138.608358,125.113797,70.194069,104.561141,13.405489,24.580715,22.755026,135.412047,137.158476,512.357529,118.646395,15.632335,77.128216,42.882969,94.728021,64.240420,60.500601,7.954493,6.649818,55.072919
2012-05-26 19:00:00,1.678730,66.826528,115.024044,74.108422,35.262893,102.172148,1020.910426,91.255841,17.673787,192.869571,99.307153,54.560646,85.626528,5.666747,41.088351,12.786446,198.073307,251.564529,648.074410,165.928943,10.893222,85.017765,23.741436,93.529824,63.660808,46.265166,6.115304,8.830672,116.369832
2012-05-26 20:00:00,1.247616,84.709683,178.515576,65.522426,24.384475,107.185900,1054.273512,112.782183,11.720755,208.353466,69.304156,34.862533,72.582684,3.883063,41.449833,5.090339,89.920679,399.240634,706.359025,147.927973,6.985138,69.455747,14.467438,76.966517,49.093206,38.928441,5.839425,42.044011,175.026263
2012-05-26 21:00:00,1.175764,62.643334,163.947313,53.033704,16.711774,70.463550,1020.076349,146.458362,8.802148,171.681083,85.826544,29.859838,26.087689,2.336152,74.284366,3.120862,38.588008,637.497142,790.314119,132.727154,6.513473,63.886182,14.467438,89.441859,39.703478,42.651555,5.517567,50.874684,109.768626
2012-05-26 22:00:00,1.417449,54.799845,117.633285,51.559341,15.713271,40.516541,955.296357,132.327573,6.416303,156.197188,147.284294,24.700808,15.989229,1.341709,94.888788,2.030076,29.914557,716.057396,786.105843,106.565744,6.041808,53.893728,11.648142,71.539391,23.165192,46.319917,5.011790,32.212291,81.100531
2012-05-26 23:00:00,0.960207,40.263245,94.802425,60.188701,21.861943,45.394787,960.856872,149.099631,4.748527,191.511335,211.576429,22.355795,23.352690,4.104050,75.007328,2.605769,38.765017,587.484740,885.000315,115.766239,4.132686,30.468795,7.641775,57.583923,29.405690,39.694965,8.276351,15.981015,59.410854
2012-05-27 00:00:00,1.071252,43.505220,71.754129,53.207159,26.749348,54.880265,867.440231,123.743449,9.195928,242.173553,213.892329,20.010781,18.724229,0.962873,64.464129,1.908877,62.307242,363.824127,1006.829888,119.846459,4.963716,10.320076,4.970863,64.702621,36.921336,54.970682,8.138412,28.565617,50.169166
2012-05-27 01:00:00,1.058188,76.761614,45.226845,49.868160,32.109729,35.638296,808.776806,103.537742,4.956999,222.614949,192.081395,18.760107,21.038459,1.199646,75.670043,1.636180,60.714159,262.726095,912.774933,84.804571,4.694193,22.114448,4.896671,56.244762,38.602214,37.614401,11.127094,29.459409,57.336189
2012-05-27 02:00:00,2.808770,35.661731,46.531466,42.496345,39.677324,28.862954,851.036714,103.009488,3.775658,214.465530,168.231087,29.859838,31.557689,1.231215,92.237927,1.727079,69.210602,227.094942,827.136528,93.685049,6.850377,20.640151,5.416015,31.082632,33.694825,20.805637,6.850979,21.522530,90.530825
2012-05-27 03:00:00,3.912681,9.830506,82.191093,35.818348,64.534774,33.334679,787.646851,109.084407,4.007294,204.957875,169.786542,51.121293,38.079611,1.641620,64.102648,1.605881,119.658227,223.660614,762.960329,74.724027,6.266410,23.588744,5.861167,17.831986,28.555591,9.526791,6.437162,23.417370,118.444497
2012-05-27 04:00:00,3.834297,12.026683,93.497805,37.682984,55.232937,37.670898,633.620605,123.215195,2.339518,129.847401,176.976200,54.560646,31.557689,2.004671,24.158987,2.030076,178.779303,169.784592,761.908260,80.004312,4.784363,25.063041,5.801213,12.334378,14.007310,10.676577,4.377688,23.703384,155.034039
2012-05-27 05:00:00,4.014226,25.797946,79.700814,36.594358,38.298338,75.236568,594.315749,143.541631,4.182596,89.595738,159.279963,69.977699,42.491669,2.878519,21.159509,5.065283,151.534956,112.224398,788.019969,101.411227,7.432431,57.132220,17.575011,23.849136,15.212133,14.986676,9.891671,23.110399,164.552780
2012-05-27 06:00:00,4.822948,58.554941,135.163577,39.207315,44.760897,117.175927,734.931917,160.148358,12.272785,105.488243,150.435927,142.046889,106.523611,6.986888,34.398850,13.075087,212.623643,116.429686,790.655331,136.065125,14.505860,115.939817,43.332472,45.305421,20.071498,32.832628,22.551863,30.309766,277.217755
2012-05-27 07:00:00,7.139542,101.001083,224.757386,63.362129,55.133264,155.544542,845.419290,200.489089,21.356808,143.383230,158.113865,181.479860,205.063620,14.197385,58.638349,25.702784,258.557354,189.593700,664.245595,178.137742,25.727806,202.092261,73.121928,85.471990,22.083520,55.348290,40.616819,46.253506,301.559239
2012-05-27 08:00:00,9.296381,157.765322,326.878011,77.036280,84.162114,190.974097,974.320641,265.477395,30.642111,207.322140,178.737171,218.247886,293.323853,21.442249,84.535961,40.987735,267.491817,282.727836,730.163549,136.752592,37.169855,293.108157,104.407392,114.318328,33.610050,90.696324,57.874755,67.128363,397.912899
2012-05-27 09:00:00,11.562391,201.904591,417.629561,92.022216,111.925479,230.024326,1363.240098,303.148472,40.041598,263.603174,181.183436,267.338356,400.744351,27.672975,109.113398,52.385347,339.130897,393.001407,756.899827,149.471450,45.842068,385.695743,128.081885,139.436636,45.759472,113.192998,72.743478,73.699143,550.740267
2012-05-27 10:00:00,12.702094,222.680297,474.042186,102.759463,115.625627,275.537653,1306.521290,336.719039,45.321044,299.934151,193.651262,307.744913,480.836579,31.998553,131.138478,58.481283,381.280956,480.580670,683.470197,171.138172,50.306376,408.952640,141.347340,166.487129,58.728913,124.315344,86.530804,76.818199,529.379371
2012-05-27 11:00:00,13.138723,239.081747,490.848243,126.322698,115.491513,290.239391,1281.003169,354.883800,48.505280,316.030816,199.797317,321.173225,503.994448,34.942910,135.262844,66.901157,383.343306,520.607190,650.331858,161.991019,57.575834,406.382425,156.395578,173.647143,59.836851,128.256090,93.149802,81.376654,471.499608
2012-05-27 12:00:00,13.297315,240.231614,481.070265,179.329868,112.170092,292.846126,1203.046450,364.795194,48.373832,316.078966,206.709854,344.044852,500.898873,36.715865,130.542526,84.924260,388.313645,503.667271,578.175584,144.600537,63.625024,391.171462,0.000000,174.842339,0.000000,126.974182,99.694673,0.000000,433.869509
2012-05-27 13:00:00,13.963841,218.863898,445.534148,197.306537,104.602275,277.561881,1244.031518,343.130429,44.877170,297.250378,227.963918,330.162368,509.944527,40.175084,118.394945,113.397712,353.518919,499.848137,632.116108,154.890977,69.112158,369.274208,4.330414,162.402115,39.439926,115.480991,100.357607,79.840628,422.148172
2012-05-27 14:00:00,13.316086,185.654575,395.735059,180.472732,91.528338,250.559089,1321.953105,302.189008,39.730078,252.883058,223.445032,311.232011,492.177082,37.438739,102.788361,118.927913,298.150977,518.285029,773.278858,160.108427,70.053184,333.074663,181.071893,141.259974,39.064950,100.814114,88.138220,67.216432,389.814038
2012-05-27 15:00:00,10.932604,151.054186,325.533179,163.756476,74.629199,222.919995,1339.055158,278.334827,31.421346,198.657482,190.019852,289.551152,421.543056,26.607264,82.272731,105.005768,274.196425,546.706756,907.020949,149.988460,54.187562,272.441599,155.639676,117.180454,35.194500,81.734396,67.350154,62.705580,330.857781
2012-05-27 16:00:00,10.280751,111.722306,253.652499,144.164315,50.815540,138.094873,1328.875299,225.601420,20.796018,151.509900,151.393350,187.211278,348.601845,16.612813,62.631080,53.088748,228.205152,531.935754,918.522409,119.270257,37.880760,180.383967,117.559769,85.133450,29.312514,56.579267,50.590581,59.270048,238.015506
2012-05-27 17:00:00,5.136832,68.198912,193.641013,138.200089,26.965649,68.147155,1294.911576,154.111962,11.437944,106.003956,118.580438,73.213609,237.354195,7.867467,51.989332,26.813740,151.415387,416.374084,874.014683,86.439794,18.546134,84.329605,67.823385,45.315160,23.387776,26.309155,25.950756,55.320096,141.853479
2012-05-27 18:00:00,3.416248,46.685528,178.733013,150.576348,14.346900,39.839007,1178.036898,103.182839,5.929868,82.492532,94.283231,26.733153,111.714218,2.243139,36.268603,9.514085,135.235037,382.498285,867.535972,95.551505,10.848301,29.002500,70.408196,16.212618,50.812724,9.624565,18.667770,39.219626,105.373964
2012-05-27 19:00:00,1.770178,51.871609,233.961949,141.452121,29.271880,36.993364,1071.511106,90.991715,9.033783,93.310842,70.237429,17.353099,91.727681,1.136506,33.196014,6.211425,212.942081,482.737735,910.039554,145.927865,7.973389,98.941677,63.656725,13.884985,106.745360,7.391476,10.161520,27.099796,135.041815
2012-05-27 20:00:00,1.874690,60.865476,233.309638,109.189589,67.109858,30.353529,883.843749,133.119954,8.408368,115.042624,46.663646,17.353099,69.426915,0.978658,24.038493,3.242061,231.351039,479.518052,784.422533,142.487680,4.581891,219.506369,28.489723,51.733904,71.794707,11.169342,13.564020,24.704432,148.055621
2012-05-27 21:00:00,2.220888,26.458704,207.652101,98.955775,56.967178,22.087613,920.543143,150.816456,18.206548,123.463690,41.513362,17.665768,55.962301,1.389063,10.302211,3.605657,143.023443,543.053121,661.330478,103.925601,6.603314,258.984753,27.525227,153.369177,42.157172,62.416910,11.081114,31.461505,204.260175
2012-05-27 22:00:00,2.580149,13.804541,241.354798,85.990054,38.521164,19.106463,927.215760,111.329485,17.743277,110.152973,26.131642,21.730458,48.598840,1.026013,14.519491,2.181574,94.699928,542.838476,503.940978,69.043721,5.031096,275.365826,19.067341,240.696571,41.983288,164.638287,8.460270,28.065093,240.661111
2012-05-27 23:00:00,2.024927,17.673996,236.136316,78.227966,30.953568,25.204270,871.888643,105.386630,22.630786,84.889776,27.203178,24.231805,68.164607,0.315696,16.507637,3.393559,81.070219,320.036444,495.734841,46.482505,3.840703,241.620817,12.241678,206.230795,61.149152,137.371953,7.080878,48.658078,289.321430
2012-05-28 00:00:00,1.567685,33.988453,184.603805,99.215957,49.084266,20.732545,722.866860,113.706627,17.418987,77.555299,32.249765,18.291105,72.793068,0.363051,18.375289,4.029851,62.661261,165.920973,467.539396,52.882850,2.133724,193.624275,7.715967,204.609706,57.961282,122.369994,10.575337,54.735869,231.796634
2012-05-28 01:00:00,1.730986,32.315176,165.469371,95.833595,46.404076,29.269475,652.248328,114.234881,13.782311,67.640174,30.314087,11.412399,65.429608,1.136506,30.364412,3.393559,54.695846,142.953905,557.596489,53.282872,1.998962,196.081436,3.932175,230.335694,45.692810,109.120089,11.311013,43.903100,207.655081
2012-05-28 02:00:00,1.169232,12.967902,150.466235,106.544408,42.515172,51.899115,728.705400,116.083769,14.013946,83.667363,20.186348,19.541779,48.388456,0.994443,64.946104,3.938953,37.525953,144.027132,635.659998,30.801660,2.380787,158.404969,7.048239,229.207979,54.831372,90.121257,15.633108,35.501448,152.770768
2012-05-28 03:00:00,0.999399,9.725927,161.338072,109.883407,29.797408,69.379496,884.399800,109.744724,10.632068,69.541704,10.991881,30.016172,50.492302,0.678747,70.067086,4.666144,40.535109,118.269672,689.736337,46.642514,1.976502,82.724415,9.719150,237.524874,52.145833,70.136896,17.472297,40.363681,98.640879
2012-05-28 04:00:00,1.082255,8.784708,154.597533,108.929407,20.495571,60.300538,1023.968709,109.480597,10.145634,50.526395,9.263598,35.487870,41.445764,0.505114,23.436024,4.332848,33.631750,116.337862,776.847637,49.282656,2.785949,58.971860,10.662056,220.327227,40.186489,40.297233,12.392290,31.604512,45.642625
2012-05-28 05:00:00,2.387753,16.019985,191.803800,89.082204,27.920069,68.148122,1165.647794,94.505727,10.660518,41.560992,9.647668,57.261347,66.976002,2.496578,16.129928,7.042054,41.325291,113.303917,757.883576,38.210137,7.436742,75.754173,19.059213,179.837957,48.638266,26.073757,11.540572,28.124596,53.883769
2012-05-28 06:00:00,5.158502,44.049796,277.893281,86.031068,40.081392,107.258803,1117.820040,116.013823,18.552854,70.622418,14.081546,99.164760,149.644231,6.635591,29.808528,14.900656,99.180008,121.152935,750.962855,51.138261,14.716764,118.335706,41.455461,195.769926,49.119740,36.917989,22.864222,40.655432,108.938660
2012-05-28 07:00:00,7.110277,86.035946,320.003486,105.305909,60.497055,159.732154,886.644952,152.662768,23.921593,129.309891,21.532889,149.208549,227.277473,13.583110,58.311932,27.008036,171.021790,178.388846,604.597342,69.031856,23.092354,187.795688,68.482418,180.650399,41.166655,58.644777,41.643427,51.434884,188.721062
2012-05-28 08:00:00,10.205645,133.064553,383.276827,99.891961,77.374337,194.671329,852.556178,185.900643,30.444970,185.969298,27.355386,203.411473,302.693968,20.943678,83.903895,41.912392,236.313367,269.122786,498.432319,67.851281,32.985195,257.257271,95.466299,150.004286,57.544567,80.071634,54.892672,62.322515,268.469112
2012-05-28 09:00:00,12.338881,172.498896,416.698968,117.943667,91.872443,228.132170,899.900572,219.668614,37.176915,241.900679,34.682629,262.702955,393.268284,26.903342,114.305768,52.854621,295.230758,352.525526,504.601140,88.529786,40.065332,306.421412,120.796936,151.412504,51.345556,96.202594,61.342001,65.454095,337.544410
2012-05-28 10:00:00,14.755310,204.472090,458.541206,121.512638,100.976025,267.239524,844.857941,251.648798,41.863404,265.430395,40.687207,309.730175,473.482954,32.302287,122.121000,62.104532,381.150514,428.976026,514.284949,102.001542,46.652174,344.024379,139.149953,149.159486,45.607107,105.922220,56.077836,71.704706,384.226674
2012-05-28 11:00:00,17.152489,219.770233,514.239460,120.721388,104.854367,300.819876,764.080757,276.819373,44.695774,281.727811,47.242343,343.694243,494.789057,38.786572,122.180700,76.710606,448.848202,469.201165,514.371308,109.743468,46.543320,361.529608,159.062865,145.856613,43.598268,109.416928,48.136185,72.547653,416.295336
2012-05-28 12:00:00,19.925695,227.659991,566.031439,135.671441,106.328228,314.499946,730.885180,290.799483,45.807705,283.214858,54.914794,346.258571,470.425111,39.794465,118.342938,91.051002,465.355515,472.623660,476.826005,119.341832,38.204453,355.421171,150.296353,140.460424,43.889139,108.444656,49.795861,70.385286,416.086460
2012-05-28 13:00:00,19.949831,237.584641,530.164387,149.497923,103.302428,312.890187,756.150128,291.721253,44.243381,271.068167,61.491807,315.266505,434.944107,42.900107,111.645111,106.978926,500.203969,468.153999,547.181599,128.961471,33.398554,330.453579,110.665663,131.112364,39.035829,103.397224,46.750887,65.278105,376.341025
2012-05-28 14:00:00,18.416716,233.513323,522.326647,166.783046,92.597802,276.530121,863.896067,269.733840,40.649944,240.160658,63.206568,280.091381,415.534987,45.667273,98.593490,111.980331,604.741554,503.954110,699.871838,150.051924,30.808603,290.102296,101.205019,112.120200,36.930400,89.318898,42.956571,56.308543,324.551925
2012-05-28 15:00:00,15.125333,159.483263,507.899950,180.342339,77.275172,218.232876,938.973638,231.672010,34.454672,201.267040,59.402054,222.432139,367.862685,45.773338,78.567487,92.891433,561.615039,529.574959,740.942451,168.331171,21.122027,225.831787,63.947490,86.458201,30.334611,69.049506,31.397582,43.483759,258.363888
2012-05-28 16:00:00,12.378082,105.785337,415.991114,189.582968,60.430456,213.278506,1083.519991,172.042089,29.307999,153.848949,47.232301,166.730427,329.590154,29.374077,56.462778,76.126324,534.597967,516.842865,702.162845,204.700495,12.387355,141.507896,45.679175,62.665528,20.702359,49.991414,20.738151,28.917594,203.009173
2012-05-28 17:00:00,8.041457,72.026330,270.218353,175.823167,35.746908,208.945512,1206.347200,100.586730,19.960658,98.411480,34.997557,107.638884,298.012345,18.586454,25.966015,59.474040,555.139182,601.324512,738.763897,244.113174,6.632671,110.799268,34.685040,36.777769,16.843867,37.204203,10.081382,13.880495,198.045134
2012-05-28 18:00:00,4.311135,52.615272,248.965085,136.508668,17.237301,168.977014,1119.609555,52.935969,8.802148,65.806886,19.302702,83.169810,338.298421,19.981928,7.892337,48.661214,530.850624,588.343322,841.865492,286.015415,1.729439,171.615339,11.870718,14.852406,50.310392,20.648603,3.080642,9.581458,250.500205
2012-05-28 19:00:00,2.743449,66.303629,253.748693,111.487861,32.845467,199.737063,1043.152483,60.485058,7.875606,107.300677,14.828670,80.668462,510.813785,10.891519,4.639007,31.844917,501.998123,709.403385,1000.938302,254.493716,1.167933,304.524134,6.306319,12.404860,69.959267,26.664066,4.597973,85.232078,348.543678
2012-05-28 20:00:00,2.129439,92.657752,240.702488,87.724598,80.773572,193.503749,842.695943,73.295213,2.131046,140.849116,16.142165,55.185983,540.688397,3.741000,20.483929,12.786446,559.703126,697.383237,909.829140,179.209659,1.055632,359.236916,4.451519,97.758754,38.988622,99.264787,6.115304,128.384392,450.956674
2012-05-28 21:00:00,2.116375,123.822550,146.552373,86.423690,161.389487,138.758991,664.759485,92.972666,7.852443,120.339746,10.922750,35.175201,550.155704,2.809696,49.703651,6.696219,651.747916,560.439407,851.334112,181.689793,1.414996,315.827074,5.267631,165.774037,37.983960,172.851039,9.517804,62.493990,460.198363
2012-05-28 22:00:00,2.508297,52.394508,72.406439,83.041328,160.180773,94.312752,686.723517,76.464735,12.577806,109.066384,9.851214,35.956873,467.474560,1.641620,81.694728,4.908541,591.033756,389.366941,823.980322,150.488111,0.875950,194.607139,4.154751,143.572157,28.227144,112.459941,6.161284,22.952598,316.292071
2012-05-28 23:00:00,1.299872,14.850340,36.529375,70.639333,157.342925,70.192536,661.701202,55.070457,13.249549,80.815067,9.125335,31.735848,351.342266,0.994443,101.937670,4.090451,436.681724,229.456042,707.200680,95.525149,0.898410,144.972490,3.116063,131.519708,12.886725,68.275339,4.000236,12.548850,215.765134
2012-05-29 00:00:00,0.568286,13.909121,28.919088,50.041615,121.764715,46.478842,621.387473,48.467285,19.596361,55.144398,5.910729,30.172506,269.923429,0.710316,111.155438,3.484458,237.723371,153.042243,616.091517,38.722087,1.751900,91.406384,4.080559,159.924017,5.274477,63.347688,2.390946,12.191333,147.489803
2012-05-29 01:00:00,0.672798,19.556433,44.791972,32.956349,61.223950,29.947009,494.051696,39.354907,42.018675,26.078139,4.666365,20.948787,230.791896,0.741886,126.759372,4.575245,157.715207,112.474243,618.406069,15.920858,1.976502,62.248075,4.525711,132.576940,6.723509,24.035985,4.643953,10.224989,109.957232
2012-05-29 02:00:00,0.568286,13.699961,52.184821,28.576624,25.698293,15.041258,432.051961,35.260940,46.072295,20.509370,5.392244,15.008086,191.660362,0.805025,121.517896,5.484234,173.469027,118.913608,581.162832,7.920427,1.459916,46.522245,3.635407,145.334211,3.806124,15.220966,9.977601,9.366948,67.520907
2012-05-29 03:00:00,0.326601,10.248826,44.139661,28.836806,13.611162,8.807944,388.401924,33.147925,17.696950,16.842132,5.392244,10.630728,136.329215,1.625835,116.155926,5.302436,184.974626,121.274709,477.008016,5.840315,1.414996,47.668920,5.416015,116.507008,1.932043,13.414160,10.345439,14.157677,42.059113
2012-05-29 04:00:00,0.457688,11.503784,39.790926,23.503081,16.028588,9.214464,371.442356,30.638720,1.737266,13.174893,4.942890,8.911051,106.664987,1.215430,111.878400,4.454046,154.883060,120.416127,407.571472,5.600302,1.446515,35.219305,6.162284,63.504425,0.869419,8.212751,9.790556,7.007335,31.119971
2012-05-29 05:00:00,1.544315,20.465906,53.462737,19.253369,24.985660,26.361768,367.614535,36.020513,2.866833,22.340951,9.641750,26.757608,112.132052,2.907060,115.348459,6.186370,162.692589,121.026961,352.753518,6.435623,4.679099,37.311923,18.382321,55.284523,3.120782,9.849188,12.683463,9.977721,40.732555
2012-05-29 06:00:00,3.704495,57.695168,114.858504,22.199823,53.035002,67.879038,436.779352,64.595616,9.353160,75.827885,17.156095,71.189542,161.838315,7.654443,73.004342,15.627995,145.383736,140.508028,352.202215,21.570033,12.444956,85.075727,43.342723,58.361688,8.442327,29.643047,23.716991,19.410609,100.262789
2012-05-29 07:00:00,6.024188,111.180505,203.966153,37.398965,61.669535,118.048772,462.064032,107.083461,19.173179,130.096777,30.042263,132.513343,221.716448,14.079214,66.685066,25.549509,203.872996,191.073151,390.694001,49.962320,23.272256,161.270582,72.215212,68.906027,16.577508,57.508250,39.707762,32.969213,186.515439
2012-05-29 08:00:00,9.013644,141.567632,291.539000,54.814876,83.453110,172.817578,449.900860,156.925665,29.680799,176.250467,43.425754,194.700081,307.065505,20.554676,94.806514,39.541430,274.703985,276.867100,394.183055,74.469672,34.457463,231.570652,103.802517,88.638721,24.673483,75.702351,56.015412,48.927075,266.323901
2012-05-29 09:00:00,11.481180,178.979052,367.815604,81.835262,95.576770,219.553471,533.207511,218.561419,37.225085,220.185198,59.208759,247.747082,375.064364,25.751690,101.674782,50.348865,338.289578,361.885447,460.258883,96.307864,41.821699,281.976805,130.912312,114.096013,31.715085,92.439132,66.678782,64.553790,321.158073
2012-05-29 10:00:00,13.294936,211.484851,411.679715,101.846711,110.622223,252.933354,678.562650,286.340290,43.314528,258.301313,72.080902,277.849878,424.405500,29.610575,109.383731,58.360529,382.154761,436.504646,525.651205,116.183033,44.282515,313.879889,148.469358,131.738539,36.034597,106.112265,67.035496,69.910310,361.286644
2012-05-29 11:00:00,14.289294,233.008524,416.461503,118.790451,136.605615,267.372670,780.026681,363.547088,53.263765,300.266554,69.408618,282.219440,442.156205,31.263166,123.088523,65.659654,397.084680,484.756447,543.463457,128.357812,39.569576,330.518052,152.551367,156.632316,37.862919,118.016112,81.128004,64.371689,387.607497
2012-05-29 12:00:00,14.730577,235.681551,411.921732,122.315431,157.647911,277.013734,778.939431,393.232426,70.809578,329.956768,66.604447,263.685911,485.661330,36.757921,138.242435,70.149201,403.998662,473.743621,448.444737,127.897945,28.671541,338.330098,127.820840,169.443838,37.035780,122.851377,83.159335,64.940348,406.542580
2012-05-29 13:00:00,15.878143,215.135367,390.822323,120.946222,138.886286,260.483191,770.703408,405.197300,70.297329,348.142255,63.320453,252.031926,508.249998,48.072336,143.374348,85.185432,378.649904,480.383550,464.779040,125.663046,18.882459,316.897640,103.090883,162.942707,35.094610,114.255860,76.993873,62.603389,389.443671
2012-05-29 14:00:00,17.990803,202.472884,358.930889,112.203088,114.758999,213.567552,728.983026,361.624748,53.479688,325.030814,68.872826,260.626855,476.616696,38.893684,121.949970,125.737634,331.377200,447.968631,483.803443,114.808084,23.020240,281.042065,88.349924,146.947732,30.514185,103.151510,72.566369,51.722419,347.824943
2012-05-29 15:00:00,14.602197,173.391947,314.949941,120.174506,100.386609,167.057038,803.478175,323.297039,42.835172,337.083668,75.809366,195.086829,433.533216,28.619116,101.997541,103.804714,267.273797,373.727645,499.965593,105.845080,21.437584,219.664367,92.819046,118.153138,21.366899,81.244573,58.843429,40.684248,281.399999
2012-05-29 16:00:00,9.751466,128.815602,275.935290,131.884458,78.949193,130.722313,816.962901,246.756086,32.166119,318.558004,67.225573,129.619206,302.839600,23.473764,72.501473,85.993856,173.273005,284.211777,507.240056,109.227775,14.420956,146.438338,54.591222,85.317058,13.758680,56.814206,43.457468,26.857942,198.431829
2012-05-29 17:00:00,5.723779,65.566025,133.011512,111.193509,47.141283,70.803174,675.638052,161.957802,15.860031,218.963256,52.031174,72.375967,209.087051,15.953111,35.103355,54.149826,100.555317,185.247312,442.266305,97.187195,5.967155,83.567250,19.974627,48.505646,8.640789,29.991578,22.608946,11.871539,137.401432
2012-05-29 18:00:00,2.188228,28.864040,65.013590,111.942303,26.101369,36.315830,729.507076,107.750686,8.547349,213.765654,22.405669,33.455525,143.692675,20.272267,13.917022,32.178213,131.340835,185.237721,462.279052,105.845705,2.066343,98.233164,5.490207,16.915718,6.936033,11.497852,9.977601,2.717130,135.796238
2012-05-29 19:00:00,1.953075,33.779293,100.673218,92.104324,29.166775,46.343335,855.763151,85.180923,11.280647,209.575879,12.236245,31.579514,96.145758,30.038493,12.892826,13.816634,251.176071,330.124783,609.358277,148.728016,3.953004,209.186294,6.306319,76.402660,55.720112,15.713731,8.276351,3.360661,164.841545
2012-05-29 20:00:00,1.646070,30.746478,149.813924,79.008511,23.753842,39.839007,863.269846,66.956167,9.705526,155.653893,6.532910,31.110512,35.765380,31.253923,16.688377,4.938841,297.729493,473.078687,690.157164,198.410694,4.828954,294.859302,7.345007,197.561490,22.353734,79.335177,11.448952,6.435308,170.122510
2012-05-29 21:00:00,1.110444,28.236561,109.588125,88.331689,14.399453,36.857857,891.350443,76.992989,7.319681,106.349911,3.975051,31.892183,42.287303,13.543367,21.688866,5.060039,265.513817,504.416931,765.274880,158.888564,4.312368,310.912753,11.202990,225.260978,17.465666,172.194019,10.391419,18.233372,239.718082
2012-05-29 22:00:00,0.783843,40.472404,66.970521,94.879595,12.980529,30.760050,901.359369,90.199334,8.269386,73.073119,3.145475,22.981132,72.793068,4.909076,29.581203,8.483898,243.741684,444.316190,741.077297,66.163566,2.785071,264.718129,10.535262,179.518057,34.390360,142.080597,11.173074,14.372188,257.824247
2012-05-29 23:00:00,0.653202,59.087619,47.401213,85.209509,10.457997,20.868051,812.947191,105.782821,2.432172,69.405881,2.696122,17.665768,140.747291,3.725215,21.327385,7.120414,220.907496,331.412656,790.945360,65.283519,2.380787,232.119795,8.606271,146.461925,50.638840,148.048530,9.012027,5.470012,245.376258
2012-05-30 00:00:00,0.516030,42.041102,34.572444,92.060960,11.876921,16.396326,853.538946,97.198697,1.343486,104.855851,2.246768,11.412399,87.099220,2.541354,14.037516,4.726743,187.275745,212.928338,813.459633,81.924415,2.156184,198.210975,7.270815,203.834402,51.199132,123.355524,9.241925,3.610923,165.784574
2012-05-30 01:00:00,0.692394,19.451853,35.442191,87.681235,14.031584,15.718792,839.359634,90.067270,0.579089,94.533255,1.762849,9.380054,40.814611,1.436418,11.627642,3.666256,151.519885,120.201481,785.264188,56.163027,1.706979,168.069802,8.680463,227.516407,34.969973,80.320708,13.150202,4.433212,96.566214
2012-05-30 02:00:00,0.770779,17.673996,39.790926,89.242325,13.400951,11.247067,735.656042,88.878699,3.752495,106.078264,1.417192,14.382749,39.552303,1.420633,12.892826,3.454158,107.621600,99.380868,681.530200,26.481427,1.549757,133.669550,10.461070,191.429542,28.555591,61.540883,12.276587,3.396412,59.033642
2012-05-30 03:00:00,0.359261,15.791558,43.922225,91.974233,12.455001,11.789094,798.211828,91.255841,7.319681,75.653768,1.348061,15.164420,33.451150,1.089152,21.990100,2.242173,85.672458,74.481989,640.289101,26.081406,1.392536,98.777866,11.722334,164.223429,30.275109,38.545179,10.161520,2.645627,39.795842
2012-05-30 04:00:00,0.280166,17.883155,45.444282,120.117221,4.782300,9.078957,874.946926,80.294575,2.988098,40.067974,1.555455,11.256064,28.822689,1.231215,36.389097,2.151274,99.656186,59.027513,634.607929,18.000970,1.970405,70.602422,12.975521,168.452359,34.467642,31.317958,9.533324,4.933736,24.707371
2012-05-30 05:00:00,1.309969,28.919359,65.716277,137.105402,8.362672,22.364853,765.809644,76.883321,4.990007,30.701072,2.501948,27.919754,59.791801,2.320378,65.275002,5.400503,143.200577,46.770102,578.253090,14.787122,6.279655,84.788797,23.053517,142.976133,29.618512,20.946241,12.377935,10.299486,39.223708
2012-05-30 06:00:00,3.372616,56.213024,147.908891,116.122365,22.808628,64.888331,746.955336,96.484100,12.414514,64.320410,6.177589,72.538700,124.871849,6.993662,105.276851,14.155872,194.250630,70.982058,477.045482,27.350157,15.426621,129.906596,48.475483,155.946130,35.393432,33.439787,23.918398,22.048850,96.897629
2012-05-30 07:00:00,6.086090,88.026174,244.372973,109.633264,46.095549,124.697089,695.080724,113.514573,19.480367,115.167171,13.480949,131.590144,231.929130,13.362839,82.626433,26.043269,215.263964,139.313776,415.855626,44.924893,26.273826,209.076678,76.654668,143.713272,34.227386,61.631895,38.778786,36.605534,187.640625
2012-05-30 08:00:00,8.742198,128.926387,312.266200,87.322915,67.287620,186.496681,705.258067,134.803700,28.607662,169.373317,22.333433,193.816701,323.672820,20.093502,109.236623,38.069159,233.724313,215.302334,393.867849,69.160369,35.205516,244.047702,103.761978,123.143353,37.582764,76.532261,54.108468,50.089492,278.725560
2012-05-30 09:00:00,10.902378,165.855557,381.615934,98.198183,87.144053,225.539824,765.428815,177.810306,36.569086,215.592312,36.616557,250.534992,424.194377,25.997164,118.232449,48.266605,317.722908,309.136576,386.312550,94.093469,42.905089,303.469046,127.149386,145.211894,39.137931,92.506531,69.586277,58.628587,356.120971
2012-05-30 10:00:00,12.519982,189.738006,435.353161,98.268189,114.313568,255.717149,668.871698,219.813212,42.401402,256.679107,48.887707,293.998548,472.445271,30.020341,117.492545,60.672604,375.920157,384.238540,352.542142,106.807531,47.153243,337.262527,142.144814,152.145854,40.131565,103.385914,85.660544,65.635797,389.245985
2012-05-30 11:00:00,13.645222,202.737290,481.524104,105.492541,139.855010,282.552547,649.236315,247.989267,46.523285,265.492952,56.575155,349.096256,507.749657,32.657957,124.222030,83.592894,455.931657,417.958706,344.531621,113.354493,48.792841,355.106581,147.026885,156.276856,42.166507,109.678575,94.586286,68.165761,419.935837
2012-05-30 12:00:00,16.737416,205.863301,546.230430,124.281034,140.394547,310.480268,715.552344,259.186552,47.208170,264.171776,62.568189,353.599017,500.974920,36.607266,118.955665,112.192747,553.195192,425.313573,351.274367,120.270081,49.393076,351.695591,150.814870,147.774534,38.239148,110.307283,83.144733,67.989672,425.610860
2012-05-30 13:00:00,17.400811,203.356376,577.086419,145.773327,146.382699,302.063062,819.415682,253.457505,45.674462,259.297479,58.869407,331.308108,470.303693,35.124045,108.321402,122.804195,609.881124,404.998191,331.275830,115.160819,38.575572,334.323765,133.681490,133.643426,36.932127,101.748790,92.297368,65.906218,394.426000
2012-05-30 14:00:00,20.477361,184.816330,528.801649,192.462959,131.596489,287.048651,893.287939,226.371042,41.818547,242.054321,57.511644,292.771925,436.144014,31.483195,95.353740,108.847142,655.969106,365.957871,303.404508,100.526247,27.271388,301.831967,117.853899,118.404622,34.257265,90.366325,76.553179,56.681753,358.637470
2012-05-30 15:00:00,19.541746,147.370026,475.822946,228.987349,107.206071,248.013990,848.094145,188.692961,35.090142,207.451044,57.178317,237.105462,388.125524,27.304340,74.208230,90.575403,719.284418,295.146720,258.873044,81.389080,20.396731,258.983741,94.077876,93.453199,24.540329,74.615608,54.846792,43.677287,302.963587
2012-05-30 16:00:00,13.786196,101.004804,409.425222,208.897840,80.099119,224.505815,730.429848,134.164763,25.399874,143.378585,54.238907,216.395191,347.120490,20.126128,47.454928,57.622212,829.295575,209.076414,197.651819,55.641691,13.342864,195.487818,67.204999,63.392630,15.735310,52.002554,37.225652,27.059728,236.865707
2012-05-30 17:00:00,7.743300,54.572222,357.017346,183.263841,56.869959,174.738307,529.397784,74.620918,12.397138,78.262569,44.185299,132.249284,301.849919,12.017561,26.628940,32.207773,941.373035,105.519914,127.522793,30.197514,9.076168,173.176517,52.572660,31.389253,6.939647,27.316845,24.581907,11.481987,159.559399
2012-05-30 18:00:00,4.409115,22.859639,305.498641,186.652149,28.010614,125.750336,433.484032,23.451906,5.072817,28.410363,30.641183,73.946090,270.554583,6.068196,8.485304,13.907533,899.206793,46.363429,101.131341,54.760016,3.032134,217.376830,38.505641,10.642806,4.347096,18.013301,17.886114,3.753930,130.044219
2012-05-30 19:00:00,3.455440,35.766311,366.815806,163.350747,16.449010,139.572032,479.316333,18.092692,6.115176,23.633314,32.146068,74.258759,334.932268,0.947089,6.145179,6.302324,620.771304,78.345608,116.569228,140.167555,4.559431,335.484361,51.192471,70.129748,44.243778,59.624574,12.690405,4.933736,257.824247
2012-05-30 20:00:00,5.264810,36.498370,304.411457,153.507206,8.671203,103.256202,729.261451,31.563164,2.895443,22.275077,34.531098,75.978435,308.423810,0.931304,69.585111,5.211537,485.182248,103.029841,303.206242,176.889534,4.267448,361.038834,45.776456,271.497274,60.724103,195.189722,10.299459,11.083030,290.075853
2012-05-30 21:00:00,4.304603,21.961770,291.800125,166.212746,4.414431,98.106943,770.409257,31.563164,0.810724,17.792897,42.066413,64.722371,274.131121,0.457759,128.627024,3.332960,572.624798,102.171259,241.344594,84.004528,5.143398,319.922342,29.231643,299.337727,51.353695,254.266780,9.195946,23.381619,327.419819
2012-05-30 22:00:00,4.206622,16.105298,290.060631,154.504570,3.100612,87.537410,632.508502,36.581575,0.972869,16.977955,54.786577,70.350403,261.718430,0.757671,195.862508,3.423859,656.350155,133.724148,244.290387,155.928404,2.515548,299.446002,12.538446,288.272028,79.677442,213.422030,5.977365,12.620354,323.081883
2012-05-30 23:00:00,1.665666,18.196895,253.966130,112.788769,5.465486,47.969417,532.697270,64.711089,46.350258,31.375261,59.902296,46.743934,318.732654,0.741886,222.672356,3.423859,681.131445,163.130582,223.249010,108.165830,3.054594,275.693447,8.309503,271.708721,55.101858,229.354767,5.655507,30.674968,257.447035
2012-05-31 00:00:00,0.829567,17.883155,176.341208,75.929694,35.000130,26.830352,391.460207,81.879337,35.463391,48.217393,47.596919,36.894878,286.123043,0.568253,213.755822,3.938953,666.085662,149.822561,173.801774,99.685373,2.919833,281.754444,7.419199,305.822085,51.604861,283.613678,6.667061,38.075572,248.582558
2012-05-31 01:00:00,0.862227,20.288492,101.977838,72.634059,35.893526,21.681092,223.810701,88.482509,53.252995,51.205513,43.034252,27.983827,193.343439,0.536684,223.033837,2.181574,560.057144,184.809778,172.539291,75.444066,2.178644,275.857258,9.867534,302.157013,29.328408,244.685236,9.333885,17.518338,173.328810
2012-05-31 02:00:00,1.103912,17.046517,66.318210,55.765612,38.836480,17.209367,212.133621,78.841878,59.947260,50.254747,40.130736,22.199460,128.544985,0.741886,227.974079,2.151274,428.539300,179.228995,204.101357,133.607201,2.515548,204.435783,14.096478,310.685354,21.484315,198.365319,6.115304,9.581458,118.067285
2012-05-31 03:00:00,0.692394,19.870173,46.748902,37.422802,33.108231,11.247067,228.259112,70.389817,50.982967,84.346481,44.727969,15.789757,145.165367,1.357494,267.977987,1.787678,332.600308,96.161185,297.525070,123.606662,3.773322,184.123253,14.541629,275.726204,25.348400,139.288262,3.632399,9.188190,119.010314
2012-05-31 04:00:00,0.517507,17.151096,44.574535,31.178441,12.507554,9.349971,205.739029,63.390454,12.438825,158.642013,32.664552,11.412399,103.929988,1.420633,269.544405,1.484682,305.517899,94.444021,331.401687,53.522885,5.455835,166.267884,14.979792,294.756386,40.341052,128.337927,3.977769,8.830672,89.399190
2012-05-31 05:00:00,1.196737,26.373391,65.022240,30.924003,10.804706,24.384356,178.404851,72.097242,6.020276,245.182052,31.592651,25.591425,94.806962,3.542660,254.897694,5.338128,303.236173,156.878002,446.949029,72.180512,9.390893,125.523597,22.856880,215.020703,26.875200,65.595564,9.577110,12.093060,103.067261
2012-05-31 06:00:00,3.568481,68.744581,128.583877,27.715072,26.785034,65.537196,167.692402,100.336058,16.560337,310.547915,39.602751,72.949852,151.809298,7.384890,259.887420,15.739192,275.365194,239.404782,398.835550,82.029253,16.684285,164.332682,44.963608,153.385508,19.277756,53.433051,25.130781,21.153835,165.202705
2012-05-31 07:00:00,6.203475,121.720957,211.772634,38.414274,51.000044,121.988348,225.186123,147.876044,23.889200,327.279341,52.288158,134.484612,241.418018,14.013783,209.823929,26.784605,310.602632,347.294185,296.955357,74.813544,26.669490,232.879302,74.155905,156.681644,21.523443,86.115599,40.512003,35.987177,233.500679
2012-05-31 08:00:00,8.618960,143.553117,310.097447,59.346288,75.372199,180.725400,328.848681,175.664942,33.928538,347.918091,69.401864,193.752933,312.552240,24.330241,203.703515,38.561544,390.332998,446.663075,364.915128,80.466418,34.657301,272.131238,102.411560,131.575193,29.815575,93.887204,55.219627,49.893294,292.207657
2012-05-31 09:00:00,10.795359,175.922955,376.626876,92.050634,93.363393,226.069074,388.393069,211.277931,39.958723,355.328869,86.604481,244.010400,400.079576,38.083239,198.261161,50.886815,588.471778,550.842689,369.361791,119.274912,44.891778,302.144957,128.533457,154.040608,34.322777,111.383479,72.426714,58.355422,339.425204
2012-05-31 10:00:00,12.868367,202.974109,431.465095,130.209152,108.628042,252.374361,472.484873,254.409873,46.957089,372.673445,103.124184,280.186790,471.498468,46.700489,269.381537,63.221030,802.058531,560.240361,477.078855,161.736617,50.297427,333.159257,147.068770,151.034862,37.222661,108.938529,82.311206,64.428372,376.759960
2012-05-31 11:00:00,13.398473,215.431957,455.944711,132.985556,116.865622,266.837620,498.026023,282.584822,48.510986,430.254612,116.164702,316.676687,592.831359,44.017986,280.522748,73.568303,1007.393046,518.964767,469.970907,202.035605,55.516387,350.400537,156.732212,148.163833,38.262648,110.750722,93.701096,68.625818,393.678817
2012-05-31 12:00:00,12.529103,219.042771,462.423203,114.712736,115.936762,284.132888,516.790850,307.623425,47.734725,432.821803,111.721461,316.854556,681.989941,43.986240,251.011588,82.883739,1154.810098,503.577995,357.862287,184.363816,54.643164,359.301187,161.109384,143.431790,37.439595,111.199777,97.878764,69.591588,397.917382
2012-05-31 13:00:00,14.523640,209.358589,469.303489,88.177838,109.511354,295.923164,498.569756,322.532125,46.393291,383.964721,111.200026,316.295451,753.713759,42.682787,206.674657,104.948597,1204.522509,401.270726,392.916996,248.405225,50.638342,341.022972,166.298266,135.417973,34.654514,104.700490,98.199804,64.043586,375.169510
2012-05-31 14:00:00,17.073635,187.940298,470.500983,77.499962,95.443793,270.690550,462.803939,273.766797,40.772534,303.590488,123.365912,285.122849,699.910356,38.344068,178.972079,115.704374,1163.870543,322.100384,379.961302,239.201600,49.051297,315.989764,166.897444,116.651274,30.516045,91.361560,79.403116,54.811387,323.200754
2012-05-31 15:00:00,18.787090,148.499168,448.712239,70.772191,77.542741,217.000966,434.914795,199.824259,32.127503,232.307718,124.971579,229.375933,564.055786,30.528957,147.269748,116.240674,1105.079146,252.436157,294.190695,127.714422,36.240426,283.408343,151.241069,92.652221,25.088811,72.307136,56.701389,41.842149,283.121669
2012-05-31 16:00:00,17.041203,102.468412,306.212410,76.186806,56.032015,181.377492,386.869438,148.081651,21.750314,161.729374,108.030610,192.464753,515.902373,20.533736,118.221180,86.948812,1105.004037,182.033027,238.252171,89.996563,20.620393,252.387410,88.570324,64.636668,17.425517,52.250140,40.753700,26.785340,243.634066
2012-05-31 17:00:00,9.352366,65.004519,210.384705,76.612706,28.931628,136.260381,323.796640,76.256551,12.728394,95.310284,89.237854,151.665406,536.480709,12.630062,110.701590,41.504877,1078.182378,106.520195,203.684753,112.861842,7.526222,244.706933,36.570231,40.716162,10.169394,31.067736,14.791117,11.440422,256.503746
2012-05-31 18:00:00,4.977401,38.087137,240.050178,74.453618,13.400951,121.278610,246.694950,27.209586,12.438825,48.624864,75.801558,117.563340,556.467242,5.682531,168.751426,12.847045,972.134588,54.934270,192.493112,116.086257,5.255699,308.291781,32.199322,48.985100,29.560254,25.842791,7.264797,5.398508,313.337553
2012-05-31 19:00:00,2.847962,52.603668,307.020698,96.657504,13.611162,129.815540,244.106578,38.694590,39.609666,53.242868,74.039652,99.584904,582.554931,3.377949,264.302929,2.575469,725.029729,77.487026,151.708328,258.733945,8.647197,358.745484,45.331304,139.202263,58.946623,72.381715,4.046216,8.330149,528.850905
2012-05-31 20:00:00,2.723853,48.943373,285.494460,120.984493,43.198358,93.770724,266.626661,27.337133,96.591992,44.685978,67.437610,66.285713,467.264175,2.967544,284.545871,2.757267,551.029674,103.673778,156.547845,353.859072,7.052519,357.598809,40.879785,268.114131,30.738800,171.865508,4.873851,42.258522,557.519000
2012-05-31 21:00:00,2.188228,46.956355,228.526030,131.261670,128.386361,70.463550,164.313198,20.205707,101.826953,90.730193,54.060698,47.525606,396.785337,2.351937,275.689584,1.848278,518.636989,106.464169,169.383085,253.693673,3.818243,290.927844,24.483356,239.286928,23.049270,187.305481,5.103750,48.801085,417.007615
2012-05-31 22:00:00,1.757114,81.153968,259.619486,90.890142,101.479355,67.211386,167.371481,26.412689,94.576763,133.514640,48.288233,33.455525,273.920737,1.247000,274.364153,2.696668,559.703126,97.878349,228.719768,183.129870,1.976502,231.136930,16.025469,246.335144,24.672186,149.581577,7.540675,49.802133,281.965800
2012-05-31 23:00:00,1.182296,128.424063,197.432574,51.212432,77.567855,34.283227,250.779195,38.694590,77.065122,153.752362,44.624272,15.789757,189.135747,0.962873,237.734069,4.878241,596.521042,170.213883,198.630599,105.365679,2.470628,203.944350,10.461070,287.144313,12.094587,94.118130,8.966047,51.696973,224.629611
2012-06-01 00:00:00,0.907951,121.730952,115.676354,42.843254,51.396587,21.003558,346.420041,42.128239,72.756702,127.266752,44.313181,10.787062,159.050750,1.026013,359.613445,2.605769,668.032763,275.604825,114.675504,61.123294,2.627849,208.039618,7.122431,287.919617,3.554959,81.196734,8.184392,32.069284,170.311115
2012-06-01 01:00:00,0.947143,113.678303,89.366506,57.500157,34.211838,17.480381,452.347839,36.053321,45.979641,114.227683,53.369385,11.881401,142.219983,1.262785,396.243530,2.514870,664.492579,308.230941,132.139847,39.682139,1.931582,249.811353,4.748287,266.845452,1.661557,60.883863,5.609527,28.136596,109.768626
2012-06-01 02:00:00,0.548690,138.359149,86.322392,39.504256,40.780932,15.583285,628.894168,76.200609,17.025207,249.508030,48.011707,14.382749,147.269213,1.183861,384.977369,2.090675,550.498647,237.827217,171.697636,34.641867,2.178644,199.030029,5.045055,208.909117,3.902726,52.123595,3.402500,23.560377,90.530825
2012-06-01 03:00:00,0.633606,149.653774,92.845494,29.270442,49.609793,16.396326,794.319468,112.385993,5.698233,226.961305,43.863828,17.040431,154.001520,1.467987,403.352658,2.757267,470.136465,206.274328,234.611353,35.761927,2.133724,143.334383,6.751471,186.848202,8.694192,64.168963,2.620844,15.301732,110.145838
2012-06-01 04:00:00,0.903990,187.616262,111.979929,21.464991,49.820004,13.008655,885.789929,233.091983,6.532120,174.261732,40.925746,21.105121,133.173446,1.625835,429.439544,4.181350,458.276848,210.567238,271.012935,28.881557,2.741577,97.467380,8.462598,157.386660,4.714184,45.279635,3.346792,14.729705,108.071173
2012-06-01 05:00:00,1.541872,212.701707,177.364209,6.470939,54.939955,24.963535,1087.076773,309.744446,10.892266,220.867629,40.420344,45.517716,172.158020,3.554237,306.118195,8.484215,422.951962,183.279399,281.032881,35.344755,5.444864,105.209467,19.677963,95.893362,5.532505,40.482350,10.325525,17.670326,113.785288
2012-06-01 06:00:00,3.750315,239.232516,234.367389,15.735551,71.777703,63.551302,1251.034045,239.460244,16.803384,260.313640,35.052286,88.581928,181.581287,7.709729,193.405758,18.592581,374.874881,212.671456,238.691949,26.779702,13.281063,159.275583,43.108084,100.132622,10.486490,66.397888,22.904876,22.585824,181.419126
2012-06-01 07:00:00,6.426690,196.217428,295.776054,36.221349,86.662932,118.767323,1157.804430,199.884619,26.343857,221.845978,31.270402,144.740783,251.101876,14.440160,193.738609,29.451121,423.978329,244.538903,284.339196,41.469080,23.423271,222.355178,71.569436,119.694201,17.919098,109.781313,39.961404,32.788534,257.537335
2012-06-01 08:00:00,8.789951,162.814127,332.782640,52.458279,101.670870,174.018349,1223.359378,178.500848,34.031472,231.746035,34.595724,200.773981,323.282882,21.180550,138.766030,39.636367,424.964918,296.425751,292.161420,54.753596,33.180911,255.923007,100.962098,98.379326,25.940649,93.310650,57.651573,47.737788,323.184692
2012-06-01 09:00:00,10.853181,189.777851,394.341067,100.271241,114.467630,218.126892,1440.815607,240.691952,42.883617,267.895598,43.580993,254.211945,450.010167,26.501760,165.454334,49.784399,458.981325,371.809467,453.838017,70.528854,42.404349,295.103725,126.180178,112.206913,35.348202,98.799993,71.389681,60.675740,360.590127
2012-06-01 10:00:00,12.335927,200.805005,442.087328,123.462436,128.374453,251.333149,1576.108124,363.608923,47.665702,323.931334,52.733281,300.080777,500.280783,29.315201,198.225551,56.477511,558.164049,400.118859,542.172701,86.253370,49.641989,339.027636,146.411294,121.875905,40.005773,111.147165,84.349603,70.330673,376.831690
2012-06-01 11:00:00,13.178180,164.283720,452.889672,103.727106,128.864811,280.111706,1518.238047,430.211939,47.532944,360.035400,56.241728,323.863464,492.310247,31.562328,223.181117,64.314989,658.360034,440.260563,612.124532,115.548950,53.750585,362.247263,160.711450,132.523679,38.930126,110.018547,93.372404,72.510853,400.977983
2012-06-01 12:00:00,13.759890,154.692440,470.049119,111.625703,130.192712,298.118867,1400.630869,376.801075,47.036795,407.913850,56.016295,345.038016,503.427451,32.617190,222.595297,79.453029,723.342549,594.817755,631.050334,142.075613,54.542493,367.179646,167.140318,136.975810,37.898067,93.759744,90.218332,70.080660,407.342412
2012-06-01 13:00:00,15.775878,171.348516,503.279614,152.660437,126.908587,322.235647,1195.552639,356.766323,46.668910,466.596867,62.102509,370.198990,509.117229,32.629703,213.025213,111.946776,801.468212,727.990234,690.921843,186.683535,49.602334,354.527923,165.621892,102.768156,37.466937,88.172437,80.181193,64.466444,370.593480
2012-06-01 14:00:00,15.496391,196.170650,510.268997,93.102857,101.192615,291.000360,1072.680889,320.598909,36.761490,447.968744,61.099344,321.026162,470.270951,32.227846,162.701183,140.771138,818.188229,819.487935,727.667374,261.347777,40.840735,303.243044,141.624174,125.062996,35.880963,99.999371,67.559688,55.990844,334.857333
2012-06-01 15:00:00,13.432053,179.902096,454.597901,65.912636,88.515996,229.607718,942.157532,355.058803,32.323011,382.069633,53.827994,260.508767,404.597920,29.998993,126.299725,121.143993,763.325868,1020.493635,647.805418,247.575126,31.492536,281.898606,107.802670,98.376178,24.965473,93.162594,51.197489,44.136595,313.192396
2012-06-01 16:00:00,9.871326,217.258486,433.376495,67.077849,68.148008,194.947288,758.751821,408.499523,24.814077,418.805424,60.935264,230.010795,338.261141,18.032179,145.041118,83.949148,798.363062,900.508742,556.165583,233.996847,17.993531,214.792218,68.167062,66.883734,19.624716,70.688540,33.981708,28.305749,182.134990
2012-06-01 17:00:00,4.131124,196.591083,439.671232,50.361981,56.252565,158.206474,540.683069,387.183946,15.025917,316.354304,30.377732,183.547634,344.753987,11.151170,116.505762,29.531594,808.419476,818.443156,441.250563,204.790272,9.100525,114.049876,49.329078,37.484853,11.293215,26.003608,17.650547,14.187666,129.317439
2012-06-01 18:00:00,1.900819,226.615937,520.326155,34.052928,38.429481,139.707539,401.097420,501.718526,12.855769,169.674912,15.204889,133.040429,429.394949,3.864007,86.936204,13.483338,714.940204,759.986478,247.526232,127.446869,11.611950,117.789856,59.131014,142.955376,2.125247,24.837087,12.828344,14.729705,161.267246
2012-06-01 19:00:00,1.639538,158.438482,614.041397,65.609153,52.973169,138.352471,364.213687,273.503397,17.766441,62.886346,8.157497,96.927222,523.647246,1.041797,91.454718,4.181350,637.587179,681.284825,200.524322,112.246050,12.869724,70.110990,76.195171,81.547857,3.284473,54.806427,13.609999,50.731677,121.839403
2012-06-01 20:00:00,1.619942,48.943373,712.975120,52.686795,32.635256,152.038660,311.388801,186.209459,18.947782,18.336192,4.700930,90.986521,524.068015,0.552468,153.328232,2.302772,565.544430,637.497142,169.803912,64.643484,9.478226,106.968402,47.779640,50.747154,2.898064,24.693006,11.173074,96.207853,121.650797
2012-06-01 21:00:00,1.619942,93.912711,757.549655,20.424264,49.609793,150.006058,259.676018,242.600551,12.809442,20.781017,4.493536,80.981131,342.295729,4.877506,130.976651,2.605769,506.423353,623.545184,137.821019,81.764407,6.917757,110.899860,18.177037,120.735937,5.525642,93.899123,13.747939,91.381372,152.016344
2012-06-01 22:00:00,2.358060,123.613390,691.883755,19.730446,18.551120,106.643873,285.532410,165.211371,18.600328,44.821802,4.631799,74.884096,222.376512,8.586936,207.911878,5.969028,470.844502,628.482031,118.883780,51.762790,4.873875,154.801133,6.677279,183.183130,44.031254,117.387592,14.989391,33.249091,105.996508
2012-06-01 23:00:00,3.043922,55.531904,400.518503,22.462354,29.009116,46.207828,345.863990,172.078671,33.610307,26.078139,16.902610,46.900269,247.833047,7.071595,289.305372,3.696555,483.766174,544.126349,95.107024,29.041565,5.031096,123.021853,3.709599,190.019899,41.055908,120.234679,18.529830,29.387906,102.601602
2012-06-02 00:00:00,1.887754,29.700679,407.259042,19.990628,70.368129,25.881804,387.567847,171.682480,64.996913,59.490755,36.777866,33.611859,298.956503,5.066924,340.756181,5.605433,431.725466,483.381671,75.117716,24.481319,4.626812,85.509198,3.709599,100.014183,14.103912,72.217460,21.426553,28.351106,178.798380
2012-06-02 01:00:00,0.986335,34.093033,387.254861,23.849990,91.914755,21.410079,406.195570,247.090708,80.446999,76.197063,49.256071,35.644204,269.713045,6.897962,305.692515,6.544721,354.549450,482.952380,86.269646,20.401100,3.593640,90.423519,3.561215,23.822970,5.119913,18.506066,31.266215,32.641312,183.890739
2012-06-02 02:00:00,0.823035,55.845643,371.599415,18.819810,71.366631,15.583285,332.240730,345.081785,22.978239,163.667488,74.385309,51.746630,238.996895,6.708544,234.601232,6.756819,286.046885,474.581206,107.731850,25.681384,2.942293,163.646912,4.525711,25.796470,1.622916,49.824024,37.795336,24.096653,173.328810
2012-06-02 03:00:00,0.424581,71.009722,347.681372,15.220630,21.441521,13.957203,276.635587,373.211300,19.990141,187.844096,84.063695,59.876010,229.108819,15.548037,165.618590,8.908093,196.126206,385.717968,143.291777,64.003450,2.156184,316.809939,9.348190,45.320028,3.748163,74.790788,37.979255,14.908463,77.705625
2012-06-02 04:00:00,0.468628,113.782883,362.684508,9.670087,25.961057,15.312271,260.788121,345.874166,12.786278,176.434910,83.821735,62.533692,231.423049,26.644759,90.490768,12.574349,123.729439,301.362285,131.719020,45.362445,2.591988,408.707754,13.520079,56.456209,5.197195,126.476370,30.212157,7.579363,128.252003
2012-06-02 05:00:00,1.513651,187.744195,375.821755,12.329484,42.968271,27.292276,241.684458,335.789514,21.150065,190.677910,97.006269,65.756675,240.571330,15.037724,56.654994,15.084461,122.093865,244.987360,99.119419,36.861362,5.654420,307.246960,23.584924,34.648498,4.931280,127.639719,27.417476,12.000050,146.755123
2012-06-02 06:00:00,3.542416,240.531480,379.245666,23.280821,68.285971,63.196429,335.310029,315.338942,36.727009,229.317415,97.565677,93.343799,219.618468,12.633939,38.447329,25.773446,165.439880,204.953204,99.395790,39.319183,13.515744,256.175512,46.815146,28.777035,24.530297,88.790062,35.729976,20.638716,192.298644
2012-06-02 07:00:00,6.198069,201.332718,404.298541,31.056141,100.160333,115.834277,356.043373,342.199156,34.549135,309.803966,106.044563,153.953201,267.229256,14.955959,51.652027,41.348433,221.914100,254.446145,123.823084,53.970215,23.709188,265.863898,72.862541,37.335134,15.429418,73.083630,51.907215,32.360312,216.645916
2012-06-02 08:00:00,8.955375,217.851373,447.802738,45.395948,125.406374,166.988959,419.166963,337.439344,38.342850,374.744729,108.216062,209.134231,341.820215,13.604744,71.323402,54.416627,249.740745,275.408310,141.158908,60.267309,33.482236,304.267629,100.235969,47.272381,22.790825,49.360566,67.856987,47.230852,273.799819
2012-06-02 09:00:00,11.375551,265.333695,522.297665,51.363119,134.398653,213.212890,479.316372,340.042553,58.772129,411.317496,90.682000,271.325565,427.239594,25.648719,99.210883,63.104905,313.929008,358.364532,216.629861,82.659272,43.293433,354.890744,126.959117,91.030736,33.010092,89.431495,82.230588,51.702535,269.930177
2012-06-02 10:00:00,13.346266,345.985565,522.736181,50.801927,161.047151,257.987050,586.042244,426.692026,73.391723,455.149198,91.758593,318.579617,453.784905,46.393186,120.157784,64.903072,367.225460,525.083881,301.841329,114.599669,48.383634,383.891415,147.872663,142.440513,34.757775,105.439234,91.696282,52.915898,295.094785
2012-06-02 11:00:00,16.400878,379.303624,493.714367,52.827421,164.443496,304.514425,684.212906,445.126997,56.506418,404.632091,108.938343,360.116626,407.089069,98.920946,114.550203,70.245239,415.113926,633.007734,442.552563,151.944045,54.054980,286.691528,169.281582,211.716458,31.283617,115.891570,96.435209,58.041216,345.733428
2012-06-02 12:00:00,18.118777,293.775692,502.239920,51.584387,185.332643,326.188753,681.039336,411.670802,63.676417,447.773490,118.671468,363.657459,390.766864,69.078976,120.717033,83.470109,465.659628,596.229358,480.223625,164.678448,42.162723,286.209011,181.276919,249.628875,24.142771,138.453349,98.456115,64.394292,281.387097
2012-06-02 13:00:00,18.972033,199.691626,440.836871,35.858479,194.006412,369.665509,739.227863,384.754649,77.306669,452.402584,142.967923,337.719514,378.228351,54.416496,124.616387,100.497066,559.902269,582.438870,523.929324,164.567454,49.163237,323.686454,177.045282,219.690040,27.550447,169.824988,109.091670,61.183474,436.663438
2012-06-02 14:00:00,19.958474,146.949589,532.376681,26.537782,140.061659,348.862422,882.876768,292.672695,74.918997,397.631345,136.997407,284.808378,372.242150,55.410355,142.706880,89.087466,557.125701,632.598661,647.267544,175.861575,42.261827,232.647702,129.124972,187.250145,15.618335,119.674211,104.775817,44.989996,439.419349
2012-06-02 15:00:00,22.596946,132.024007,366.989853,18.194503,98.084223,285.171532,916.348680,234.893507,71.756339,314.665183,120.716822,227.497003,366.979007,28.626882,160.342053,68.364565,599.460666,662.303767,738.317998,155.245517,29.375676,259.059410,77.257316,165.134191,37.921510,90.694871,86.734836,91.087548,269.325530
2012-06-02 16:00:00,21.853380,148.748828,310.394842,10.529537,58.129355,210.073694,908.673307,186.829691,89.468677,332.064447,111.709493,174.679525,377.443029,16.323751,136.934154,57.016790,612.917933,640.409321,762.930781,168.870674,13.480901,245.111146,54.137579,167.021420,11.119008,129.208224,60.449353,104.597928,263.535075
2012-06-02 17:00:00,16.902144,137.761812,221.782003,10.954259,47.406209,142.705008,840.442545,143.946855,66.361930,294.327937,100.018438,177.925773,324.282378,10.701440,232.865510,24.452694,425.954451,714.474746,734.762963,166.120959,10.740640,340.901205,29.073837,269.503166,19.920615,200.029534,42.066594,28.945288,356.216374
2012-06-02 18:00:00,10.268339,149.480229,283.972402,14.135020,27.590633,190.387092,721.243640,158.326563,31.313624,279.679551,78.442574,126.474391,277.918044,24.742860,50.802725,6.635620,286.577913,696.437930,647.925202,136.432205,8.175531,285.805816,30.196139,255.772818,25.007078,264.162276,33.795100,14.622450,421.651690
2012-06-02 19:00:00,10.176891,219.408538,451.833577,20.987991,25.645741,289.442583,620.275371,157.287565,4.540055,276.129463,41.893585,116.469000,257.510739,12.438430,17.230599,7.090115,251.176071,848.279025,775.585155,135.447300,7.658946,326.638582,25.596236,186.636755,25.039274,129.104450,33.703141,49.408864,374.194079
2012-06-02 20:00:00,17.460096,268.038171,608.388041,41.325528,15.345402,339.715616,631.952451,178.021526,14.454053,228.183718,26.961218,134.447437,93.831527,3.993557,74.344612,5.756931,202.144519,754.908232,800.413980,99.765377,12.690042,408.871565,65.214757,102.199130,120.443543,128.830692,27.541857,60.849411,382.304132
2012-06-02 21:00:00,22.221940,184.897185,342.897763,38.073256,14.767322,338.631561,607.764213,112.253929,24.831323,223.158243,16.038468,225.902961,132.542292,3.362164,106.817664,4.332848,218.429367,607.232126,698.573715,108.165830,24.841038,293.548816,50.821511,93.952717,78.382973,112.240934,23.173783,74.864082,203.882963
2012-06-02 22:00:00,21.026580,75.297496,314.413548,61.055974,19.970044,265.728888,511.845342,37.373955,18.438184,213.243117,7.120527,170.091641,206.176899,0.978658,120.614193,2.605769,243.741684,370.692783,506.465943,71.203838,53.388017,198.374786,65.437333,47.293528,81.512882,42.487300,30.024762,39.148123,165.973180
2012-06-02 23:00:00,20.007585,38.903706,440.961740,55.982430,30.848463,158.949508,628.894168,20.998088,9.612872,209.983350,4.839193,260.140157,245.939586,0.331481,101.335201,13.604536,170.105852,352.233269,418.302574,51.602781,63.876954,206.401511,42.882969,34.324811,48.552234,43.910844,38.117195,141.147753,175.592080
2012-06-03 00:00:00,5.362790,20.079332,510.758938,45.791980,57.019731,168.299479,422.877113,33.279988,38.798942,45.908391,8.226628,260.140157,240.048818,0.441975,181.885239,13.574237,137.890176,328.622264,512.778357,51.042751,41.394243,180.355606,18.993149,24.880202,29.405690,16.863516,38.209154,72.003945,151.827739
2012-06-03 01:00:00,8.302200,46.851775,277.014426,37.466166,99.797667,52.305635,462.078739,60.749185,92.237245,39.796327,13.446043,151.175199,273.499968,1.862608,457.815810,3.575357,194.710132,281.829545,384.846785,76.084101,31.803716,119.581828,69.221124,29.320578,28.536271,14.344939,27.909695,16.231277,199.167816
2012-06-03 02:00:00,5.447707,40.786144,259.619486,36.165257,45.931101,34.825255,501.836416,63.522518,29.718831,41.969505,18.527196,107.557949,705.209147,1.373278,150.918358,6.514422,382.693915,399.884571,413.673471,66.563588,8.310293,77.646283,23.964012,24.809720,38.602214,17.246778,31.771992,31.890526,107.882567
2012-06-03 03:00:00,1.913883,29.282360,385.297930,37.899802,25.435530,74.664262,481.540539,68.805056,8.616840,85.025600,30.970835,152.738542,1153.959478,2.178304,97.720390,20.997647,540.586131,363.180190,361.280442,52.482829,8.961640,74.370068,12.612638,18.466326,13.930028,7.172469,30.070742,59.955618,101.469967
2012-06-03 04:00:00,1.358884,30.851058,685.143216,34.430712,30.848463,84.962781,430.383807,71.314261,8.848475,65.195348,36.777866,232.312664,689.219918,2.288797,98.021624,14.149930,310.297147,287.624973,285.531485,44.642406,30.696518,44.065085,13.441900,13.321128,17.272462,6.241691,17.705902,47.943044,85.249861
2012-06-03 05:00:00,4.728943,27.180910,275.141406,26.321638,28.297766,76.319764,302.016038,83.717535,15.942372,69.592319,33.080678,397.985501,247.296443,5.416811,162.022908,127.720849,257.358794,205.883832,219.863392,37.826047,22.276745,57.250419,8.267410,11.503397,21.776764,11.013569,22.272841,61.858318,63.412775
2012-06-03 06:00:00,5.543399,52.365316,112.632697,29.330805,43.274714,112.846584,315.820339,105.059376,26.628381,104.829976,35.528538,118.910033,295.265161,7.631818,107.575018,36.145816,305.913053,153.533249,180.760261,43.392962,12.549999,69.637506,12.747405,18.124785,13.088963,24.542735,30.860982,26.395665,114.458375
2012-06-03 07:00:00,12.471500,109.423299,218.976419,40.053045,67.630255,99.308461,373.720949,147.494138,30.441380,177.863667,44.171667,161.621478,378.428741,4.577496,142.194338,16.544279,387.847819,196.810309,231.721784,68.457743,29.727828,95.584189,19.562610,52.298600,14.387881,48.634886,21.264539,39.639565,227.487925
2012-06-03 08:00:00,18.862065,118.372285,315.389822,49.693209,63.674754,133.125249,541.617034,204.900453,27.736709,218.948471,54.165231,138.433652,637.148791,7.349288,142.690482,23.689115,461.945883,317.905277,407.275645,96.691119,12.745575,139.516445,29.826267,92.153188,34.679939,68.782892,30.602019,76.823214,314.225050
2012-06-03 09:00:00,36.895338,181.047805,406.185677,66.741405,75.945143,152.304619,549.216069,283.907205,32.278963,289.027879,46.949564,140.069118,690.405462,9.933756,137.182373,41.190233,566.883693,329.466479,429.512479,107.986237,16.705068,226.148090,35.462943,121.838278,55.874732,94.689070,44.487199,119.236294,424.644654
2012-06-03 10:00:00,24.188831,224.339196,440.133730,83.141783,93.550572,170.997797,647.307834,294.924137,39.965835,359.544710,52.669005,196.851963,629.062721,13.182806,165.993653,58.232351,641.718199,420.304073,456.938946,119.573574,20.156894,256.316130,56.682992,147.074384,59.727628,107.982533,111.763205,161.612723,474.894242
2012-06-03 11:00:00,17.451649,253.028815,490.959004,89.734184,128.051728,237.343311,772.947784,310.331693,53.683973,378.312827,60.742236,211.653355,589.922672,17.780647,143.300688,60.729841,759.486640,539.733855,552.048502,130.738372,20.218539,282.011095,77.116284,145.191729,78.951938,115.256559,73.780371,193.416277,517.640391
2012-06-03 12:00:00,16.165584,239.740751,490.389391,97.733260,143.309554,256.948527,831.853754,306.100134,53.061758,332.255153,57.282444,210.503044,669.305933,18.957315,139.419370,70.035169,735.636596,553.645522,573.944951,140.243766,20.108259,342.573285,45.549288,140.508919,93.559705,108.550606,69.924092,0.000000,561.383140
2012-06-03 13:00:00,13.493996,211.403770,479.716022,113.946524,121.621882,265.007210,851.615180,308.850149,41.154062,293.313671,57.291524,202.705709,688.329809,22.274702,115.081408,68.570997,684.640896,546.239576,583.070138,146.909728,0.000000,273.981056,0.000000,157.716698,78.415658,96.418696,63.596947,0.000000,442.978390
2012-06-03 14:00:00,14.135183,199.918741,0.000000,136.188122,112.518300,281.286284,826.337742,297.266810,35.661553,274.478353,48.900514,201.261320,615.752554,21.119305,108.773946,77.431917,606.405291,541.633607,653.733378,141.141553,0.000000,261.683933,0.000000,167.898492,84.869827,102.449901,59.439075,0.000000,425.254699
2012-06-03 15:00:00,12.706060,170.283158,510.870623,122.730921,149.207744,247.265054,796.580274,252.387723,41.447137,255.129976,40.663652,174.977362,506.882559,17.140343,100.369447,92.821783,485.970342,505.271486,659.494717,134.120376,17.565125,238.727567,0.000000,131.359271,78.520807,86.932825,32.925204,0.000000,464.407725
2012-06-03 16:00:00,20.712277,122.539059,475.640100,98.456814,124.638031,258.883748,774.665821,174.869980,25.360869,176.488844,34.330870,149.277524,429.562473,13.658729,78.400535,79.768475,326.106438,439.571533,669.097425,194.683618,15.720390,163.895211,45.681505,128.877884,81.197906,66.836514,41.056205,262.806282,359.873861
2012-06-03 17:00:00,12.359380,110.833485,420.069453,95.790913,57.064291,258.568284,673.764957,111.956444,16.662140,114.483313,28.493844,110.920557,360.148767,8.730267,53.948007,39.138608,273.593866,284.194695,595.326535,255.112578,17.869144,99.450832,35.304514,118.025253,76.078639,74.809625,55.235792,290.101877,169.131445
2012-06-03 18:00:00,8.315265,64.765583,398.126699,133.574237,46.963966,320.880167,566.616408,72.128760,17.253885,66.373403,14.875631,77.229109,268.871507,5.725149,33.241378,22.452030,282.329692,165.706328,492.999462,192.330366,21.180017,113.649892,18.251229,77.893508,52.265814,60.262949,69.935166,259.700424,133.234331
2012-06-03 19:00:00,9.092575,29.596099,416.391386,159.838294,66.269014,295.946911,764.014665,65.107279,36.065643,65.466995,9.678386,83.013475,272.658429,1.878392,42.895757,9.847381,228.164873,294.278984,509.411736,171.449241,12.555280,197.719543,17.806077,55.751387,44.649507,39.147448,51.037498,217.120137,143.340474
2012-06-03 20:00:00,5.003529,22.798409,385.732804,124.496946,40.991143,226.838429,926.103657,94.029174,25.966336,57.860871,7.189658,108.495955,272.237660,1.373278,45.426125,4.393447,166.211649,424.139513,580.110763,108.645856,10.107113,261.933346,21.218908,179.024682,40.225129,28.525623,24.369256,214.260000,110.334444
2012-06-03 21:00:00,4.964337,24.576266,220.045996,110.924134,17.132196,205.021830,929.996017,129.686304,19.966978,50.662218,6.290951,111.622639,147.479598,1.420633,22.411828,1.878577,88.681615,509.353777,707.831921,100.885437,9.006561,261.933346,23.741436,160.981250,24.150534,129.542464,21.610472,187.052949,116.747044
2012-06-03 22:00:00,6.597343,31.269377,161.990383,93.708778,18.708778,174.397287,790.149083,169.173275,19.735342,52.835397,4.942890,103.962262,95.935373,0.710316,12.591592,2.454270,36.109879,447.535873,707.200680,66.883605,8.130611,204.435783,16.544813,134.479958,15.920032,97.129472,38.852870,157.951057,103.921843
2012-06-03 23:00:00,8.151964,45.387658,122.634330,85.469690,13.926478,151.632140,688.947722,152.005027,13.064241,80.815067,5.219415,73.946090,59.959608,0.978658,11.205914,1.999776,87.619560,322.182899,669.115787,64.163458,3.997925,177.898445,11.499758,148.083015,24.652865,107.532290,22.070269,111.330826,77.517019
2012-06-04 00:00:00,8.236880,44.655599,147.856994,70.118970,8.513545,179.682053,759.288228,147.514870,13.064241,107.572324,6.913133,72.226414,42.918456,0.994443,13.676035,3.090563,166.034640,271.097270,731.608677,58.643161,4.042845,169.707909,9.496574,130.039582,21.349072,105.177968,16.966520,129.742957,77.139808
2012-06-04 01:00:00,14.213681,28.654881,174.601714,73.284514,6.884410,157.323426,742.884711,125.328211,9.450727,114.635154,6.014426,58.156333,22.511151,1.278570,11.989123,1.939177,61.599205,250.062010,710.777714,60.323251,4.873875,134.324793,7.345007,81.829786,14.934690,51.302320,20.001182,142.220304,60.731095
2012-06-04 02:00:00,22.783694,29.596099,134.810788,80.135965,11.614157,118.297460,760.400331,117.008214,4.771691,107.029030,7.950103,66.442047,14.516537,0.947089,6.566907,2.211873,89.035633,182.019386,656.911789,39.602134,6.131649,106.640781,8.235311,90.640056,16.963335,37.395394,28.737330,139.109905,49.980560
2012-06-04 03:00:00,21.470758,33.047234,125.243571,66.736607,10.983524,100.952586,774.301617,103.537742,4.053621,108.115619,5.737900,59.094338,14.516537,0.631392,7.109128,3.787454,79.831154,120.416127,564.119316,18.721009,7.771247,118.926585,10.015918,100.507558,18.818096,54.861179,55.405572,122.378105,50.734983
2012-06-04 04:00:00,8.509580,24.053367,137.637466,40.198074,9.827364,122.227158,758.176125,108.952343,4.540055,121.562159,4.458971,47.056603,18.724229,0.678747,10.844433,2.575469,46.907441,86.502137,538.659250,7.440401,11.078311,119.581828,9.897460,87.468359,13.562940,49.659769,90.248941,129.528447,70.161390
2012-06-04 05:00:00,2.511373,31.502912,193.371833,26.647989,13.612226,131.574873,759.216141,106.632801,3.920831,121.499508,10.027890,52.820754,41.743211,1.927245,14.920198,5.414691,40.196162,71.122406,510.541212,10.098324,13.928632,114.912138,20.954189,66.952247,15.841699,42.292899,62.243935,152.630014,91.799080
2012-06-04 06:00:00,5.692322,58.093418,255.344194,25.576000,23.806103,193.575579,811.862413,149.995139,9.928030,140.250470,19.272223,101.092171,111.482844,5.505903,29.634051,13.234028,84.474409,97.460595,470.522656,19.649930,25.588544,125.922325,41.704338,55.863973,20.068667,38.540595,68.029401,136.531116,114.576567
2012-06-04 07:00:00,11.910667,104.831566,287.638639,30.227371,44.804027,196.814316,591.665958,206.719664,18.939847,155.241591,27.871305,145.935765,191.764172,11.314779,51.384805,25.804128,156.074702,172.995446,416.139534,43.411700,27.308017,148.666184,66.338202,65.188375,23.920524,56.164025,73.942154,150.563849,159.983868
2012-06-04 08:00:00,14.088547,166.129959,432.406912,44.850817,70.842577,255.411995,530.439922,265.901232,28.477345,204.518372,35.316941,209.685032,283.543098,19.615694,73.979603,38.291554,228.638356,275.223181,381.912547,70.027147,35.291564,204.845150,104.397503,94.490313,35.171230,92.119295,75.720089,138.746648,224.112769
2012-06-04 09:00:00,19.137326,219.504731,483.659929,66.602206,94.714729,296.121915,627.201066,293.115244,36.995373,259.274636,42.266243,276.610251,364.283071,26.261783,95.280880,48.500185,304.438449,351.060603,401.101591,93.621958,43.766619,271.206333,135.867022,122.527213,46.033976,112.217669,101.688459,151.098278,286.903003
2012-06-04 10:00:00,20.386355,255.446048,502.243870,88.715108,117.795985,317.400028,760.601099,344.995168,47.396824,312.557503,50.282931,314.635479,445.008508,29.169723,112.135410,58.543997,367.334284,413.984243,423.641318,108.879413,50.081633,316.858202,168.137017,129.649256,53.279797,116.559443,89.940457,180.509436,363.216397
2012-06-04 11:00:00,20.146498,277.250621,504.526577,101.002089,141.229083,349.524487,904.904946,376.919871,51.039272,335.401846,59.164328,356.172462,512.695384,32.486803,118.511823,74.394174,400.522339,479.108259,497.217132,122.603009,51.145118,345.186257,186.498524,145.197631,60.999312,122.244409,100.935272,193.404900,440.415961
2012-06-04 12:00:00,20.113806,293.661338,515.739212,107.082988,144.528281,361.486884,979.589376,404.009006,53.526711,353.699840,72.733417,403.504605,530.640324,36.926421,119.534253,98.017888,433.011126,486.328767,562.226886,129.463912,55.302724,361.712852,219.866901,151.304741,66.443305,129.057573,104.568477,173.012005,465.824452
2012-06-04 13:00:00,19.027303,281.158097,527.078242,138.384892,138.090807,364.619219,1073.972470,389.723943,50.880360,351.629690,71.523179,380.814125,516.641158,40.049676,119.297932,120.990107,437.727746,508.294355,689.471880,132.926409,51.758471,345.207519,212.417724,142.759726,72.590449,125.248950,87.551696,177.837463,450.055919
2012-06-04 14:00:00,16.524230,240.459017,505.711778,173.491787,118.689783,335.786977,1302.519195,339.485089,41.857649,320.416317,67.625998,334.112500,461.808734,32.245900,106.003853,117.277735,417.239019,533.599154,784.275698,135.119913,43.209390,307.696461,193.055530,125.808594,73.758438,109.115010,49.636589,195.983165,391.826053
2012-06-04 15:00:00,15.071992,189.397263,463.564551,180.264395,94.329621,301.326585,1336.612956,285.448927,31.713501,246.341533,63.394649,262.019643,376.515909,28.282282,82.955122,96.806831,400.328026,482.179045,808.581951,139.457031,35.790656,252.229208,170.738858,99.818382,73.376410,86.050799,31.251748,187.676819,314.624117
2012-06-04 16:00:00,12.252201,148.690373,405.266763,163.293128,70.892303,250.796287,1277.374744,228.397976,21.798678,183.317845,36.697899,185.011298,256.473214,19.804043,55.651653,73.132179,366.754449,428.652472,827.084911,186.407490,31.231867,194.988956,144.817533,69.119687,81.090761,64.676287,27.209350,170.698249,234.109666
2012-06-04 17:00:00,8.455897,109.931529,343.033872,149.235929,53.643814,186.544044,1186.465976,203.513552,12.173600,141.908409,18.855484,99.696516,167.857838,8.895275,30.175264,34.198626,282.027186,316.987974,784.211315,217.750970,18.482813,129.097601,123.688398,31.370120,77.119987,35.844314,41.238839,194.420470,180.666412
2012-06-04 18:00:00,3.050454,43.336199,412.694961,141.993887,48.183094,160.575590,1268.353313,147.646933,4.424238,104.745429,5.997340,78.948786,121.391909,2.162519,6.807894,18.755474,264.982789,342.867057,792.839084,226.892229,12.218377,115.350984,99.491455,4.440376,70.693443,12.100120,17.426317,224.163224,211.049987
2012-06-04 19:00:00,6.558150,47.792994,460.313611,156.542660,78.881674,183.205230,1335.635536,120.573927,15.403759,169.779552,4.424405,94.894877,128.124216,1.168076,9.338262,11.332064,287.462959,608.949290,842.917561,226.172190,13.633372,258.984753,61.727733,9.374127,54.464284,24.638254,10.069560,220.945570,294.979606
2012-06-04 20:00:00,8.256476,54.799845,297.236044,144.227392,84.189501,177.920464,1295.877859,124.271703,31.942532,211.341586,3.802223,93.175200,123.285370,1.562696,8.555053,8.695995,245.688785,856.864846,900.150106,187.290094,11.903933,288.470684,48.150600,96.278628,29.830740,58.967554,11.448952,169.069838,258.767276
2012-06-04 21:00:00,7.341993,24.680846,197.215137,153.420479,87.132455,179.140026,1238.604561,132.195510,22.839258,146.689533,2.799819,52.059298,134.646138,2.304582,5.542710,5.544833,231.528048,903.872211,1075.003949,164.888887,11.140285,179.045120,62.988997,201.367527,22.237812,123.574531,11.770810,163.456820,227.835911
2012-06-04 22:00:00,6.727983,13.281642,263.315911,148.650481,119.767711,162.743699,1137.403201,142.496459,26.174808,104.584204,3.698526,33.299191,139.695368,1.436418,9.097274,4.544945,250.999061,614.100782,1069.954018,157.048464,6.670695,140.385790,51.637623,175.500574,26.198499,102.549888,14.483614,183.191764,201.996904
2012-06-04 23:00:00,5.460771,17.046517,278.101610,131.955488,97.853215,180.359587,1011.735578,136.157413,47.369454,80.271772,10.093174,53.778975,203.021130,1.499557,12.350604,3.575357,146.209608,347.511068,996.309199,128.086904,5.727364,108.606509,24.854316,117.423276,35.124537,72.764976,13.334121,171.643962,138.248115
2012-06-05 00:00:00,3.409716,13.804541,220.698307,143.923847,61.959689,158.814001,877.171131,110.801232,15.357432,59.626579,12.892993,75.822101,217.958436,1.373278,15.182206,3.999552,87.796569,262.511449,906.252106,62.643376,5.547682,85.673008,13.280366,116.084115,23.532280,46.593676,21.702432,123.557911,76.196778
2012-06-05 01:00:00,2.416848,14.432020,146.117499,144.921210,40.518168,84.149740,871.054566,77.257116,11.790246,61.528110,18.872853,53.466306,156.526135,2.351937,23.375778,4.847942,64.254344,201.981418,784.422533,24.001294,6.940218,65.360479,7.715967,125.105831,10.104583,39.749716,20.874797,75.829378,42.059113
2012-06-05 02:00:00,1.561153,21.334291,125.243571,146.872573,25.908504,46.749855,965.305283,62.598074,8.477858,70.899941,29.207986,36.582210,138.433060,3.046468,99.588042,4.241949,50.447625,147.246815,732.029504,10.320556,9.186243,63.230939,8.235311,94.164164,6.008653,61.212373,14.161756,66.605436,29.045307
2012-06-05 03:00:00,1.541557,15.373239,60.447418,131.565216,16.028588,26.559338,966.139360,56.391092,3.706168,68.183468,45.626676,23.919137,120.971139,2.967544,107.962354,3.423859,47.261459,128.358010,721.298402,11.440617,8.714577,45.047949,7.345007,50.535708,3.554959,84.372331,8.828108,46.977747,18.106165
2012-06-05 04:00:00,1.522376,14.641180,27.397031,88.331689,7.252279,21.545586,793.485391,54.278076,1.621448,54.601104,69.235025,23.137466,89.834220,2.541354,81.333247,2.848166,58.944067,127.714074,666.169995,11.600625,5.642930,43.409842,8.734877,36.580240,2.801462,62.362158,6.294938,28.529865,11.882171
2012-06-05 05:00:00,2.477820,33.904162,45.890992,80.398759,9.289991,38.153331,615.141307,62.170365,2.785364,32.324984,89.866146,40.274196,114.198607,4.070003,87.762843,5.641124,102.328125,126.071654,621.086123,18.141105,6.737041,60.546411,14.864285,27.021522,5.133814,37.690816,7.389885,13.542139,31.116419
2012-06-05 06:00:00,3.957407,70.784143,109.529710,98.716973,24.052291,81.878332,505.091051,82.510073,9.468299,63.465280,105.570455,81.045329,171.062057,8.128219,122.344451,13.809721,156.499618,122.529782,493.296523,29.255893,14.338341,106.507497,37.895333,40.025555,8.878499,42.245369,16.455314,20.044609,87.249904
2012-06-05 07:00:00,6.411670,117.781953,205.768921,113.258552,44.990144,126.120770,505.349903,124.045366,18.850506,116.440862,129.618703,137.106512,232.166235,14.453301,99.955033,25.824426,195.243271,171.405302,414.719730,49.949924,24.047048,204.537647,71.598637,64.488227,17.100953,73.485232,31.736236,34.021481,169.945102
2012-06-05 08:00:00,9.212959,144.009021,298.845209,122.868128,66.383112,174.269176,628.148004,171.518814,28.851162,169.269151,128.841109,199.593271,329.839012,20.149404,120.293076,38.949033,245.259682,288.896984,390.625019,75.101598,33.539696,262.273559,103.783102,89.682772,25.467791,86.869018,48.102951,49.694028,245.123967
2012-06-05 09:00:00,11.950743,173.104919,382.697807,136.048280,86.108547,218.032080,836.828682,224.781304,36.749723,216.297590,107.441362,255.185199,409.190418,25.158487,118.876582,49.654236,314.295997,381.696643,416.549260,94.271320,41.476692,344.192643,130.193328,119.080424,32.880095,104.821378,63.752289,62.002695,311.989958
2012-06-05 10:00:00,13.599297,206.844585,434.425452,159.533237,108.837997,248.750037,818.471132,285.702090,42.601776,263.823734,99.667395,297.080562,470.320285,29.061774,129.297816,59.332824,369.304114,447.407528,474.698094,109.745500,47.864933,431.200375,149.362354,162.899473,39.067688,131.069324,74.378480,69.571529,369.641108
2012-06-05 11:00:00,14.788745,291.861805,466.304291,187.992677,125.437184,269.765083,901.541269,302.679571,46.247133,316.288435,98.284328,327.302284,510.605485,32.304677,150.184807,62.654916,395.003925,503.724788,521.416671,125.048617,51.419876,556.145205,163.156679,232.887864,42.364929,194.139395,78.102143,71.827629,405.003462
2012-06-05 12:00:00,15.310030,296.015443,459.285468,167.068374,150.352980,281.053811,1059.526410,299.810486,49.971567,324.349516,110.089414,337.556042,557.863325,34.895181,140.285026,66.661805,395.543846,543.676113,569.722143,149.488339,52.715737,693.692143,174.223815,284.682856,43.013559,230.662240,79.233562,70.195600,458.463820
2012-06-05 13:00:00,14.811773,291.147042,430.439363,169.174231,152.207912,279.017668,1250.766680,311.539986,56.482317,342.302406,105.434565,342.043770,520.143407,36.632369,131.406456,82.027927,368.634244,623.572620,729.380638,186.158824,51.769898,648.211745,175.316709,270.608951,42.752699,217.801518,74.749430,65.397860,519.476572
2012-06-05 14:00:00,15.784128,305.696559,395.273935,201.220720,133.377010,271.983985,1312.286269,314.861108,55.834982,366.241109,88.458931,325.101899,511.855601,32.627423,119.747660,99.373209,337.275694,738.222674,886.235841,214.366531,45.266095,592.391952,156.518850,278.517166,37.682765,217.485922,75.572079,57.285241,463.703452
2012-06-05 15:00:00,15.452221,357.206406,372.143395,221.311532,114.922559,247.505894,1502.684482,366.689143,50.447121,417.142368,82.137188,286.730685,468.050970,24.624976,105.674239,99.274401,303.421597,784.712669,903.755761,232.584773,37.000000,614.243932,132.437258,303.492293,27.435252,245.571887,80.203166,45.143581,446.899228
2012-06-05 16:00:00,13.896082,306.237262,387.535881,209.888040,113.969786,214.266030,1527.158121,283.281719,45.505267,437.546717,94.727793,240.929710,455.205904,14.041068,111.788179,67.207638,288.310834,927.939930,945.743467,292.142891,25.446150,631.227543,105.371419,334.090352,18.278474,226.715761,68.795659,29.536426,503.631030
2012-06-05 17:00:00,6.758473,222.615412,383.224317,173.202870,114.271055,149.365995,1289.309119,214.632225,37.820092,400.161282,108.248263,158.737575,412.046959,9.620737,113.076695,36.148396,338.527958,1047.289114,936.554796,282.791753,12.034855,592.237956,52.805125,341.710392,8.078299,233.831988,37.651728,15.137269,538.821619
2012-06-05 18:00:00,4.245815,217.702273,321.154087,131.382250,126.792030,143.230716,1306.949658,220.266162,33.026401,376.265799,80.629720,101.148246,407.725336,4.360253,94.008209,14.877121,429.247337,1143.207188,889.419004,223.932069,6.266410,396.463789,32.867050,351.652457,1.526314,268.466071,21.472533,8.079887,563.008840
2012-06-05 19:00:00,2.253548,246.076401,320.936651,98.175230,100.112983,158.407481,1239.438638,307.047513,28.884943,384.652553,62.149064,74.884096,303.584964,1.247000,114.469014,6.090227,440.929945,1235.928803,1021.979679,173.609357,5.210778,323.198557,19.141533,339.160146,3.941367,269.597249,20.093141,23.810639,406.445685
2012-06-05 20:00:00,3.403184,167.850669,221.133180,66.129517,101.321697,177.513944,1035.089738,397.775101,56.264256,340.238222,62.736680,66.285713,196.709592,2.636063,147.183054,2.484570,361.452809,966.334052,1019.244300,146.007869,2.470628,249.319921,5.045055,192.980150,2.105927,216.159614,33.059424,59.061826,358.162578
2012-06-05 21:00:00,1.979203,176.217057,183.734058,60.145338,81.456758,126.834390,840.749763,292.916724,50.102753,241.494435,65.398236,58.938004,155.684597,1.231215,140.676394,2.514870,365.347012,676.777269,979.265684,154.728339,4.649272,177.243203,7.122431,120.665455,48.455631,169.401683,28.829289,31.604512,306.295960
2012-06-05 22:00:00,1.071252,159.902600,188.735104,46.312344,50.555743,80.084535,731.763682,209.584689,14.755180,188.115744,75.249451,49.870619,175.039979,1.152291,131.036898,1.514982,337.556566,519.012825,978.634442,178.089599,8.445054,134.160982,10.980414,135.819119,46.736113,175.698126,15.495168,28.208100,257.447035
2012-06-05 23:00:00,1.672198,168.582728,253.096383,28.403170,46.771945,93.499711,688.391671,134.572652,8.871639,216.774532,90.389211,66.129379,282.125736,1.831038,129.349986,1.636180,196.303215,385.717968,974.005339,149.448055,6.580854,139.730547,4.822479,116.154597,45.886015,168.744663,8.092432,32.927325,317.235101
2012-06-06 00:00:00,2.815302,191.904036,306.585825,30.354532,48.085764,123.853240,576.347308,101.952981,7.227027,214.465530,101.657618,102.086251,350.290343,3.014899,120.975674,9.514085,151.165866,299.215830,854.700732,93.045015,6.895297,159.551644,4.377327,103.679255,44.282419,128.940195,11.265033,20.914751,364.386573
2012-06-06 01:00:00,1.763646,129.469862,299.410412,35.688257,48.401080,129.951047,510.455213,82.143464,5.837214,134.737052,95.055576,102.398920,272.237660,2.872835,76.814733,24.512405,136.120083,301.147640,673.744890,38.242061,6.962678,164.793588,4.748287,92.190663,20.344410,122.369994,22.300168,17.411083,403.993809
2012-06-06 02:00:00,1.665666,112.423345,257.445118,46.399071,40.255404,121.278610,473.755819,70.653944,4.563219,86.248012,93.430990,125.692720,154.632674,1.152291,59.704628,19.694763,123.021402,292.991111,535.503044,20.561108,10.646159,232.775038,4.599903,83.591840,12.036626,120.891699,19.863242,10.868520,459.066727
2012-06-06 03:00:00,0.790375,96.004308,163.077566,32.262531,30.007619,92.280149,470.419510,66.956167,1.528794,71.171588,107.637478,92.862532,83.101913,1.483772,20.544176,16.089106,127.446632,271.741206,422.510849,20.241091,10.219414,308.783213,4.970863,102.762987,9.003319,112.624196,30.898377,4.004192,502.068870
2012-06-06 04:00:00,0.590581,87.533339,108.718378,24.543808,25.488082,71.141084,381.729307,63.258391,0.903378,65.602819,119.597197,61.283018,75.528068,0.757671,11.808383,7.423411,115.764024,238.256508,331.612101,25.681384,10.842972,344.493951,7.809833,107.414809,6.742829,113.335968,58.208136,2.395365,590.902242
2012-06-06 05:00:00,1.528935,75.674218,152.441375,12.350964,27.213302,69.662749,299.970402,72.039274,4.670615,64.316428,131.096259,67.272122,105.817431,2.540749,27.114740,18.023378,149.796239,179.123994,290.158356,40.323271,15.755765,297.526457,18.991544,84.948118,14.192425,113.654544,68.707735,7.811811,591.604679
2012-06-06 06:00:00,3.766830,92.838743,212.901237,13.690872,38.433187,103.753987,328.415381,68.532176,11.010348,106.584310,144.060114,90.954928,160.742935,5.527305,52.635609,28.938204,236.801643,152.507206,282.858163,68.899971,31.223842,286.622244,40.577686,81.999328,14.456696,110.335706,87.267345,17.557208,587.748857
2012-06-06 07:00:00,6.368056,108.506894,272.694831,23.886159,58.609556,159.536410,465.149207,110.498863,20.000084,185.608648,145.398327,142.129118,233.676511,8.675433,85.527615,38.461933,282.830591,193.270534,397.520850,151.283930,38.217304,331.023071,73.335288,103.568394,17.132111,124.382206,85.401535,33.302131,631.085177
2012-06-06 08:00:00,9.842281,138.101754,330.975927,30.954483,73.058263,202.136446,586.928892,160.871901,41.348583,210.540297,129.559732,201.873171,341.861324,11.762812,115.825980,50.615619,348.718540,293.785299,454.931994,115.077743,44.484656,472.678543,103.742408,142.009995,22.941129,143.535206,83.066546,49.542688,587.836392
2012-06-06 09:00:00,11.635319,173.158121,384.453840,52.823304,92.105793,234.760516,597.400354,208.250149,48.794121,254.881646,144.638497,245.550607,540.755662,19.150202,121.913309,58.914485,428.317845,382.360800,442.346602,111.077671,56.249424,560.036990,133.988044,180.247526,30.840758,178.102159,96.750219,62.518887,647.656445
2012-06-06 10:00:00,15.960539,196.629257,437.612652,65.912985,106.808022,264.399035,630.217146,274.308046,58.216561,312.608685,122.129719,285.887199,803.346759,25.761967,144.948081,63.344977,502.124637,473.907335,517.091578,121.457587,67.897267,672.193268,174.472484,210.840670,35.639599,210.655717,104.108721,67.227235,635.440894
2012-06-06 11:00:00,16.831308,215.315627,513.662561,68.008500,148.790700,278.566907,748.019894,397.123090,72.125859,381.810594,146.566791,330.353367,1033.843266,31.744619,180.259546,94.703641,614.796745,541.357552,542.924144,137.281107,71.700604,768.773237,199.301482,253.754271,36.248308,194.996127,112.706343,72.160122,651.789064
2012-06-06 12:00:00,19.570618,210.065178,590.005774,80.001990,192.028958,283.254026,858.586426,529.233998,83.308809,469.214103,140.598346,380.988718,1089.139178,40.468144,192.199101,120.936866,719.104951,550.590155,504.332640,140.783394,84.965961,734.781311,256.361489,266.570465,34.982301,179.311052,89.213814,72.907066,713.661271
2012-06-06 13:00:00,21.064218,197.146463,611.213215,115.227271,225.636531,289.096820,898.302421,614.089508,101.646902,533.190260,166.129436,422.607298,1058.396159,0.000000,209.846677,142.497964,788.147311,600.116945,611.177280,134.032916,120.652353,139.235346,275.066619,330.334095,0.000000,188.007742,94.815587,73.730903,675.490886
2012-06-06 14:00:00,16.027691,195.735255,615.778626,112.248615,260.535332,301.968790,1104.462177,583.938491,120.923758,591.568834,162.537336,425.197505,1012.378013,0.000000,253.765747,116.539401,729.552935,668.871956,763.932348,150.652048,115.327893,0.000000,254.696749,0.000000,0.000000,197.922685,87.819140,68.059454,527.701126
2012-06-06 15:00:00,10.136546,185.827535,593.177795,139.767590,305.540652,271.261250,1235.700682,474.498442,124.381963,547.830682,152.392501,368.685603,964.455980,0.000000,287.123455,105.261063,663.631390,706.951681,979.954048,199.546122,81.073110,0.000000,202.835669,341.633525,22.955043,207.218243,74.881216,48.606133,394.595907
2012-06-06 16:00:00,9.851539,143.785628,510.482027,123.793779,298.662584,237.910361,1341.094377,396.667174,83.382791,451.412956,195.461154,311.201539,740.107014,39.064606,239.160613,76.007980,526.797828,700.066692,999.617217,262.131195,62.131264,512.334451,153.591136,312.875174,17.597891,174.636946,64.038089,25.965022,327.145672
2012-06-06 17:00:00,5.532545,145.440222,446.931162,113.027409,293.400302,214.505158,1269.159412,330.023698,78.545488,370.526990,207.100034,226.390476,559.244674,29.674352,210.494673,46.166538,383.011373,595.110278,793.350482,229.219163,50.950367,354.776079,95.857239,269.755683,10.633624,145.472489,56.413311,12.846839,364.915673
2012-06-06 18:00:00,2.782642,234.418922,436.830441,107.752171,298.709815,207.596459,1220.082063,334.241525,82.230593,363.239240,191.919899,180.722368,543.844166,13.521535,227.672845,31.148025,316.315460,687.845668,861.250105,173.289340,32.747046,320.527860,59.798742,363.438569,5.860561,197.683846,48.876451,8.222893,472.369431
2012-06-06 19:00:00,4.049854,282.783931,442.918670,81.003238,243.949853,203.802268,1112.102861,299.387833,77.852682,366.044714,161.629045,147.266844,486.829942,5.429975,229.781484,13.362139,203.029565,792.256549,964.747134,197.610651,25.941590,262.916211,39.692713,375.106047,5.177874,170.934730,37.703377,21.629785,574.870742
2012-06-06 20:00:00,3.860425,231.748961,305.063768,92.277778,155.976554,214.236294,937.224686,238.374521,64.278843,247.334851,204.732428,117.563340,364.386111,3.393734,220.864951,6.241725,121.074300,768.216253,872.165075,161.528706,31.152368,193.132843,54.160151,275.726204,5.332438,200.500635,23.265742,116.085804,409.086168
2012-06-06 21:00:00,3.226819,121.208053,313.543801,73.978332,167.748369,214.371801,718.974500,226.885001,47.438945,159.456955,194.950345,128.819405,440.545332,2.935975,159.955386,5.120638,118.950190,554.643978,652.703513,183.849909,64.775364,290.764034,96.227007,199.957883,7.341762,144.653926,18.253952,112.117364,255.372370
2012-06-06 22:00:00,2.135971,88.997457,428.567844,123.369492,122.658112,199.059529,866.328129,330.026553,33.494489,134.465405,223.259624,160.086250,370.908033,7.166304,114.228027,6.332624,113.816923,458.268148,437.239813,102.245511,67.021390,345.476815,76.046787,157.880035,21.271790,70.465406,18.483851,77.974480,281.399983
2012-06-06 23:00:00,3.775509,67.349427,521.195902,126.188127,100.323194,153.529235,881.897569,309.556718,33.888270,158.234542,261.109026,168.371964,224.901127,14.174759,62.777217,5.605433,106.913564,557.219724,402.100714,30.321634,68.660988,251.449460,38.431449,150.761337,11.514975,36.793126,21.886351,55.057634,300.637783
2012-06-07 00:00:00,3.893085,76.761614,538.808279,115.954313,93.228574,114.367762,826.292426,358.420194,18.183385,309.542079,290.075052,131.789755,130.648831,27.544493,28.617254,4.302548,89.212642,675.060105,452.810432,30.161626,65.606394,246.698949,28.860683,147.519158,10.471672,56.996494,15.265270,64.210072,292.527730
2012-06-07 01:00:00,2.606277,97.573006,509.889191,116.778222,62.853086,89.705520,737.880248,446.374449,8.640003,492.768172,258.896823,124.754715,107.296141,24.403316,34.702185,3.545057,79.831154,932.634708,705.727783,39.602134,73.018277,296.497409,25.447852,112.489525,19.900040,41.447018,15.081351,51.267953,189.548916
2012-06-07 02:00:00,1.528493,130.411080,630.784027,121.981856,61.329056,72.902673,515.181650,501.841096,27.495131,503.226592,255.889611,133.822100,124.547678,26.881531,46.570815,4.514646,83.902366,677.206560,702.571577,44.322389,70.053523,381.351364,18.993149,107.062399,22.740143,55.572950,21.840371,29.280651,176.723716
2012-06-07 03:00:00,3.481568,194.204793,611.649592,101.080593,150.721279,48.104924,447.343376,469.485552,58.789083,348.930935,302.345863,117.563340,160.944212,29.407100,61.391540,2.757267,111.338794,335.705566,445.235536,28.641544,75.443984,438.685117,16.099661,98.815986,18.624892,75.721567,26.576283,31.568760,207.843687
2012-06-07 04:00:00,2.226804,156.765204,604.474179,103.855864,184.775459,43.904212,367.828021,402.925575,50.519696,258.336566,310.952713,108.339621,245.518817,23.045822,65.849807,2.181574,119.304208,246.413037,374.536510,27.201466,72.540734,475.542529,16.265545,193.473525,23.628882,92.858841,19.078692,22.773840,312.708560
2012-06-07 05:00:00,2.097030,159.392326,670.196830,65.922939,207.834527,56.685232,404.475671,372.172855,42.202528,296.187478,306.260834,131.512030,330.194138,20.789630,53.552723,6.753098,120.917550,308.488577,351.557821,46.664583,72.324078,702.444159,24.797572,334.511422,25.991300,149.006207,22.150307,32.772493,521.493566
2012-06-07 06:00:00,3.721689,221.363737,737.687501,50.413632,198.858534,94.337444,392.586579,384.176713,39.518952,263.423272,304.933295,168.361094,404.619050,56.219544,60.892076,19.368890,151.333246,349.583831,211.088346,60.061435,72.537961,931.734019,46.829021,431.238914,25.464499,324.353050,38.947167,43.146601,759.141330
2012-06-07 07:00:00,6.839502,231.866168,724.359375,82.272573,302.442715,131.811521,396.736317,441.145364,64.656138,336.990305,225.736497,216.543144,449.822233,0.000000,88.014595,30.679557,214.790251,273.442198,230.314833,64.312638,96.420106,370.723729,80.247362,484.530853,31.654466,335.444143,64.199552,60.238163,951.086191
2012-06-07 08:00:00,10.755515,203.308789,1020.706102,106.901278,290.567997,188.322374,570.696226,495.162266,77.943415,394.006663,149.519877,347.747279,720.838553,0.000000,158.255738,43.267735,351.881359,302.864962,289.744044,104.691550,117.102049,0.000000,118.047845,516.618729,38.840398,341.211639,87.766438,73.061426,992.179115
2012-06-07 09:00:00,12.551188,432.280729,1230.746217,103.575644,256.720692,235.924674,667.840665,657.444467,89.211084,440.007278,133.687493,420.836272,1254.506746,107.921845,177.884398,60.247669,470.367970,391.278990,414.412696,141.045108,145.500663,0.000000,160.196299,601.411767,0.000000,431.938642,99.279336,0.000000,905.537152
2012-06-07 10:00:00,15.814436,0.000000,1646.267402,126.672824,0.000000,303.689467,632.650848,0.000000,0.000000,0.000000,189.743162,546.311784,1662.152365,114.402088,0.000000,90.629725,526.020262,571.051121,534.144863,193.790812,172.400083,1395.684535,238.965616,589.780147,0.000000,432.303640,124.593329,0.000000,1033.971438
2012-06-07 11:00:00,16.458540,0.000000,404.154460,165.379790,0.000000,363.799521,801.651012,0.000000,0.000000,0.000000,237.353696,627.132238,0.000000,67.974733,0.000000,99.754419,570.134838,714.193159,600.684530,239.731232,190.135296,1347.709818,347.786727,578.678447,0.000000,423.476891,132.827874,0.000000,955.763697
2012-06-07 12:00:00,0.000000,778.862900,0.000000,168.759152,230.492064,0.000000,1038.507277,883.882407,99.881525,695.919589,287.935383,0.000000,0.000000,46.006332,221.461706,0.000000,0.000000,931.379658,0.000000,0.000000,0.000000,1285.895220,0.000000,653.736485,42.337866,430.386301,0.000000,0.000000,0.000000
2012-06-07 13:00:00,0.000000,819.796024,0.000000,175.577519,257.792651,0.000000,1266.400444,811.740836,105.239498,856.945387,328.116873,0.000000,0.000000,42.186034,295.945017,0.000000,0.000000,1001.797316,0.000000,0.000000,0.000000,1377.857280,0.000000,700.501078,53.808000,456.358692,0.000000,0.000000,0.000000
2012-06-07 14:00:00,0.000000,802.572020,0.000000,172.107089,339.773103,0.000000,1499.450317,637.992618,123.845194,791.784255,341.872990,0.000000,104.065600,0.000000,311.115661,0.000000,0.000000,632.850073,0.000000,0.000000,0.000000,1383.355398,0.000000,0.000000,50.370878,430.271296,0.000000,99.582932,0.000000
2012-06-07 15:00:00,12.642800,944.736474,582.448264,172.326930,443.319836,369.270483,1293.704827,0.000000,157.110665,793.573941,323.786224,610.836302,1623.020676,0.000000,237.540298,103.388575,974.070094,1014.446866,1032.682397,356.753376,0.000000,357.996736,0.000000,528.887940,54.430000,396.231457,89.118834,0.000000,0.000000
2012-06-07 16:00:00,10.610188,0.000000,1251.079809,0.000000,0.000000,328.748039,1309.589813,0.000000,0.000000,0.000000,298.578995,520.865650,170.639013,17.748218,0.000000,97.826868,928.430863,1063.973501,1033.266655,414.634533,93.105690,1268.348717,187.020813,512.336239,0.000000,384.220589,70.743601,0.000000,1247.619919
2012-06-07 17:00:00,6.550830,0.000000,1068.227177,178.557726,0.000000,231.068881,1270.605796,0.000000,0.000000,0.000000,301.962179,396.150605,1026.170884,13.941633,0.000000,66.626234,767.989732,1008.170608,1037.756835,380.243955,67.863375,121.129827,121.628522,478.574496,0.000000,382.500858,75.806799,0.000000,1342.354163
2012-06-07 18:00:00,3.396652,525.275206,796.688271,172.158787,418.269625,126.427870,1233.920066,317.063323,129.750666,549.393171,0.000000,275.617245,840.486439,0.000000,333.406066,57.296610,730.162996,865.679991,1063.010364,319.054473,46.964385,0.000000,42.215241,0.000000,82.916654,0.000000,85.200436,16.517290,1306.680008
2012-06-07 19:00:00,2.665065,477.720782,693.405812,159.708204,348.004292,58.267936,1204.129373,332.535758,138.309540,489.915875,0.000000,183.692719,870.361050,0.000000,357.022831,50.267095,689.627887,941.005883,1083.630913,339.458296,47.750494,0.000000,32.792858,0.000000,87.115806,0.000000,65.888950,16.124021,1208.586520
2012-06-07 20:00:00,1.521961,399.285890,623.391177,129.657217,239.798185,18.157915,1148.802255,382.059550,105.116177,361.155063,175.904664,108.339621,736.556451,0.000000,317.139416,44.085969,552.622757,1070.866411,1134.551046,237.852820,54.106745,0.000000,36.799226,0.000000,28.246465,238.717304,43.083005,27.135548,1013.002216
2012-06-07 21:00:00,0.777311,358.395167,600.342881,121.678311,142.838367,13.008655,925.825632,354.326227,65.761311,287.674473,158.621832,90.204850,827.021825,0.505114,216.286190,47.449229,577.050029,947.230602,982.842718,185.049974,58.531415,321.888071,41.844281,186.566273,71.427619,152.100154,60.003545,59.347839,699.916444
2012-06-07 22:00:00,1.254148,245.971821,682.099101,85.166145,100.638511,22.900654,796.821700,277.465301,24.646014,244.890026,129.966897,107.557949,784.103368,0.552468,146.580585,37.450349,658.651275,697.812528,711.408955,127.526873,65.179649,225.403555,37.912105,137.299245,77.436272,134.853376,57.934457,116.729334,535.074900
2012-06-07 23:00:00,2.560553,179.249873,577.729459,47.049525,74.624901,118.161953,659.476996,220.149765,12.647297,237.963020,125.646189,135.698111,474.206867,0.710316,105.010259,42.995182,580.944231,491.323555,608.095794,115.846244,56.577373,206.401511,33.683162,108.472042,69.708101,113.116961,56.968883,191.915181,407.765926
2012-06-08 00:00:00,5.728584,188.766640,453.790508,46.138889,76.306589,294.998363,642.795454,195.321837,14.685689,303.022544,117.488692,202.296492,408.146105,2.714987,79.284854,91.716996,589.794692,361.033735,575.692074,84.084532,39.687264,127.117121,29.009067,74.781570,76.064522,80.594466,76.694186,152.802810,370.421961
2012-06-08 01:00:00,6.290338,99.978342,412.042651,46.745980,76.096378,279.957105,628.338116,191.227870,22.885585,245.704968,118.249137,204.954174,351.763035,3.867278,70.970789,66.174403,494.917755,395.806306,580.321177,79.124265,24.998260,82.560604,20.254413,82.041232,71.504901,45.498642,55.313613,134.569438,310.822501
2012-06-08 02:00:00,11.881749,80.108170,290.278068,48.870797,61.591820,298.115020,549.100788,225.696430,24.344888,277.487700,123.848774,206.673850,272.868814,2.557139,76.031524,56.811816,271.355121,382.927576,572.325453,66.243570,17.810979,52.091810,16.693197,70.975534,59.796722,29.401650,68.877633,143.257104,203.505751
2012-06-08 03:00:00,11.515955,60.028837,224.177295,63.571063,66.689436,305.567895,556.885508,185.285015,31.849877,276.129463,127.097947,211.989214,294.117657,4.040911,104.046309,62.689945,207.808814,305.011259,546.234146,72.643915,15.138209,49.143217,9.570766,97.476825,60.241092,34.274549,82.441652,149.370646,158.806156
2012-06-08 04:00:00,6.693677,43.923540,236.136316,62.183428,56.178887,314.375839,625.557859,177.625335,24.368052,193.277042,121.809400,180.253366,237.524203,2.525570,72.778194,57.266311,272.948204,352.233269,555.492352,69.603751,7.915178,54.876592,8.749115,117.141347,50.793403,51.466575,82.524115,151.265487,169.368086
2012-06-08 05:00:00,6.466953,48.760121,346.863064,45.061868,54.190978,292.126411,595.878419,211.635498,8.144695,171.695301,100.833548,141.652499,119.822908,2.297246,24.827126,65.061521,305.487513,303.844565,509.899073,63.828607,10.910118,60.297894,21.636517,110.674105,67.122980,61.327340,80.872326,145.686274,201.759076
2012-06-08 06:00:00,6.899352,51.134515,508.712031,46.309995,62.127655,348.616220,523.060750,237.672826,12.603476,219.276418,80.704688,238.098273,125.973688,4.235275,27.226238,63.805937,340.761883,253.875754,442.526727,63.627042,15.947971,85.322300,41.838588,95.441845,51.562810,42.278763,90.707137,187.480597,224.333875
2012-06-08 07:00:00,10.099801,85.836054,547.007002,56.487949,82.823317,384.970915,459.727054,268.320027,23.239360,256.226042,78.315297,302.106676,206.031271,7.225246,48.879116,53.901679,394.112070,318.284988,512.462657,73.704254,27.588542,141.544134,76.036591,84.846357,59.012352,65.094624,95.572897,202.129242,245.272687
2012-06-08 08:00:00,12.165570,124.846677,554.091074,82.905260,98.297958,385.717165,704.488791,332.416696,24.873950,274.398639,82.574928,329.389155,292.363393,10.736292,67.208958,58.219093,516.075375,443.133932,648.997203,92.290069,35.275639,209.136353,112.044299,112.437886,79.952757,94.617698,110.223884,201.042020,287.573583
2012-06-08 09:00:00,15.462040,161.364534,582.045279,128.365462,97.175208,428.520890,1047.190182,352.481680,25.080677,272.100538,76.688899,327.156795,392.007735,16.281090,84.304979,71.622888,553.724980,517.371474,749.093275,113.883960,48.144768,264.802510,159.298746,133.478065,93.731701,110.244927,179.109279,229.748947,363.669284
2012-06-08 10:00:00,18.143346,185.976488,581.270520,141.227930,95.847234,482.102672,1161.225876,366.915856,29.574470,279.389805,67.529575,347.826231,468.341961,17.360427,103.484625,95.694796,642.080743,646.537441,773.870987,138.276680,62.611695,305.423456,201.543551,130.072592,96.508788,126.762702,188.941070,256.896845,445.677179
2012-06-08 11:00:00,20.865085,201.005409,564.907684,133.881572,102.744737,502.106141,1329.619761,357.800438,32.730192,264.463801,67.904337,341.411677,473.117381,21.420758,104.380172,95.080198,615.836440,751.515720,857.744775,173.027855,69.827940,354.327647,236.895179,130.316255,91.641415,128.608173,180.701085,259.294854,485.272834
2012-06-08 12:00:00,23.603338,212.304996,538.967159,166.950066,113.560371,448.720533,1161.794678,386.873198,40.809631,276.552011,68.111044,352.517630,418.084854,33.194431,109.749037,103.208662,678.320445,626.379788,725.042428,175.779113,73.456736,376.433064,284.618592,143.337650,89.718298,131.012624,166.473195,224.026328,502.124435
2012-06-08 13:00:00,21.684058,213.905294,490.480582,215.335352,104.908238,429.535368,1273.556244,394.847599,39.525323,275.639442,79.144408,338.009835,491.180652,32.055601,112.308162,112.548117,657.015354,720.818866,877.766773,236.067615,59.291478,356.411574,287.438197,142.056134,0.000000,126.165171,182.149162,0.000000,461.234336
2012-06-08 14:00:00,24.021100,202.262264,484.148513,233.849640,101.292843,470.942692,1493.965880,434.381846,35.265461,260.558184,83.218869,268.304502,415.705436,34.060051,101.564841,120.271077,477.013040,830.321024,1130.117137,310.836612,58.052496,336.599620,301.390327,127.161575,0.000000,106.916117,192.320283,0.000000,454.940846
2012-06-08 15:00:00,31.041907,163.618875,470.377315,197.542595,84.535483,321.713063,1473.222778,351.956559,31.540413,238.811804,80.905974,261.362892,388.557305,31.308548,101.438755,122.182532,355.578293,718.937678,1097.764805,356.733217,68.953460,313.608844,322.518112,111.287447,114.978952,81.626421,186.192803,210.624252,428.546021
2012-06-08 16:00:00,16.082231,122.577374,448.077678,190.608920,60.186322,204.498373,1366.249285,280.787260,23.422987,181.496500,63.668792,202.931376,307.988370,27.932042,81.466398,94.594322,318.377943,580.176919,970.933883,469.231593,68.610239,280.950148,329.968477,89.731955,101.058617,55.392191,165.234719,214.561806,312.631970
2012-06-08 17:00:00,10.587547,89.362649,354.905646,165.343427,46.607578,180.487683,1441.874408,216.910389,14.871725,116.182104,44.315940,79.143009,159.897138,22.634503,59.438206,61.827517,244.253199,515.344534,878.820668,506.374258,23.012448,267.047035,122.803324,78.212228,99.643843,38.469376,156.772816,201.845799,254.175853
2012-06-08 18:00:00,13.246941,63.061653,299.495991,160.977353,49.303572,119.246008,1305.052707,197.831043,8.199896,95.306018,22.913261,48.776279,127.282677,12.959329,35.425148,33.268999,208.516851,390.836656,740.235641,315.537007,6.715615,303.444333,58.463286,116.543110,105.539930,32.029730,149.618035,128.813413,272.542876
2012-06-08 19:00:00,15.755238,52.603668,402.692871,156.672750,63.378613,139.301018,1291.985499,202.321200,6.717429,115.857566,9.816649,86.296494,147.479598,5.414190,34.882926,17.331391,173.469027,527.598645,792.839084,256.813842,12.555280,393.637168,104.017166,231.815819,100.949232,107.806048,69.199491,111.938605,340.433625
2012-06-08 20:00:00,7.244013,43.714380,521.848212,127.228854,51.291481,99.868532,1122.111787,242.204361,8.130405,157.012130,4.493536,148.517517,164.941519,1.625835,29.219722,22.633827,117.180098,640.072888,772.639362,243.133104,10.376636,440.323224,69.888852,329.504091,79.793364,223.058325,66.486687,154.018368,394.186303
2012-06-08 21:00:00,9.223216,19.661013,438.787372,114.696769,36.997134,120.194556,977.260389,190.039299,5.883541,127.402576,3.318304,77.541777,102.457296,0.441975,21.749113,26.512181,80.716200,835.400295,853.017422,198.410694,11.881473,425.907880,30.418715,281.082848,63.390322,227.493210,67.084423,163.742834,417.573432
2012-06-08 22:00:00,8.674526,16.314458,421.392432,84.689145,71.471736,166.402384,795.709597,170.493909,2.501663,90.594369,6.152688,46.118597,79.525375,0.473544,17.893314,22.906524,44.606321,666.044994,757.279157,154.568331,10.354176,354.158784,19.512493,216.239262,47.083881,196.010997,74.533139,154.340134,359.671425
2012-06-08 23:00:00,11.065246,42.250262,303.324274,79.268693,82.034838,144.585785,817.117577,114.763135,1.876247,139.083409,17.939580,66.598381,41.235380,1.026013,14.097763,9.726183,50.447625,573.962073,831.344804,113.686127,5.502762,283.883983,17.509309,204.891634,34.486963,150.676610,56.095268,151.837514,203.882963
2012-06-09 00:00:00,9.327728,76.134135,209.826469,58.670975,74.940218,93.770724,835.745300,125.196147,5.582415,171.409436,36.086553,50.652290,29.664227,0.631392,28.797994,4.060151,43.721275,444.745481,899.308451,92.564989,5.210778,190.348060,13.206174,182.337344,44.263099,100.633579,39.496586,137.787092,134.098785
2012-06-09 01:00:00,9.170959,80.840229,201.346435,55.548794,43.093253,68.159934,795.431571,89.274890,10.238288,138.268467,50.638698,46.118597,21.459228,1.073367,33.316508,2.636068,36.463898,310.162751,833.028114,68.083670,5.098477,143.170572,9.793342,97.899718,28.401028,73.148238,56.601045,143.364359,82.797984
2012-06-09 02:00:00,5.774308,68.499806,161.120636,47.873434,14.031584,79.271494,703.405059,60.352995,5.258125,112.733623,61.526882,38.301886,21.669613,1.120721,32.774286,2.211873,54.164819,151.969016,552.336145,44.962423,10.219414,67.162397,8.309503,95.080432,17.156539,40.954253,62.532430,101.928126,42.813536
2012-06-09 03:00:00,4.147834,101.442460,100.238344,37.943165,9.617153,50.679553,658.920945,59.164424,2.316355,51.069689,70.755914,48.307277,34.292688,2.478215,32.593546,2.454270,94.168900,154.544762,445.656364,14.880802,7.681406,71.421475,7.122431,110.093131,10.993323,34.438804,54.577937,69.930346,39.607236
2012-06-09 04:00:00,5.352361,83.663885,71.754129,29.400533,7.725254,31.844104,604.427905,64.182835,1.667775,29.337907,61.457751,40.177897,32.819996,2.620278,10.603446,5.241837,33.631750,147.032169,547.075801,13.680737,5.426290,56.678510,7.191083,62.870085,8.365745,22.448187,49.445118,65.461382,18.294771
2012-06-09 05:00:00,6.661108,74.630463,83.595253,27.639531,12.608003,45.242528,544.790001,84.150681,4.250697,26.021459,48.182694,61.839710,60.570063,5.529189,14.586044,8.358978,52.282322,164.067054,545.155255,27.867451,7.903956,59.691692,17.511329,45.804845,11.794211,18.275254,47.557292,50.398260,35.067667
2012-06-09 06:00:00,6.089937,84.029222,146.175770,27.389163,25.803878,86.969931,574.930503,73.544135,10.323087,52.418069,56.898977,101.331650,112.292230,8.771056,27.779727,12.734834,87.529640,195.277532,604.120590,33.331825,14.596030,109.650993,41.604104,24.560549,15.592206,28.394953,58.377831,38.171075,86.929419
2012-06-09 07:00:00,8.241657,93.040314,237.763230,44.418530,41.412082,132.893319,552.906353,104.848427,20.492742,89.661614,90.990900,160.862585,186.770290,7.846659,49.307024,21.492127,159.014810,226.354251,539.416297,63.062055,25.117946,132.894170,74.275347,20.404069,17.066802,28.450889,68.616157,47.708573,141.250156
2012-06-09 08:00:00,12.789919,106.978628,347.211913,55.051003,59.572047,183.419645,731.834506,163.286367,27.916215,136.348172,121.401107,251.590681,297.315432,8.380423,79.162388,33.665076,227.806549,353.674241,675.333295,75.884897,34.941651,146.126489,108.765304,21.652140,24.012759,29.557232,68.784805,62.069583,171.554504
2012-06-09 09:00:00,22.180560,136.148600,471.634901,77.803756,69.489004,220.258065,1172.844229,205.467324,37.068581,204.879874,161.595679,371.578064,439.944738,11.924482,105.621056,45.897588,288.098880,503.141361,869.626834,99.144918,43.159329,218.928184,140.926884,29.794871,23.162431,37.329678,80.637744,78.105236,257.802673
2012-06-09 10:00:00,21.211938,144.374065,484.981542,79.519649,70.188252,272.306751,1197.737635,246.490950,49.693151,270.140244,226.640500,419.666279,586.352890,19.979847,126.217785,52.657346,339.421179,559.874133,930.336961,124.910107,45.645066,347.828590,158.369353,27.485977,25.092371,40.558995,100.984648,71.777832,324.163517
2012-06-09 11:00:00,28.553175,180.843973,389.623764,93.676964,101.014124,287.145287,1196.491376,291.476387,54.221180,329.835824,295.912600,429.229587,490.532910,14.698368,114.685958,56.613764,357.711801,600.669213,785.948699,139.358781,44.201168,360.832506,193.271531,53.483565,29.677312,44.628920,118.304060,73.230953,511.639219
2012-06-09 12:00:00,27.447276,211.056094,335.437401,112.826218,134.015749,280.355773,1263.663082,301.788487,62.955276,367.960942,319.286337,442.857889,503.094765,0.000000,141.541969,62.252033,359.474604,660.074041,751.002132,141.452447,63.063093,539.934329,271.446640,93.826808,26.140676,81.820477,114.338442,74.608504,622.329816
2012-06-09 13:00:00,32.484294,240.431867,354.269276,96.229789,122.961114,267.650021,1374.816376,291.074114,65.866593,420.381664,316.675003,347.983455,508.920642,0.000000,169.994038,78.865769,375.036961,669.817717,831.764404,156.046030,66.996976,0.000000,280.854681,121.341066,0.000000,122.451150,118.868205,68.948981,591.342772
2012-06-09 14:00:00,29.549698,229.011426,362.475729,96.227735,103.840898,240.913410,1461.473045,279.406449,60.825312,398.095402,306.331395,275.970745,590.476454,0.000000,167.766753,79.432645,479.547991,737.013289,929.870014,178.921430,63.761633,0.000000,318.930960,146.413581,0.000000,134.862357,83.178076,54.653562,529.214573
2012-06-09 15:00:00,22.643869,264.490998,340.706106,113.532454,93.599675,191.045719,1488.398168,306.200119,48.228205,415.678639,287.129697,236.591535,469.415900,0.000000,117.152798,82.434359,531.592030,815.711942,868.726759,193.917777,80.082868,0.000000,393.666365,179.524947,0.000000,181.062149,53.703085,77.512202,618.272350
2012-06-09 16:00:00,18.987108,283.125259,277.119584,108.042972,116.453261,147.170609,1523.924782,333.167234,47.216056,471.369932,263.959186,191.247449,414.161383,0.000000,108.752923,65.052473,422.808807,1009.787869,844.325987,199.375138,50.059576,0.000000,316.921819,223.813858,13.330503,218.735083,39.825416,68.356945,742.767499
2012-06-09 17:00:00,17.411696,249.640583,274.223864,101.578127,124.678625,134.995614,1338.780868,234.976631,45.087158,413.655973,238.313259,171.433737,487.074245,3.406545,126.625089,51.850458,379.956760,1020.551294,791.595358,260.359840,36.156632,449.219419,264.655867,259.979860,16.286487,245.599013,32.353985,79.038898,696.382687
2012-06-09 18:00:00,13.743375,310.125907,225.774309,88.520166,121.977934,103.798230,1261.160558,234.494731,47.763234,399.028249,211.218038,116.938003,412.353797,6.036704,117.240369,35.541472,316.846488,989.824030,886.105476,241.293005,15.879398,570.204438,225.766217,226.176459,9.116141,355.955274,31.771992,53.556062,617.435656
2012-06-09 19:00:00,11.620468,281.215233,242.224545,64.048063,123.498956,81.846124,1167.986030,178.285653,55.036588,389.542204,174.107250,96.770888,402.465721,3.914633,151.460580,11.362363,269.762038,984.793565,1084.682982,167.769042,7.389423,665.562968,198.611950,149.704104,16.287120,344.223782,29.610945,46.834741,594.108542
2012-06-09 20:00:00,7.198289,208.636813,209.609032,54.421340,84.294607,64.230236,924.435503,135.629159,20.685048,274.092109,169.924804,51.746630,323.781885,2.304582,150.617124,6.968916,192.763031,890.993480,1030.185816,112.566067,3.773322,707.170892,116.407228,169.298144,13.389056,271.677812,14.667533,41.436232,492.638575
2012-06-09 21:00:00,3.958406,170.256006,98.063977,65.782608,53.761460,61.791113,693.118108,102.877425,7.111209,202.241402,189.938324,33.768193,299.166888,2.241443,147.665028,5.787230,174.354073,747.824930,905.200037,123.686666,3.930544,595.943411,51.786007,231.110997,5.660885,217.637909,8.092432,16.517290,522.061094
2012-06-09 22:00:00,2.769577,190.439918,48.705833,52.469977,47.192367,67.075879,559.387739,99.311712,6.277321,190.153098,219.008047,23.137466,267.188430,2.178304,151.942555,3.181462,167.804732,478.230179,868.167213,141.127606,5.817205,508.140863,54.679495,268.466541,2.492335,198.967588,4.873851,9.331196,489.432275
2012-06-09 23:00:00,4.278475,201.211643,42.400167,39.764437,50.450637,87.943931,594.140953,80.294575,14.106600,197.351751,256.753752,27.202156,274.341506,3.109607,141.580097,2.393671,225.509735,345.579259,729.714953,107.125774,5.188318,487.828334,40.360441,257.259878,2.395733,211.669976,6.621081,9.223941,512.630799
2012-06-10 00:00:00,6.891284,169.628526,34.789881,47.830070,61.591820,86.317849,557.997610,61.013312,10.238288,168.013845,269.370220,26.576819,209.753437,2.525570,90.249781,6.696219,323.749847,238.041862,633.766274,66.643592,3.481339,510.106592,21.886636,205.314527,4.095931,189.714555,11.908750,12.262837,619.947549
2012-06-10 01:00:00,7.204821,135.953813,51.097637,52.253159,73.521293,67.617907,472.921742,56.655219,10.747886,125.908516,287.482627,25.326145,142.430368,1.231215,44.462175,12.028955,384.995034,253.496338,573.798350,51.602781,2.515548,509.451349,18.399613,196.433775,4.057290,169.346931,22.943884,9.366948,711.232798
2012-06-10 02:00:00,8.086644,105.939394,95.454736,39.764437,55.285490,46.885362,447.621401,79.238068,5.999359,113.412741,279.497959,21.886792,128.755369,1.325924,31.388609,12.877345,353.487395,236.324698,443.131399,38.242061,3.144435,524.521936,25.225276,228.291711,2.762821,194.258944,22.668006,8.401652,773.661346
2012-06-10 03:00:00,9.909078,122.881331,168.513485,37.596256,61.434161,31.302077,476.536076,118.857102,3.242897,139.083409,259.173349,29.547169,108.348064,2.020456,26.448367,10.150378,250.999061,241.261545,364.226235,36.801984,2.246025,567.767967,25.818812,240.696571,1.391071,216.050110,18.989628,10.439499,809.496464
2012-06-10 04:00:00,11.056973,249.527536,240.485051,51.342523,62.905638,27.914406,445.675221,148.967568,4.192602,263.226217,272.342867,28.296495,131.279984,5.351050,43.678966,10.726071,265.336808,348.584296,351.390995,25.521376,1.618345,652.130489,18.291768,272.272578,0.502331,222.127546,15.433091,20.950502,828.734265
2012-06-10 05:00:00,8.675775,334.511186,346.314692,82.111459,50.487238,49.875209,446.098159,214.578218,7.224893,304.846164,266.599900,51.265488,154.557213,12.151230,42.677725,16.357046,345.274564,415.680413,345.570948,23.991905,8.338537,784.015498,16.730630,343.446967,2.490057,249.408056,15.951382,36.531761,882.741225
2012-06-10 06:00:00,5.428999,301.046362,431.019284,96.639078,45.128435,94.495285,446.124009,168.671564,16.689781,343.282644,279.664869,93.975866,189.178035,23.724767,62.917051,28.988358,468.622689,415.310589,361.024220,55.439839,12.705763,884.580765,18.099998,392.575343,6.899820,310.182721,22.628414,53.917671,1011.365966
2012-06-10 07:00:00,6.032371,313.705706,523.649621,112.974882,67.857334,143.023261,486.641897,109.221172,31.577234,289.980254,271.079044,151.455358,292.356340,0.000000,110.755363,58.413576,547.395747,406.571687,456.536170,89.946288,15.096518,0.000000,26.459462,405.149596,13.854056,374.146662,34.851622,85.613395,1097.129132
2012-06-10 08:00:00,11.015652,326.919185,775.135183,167.382424,97.137432,260.800703,536.604592,151.079939,58.637576,348.630572,289.402694,235.418037,756.530231,0.000000,174.675170,103.870156,684.940186,587.474110,609.979532,92.398116,19.719615,0.000000,47.075154,0.000000,0.000000,0.000000,51.361603,0.000000,1055.475270
2012-06-10 09:00:00,20.210957,0.000000,980.709423,163.816166,0.000000,353.168040,718.883150,0.000000,0.000000,0.000000,281.582252,328.710487,1071.342660,56.336206,0.000000,166.976432,854.721794,691.953150,775.342985,111.996593,26.770206,0.000000,99.876241,479.027145,0.000000,0.000000,67.365572,0.000000,1005.398763
2012-06-10 10:00:00,23.431276,0.000000,400.454073,190.261608,0.000000,413.643917,0.000000,0.000000,0.000000,0.000000,299.090718,398.494699,0.000000,56.051275,0.000000,206.788229,1097.130292,0.000000,958.300163,157.260420,26.935532,1137.620320,170.973342,522.142749,0.000000,403.078738,99.304003,0.000000,1142.248320
2012-06-10 11:00:00,22.964426,0.000000,0.000000,212.133065,0.000000,418.066892,1149.862258,0.000000,0.000000,0.000000,308.991643,431.516164,0.000000,95.831794,0.000000,207.752912,1092.299659,0.000000,942.799795,163.988545,34.567537,1157.393409,0.000000,405.862337,0.000000,386.662138,124.486653,0.000000,0.000000
2012-06-10 12:00:00,24.197952,732.282968,0.000000,169.249881,0.000000,407.133363,1339.408740,0.000000,0.000000,0.000000,327.052309,563.981642,0.000000,78.755119,0.000000,213.547775,0.000000,864.198574,0.000000,0.000000,0.000000,1106.708338,0.000000,327.724184,0.000000,332.231522,153.171865,0.000000,0.000000
2012-06-10 13:00:00,31.422319,670.472624,0.000000,160.211156,0.000000,513.840805,1464.784024,0.000000,0.000000,0.000000,318.984593,652.103864,0.000000,52.325080,0.000000,237.208999,0.000000,0.000000,0.000000,0.000000,0.000000,1087.559172,0.000000,352.809439,0.000000,281.100756,211.273099,0.000000,0.000000
2012-06-10 14:00:00,42.372860,578.149267,0.000000,171.929976,0.000000,547.547967,1803.529602,0.000000,0.000000,0.000000,299.519625,595.232387,0.000000,30.181547,0.000000,222.549049,0.000000,341.784760,0.000000,0.000000,0.000000,953.235638,0.000000,314.614849,0.000000,240.068025,215.538893,0.000000,0.000000
2012-06-10 15:00:00,39.405576,657.533186,0.000000,169.411700,0.000000,508.611662,1735.643661,0.000000,0.000000,0.000000,246.359951,541.991416,0.000000,29.045658,0.000000,188.915248,0.000000,905.657095,0.000000,0.000000,0.000000,896.858462,0.000000,293.642939,0.000000,263.201238,179.371591,0.000000,0.000000
2012-06-10 16:00:00,40.041302,794.711451,0.000000,187.405687,0.000000,538.163750,1515.791467,0.000000,0.000000,0.000000,224.296961,528.601935,0.000000,42.826612,0.000000,191.210491,0.000000,839.983056,0.000000,0.000000,0.000000,867.675915,0.000000,419.842841,0.000000,276.544828,132.097116,0.000000,0.000000
2012-06-10 17:00:00,27.542913,0.000000,0.000000,178.823404,0.000000,550.544373,94.667959,0.000000,0.000000,0.000000,253.771789,564.917849,0.000000,31.458366,0.000000,185.344096,946.766442,901.126012,1112.605176,369.590985,18.130893,905.501786,138.388560,498.368523,0.000000,266.494667,79.911269,0.000000,96.138599
2012-06-10 18:00:00,14.729711,0.000000,497.502055,111.419366,0.000000,466.956527,1341.309819,0.000000,0.000000,0.000000,261.189490,485.730449,0.000000,33.322251,0.000000,159.285182,957.265814,953.669967,1154.329940,296.735993,10.286795,749.575007,91.552912,503.191065,0.000000,218.091702,82.625571,0.000000,952.502370
2012-06-10 19:00:00,6.871688,0.000000,792.774409,78.271330,0.000000,436.196477,1227.205507,0.000000,0.000000,0.000000,227.545766,421.633415,1129.765250,44.907783,0.000000,115.502209,875.664568,1015.058581,1163.167318,283.135260,2.987213,0.000000,62.840613,464.336460,0.000000,0.000000,76.464288,0.000000,564.120206
2012-06-10 20:00:00,4.683460,347.518861,390.298976,73.067696,81.456758,234.968838,979.206569,195.189774,40.049773,437.216302,203.349801,261.234496,777.581446,0.000000,328.405577,48.358218,711.577029,954.099258,973.163684,209.851310,3.773322,289.048712,41.918473,400.268178,0.000000,218.185426,69.889187,165.101399,285.737918
2012-06-10 21:00:00,2.005331,321.792217,234.614259,106.197500,64.009246,221.960183,842.695943,213.282466,35.139101,387.233202,167.608905,237.471694,515.652631,50.827087,314.970530,13.695435,491.023552,997.028359,967.692926,175.369452,4.042845,294.204059,37.689529,373.766886,19.165864,202.909708,55.635471,143.686124,230.476393
2012-06-10 22:00:00,4.846761,318.759401,173.514531,82.347510,109.677583,374.811884,727.037245,222.923098,26.707570,399.593154,175.317048,365.040424,326.306500,24.056050,218.515323,18.816073,481.819073,824.453375,1003.463267,131.127067,4.536971,283.392551,29.899371,335.354110,7.457685,187.798246,25.656688,100.676816,335.341266
2012-06-10 23:00:00,17.623396,278.286997,172.427347,49.087615,88.236063,520.617230,796.821700,203.245644,43.755941,402.988745,151.950659,455.714277,238.786510,50.321973,173.450680,63.235339,590.679738,721.638179,1003.252853,124.166692,4.514510,246.698949,17.509309,207.992849,4.095931,150.731362,28.967229,132.996363,386.830673
2012-06-11 00:00:00,22.953527,213.552066,100.455781,37.032529,78.986779,492.973837,845.754226,166.267879,34.004087,360.340121,127.201644,441.956865,177.985363,50.637669,179.716352,89.656621,563.066301,680.640888,1000.096647,163.208796,4.020385,154.637323,16.619005,144.065532,2.144567,96.527203,33.565201,133.067866,357.785367
2012-06-11 01:00:00,29.746830,182.073529,54.141752,89.545870,66.584331,408.146564,788.480928,142.628522,31.479261,304.244957,147.215163,371.762796,221.324589,36.747037,125.674928,78.082160,576.164982,590.489777,939.497481,98.565312,5.210778,92.389248,13.799710,162.461375,0.985342,76.871352,41.105877,114.512728,257.069823
2012-06-11 02:00:00,29.910131,157.915583,32.615513,127.662490,58.018233,360.719174,668.929871,164.022800,28.236364,304.516604,199.236487,239.035036,205.756129,15.405974,86.213242,89.686920,577.050029,583.191830,954.436859,59.203191,4.716653,81.086308,15.135165,184.451809,1.043303,64.935487,46.301586,80.620107,198.790604
2012-06-11 03:00:00,20.203545,232.481020,34.572444,128.789944,40.307957,322.235235,734.265914,122.686942,21.588426,362.649123,196.298406,171.654983,179.878825,5.414190,102.540138,45.116157,402.695955,531.032973,886.473211,74.564019,2.425707,142.187708,13.131982,177.756003,1.313789,76.488090,35.680269,62.601245,167.670633
2012-06-11 04:00:00,13.150534,249.527536,68.710015,120.811039,39.834982,309.904114,702.292957,75.276164,20.661884,413.039694,215.966269,166.652288,152.949597,3.662076,133.507019,20.603752,361.098791,456.550984,692.892543,54.322928,2.060356,247.026571,11.121809,121.088348,1.661557,83.058291,33.705689,59.276336,185.399586
2012-06-11 05:00:00,5.119519,213.870112,143.411907,121.054159,115.112594,282.960051,791.908148,54.159376,38.842909,393.798517,221.279734,212.753362,161.850203,2.444189,123.880682,28.038073,376.673997,539.149060,601.070269,43.624419,5.264633,346.802049,19.110728,112.474770,2.919340,58.552007,36.340089,64.636622,291.976128
2012-06-11 06:00:00,4.223848,160.205321,291.780555,112.364505,163.282964,243.876100,916.888080,86.179003,58.568488,299.482790,224.738472,306.420903,253.400390,3.952250,112.622510,38.821742,518.030988,597.733204,574.353048,73.313416,12.426696,471.896745,44.074754,95.552461,6.091490,57.383653,50.581540,67.742031,520.272040
2012-06-11 07:00:00,7.227845,198.063594,491.571858,163.729059,103.458100,228.010845,1119.729265,128.427143,35.720422,262.601791,279.542420,393.988411,278.559779,8.470197,132.350305,46.805602,577.295604,707.168562,772.219710,137.818353,23.307757,615.142537,73.378520,198.579720,13.749566,117.104473,72.886702,59.486404,658.456590
2012-06-11 08:00:00,9.995599,326.662372,768.301479,257.591283,144.007700,262.533943,1487.121465,243.082547,54.517181,445.404206,323.457936,432.274322,480.455287,0.000000,185.154337,51.835850,633.830227,1029.017737,1007.499783,163.443449,33.532689,0.000000,94.334677,0.000000,24.153045,0.000000,90.878803,86.396140,958.751386
2012-06-11 09:00:00,14.208484,424.251726,756.207719,258.186110,175.501687,277.231387,1648.444821,397.084378,57.076309,452.989384,0.000000,432.243593,699.521142,0.000000,178.921669,67.971263,907.739076,1102.949112,1113.183695,174.312129,64.400127,0.000000,152.052573,0.000000,0.000000,0.000000,98.865495,7.786427,1156.020248
2012-06-11 10:00:00,16.188271,0.000000,758.122011,238.275520,0.000000,248.980579,1694.195403,366.633756,0.000000,0.000000,0.000000,360.418376,803.642433,7.768396,91.875356,89.573995,1064.325404,1166.835739,1215.663337,216.790457,120.085971,0.000000,287.909390,475.871830,0.000000,0.000000,104.280093,0.000000,1237.198962
2012-06-11 11:00:00,20.492955,0.000000,930.072909,0.000000,0.000000,234.708662,1920.408574,0.000000,0.000000,0.000000,315.389077,364.892110,1057.080993,32.280002,0.000000,117.092999,1234.714499,1326.810602,1254.014268,278.035049,137.189742,0.000000,408.943393,350.319890,0.000000,0.000000,114.858563,0.000000,1327.507222
2012-06-11 12:00:00,14.381293,0.000000,860.472057,0.000000,0.000000,218.687287,0.000000,0.000000,0.000000,0.000000,296.931699,400.347651,0.000000,57.477537,0.000000,145.027783,1299.215891,1450.756473,1199.571874,307.509596,128.441655,1571.579296,483.250163,428.378217,0.000000,0.000000,130.057356,0.000000,1677.581204
2012-06-11 13:00:00,12.679221,0.000000,775.413316,0.000000,0.000000,203.230919,0.000000,0.000000,0.000000,0.000000,290.957968,417.251125,0.000000,104.800936,0.000000,195.512472,1320.505540,0.000000,1335.330663,376.558133,162.866355,1613.964087,554.217413,562.300074,0.000000,533.342680,160.082359,0.000000,0.000000
2012-06-11 14:00:00,16.792362,0.000000,0.000000,0.000000,0.000000,212.982473,0.000000,0.000000,0.000000,0.000000,312.777633,423.579081,0.000000,65.551164,0.000000,250.711006,1531.341048,0.000000,0.000000,435.308081,176.303257,1590.986003,0.000000,702.723799,0.000000,553.109640,173.032773,0.000000,0.000000
2012-06-11 15:00:00,14.195593,0.000000,0.000000,297.246947,0.000000,253.579975,0.000000,0.000000,0.000000,0.000000,319.779758,442.225190,0.000000,69.521248,0.000000,229.359192,0.000000,0.000000,0.000000,0.000000,0.000000,1580.610713,0.000000,710.480819,0.000000,522.905475,164.597625,0.000000,0.000000
2012-06-11 16:00:00,11.909782,0.000000,0.000000,0.000000,0.000000,280.548842,0.000000,0.000000,0.000000,0.000000,318.205705,387.622363,0.000000,101.460185,0.000000,246.316267,1513.525485,0.000000,1440.697295,481.158088,103.595426,1401.367710,0.000000,697.564040,0.000000,464.791977,142.127187,0.000000,0.000000
2012-06-11 17:00:00,4.766813,0.000000,0.000000,0.000000,0.000000,344.023915,0.000000,0.000000,0.000000,0.000000,307.487848,402.429801,0.000000,112.847488,0.000000,238.481579,1478.130553,0.000000,1351.897608,486.038796,83.874792,1092.716981,0.000000,681.650564,0.000000,470.508617,96.300088,0.000000,0.000000
2012-06-11 18:00:00,8.909679,0.000000,0.000000,0.000000,0.000000,457.742062,0.000000,0.000000,0.000000,0.000000,267.204310,358.161718,0.000000,103.206604,0.000000,109.442282,1426.694242,0.000000,1432.496943,438.503634,36.497908,830.128388,0.000000,619.890583,0.000000,489.415902,50.439762,0.000000,0.000000
2012-06-11 19:00:00,14.827691,0.000000,0.000000,0.000000,0.000000,621.298803,0.000000,0.000000,0.000000,0.000000,208.914873,372.544467,0.000000,108.520566,0.000000,116.805094,1441.740025,0.000000,1519.818658,339.138279,7.771247,612.979726,299.764490,541.232494,0.000000,442.065026,33.657161,0.000000,0.000000
2012-06-11 20:00:00,26.885804,0.000000,0.000000,175.362470,0.000000,822.390934,516.776130,0.000000,0.000000,0.000000,169.682845,527.159020,0.000000,98.355149,0.000000,97.080031,1309.337135,1257.607999,1323.923438,266.414359,23.381121,357.762619,167.822275,441.147829,0.000000,349.753701,76.602227,0.000000,11.723063
2012-06-11 21:00:00,26.702908,0.000000,0.000000,135.814850,0.000000,1033.239557,1188.559932,0.000000,0.000000,0.000000,154.888740,940.663055,0.000000,91.125706,0.000000,57.054213,956.380768,1000.248041,1215.349933,272.574691,16.261222,265.373372,0.000000,358.472258,0.000000,317.778723,77.751720,0.000000,0.000000
2012-06-11 22:00:00,42.046628,334.028060,0.000000,99.389412,0.000000,876.458158,1074.291364,34.265490,0.000000,0.000000,138.642878,1012.733134,0.000000,81.228630,0.000000,45.297955,0.000000,947.874539,1121.294978,300.736209,0.000000,304.196513,0.000000,275.867168,0.000000,313.070079,45.106113,0.000000,0.000000
2012-06-11 23:00:00,53.320899,249.945856,0.000000,84.515691,223.401728,865.753119,1288.927216,331.875441,0.000000,565.841291,150.740861,1023.520196,0.000000,64.701935,0.000000,34.177989,0.000000,1004.540951,1135.182287,287.535497,0.000000,298.954570,0.000000,242.670071,0.000000,261.165491,37.887296,0.000000,0.000000
2012-06-12 00:00:00,53.451539,219.408538,0.000000,102.077956,188.559257,841.226383,1156.586975,278.785935,42.759908,563.260642,131.453220,0.000000,332.197268,52.026732,161.702544,0.000000,728.392904,769.504126,1002.832026,283.215264,0.000000,274.874394,0.000000,210.248279,0.000000,232.147103,80.464524,0.000000,0.000000
2012-06-12 01:00:00,55.450338,196.610129,0.000000,124.236764,165.383495,797.864199,1032.031455,279.710379,39.331703,475.518569,110.126206,835.816147,311.369194,46.502049,150.797865,38.722934,668.386781,616.461883,919.508173,243.613130,0.000000,318.775667,0.000000,220.609156,0.000000,200.117373,67.728139,0.000000,0.000000
2012-06-12 02:00:00,56.142733,178.726974,58.925361,123.369492,153.348916,722.386896,932.498249,287.105932,23.742636,487.606873,86.932645,855.148232,203.231514,77.645478,129.289739,37.965443,451.373489,491.752846,840.182182,201.610866,4.042845,338.269143,15.506125,197.561490,11.708179,158.615603,76.188409,134.283424,454.917398
2012-06-12 03:00:00,59.167059,146.725538,73.928497,128.096126,143.941975,650.297264,842.417917,274.559905,16.932553,477.691748,89.075716,741.336913,117.604986,57.740834,92.237927,40.480313,342.689833,371.980656,771.587293,148.007977,2.043883,271.761990,11.796526,179.377093,16.886053,123.684034,73.935403,107.684152,536.395141
2012-06-12 04:00:00,58.902975,181.550630,137.854903,101.210683,125.075538,603.682915,810.722986,246.430391,28.166873,419.287582,86.345029,649.568721,139.064214,84.859136,102.359397,27.057574,319.501626,306.728423,776.426810,118.566390,2.457336,201.814811,12.630500,192.980150,16.403043,111.310156,76.947597,87.555939,528.285088
2012-06-12 05:00:00,46.932121,248.382997,239.558556,80.305769,154.677808,568.339899,907.571617,164.170808,49.877195,355.927796,82.146304,611.911243,232.265764,93.330909,105.717581,32.805413,333.860496,288.345751,805.463634,94.260544,8.519363,256.734386,20.534976,195.559954,32.581764,123.570023,69.041638,117.871493,466.699410
2012-06-12 06:00:00,34.367860,241.954146,401.992008,64.685890,143.668321,439.723838,1101.983374,150.791575,45.751870,304.354811,86.907827,563.646934,393.942142,76.461904,113.803315,56.872945,472.832372,288.539430,768.901118,89.505338,22.331526,241.755367,47.285771,186.534796,49.122315,124.620201,94.016868,167.667413,476.687234
2012-06-12 07:00:00,52.724042,329.653735,649.447633,63.182891,166.082932,523.233513,1049.297282,244.453222,47.939444,401.897324,71.920411,659.843223,514.623477,74.517718,150.510380,115.405182,509.501448,326.811492,817.589169,130.266836,43.324151,280.803366,85.351077,254.044606,55.042456,189.638637,117.530018,234.224274,642.717935
2012-06-12 08:00:00,69.577316,291.344669,765.531399,101.231086,163.300902,684.473963,1230.454412,339.406014,54.726380,446.052994,68.704568,776.729190,639.760472,69.444196,144.964224,129.163818,636.242891,505.221305,990.567493,166.734051,53.794704,271.293661,123.158808,257.502463,60.197788,199.781109,104.448862,272.427308,717.737543
2012-06-12 09:00:00,69.459616,314.934469,0.000000,159.961594,186.164942,725.923372,1597.753662,376.885032,77.469412,358.959047,89.949195,708.438481,679.966249,69.383591,132.789022,125.755057,628.712531,605.082996,1057.204704,194.000485,0.000000,314.186467,0.000000,257.254719,116.742086,213.031512,85.149667,0.000000,778.273061
2012-06-12 10:00:00,67.931260,277.059557,0.000000,170.196733,183.961322,791.663294,1656.355235,413.922886,82.580895,346.293233,115.840105,686.773619,728.308903,77.344455,152.779625,106.093301,670.938311,730.480011,963.875185,218.221898,0.000000,304.546897,0.000000,259.844263,0.000000,182.739851,87.728245,0.000000,704.890105
2012-06-12 11:00:00,69.715961,263.327631,0.000000,180.433369,157.497218,893.162524,1716.331150,425.837535,81.533848,354.346447,121.899944,679.524368,673.177425,74.185819,154.826505,101.614200,667.561179,810.269722,872.308604,186.654884,0.000000,328.328259,0.000000,240.388236,0.000000,188.534206,87.039009,0.000000,622.565413
2012-06-12 12:00:00,69.118688,271.303068,0.000000,186.863541,151.504151,960.531535,1663.856116,430.273411,71.221882,361.055927,140.997807,708.977625,699.978778,87.829292,168.366280,93.824381,638.582313,721.898986,771.324528,177.722322,0.000000,371.604930,0.000000,221.575304,0.000000,186.889746,84.970845,0.000000,614.196341
2012-06-12 13:00:00,66.167673,258.205993,0.000000,209.449218,144.958273,907.039733,1712.549306,399.241082,59.029516,356.912026,154.704572,668.673564,746.223894,72.812475,175.352812,109.281402,682.982966,654.284453,775.610198,172.136570,0.000000,370.374120,0.000000,214.781817,0.000000,174.987045,81.300104,0.000000,0.000000
2012-06-12 14:00:00,67.826592,223.158823,0.000000,242.289654,121.694972,818.430190,1778.341989,352.072127,46.923466,310.438066,193.002275,562.075486,700.314537,76.809567,164.134747,96.098248,660.512551,641.353744,858.833435,167.624484,0.000000,354.211954,0.000000,196.603371,0.000000,169.101564,101.838549,0.000000,0.000000
2012-06-12 15:00:00,67.761701,251.886463,0.000000,276.166655,107.438433,680.430878,1698.190040,350.738957,39.236918,292.738055,193.486166,500.612290,538.133117,80.994943,134.665460,102.478783,535.659290,580.077017,829.462659,128.564333,0.000000,357.524518,0.000000,153.446942,0.000000,154.127802,79.329087,0.000000,501.935556
2012-06-12 16:00:00,65.990492,250.970494,228.391924,261.165541,105.604475,679.704815,1721.582978,340.622507,32.042397,280.689084,168.022109,433.422603,353.128418,93.422710,96.371292,100.921237,438.042594,449.916757,754.763215,101.793166,0.000000,347.127620,0.000000,135.174011,137.557587,134.447076,83.572640,0.000000,464.236617
2012-06-12 17:00:00,60.270310,221.464522,563.510189,247.982839,100.609578,598.543210,1716.043676,268.488583,26.063824,237.141350,109.421646,316.686267,249.656776,61.010812,56.661259,69.879333,317.094898,318.773591,626.385062,71.167891,38.166503,399.574939,210.401228,154.835384,121.634817,120.843672,53.285185,253.254363,391.302730
2012-06-12 18:00:00,56.162329,181.147636,504.601062,277.469456,75.206832,485.656469,1603.138216,246.211145,19.086763,229.768769,67.680908,212.301883,157.578058,28.565372,30.665646,28.360459,242.502619,264.089012,577.796211,45.202436,29.467850,533.460195,176.354354,186.751160,99.112349,137.496243,40.600100,255.731984,334.464835
2012-06-12 19:00:00,48.356562,182.491849,588.601296,283.034332,52.447642,449.069625,1615.051380,258.448165,22.584459,242.716848,50.223910,153.051210,181.772286,21.435771,38.076009,12.544049,252.592144,331.412656,613.566552,64.003450,25.986511,532.384850,88.956193,257.400842,72.103834,232.585116,52.278951,253.050606,345.525984
2012-06-12 20:00:00,29.759894,177.158276,574.033034,254.370981,29.376986,365.055392,1563.616622,214.074847,19.156254,194.227807,45.903202,109.121292,228.688050,13.795924,58.379197,7.120414,211.703017,379.278603,570.852557,68.963717,21.629222,464.894832,48.447368,164.928251,47.470290,190.809588,66.946484,194.417801,319.875583
2012-06-12 21:00:00,6.610407,170.256006,428.785281,240.104351,11.036077,347.032984,1629.230691,190.831680,9.566545,184.176858,37.227220,186.819403,175.671133,9.249898,31.870583,4.817642,172.052953,472.005460,729.714953,88.484769,11.791632,368.082695,50.302167,91.838252,33.211814,139.507268,74.671078,189.412562,299.506148
2012-06-12 22:00:00,2.325400,155.196506,318.979720,220.590723,14.557111,381.045198,1374.281110,212.886276,5.397106,171.681083,28.585804,242.318055,96.987296,20.472898,20.303188,5.302436,83.017320,429.720296,773.901845,107.365787,8.018310,323.198557,34.796042,62.517675,28.227144,136.441175,62.210572,206.930900,282.531618
2012-06-12 23:00:00,0.849163,122.044692,248.530211,198.258460,28.378483,430.369683,1265.295030,197.434852,5.327616,176.978205,20.255479,280.619941,108.137679,41.308847,26.026639,12.604648,32.392686,327.549037,747.600123,97.685265,7.591565,300.428866,19.215725,48.491725,14.451680,117.168585,32.139830,220.123281,204.260175
2012-06-13 00:00:00,2.207824,85.546322,194.388459,170.202199,45.090257,436.874011,1157.699078,144.081220,7.643971,210.254997,17.974145,379.110505,131.069600,46.217923,35.184160,12.756146,18.939986,271.311915,750.966744,61.363307,5.862126,260.622861,9.570766,42.641706,28.845398,120.617940,22.300168,211.793132,146.546774
2012-06-13 01:00:00,3.716721,51.871609,134.375915,170.158835,35.315446,382.942294,934.722455,144.741537,10.817377,262.411276,21.845500,350.657675,96.776912,21.562050,14.820725,10.120078,15.753820,190.175915,703.413232,48.242600,8.310293,87.311115,7.567583,30.236846,16.808772,75.338305,20.093141,217.477654,117.501467
2012-06-13 02:00:00,4.676928,18.928954,107.631194,166.212746,28.220825,380.367664,877.449157,169.437402,5.814050,176.163263,21.154186,369.105114,73.003453,22.919544,5.241476,3.211761,21.595124,122.562582,638.395377,23.201250,6.176569,40.625059,6.380511,27.558524,13.814105,44.567864,16.690641,191.021389,120.896373
2012-06-13 03:00:00,4.487499,16.523617,103.934769,150.385026,33.160783,384.703882,970.587772,152.665344,6.346812,117.894921,16.314993,389.115895,64.377685,22.651202,5.482463,2.757267,20.002041,102.385905,637.553722,18.881018,4.581891,32.598334,6.454703,21.919951,8.423706,36.628871,9.241925,177.757504,102.412996
2012-06-13 04:00:00,4.576144,21.438870,90.018817,131.088216,22.072154,356.111942,1004.228883,123.215195,5.211798,77.012005,14.552145,346.592985,62.063454,25.397759,5.301723,2.454270,24.073253,101.312677,650.178548,15.200819,5.088948,38.495520,8.030597,16.281379,8.945358,30.168173,10.748833,163.671330,65.634848
2012-06-13 05:00:00,21.150228,21.254086,99.063307,93.218290,15.028069,300.860052,964.802972,100.272928,4.781648,46.838020,13.155565,224.262898,54.348816,13.590060,8.448896,6.984901,46.190018,100.423090,624.428153,26.625443,6.898354,58.143320,16.824652,17.225191,11.932150,26.997772,14.712592,144.262542,49.038585
2012-06-13 06:00:00,23.027015,49.631134,137.099264,85.051131,31.439674,255.292066,901.846802,100.148607,10.164902,78.346262,21.003731,203.058404,116.617961,9.996268,27.458901,16.053078,102.966004,127.052017,578.313467,41.741606,13.920326,84.794402,42.720970,29.316153,8.220000,38.020855,26.842336,97.523505,105.881086
2012-06-13 07:00:00,12.166364,88.812676,227.357371,81.249822,53.328354,283.456974,875.814007,129.799480,20.958130,126.011263,27.552363,257.333172,204.697906,12.815580,56.202409,27.811051,196.327808,189.037689,565.105499,75.112814,23.769642,120.791041,74.356425,55.926292,14.962290,49.032935,44.086606,86.715136,190.951165
2012-06-13 08:00:00,11.621101,137.026181,322.782371,76.048235,74.804901,320.854384,838.436895,169.605507,29.751874,183.889765,34.578859,276.490056,320.374496,18.007527,82.105991,42.859906,310.490356,273.633786,512.849713,81.513181,34.301197,197.777171,107.045634,89.163034,26.214761,73.501738,52.136310,108.198471,328.092131
2012-06-13 09:00:00,13.163151,177.164705,401.673223,95.008368,89.234904,286.686366,875.216312,218.430462,38.498449,221.629592,41.090827,303.466902,475.764736,27.959261,115.222798,61.485091,391.473496,339.528762,471.085549,100.485584,43.579382,268.929902,140.492036,118.321647,35.837873,91.680709,60.528256,133.104015,371.115337
2012-06-13 10:00:00,14.061954,204.695918,454.318715,107.602793,103.616498,315.634574,797.574485,256.252403,44.137278,256.679581,46.639144,374.534344,505.810390,30.537858,124.099644,87.055806,446.596119,396.881056,452.604372,111.965341,55.565195,329.748039,182.910904,137.978399,41.220588,105.473623,62.869046,124.689863,400.609326
2012-06-13 11:00:00,14.546034,220.169578,492.859950,119.360612,120.779244,338.161349,826.884684,274.605076,49.350968,280.192236,53.143829,420.129034,508.232823,30.125206,122.202058,108.397702,544.023446,431.174309,413.298089,122.103109,58.465138,374.693909,191.658725,148.837767,44.901662,114.283982,68.260132,130.328080,423.709271
2012-06-13 12:00:00,16.780711,219.843943,495.701042,133.831859,120.966717,366.442547,894.401472,280.255051,46.122037,284.709392,57.860489,440.584083,494.509081,33.136657,119.003005,96.267931,598.634061,440.650167,404.771164,129.227719,64.696486,383.364446,220.122872,149.712327,43.484044,115.565622,76.995477,131.117986,444.108452
2012-06-13 13:00:00,18.038802,210.953560,467.417723,173.556220,113.717041,349.165215,985.987480,271.994864,44.032824,272.214848,59.001293,415.246155,479.637986,32.779885,105.834212,102.637536,529.731525,420.557819,424.576317,133.650269,74.548511,371.638660,271.482468,147.216972,44.498616,113.636895,73.732075,102.473157,448.224481
2012-06-13 14:00:00,17.145880,189.425580,433.325670,224.473161,107.378841,356.022163,1040.891705,246.718582,41.839528,241.541452,56.680180,421.450334,473.959947,31.254100,101.710350,120.034346,541.031083,383.600444,451.338805,125.814499,66.229957,340.530052,246.712698,129.229659,34.855929,102.926925,74.048830,73.964848,391.577694
2012-06-13 15:00:00,14.111242,151.604817,412.095920,237.520564,92.175069,349.137626,1085.237762,208.973041,32.902375,199.792032,47.996328,367.832088,413.753246,30.605392,80.159971,126.791333,594.787405,327.166348,512.543195,101.287151,64.062314,268.039743,248.904596,95.002970,26.246069,76.561642,79.449407,57.940548,318.149719
2012-06-13 16:00:00,8.100360,108.988123,443.424259,196.800483,63.813086,326.673668,1228.917637,152.851050,21.647686,146.639301,36.134230,281.278467,303.010638,26.474089,51.369628,104.359029,670.381944,268.943038,611.655305,106.081941,52.237077,192.685203,225.097405,66.881522,17.014328,55.453858,62.771376,35.244499,237.275824
2012-06-13 17:00:00,5.942103,71.973493,465.666836,204.903093,30.783039,311.552956,1150.716683,89.718268,10.130957,84.085546,26.822855,272.141500,331.888082,25.488040,21.466420,74.843356,765.849811,208.621354,672.257220,117.209590,32.918438,134.827319,138.864828,41.613445,10.246879,38.627327,48.336862,13.535078,182.023506
2012-06-13 18:00:00,3.605676,60.699740,568.054054,176.215812,8.681802,252.449219,1197.456755,56.842762,4.540055,44.307890,17.701193,210.425872,404.605830,21.462880,2.952096,38.995631,931.068451,235.251471,663.434616,195.290526,15.789557,75.325613,66.179253,20.353015,5.438168,25.444896,37.473478,5.863281,209.017045
2012-06-13 19:00:00,8.654930,48.211314,600.342881,153.724024,6.096119,297.572993,1130.174532,43.184747,5.188635,45.772567,13.895397,197.293797,479.045712,20.409759,6.084932,22.694427,914.075567,464.492867,607.254139,239.452906,11.567029,52.255621,16.248045,5.709055,2.318451,9.910053,28.461452,27.099796,254.617947
2012-06-13 20:00:00,8.877018,37.439588,468.141334,135.381214,4.572089,213.694266,953.906229,45.693952,1.204504,40.067974,10.715356,146.641507,526.382245,7.955544,7.651350,15.998207,757.599424,605.944253,660.488823,206.411125,10.736000,67.817639,18.325421,4.581340,1.313789,7.336724,21.564492,45.940948,299.883359
2012-06-13 21:00:00,8.831294,24.890006,318.544846,142.969847,44.512177,203.395748,951.682023,44.109191,0.694906,36.536560,15.001498,143.514822,394.050338,6.092937,64.102648,9.271688,668.209772,710.476613,763.591570,202.170896,16.395983,62.411886,36.354074,4.581340,3.284473,7.281973,14.897432,80.870369,278.570894
2012-06-13 22:00:00,8.125836,17.673996,342.028016,130.524489,44.985152,198.517502,882.453620,41.467922,1.644612,25.399021,26.027945,152.425873,475.258790,5.161633,236.950859,3.332960,655.288100,472.005460,759.804122,162.328749,17.766059,76.171986,36.205690,7.330144,4.830107,2.135315,10.575337,66.462430,233.871299
2012-06-13 23:00:00,5.388918,33.151814,423.131926,110.403770,61.907136,194.994324,847.700406,51.768871,105.486794,15.076424,44.866232,166.183285,576.874547,2.541354,443.838541,3.848054,667.324726,265.301841,618.616483,164.088844,13.521071,129.246661,16.693197,11.841003,2.975346,3.558859,6.713040,40.470936,218.028405
2012-06-14 00:00:00,5.715520,15.477819,459.226427,110.880770,75.728509,210.848623,836.579377,76.200609,96.823627,14.804777,89.317676,150.080860,517.335708,2.288797,362.384800,4.454046,633.515967,167.852783,489.843256,127.526873,11.611950,171.346016,10.683646,11.559074,4.675543,17.356281,5.655507,52.161745,189.926128
2012-06-14 01:00:00,3.736317,6.379371,495.320928,94.662777,68.633888,248.113001,773.467540,57.579663,82.253756,22.546725,119.424369,148.830186,393.839953,0.931304,324.790766,2.817866,495.979810,135.655958,407.992299,80.324329,9.343464,226.877852,8.161119,19.875969,4.946029,54.587420,9.241925,103.286691,163.332698
2012-06-14 02:00:00,1.149636,7.111430,496.408112,79.355420,70.841103,232.936236,707.019394,52.693315,81.975794,24.719903,117.039338,130.226413,366.279572,2.967544,285.268833,3.242061,340.388713,112.044952,365.067890,63.443419,10.601239,284.047794,5.416015,15.435593,8.694192,77.856882,8.230371,136.643037,139.379750
2012-06-14 03:00:00,0.692394,9.935086,541.634957,52.903613,89.654987,192.284188,575.513230,36.053321,63.885063,57.045929,106.946164,121.002693,415.930335,2.257228,298.703880,3.454158,228.695901,108.825270,346.761892,29.521591,9.635448,212.134887,6.974047,9.021716,25.618886,64.004708,12.920304,132.567342,120.896373
2012-06-14 04:00:00,0.806201,17.255676,507.714823,43.276890,60.278001,202.853720,499.612210,33.940306,42.366128,114.906801,117.212167,135.854445,444.753024,4.767012,333.586806,3.878353,85.849467,154.759407,342.974444,18.801013,10.666613,134.324793,10.814065,6.977734,31.453655,37.285891,17.214719,120.268754,115.049591
2012-06-14 05:00:00,1.608797,33.381774,496.327693,30.707627,52.243189,193.948708,407.471669,44.320327,19.385869,116.264658,124.334260,172.157584,379.092333,11.670658,316.702343,7.414911,89.556410,223.056521,407.017637,15.403868,15.271827,150.834355,21.104385,13.736152,32.481643,28.365227,29.383255,99.822468,147.864384
2012-06-14 06:00:00,2.826492,85.199159,477.159728,25.119519,67.636121,151.402461,344.022990,83.236099,21.799291,142.627715,114.841299,161.782409,295.077093,20.247615,254.225688,14.152426,132.313835,236.340429,530.759955,20.856599,26.645571,208.674519,45.361232,34.916804,53.059853,53.415781,37.373084,121.123875,197.615015
2012-06-14 07:00:00,4.693803,185.583708,469.699966,38.691556,78.091113,159.186799,406.844655,134.961751,31.517992,152.956000,136.538083,182.968413,299.926809,40.666451,188.700703,25.274000,218.970288,255.681448,488.698754,42.560386,34.415064,340.834570,76.483607,73.616527,76.734658,98.471405,54.413395,104.530940,250.825440
2012-06-14 08:00:00,7.687561,193.070912,510.790510,43.010181,107.641382,252.435678,453.764593,216.750867,45.140487,219.436888,156.481574,273.514068,479.108421,56.787974,173.122416,37.400981,276.683573,321.247042,407.426546,69.116800,43.379840,373.288761,106.608300,102.428583,88.520646,100.393484,66.679111,120.911135,337.574282
2012-06-14 09:00:00,11.237836,293.075018,591.255010,67.682940,125.188831,328.732997,641.885942,318.418158,50.681489,282.608910,177.868164,335.008755,558.874136,64.248935,169.318583,47.008250,377.850950,434.507824,433.172788,92.909275,54.165527,471.642187,137.010656,154.016999,93.971690,122.271765,86.200708,111.642685,444.269545
2012-06-14 10:00:00,13.098528,386.401922,645.676412,92.899194,158.875657,412.482979,791.443867,493.248505,57.730741,402.373137,200.934383,403.004392,613.156447,69.867248,174.981493,57.797839,404.419629,564.867150,466.580260,111.689237,61.535264,638.817835,156.427109,224.293221,82.716551,160.947997,105.538031,119.486954,499.905521
2012-06-14 11:00:00,15.208248,480.105911,700.876519,121.871811,194.774355,468.446760,886.909872,581.876534,61.528415,533.652895,233.936916,474.584720,632.177095,66.447165,161.331273,65.148113,423.908061,633.318696,473.377226,121.092600,62.443988,848.543117,161.818065,309.835248,78.177019,220.516980,124.701973,124.102667,638.641406
2012-06-14 12:00:00,18.985850,455.049439,702.022728,149.170712,244.665029,535.853032,795.956774,575.250415,69.964731,533.031215,251.422525,503.611766,609.801747,0.000000,164.816383,69.408880,428.829485,555.685477,417.374473,126.386438,68.557079,0.000000,171.121109,439.832777,0.000000,368.523404,131.201095,110.973706,813.478142
2012-06-14 13:00:00,24.830793,392.907840,675.494532,149.730656,291.931438,531.304643,826.834978,558.880260,85.721988,534.746688,281.432594,474.294426,618.398591,0.000000,184.674089,78.767893,406.589196,559.098384,432.897580,121.512556,77.210497,0.000000,205.778603,0.000000,0.000000,385.338893,132.343632,81.537749,844.417008
2012-06-14 14:00:00,27.726835,350.239769,631.193270,137.586487,290.809456,459.524896,1036.580441,552.797415,94.346699,543.061312,266.676372,467.420901,638.194558,0.000000,187.326421,97.551594,378.403842,585.388486,557.130824,115.995346,84.109367,0.000000,218.941700,0.000000,35.827232,320.971135,143.531751,71.583131,787.784303
2012-06-14 15:00:00,23.930258,426.360547,549.153302,111.748577,294.431706,497.776480,1234.353493,530.237879,93.538367,565.014505,275.139307,399.639755,620.490242,0.000000,154.609101,96.442749,310.941587,622.860224,725.329637,119.641160,65.396811,0.000000,192.662099,34.416233,77.770965,244.006975,116.969812,69.882891,797.316199
2012-06-14 16:00:00,21.614927,529.754190,520.730991,115.639032,261.811410,436.000189,1401.332270,433.016878,75.200223,562.482478,288.341796,332.923642,567.590329,0.000000,144.036430,79.009230,282.401964,622.166103,818.950312,146.058086,47.662630,0.000000,145.788086,479.947351,73.474764,218.830832,100.311695,71.576196,779.626856
2012-06-14 17:00:00,20.724448,532.354235,568.785572,89.479460,228.867583,351.563442,1273.831848,327.334322,88.642725,506.970132,284.305134,274.071603,494.220127,25.473202,117.096291,59.016987,318.272077,640.771503,860.363218,136.173335,25.636677,619.804225,77.592135,460.930348,79.759537,227.151214,66.385469,103.953300,766.870090
2012-06-14 18:00:00,13.632331,540.468696,604.474179,59.042418,231.757615,267.354970,1081.130492,366.018680,69.977076,471.172213,268.525519,180.566034,409.618798,20.004795,87.116945,27.815065,424.645098,596.499851,843.127975,153.448270,9.343464,589.718604,41.399129,490.414858,79.277187,264.943356,46.623444,137.215065,698.156737
2012-06-14 19:00:00,11.241611,483.890994,500.539410,71.506605,200.278520,300.554143,1025.358838,374.928124,69.444315,422.818996,261.731208,134.760105,280.442659,7.040025,98.081871,15.271016,594.573940,696.524655,845.442526,191.290310,7.322042,443.271817,38.283065,452.918350,95.211065,276.824470,27.817735,153.410589,511.121952
2012-06-14 20:00:00,12.802764,344.904365,332.678235,70.465879,150.563621,298.115020,846.866328,196.906599,46.234440,280.611644,250.117145,117.876009,215.013051,2.572924,92.177680,7.453710,590.502729,569.025227,811.355496,194.090461,8.400134,353.339730,36.725034,286.369010,118.743346,181.063790,20.231080,143.543117,449.259221
2012-06-14 21:00:00,14.148361,216.584882,334.852603,60.622337,95.015367,329.010576,675.046437,98.255204,45.446880,190.832216,193.671415,117.563340,283.388043,2.052025,97.358909,3.302660,540.763140,529.101163,804.411841,152.888240,11.005523,216.721587,18.102845,187.341577,111.401583,108.298814,18.713749,82.121679,419.082280
2012-06-14 22:00:00,17.126963,150.594993,407.911353,55.895703,60.698423,306.922964,598.867391,69.201246,32.452130,133.650463,179.119271,110.840968,378.061109,1.073367,79.224607,2.454270,471.198520,447.965164,790.734946,109.765916,10.893222,145.136301,11.573950,171.835502,66.462270,82.072761,19.081587,71.360414,277.250653
2012-06-14 23:00:00,14.644794,69.545604,509.454317,49.998251,49.399582,203.531254,485.154873,61.541566,13.249549,61.799757,208.430954,104.900268,336.404960,1.231215,30.846387,2.484570,436.681724,300.289058,704.044473,64.963501,10.893222,123.021853,8.754654,221.948317,59.487595,92.366076,22.989864,58.239536,151.827739
2012-06-15 00:00:00,8.400181,63.898292,735.371106,32.912986,26.854454,135.235814,436.778399,59.164424,14.801507,53.107044,235.876091,108.495955,202.389976,0.694532,15.242453,3.029964,398.093716,206.703619,566.013040,55.042967,15.812017,131.703821,6.009551,206.724171,54.019914,103.590169,30.346620,53.699069,137.493691
2012-06-15 01:00:00,11.947069,49.780011,894.969684,30.701441,15.345402,112.741680,483.208693,47.939031,13.597002,62.478875,260.797935,91.142855,123.495755,1.436418,7.410363,3.696555,334.547409,201.122836,506.255530,25.361367,15.969239,181.829903,6.603087,153.228212,35.395023,85.905378,34.484796,53.127042,178.232563
2012-06-15 02:00:00,9.399580,35.661731,849.525403,24.977444,14.346900,93.228697,552.993148,54.410140,12.809442,52.835397,256.131570,95.051211,87.940759,2.699202,8.916534,3.605657,207.100777,205.845037,495.734841,21.041134,16.351063,209.841536,8.086927,106.709988,18.315765,72.053205,37.427499,41.293226,182.004680
2012-06-15 03:00:00,3.964938,27.609082,682.968848,13.269267,13.348398,65.178784,518.795985,60.352995,11.211157,44.550154,254.818075,102.867923,61.853070,3.346380,16.989612,5.120638,102.134315,188.458751,495.945255,22.321203,13.026946,259.476186,5.490207,88.948484,6.124575,77.035607,31.634053,18.555138,142.020232
2012-06-15 04:00:00,2.691640,26.772443,448.789463,10.884268,15.397955,48.646951,490.437362,51.900934,11.813409,37.351501,262.007733,96.301885,45.022302,3.409519,26.147133,3.423859,52.571736,144.456423,461.437397,11.120599,15.989583,246.371328,5.841752,80.631589,1.970684,72.983983,30.396307,20.628737,104.487661
2012-06-15 05:00:00,2.996389,24.178235,305.725790,9.286000,20.448263,61.636707,494.367890,51.980007,8.201528,41.130773,257.288728,113.269634,53.572610,3.904146,26.632177,7.777323,47.809287,129.971222,424.770076,8.321546,17.880429,224.821131,17.663078,73.551895,3.249553,62.648678,37.894021,19.047378,105.802507
2012-06-15 06:00:00,4.379577,38.780153,276.654058,15.449432,28.525252,82.132702,536.994436,73.637769,16.663498,69.414128,271.031268,103.687152,111.727437,9.010935,43.830362,16.885060,83.482021,177.985462,426.199120,20.980111,30.024687,291.475638,42.378227,97.926476,9.497912,59.218121,50.125106,26.077517,189.493906
2012-06-15 07:00:00,7.051671,84.434918,291.453114,29.002159,46.579708,127.954837,550.102241,111.670477,21.709337,113.761259,295.545196,151.068688,197.053883,16.119739,61.211011,28.202430,150.575065,197.783332,420.288849,46.098073,43.951173,421.340739,72.594611,138.577124,17.178073,97.065131,61.618551,33.556584,249.170893
2012-06-15 08:00:00,11.800406,129.696541,347.121782,42.193761,79.464382,185.770936,658.265692,161.365595,35.898263,173.946110,306.468148,211.538441,286.061546,23.592442,84.338530,38.806648,219.735522,294.218784,463.206033,68.977011,52.541319,544.632377,103.076026,166.404839,25.257208,121.911695,75.603935,51.151116,365.276314
2012-06-15 09:00:00,15.620007,173.263066,418.757257,50.211185,118.469671,239.677416,839.121201,209.610965,47.708602,250.338521,316.736688,269.591896,392.732852,29.640833,114.212686,48.960494,281.808322,387.909828,520.692339,92.565218,64.595735,674.578639,131.115577,250.568850,32.665143,161.657629,91.976554,66.328926,460.029916
2012-06-15 10:00:00,17.603691,203.021400,485.198830,58.296089,180.359462,293.034570,807.679614,263.425669,57.615747,324.963803,341.105179,326.764689,501.465426,37.001379,150.663796,61.204698,328.032187,445.931522,548.964374,111.843861,76.816777,821.361052,155.577447,344.562146,40.635932,200.361103,108.569570,76.149769,505.327841
2012-06-15 11:00:00,17.956169,221.405780,551.627808,107.064973,237.609868,340.007119,777.528484,326.408690,68.586589,383.130444,344.382750,362.007670,567.506516,43.710551,158.231145,73.123366,366.540030,531.162415,535.480023,122.890817,83.677906,905.960776,173.787827,427.577243,42.555140,256.361522,119.549000,75.362732,539.221229
2012-06-15 12:00:00,18.845691,293.085309,559.343399,121.953391,273.570213,384.156468,804.055954,355.724011,76.551535,433.301687,346.032017,395.630297,578.092105,0.000000,172.209592,83.868995,390.664792,552.013436,521.165742,127.110419,94.676815,0.000000,195.194312,532.459515,48.916522,350.254417,126.471090,74.459284,634.985768
2012-06-15 13:00:00,18.615566,360.537200,544.173504,126.324551,279.524955,399.677585,856.778131,370.785602,79.465001,468.941697,341.793477,392.176723,557.835136,0.000000,184.295454,101.464879,413.140759,538.254703,539.975831,125.221549,94.922357,0.000000,210.472838,404.858758,0.000000,362.598608,135.549704,68.112944,642.472749
2012-06-15 14:00:00,15.697270,368.193641,534.265487,131.733972,270.244572,409.484974,935.903990,381.096871,72.740040,490.528366,319.776797,407.182728,528.829072,0.000000,148.058592,103.200922,402.520450,526.843289,629.843728,117.631990,77.290212,0.000000,189.478058,0.000000,70.386369,347.480650,114.390331,64.420688,613.407432
2012-06-15 15:00:00,17.265990,391.065758,498.664426,102.938344,271.882213,407.142921,1049.033653,390.025114,73.006008,528.149239,309.451613,399.572762,433.610880,0.000000,118.838238,87.892141,309.231279,527.690932,704.556794,119.516144,67.480207,0.000000,174.069939,248.267695,48.175589,376.312660,99.232755,62.989722,647.046268
2012-06-15 16:00:00,16.487098,402.722798,428.299127,101.345061,290.134003,430.061941,929.998311,350.638040,74.006565,556.755327,274.318323,313.929439,329.565637,0.000000,96.187986,72.221815,251.315663,473.448525,724.174696,162.333548,57.244866,0.000000,113.869482,562.983941,25.640999,364.928514,82.713504,76.101893,649.824810
2012-06-15 17:00:00,13.181056,321.713400,422.267491,96.431569,259.312970,377.787019,940.887640,236.341318,58.182435,415.447082,262.165436,218.429264,287.761345,39.115717,85.857858,44.998406,285.406790,424.765181,723.643448,175.788678,37.203487,882.312909,54.468362,436.310532,27.888208,273.618384,54.417768,63.505616,644.966591
2012-06-15 18:00:00,12.953000,283.428925,407.911353,75.640327,216.710440,372.237254,1058.186214,226.191414,46.489239,378.883697,229.441537,144.140159,227.636127,24.695682,93.985085,17.422290,326.464277,438.950052,675.217787,157.768503,30.972686,718.801453,72.485571,391.810319,21.704161,265.271866,44.186519,107.076373,556.516480
2012-06-15 19:00:00,11.176290,287.803764,320.066904,66.953426,148.881933,355.705421,1061.780206,246.826581,53.322486,422.954820,179.395796,110.059297,205.124976,19.936215,161.341063,8.029403,472.791603,553.570751,864.590179,209.131272,27.334126,518.952371,82.946642,371.934350,5.622244,224.700875,31.312195,82.908216,476.795681
2012-06-15 20:00:00,14.265937,166.491131,185.908426,61.749791,81.666969,342.561259,835.745300,215.131354,45.400553,355.178823,117.765217,109.902963,141.378445,2.446645,171.944509,3.757155,528.372495,621.398729,925.610172,192.890396,29.018645,346.132058,51.637623,275.796686,5.970012,156.370784,19.541384,66.569685,349.298102
2012-06-15 21:00:00,12.103838,71.741781,166.121681,46.572525,37.365003,398.661086,718.974500,102.349171,24.669178,265.942690,89.697898,118.970348,131.700754,1.720544,152.786011,1.636180,483.766174,419.202666,759.383294,209.131272,17.586377,264.390507,19.735069,191.288578,34.525603,92.366076,17.610236,52.733773,277.439259
2012-06-15 22:00:00,13.762971,39.844925,212.870583,31.915623,52.552747,383.348814,734.821965,59.824741,25.178776,156.333011,77.150562,96.614553,168.307672,1.041797,130.976651,1.545281,425.176125,397.523470,730.556608,161.528706,9.792670,176.587960,10.609454,166.055965,25.715489,42.706307,15.633108,65.103865,226.515670
2012-06-15 23:00:00,13.299198,56.786862,313.978675,21.985354,32.950572,245.131850,641.683351,78.445687,30.738027,114.499330,89.628767,83.795147,159.892289,1.973101,125.976163,1.757379,411.369407,505.704804,780.424671,106.405735,9.321004,188.546142,7.938543,148.294461,27.840736,57.544011,17.978074,75.436109,191.623581
2012-06-16 00:00:00,9.582477,50.930390,442.483797,16.087902,24.384475,166.402384,564.670228,114.631071,8.223059,96.842256,75.145754,73.477088,85.205759,3.772569,84.586577,1.848278,291.534171,470.932232,813.670047,55.602997,16.351063,266.192425,8.457887,152.452909,15.726828,81.360989,19.311486,80.369845,117.124255
2012-06-16 01:00:00,9.255876,21.648030,482.709597,14.309994,20.390466,114.232255,520.186113,93.236793,1.945738,76.332887,60.386215,64.097034,40.814611,5.161633,41.389586,5.908429,198.073307,396.020952,894.048107,53.282872,18.484787,258.493321,10.980414,152.805319,11.379732,59.241313,24.047398,34.035628,65.257637
2012-06-16 02:00:00,4.761844,12.026683,346.376751,16.781720,13.085634,67.753414,510.177187,71.446325,0.972869,51.477160,55.063103,60.814015,42.497687,3.125392,13.194060,6.453822,61.422196,268.736169,782.528809,40.082160,18.305105,189.692817,11.499758,124.541974,15.494983,45.170132,26.576283,29.781175,40.173054
2012-06-16 03:00:00,2.893686,16.837357,207.869538,13.225903,8.618651,43.091171,524.634525,54.146013,1.204504,31.239438,48.772152,46.274932,44.811918,4.798582,9.639496,6.575021,38.588008,188.458751,656.911789,29.681600,19.832402,186.744224,11.202990,110.797953,12.828764,36.026602,22.576046,14.014670,37.909783
2012-06-16 04:00:00,1.076042,16.314458,157.206774,14.179903,4.624642,27.507886,563.280099,34.600623,5.420270,23.225843,48.357364,36.113207,52.596148,8.807924,19.339239,4.726743,47.438469,159.481608,592.104348,22.001186,19.328637,240.637952,9.378116,100.437076,3.149230,27.102079,19.945706,16.839056,66.012060
2012-06-16 05:00:00,1.602816,20.640035,184.504268,18.242153,8.860511,34.525785,620.287168,38.311118,5.900692,28.657746,56.092450,44.110708,71.348566,16.860677,30.507861,6.145921,79.316062,197.298012,597.887516,39.540318,31.846725,298.453651,18.614061,115.923477,3.748649,38.010157,26.615321,13.326756,113.095882
2012-06-16 06:00:00,4.544843,56.767378,230.049760,23.802145,22.605421,68.332588,672.325904,61.001979,11.896139,55.424956,54.476155,79.025631,124.592021,23.498669,44.462512,14.556174,137.290227,255.720986,628.770576,85.103191,55.868583,366.004716,44.168361,151.996128,9.117975,64.944963,40.093766,18.759868,151.524632
2012-06-16 07:00:00,8.543904,93.164526,292.285382,35.067919,44.698408,119.873282,579.730197,104.887780,20.807090,107.605027,45.086205,139.650372,206.409317,30.721789,61.361187,26.054750,225.209337,293.725677,611.992558,110.579638,73.807821,379.712810,77.388252,96.060495,16.942803,77.166928,61.071543,31.517864,209.254228
2012-06-16 08:00:00,12.490166,132.880863,346.721201,47.525470,67.186696,172.579743,705.596383,165.477810,29.116581,168.694483,49.012308,204.993126,298.816314,40.317841,76.214706,37.840802,265.250482,542.059296,805.382134,101.732609,80.975009,463.202671,109.710591,166.660896,24.786668,111.398456,74.609405,46.770571,314.325744
2012-06-16 09:00:00,15.002109,179.569311,437.241506,74.961749,88.981602,223.223752,879.240573,235.647001,39.618349,233.815523,56.666326,272.511125,440.026955,44.927171,106.271074,51.014907,309.236102,680.217908,902.244317,125.791921,84.662159,508.419351,141.743359,217.993255,31.396655,140.374778,88.648640,57.760491,402.981703
2012-06-16 10:00:00,16.596219,214.438630,492.348448,95.939461,122.416776,280.004654,878.333888,287.057284,56.714971,317.090676,69.036932,320.978443,601.989914,43.273864,126.366490,61.405314,358.169209,704.260006,878.472337,137.174238,83.080883,570.273735,166.588252,276.105229,35.829325,192.465514,100.630480,65.734220,510.774116
2012-06-16 11:00:00,18.141901,256.916516,608.176994,105.773025,187.002526,304.151927,842.277682,320.659921,91.618655,392.155560,91.190188,347.813279,722.242840,42.451247,156.546882,66.273724,389.058738,680.587440,805.471348,145.393467,85.136396,664.509256,181.645654,325.822105,38.344136,257.526590,110.907937,69.659723,659.192999
2012-06-16 12:00:00,16.104143,285.296774,131.831432,97.423366,219.070044,320.825602,911.604499,337.709192,95.923987,405.211406,103.619160,370.334830,758.287021,25.902674,170.062357,74.048805,381.966264,624.835480,741.031366,149.164095,0.000000,710.660440,0.000000,415.371236,0.000000,294.064374,105.705972,0.000000,677.328909
2012-06-16 13:00:00,14.315021,314.693638,0.000000,93.035168,243.118224,341.395153,1091.452698,363.971017,105.126413,439.049027,108.309986,382.939011,756.195652,16.553606,186.597573,86.533459,349.805677,617.196765,814.420216,163.868326,0.000000,631.230413,0.000000,420.630444,0.000000,271.227881,97.883620,0.000000,0.000000
2012-06-16 14:00:00,12.692093,326.107948,0.000000,107.643405,229.566875,350.107858,1286.379390,365.267596,105.678911,458.103197,96.335159,377.650084,665.722053,17.164642,179.511568,106.499290,290.020288,661.566968,978.296756,171.206551,0.000000,676.701317,0.000000,450.372044,0.000000,285.491857,82.327172,0.000000,0.000000
2012-06-16 15:00:00,11.635100,338.084566,0.000000,119.066424,179.402360,328.248205,1154.961450,344.377240,84.382817,500.058484,85.681971,317.363559,477.194698,10.862240,137.728716,89.093427,216.953029,592.934027,1021.015192,181.022776,0.000000,673.737629,0.000000,447.381250,0.000000,322.189769,67.722048,0.000000,604.565327
2012-06-16 16:00:00,13.423356,266.651998,358.377506,124.056108,143.215996,273.442570,822.045220,268.504622,69.434311,462.510496,64.215622,224.255481,363.435501,5.730249,119.153892,56.858124,144.431127,473.535401,870.859639,246.068170,52.298642,651.017889,124.949664,293.528780,24.025472,304.618569,48.182265,29.368769,553.786509
2012-06-16 17:00:00,9.466491,279.059780,308.805108,131.133626,92.958660,170.532333,761.241085,181.903899,50.616506,370.578457,33.449770,150.868930,318.512731,4.298348,89.142047,25.267972,90.616368,436.071591,696.632803,227.074165,26.153263,468.645794,68.614904,185.367340,145.409405,229.122542,24.925189,13.602041,511.654738
2012-06-16 18:00:00,5.388918,272.360975,282.015471,131.100224,57.644386,123.175706,815.381109,150.149503,38.891596,350.523285,18.492658,90.361184,287.806120,4.206051,72.657701,11.665360,76.324074,390.478215,567.065109,171.049219,19.742561,366.383088,66.401829,95.785598,103.634772,150.786114,17.012499,5.684522,418.705068
2012-06-16 19:00:00,3.207223,200.270424,237.440937,122.242038,69.842601,146.211867,1015.349912,190.699617,36.969021,378.540489,11.441235,50.339622,215.644205,2.288797,94.527307,7.847606,134.881019,426.071322,638.395377,132.087119,8.018310,364.642670,26.486539,82.534607,100.698067,117.223337,9.839662,14.550946,298.185906
2012-06-16 20:00:00,4.278475,145.993479,233.961949,108.409044,81.404205,156.645892,992.551803,247.090708,33.262854,271.647283,4.804627,24.857142,113.818063,2.888620,86.514476,4.575245,160.370345,488.747809,672.271994,118.166369,4.087766,329.423364,26.783307,121.793170,89.202412,117.551847,10.805236,109.900758,232.362452
2012-06-16 21:00:00,3.697125,98.200485,216.349571,114.089678,70.157918,132.390170,900.803317,238.902775,19.758506,159.185308,2.454162,22.043126,50.913071,1.752114,62.475983,3.423859,176.124165,562.585862,775.374741,107.925817,3.997925,283.228740,26.857499,136.242012,102.958557,152.264409,13.609999,31.604512,165.784574
2012-06-16 22:00:00,1.861626,109.495109,245.703533,92.928233,70.630892,89.163492,797.099725,181.455175,12.485152,156.468835,2.108506,20.167116,26.298074,1.720544,48.378220,2.636068,191.523967,503.772994,835.973907,90.564881,4.469590,240.801763,22.851132,101.564790,111.981196,117.716102,11.586891,40.756950,151.639133
2012-06-16 23:00:00,3.292139,111.168387,239.615304,63.787881,75.255534,65.043277,842.417917,125.328211,4.030457,169.372081,4.147880,23.293800,23.983843,1.278570,42.052301,1.969476,195.241160,441.311153,839.971768,93.365032,5.862126,206.892943,18.177037,118.903401,108.696723,120.125175,10.161520,62.708500,110.145838
2012-06-17 00:00:00,4.278475,50.407491,188.517667,44.881344,64.324563,93.906231,696.454417,102.085044,3.845149,170.866141,5.634203,34.237196,42.497687,1.010228,34.039470,1.302884,182.673506,244.481227,737.921090,86.164644,7.366962,192.313789,15.728701,137.299245,101.470884,113.938236,10.115540,67.070209,87.701737
2012-06-17 01:00:00,2.005331,22.798409,149.596488,38.593620,35.683315,43.362185,675.324462,92.840603,2.663808,125.365221,5.876163,28.609164,33.451150,0.899734,31.207868,0.999888,134.349991,174.292148,724.033781,67.043613,7.232201,152.180162,13.354558,109.458792,75.542870,76.761849,14.253716,60.062873,49.791954
2012-06-17 02:00:00,1.286808,10.039666,175.688898,35.124530,19.076647,25.475284,655.028585,88.482509,2.200537,101.460260,6.982264,13.757412,26.929228,0.694532,29.761944,1.302884,89.743670,114.191407,568.117178,35.441910,10.107113,91.242573,12.538446,64.561657,63.003913,47.798212,15.403209,47.835789,36.023724
2012-06-17 03:00:00,2.201292,8.366388,155.467280,32.522713,9.669705,30.489036,584.966105,69.993627,2.663808,59.354931,7.397052,13.288409,23.563074,1.168076,11.627642,2.030076,49.031552,67.398688,506.886771,38.562078,10.915682,59.954725,15.060973,49.971850,51.469618,25.897542,13.196182,52.805276,18.860589
2012-06-17 04:00:00,2.224584,11.399204,130.896927,21.464991,6.253777,44.175226,458.186379,55.070457,5.350779,23.497490,9.643820,17.196765,21.459228,2.273013,5.783698,2.211873,29.206520,51.514921,475.535119,40.722195,10.928503,32.270712,14.423171,34.747704,36.612210,9.088778,10.789138,45.619182,11.127747
2012-06-17 05:00:00,2.537957,25.101939,110.974228,12.337996,7.984204,60.071829,489.599511,52.551852,5.927621,22.522934,8.117544,38.688252,40.738122,4.275690,13.236902,4.772140,42.349054,64.076102,520.728536,73.354566,15.218725,40.425927,23.288156,29.840808,38.960269,8.235218,16.900163,30.231152,26.839817
2012-06-17 06:00:00,4.777776,44.758720,150.564411,15.802604,23.514624,89.089185,430.376476,73.416588,10.814419,63.348223,7.967839,89.251936,102.909048,7.656250,26.769530,13.510319,79.875628,89.338967,533.573016,52.465313,29.470265,80.942621,48.483560,41.273822,28.052466,21.185995,31.875671,34.764309,82.270998
2012-06-17 07:00:00,7.254875,83.336574,204.880662,30.739797,45.115493,133.493651,475.408269,109.601053,19.369593,128.206715,11.481499,150.931197,208.110158,13.996181,47.944554,26.196247,148.292350,148.686731,540.503013,86.016749,35.628717,143.808336,80.305866,63.116161,30.352124,44.487132,50.126977,43.862782,162.913906
2012-06-17 08:00:00,10.927887,129.590940,292.646515,45.620983,66.017626,175.738814,481.459424,160.177670,28.821404,196.765808,21.331413,233.087550,309.780536,22.878645,65.538905,42.592030,224.739830,249.525037,455.054944,87.845633,41.522975,216.645471,113.444317,90.206740,32.113762,68.178485,64.807500,55.970661,242.644451
2012-06-17 09:00:00,15.327776,173.714883,435.686522,60.372271,88.161001,225.439214,589.176083,218.806654,38.285742,254.923825,31.031503,332.972652,480.244178,31.217210,86.412863,61.937640,313.537562,342.047589,546.583013,104.015223,56.405517,287.618272,151.398568,114.932060,33.494290,88.268300,81.429359,60.970062,314.856424
2012-06-17 10:00:00,19.768817,209.423030,645.039881,68.326565,133.311331,312.563015,846.944783,338.532169,53.493040,328.351432,31.151434,405.598585,702.119911,36.704651,109.379400,83.856519,471.986997,437.666098,697.158541,105.672656,73.120239,336.791328,179.688703,130.185325,35.685885,102.232652,98.921701,78.282622,370.237855
2012-06-17 11:00:00,20.663262,263.699392,649.841954,79.776560,273.718813,419.679336,935.836630,391.512928,67.926290,361.166349,34.103201,470.183973,1117.132220,37.576220,119.140231,102.763048,809.460803,580.096347,890.090098,122.773807,89.208535,463.412904,0.000000,148.328062,0.000000,126.895971,109.622936,0.000000,553.590153
2012-06-17 12:00:00,22.422395,337.220563,626.302169,113.513803,0.000000,524.111935,924.759799,0.000000,0.000000,0.000000,57.695866,493.784524,612.887522,38.160566,0.000000,90.949552,942.975775,619.348913,854.944854,126.119439,103.154658,670.175073,201.658280,186.357244,0.000000,185.006640,97.952652,0.000000,795.224960
2012-06-17 13:00:00,25.359148,0.000000,530.232146,83.309310,0.000000,586.740679,0.000000,0.000000,0.000000,0.000000,98.797052,494.053640,0.000000,38.253876,0.000000,82.441634,945.916250,686.560365,745.395835,136.812156,133.923086,679.659975,243.298314,253.954257,0.000000,205.842499,85.611201,0.000000,999.929075
2012-06-17 14:00:00,22.586758,0.000000,319.234904,0.000000,0.000000,634.710421,0.000000,0.000000,0.000000,0.000000,91.537886,490.656597,0.000000,41.410144,0.000000,87.398848,1089.410807,0.000000,718.114399,157.762007,106.009115,768.358277,215.629361,370.388027,0.000000,265.886211,75.296559,0.000000,1074.743354
2012-06-17 15:00:00,20.417165,0.000000,1061.225825,0.000000,0.000000,672.955991,0.000000,0.000000,0.000000,0.000000,90.866902,473.386212,0.000000,36.543300,0.000000,86.849880,926.761324,0.000000,886.490095,185.666217,101.378258,863.149697,194.311356,436.361589,0.000000,338.902823,52.697795,0.000000,1105.180233
2012-06-17 16:00:00,15.862020,0.000000,1291.595119,0.000000,0.000000,618.257194,1487.012162,0.000000,0.000000,0.000000,156.111575,385.551518,146.679271,24.012783,0.000000,66.775810,725.504191,1018.649448,999.412672,186.836773,76.608800,867.151222,156.756747,563.983381,0.000000,362.051051,36.115771,0.000000,1094.042741
2012-06-17 17:00:00,11.569898,0.000000,1375.758162,244.644918,0.000000,568.552070,1469.796777,280.721732,0.000000,0.000000,175.554610,292.671059,693.901824,13.674789,0.000000,34.745309,528.005882,831.029801,1114.501696,196.538936,47.502774,0.000000,139.301540,576.378992,0.000000,0.000000,15.683495,0.000000,1012.249113
2012-06-17 18:00:00,6.538554,454.164699,1452.060102,166.811496,286.727789,511.267259,1416.930038,234.282489,63.954554,437.009866,172.299611,212.048411,713.791606,2.578443,246.694999,10.513973,314.459644,591.957395,1206.618740,209.771306,50.000720,0.000000,120.116827,-0.000000,0.000000,0.000000,10.851216,0.000000,965.633314
2012-06-17 19:00:00,4.422179,326.289151,1405.511186,124.323492,207.898668,452.050776,1193.286370,272.182763,58.047849,344.448755,64.776054,219.962260,617.689157,0.000000,137.302570,4.847942,237.900380,644.795089,1266.480479,319.617226,71.715582,690.338099,93.556096,472.159979,0.000000,317.395461,8.184392,202.569191,814.777429
2012-06-17 20:00:00,4.415647,229.343624,1094.576626,92.798142,123.341298,397.035004,962.803052,202.321200,32.243658,264.176983,44.831666,202.452826,419.506873,18.199885,101.817176,2.333072,204.091621,667.332867,991.469682,258.973958,66.370042,615.764509,58.463286,467.155746,115.825961,276.112698,8.046452,178.186525,709.346739
2012-06-17 21:00:00,4.409115,172.347603,838.218691,75.626149,65.112854,260.037601,1042.318406,98.519331,25.873682,180.373796,17.455660,161.336924,267.188430,48.806631,73.440910,1.302884,223.562634,830.248803,928.555965,154.808344,59.339984,351.210191,28.860683,336.693271,86.207746,167.978140,6.988919,102.357147,541.298894
2012-06-17 22:00:00,5.062317,172.452183,650.353335,58.497520,48.033211,180.766107,959.744769,64.975216,17.094698,136.366936,11.406669,109.433960,305.478425,60.329542,43.558472,1.424083,280.028572,684.719153,892.575211,106.885761,72.546611,216.885398,22.925324,212.644672,35.182498,108.189310,7.448716,55.129137,351.372766
2012-06-17 23:00:00,1.998799,69.022705,637.959440,60.405519,39.414560,119.923542,819.341783,43.713001,9.195928,109.745502,11.199275,72.226414,205.756129,42.129657,17.411340,1.605881,243.033647,488.318518,805.253496,73.843980,57.633005,125.151393,19.883453,93.036449,18.122561,51.357071,12.552466,30.531961,196.904545
2012-06-18 00:00:00,1.352129,29.177780,483.796780,80.396147,34.106733,86.317849,651.692276,49.259666,6.369975,117.487450,11.648629,85.358489,120.339986,24.845290,11.507148,3.423859,197.896298,291.273947,712.461024,70.163782,27.626109,46.194624,13.057790,37.848919,19.339748,22.010173,19.035607,30.567712,136.739268
2012-06-18 01:00:00,1.802838,22.693829,418.348317,82.781146,42.094751,105.966339,411.756084,46.486333,1.528794,92.088429,8.710547,72.382748,58.697301,25.318835,23.255284,0.878689,118.950190,197.259217,597.575106,66.883605,12.150996,21.295394,10.535262,12.334378,34.564244,10.731328,13.150202,11.011527,121.839403
2012-06-18 02:00:00,3.749381,14.327440,312.891491,65.002063,39.992641,202.311693,385.065616,53.353632,2.409009,71.714883,7.708143,51.277627,33.661534,29.880645,29.400463,1.272585,98.948149,133.080211,432.610710,49.042643,5.345540,22.442069,7.048239,3.242179,41.925327,3.394604,14.299695,10.654010,99.206696
2012-06-18 03:00:00,3.475036,8.993868,123.069203,57.413430,24.016605,158.678495,388.679950,69.069182,2.455336,50.526395,8.261194,17.978436,24.825382,13.685430,28.557007,0.878689,84.433394,108.610624,359.176305,38.402070,7.434343,35.383116,6.974047,5.074715,26.024615,1.916309,17.058479,4.647722,93.171308
2012-06-18 04:00:00,1.266629,8.261809,102.195275,74.195150,8.145676,45.259280,365.325790,73.691403,1.343486,31.103614,5.288547,23.137466,25.666920,10.433759,31.810337,1.545281,83.371338,80.921354,332.032928,32.561755,8.641319,61.429021,9.033095,30.589257,42.331056,2.190067,23.244201,4.826481,65.634848
2012-06-18 05:00:00,1.045160,19.387121,133.390698,92.013062,9.362201,41.419562,396.377011,61.603036,3.273383,32.669520,4.455334,43.746918,37.300470,4.675564,28.501006,4.176889,65.654978,111.950437,387.851262,26.537270,11.877915,132.373012,17.237704,73.199140,59.389659,9.849991,17.111879,10.446784,91.069795
2012-06-18 06:00:00,2.949520,47.491225,207.519942,83.826346,24.525339,41.361363,426.893998,72.421919,9.627502,61.262719,7.946265,42.047126,94.554886,1.885068,40.542641,12.211473,86.304657,126.027620,433.727068,41.061599,15.197958,207.112772,29.117793,126.397235,70.784019,41.711913,41.529211,32.903100,172.765629
2012-06-18 07:00:00,5.068394,88.099956,273.825864,91.576131,46.061075,73.140719,393.856083,115.486125,17.694883,121.022184,14.811164,81.028897,175.326718,2.704545,54.345687,24.588294,147.034262,137.434242,377.243710,56.430801,25.753823,285.867211,53.764290,223.438036,65.189995,85.063549,77.762524,45.006338,247.386310
2012-06-18 08:00:00,6.713438,132.341616,306.952881,103.629309,69.487464,140.730059,527.425144,166.018689,26.655846,180.132578,23.114189,182.996575,253.846570,3.382014,71.076361,38.019788,213.977349,177.470649,390.726704,61.533033,35.466339,405.186009,78.662357,286.820827,59.001338,158.509655,97.809809,48.544509,305.213959
2012-06-18 09:00:00,9.345875,165.549918,373.023159,140.427912,86.442456,198.076929,533.778746,208.383871,33.937687,225.933202,36.977155,237.217556,347.457294,5.557244,88.563167,50.405362,277.403719,216.672140,427.882789,70.720016,56.705509,491.125257,120.099075,338.422229,55.967223,195.820152,88.997928,56.456739,390.339184
2012-06-18 10:00:00,15.638058,188.371754,383.443738,152.692762,96.228527,228.297097,552.379532,238.318222,37.974562,294.459405,46.113668,274.391427,400.569202,16.022430,96.342789,62.802100,303.461500,279.212472,396.535649,89.217961,61.086889,517.944951,136.985596,348.250433,61.868920,167.986472,152.137133,59.127340,433.969927
2012-06-18 11:00:00,19.110195,209.288309,389.173719,142.182069,151.997737,270.920758,766.709425,231.615057,51.535308,355.946095,52.338209,309.214674,388.725412,24.742089,107.415429,80.431731,331.381885,430.985870,468.825230,83.955416,66.242778,523.900209,120.964474,312.943643,56.772102,157.165126,118.395887,32.851879,464.919719
2012-06-18 12:00:00,19.249391,255.492755,380.695958,151.119028,209.668822,326.759987,825.903268,230.926169,57.991989,387.450355,62.170111,373.564113,402.348290,23.999685,110.510006,114.009074,597.107537,462.191405,492.429856,89.899308,59.874990,567.318396,142.079523,278.697578,43.225664,163.207220,113.271292,36.123497,488.694063
2012-06-18 13:00:00,19.951668,222.795238,434.713892,162.230967,206.185745,451.815825,904.738999,202.914063,53.083628,388.472776,63.079803,414.006352,776.756221,32.457380,108.271539,81.263963,435.576074,475.382142,617.486609,120.890322,48.929715,567.794396,123.617834,178.143982,33.620392,106.487847,143.787009,63.841800,591.844503
2012-06-18 14:00:00,17.168926,158.529856,469.329880,200.366222,173.556465,596.723201,928.101965,179.189642,39.472708,306.509795,61.773737,559.064099,769.288082,33.982482,112.954270,93.726396,272.914992,551.872480,830.828830,134.112654,29.571376,550.119411,104.516478,147.520098,28.731070,96.311524,166.558195,76.451750,722.970998
2012-06-18 15:00:00,13.505656,186.923615,457.987817,215.869863,111.781900,616.177559,950.485725,367.776059,29.982280,273.439249,60.118899,442.503117,444.503304,21.986544,130.795703,56.804904,230.509612,638.743840,893.750900,152.210799,19.635026,482.699917,101.123941,103.776498,24.450886,71.030997,127.694315,107.136823,700.177848
2012-06-18 16:00:00,12.917437,170.435538,414.697569,200.863044,82.945072,525.291781,918.903654,269.208713,27.462512,212.314913,59.479154,310.189024,557.356500,14.092806,85.794668,57.287477,233.157333,546.958093,801.253197,164.403987,21.139361,493.957583,108.771098,70.260729,22.330627,52.810609,111.037594,137.274218,732.904583
2012-06-18 17:00:00,14.408921,123.693231,321.627201,172.890022,62.913965,271.025034,1032.945294,114.881007,16.897235,160.449142,46.314573,192.740117,213.610685,13.718211,62.205609,66.641860,288.055382,434.616556,714.893533,218.552924,40.337186,548.192760,69.837804,82.448879,39.824309,47.366542,52.425122,163.816607,794.241240
2012-06-18 18:00:00,3.416248,163.897142,202.682314,196.543395,99.364043,198.218893,974.303817,51.713577,48.996835,154.461432,33.991570,135.426608,160.255654,6.989807,76.423696,21.240044,491.082597,323.916840,645.169697,262.160922,21.523864,554.779367,37.837913,206.645819,36.761434,185.604932,21.150675,37.581933,710.577219
2012-06-18 19:00:00,1.058188,210.937570,153.945223,224.363357,128.859336,115.722830,918.874989,22.318722,52.766561,143.973060,31.247360,129.444741,177.564594,7.166304,70.187580,10.665472,543.241269,293.635047,714.144334,272.094665,13.610912,550.731651,15.802893,135.607673,30.139866,182.268327,15.954966,66.390926,732.356657
2012-06-18 20:00:00,1.711390,167.432349,148.074430,235.724625,122.500454,144.450278,1005.619012,30.242529,34.629503,106.621559,32.733684,79.886791,276.024583,4.435531,169.353894,8.090003,709.452918,344.720677,725.927505,180.249715,9.904971,453.755703,8.235311,245.418876,48.668156,224.974633,34.898614,84.016519,732.922475
2012-06-18 21:00:00,2.808770,103.429478,163.729877,245.177894,132.643134,157.052413,1108.210501,23.243167,76.902977,83.803187,39.612251,77.072775,379.744186,3.125392,243.879247,11.332064,485.890285,368.546328,686.369716,131.527089,7.928469,482.750201,21.144716,303.496174,48.011262,303.050522,14.989391,45.368920,727.830116
2012-06-18 22:00:00,7.074180,31.060217,262.663600,264.171158,175.578728,111.386612,1065.950592,32.487608,51.376748,42.920271,42.135544,70.506737,399.309953,3.614721,352.082589,7.241613,492.793644,292.132529,554.019455,135.927326,8.422594,445.237546,16.099661,218.071798,35.356382,234.610928,10.989155,12.513099,656.725696
2012-06-18 23:00:00,9.680457,20.393072,356.596279,262.002978,184.985670,59.487497,883.287697,48.467285,143.683483,29.881201,36.432210,56.905659,395.312645,7.608278,285.027845,6.120526,711.931047,346.867132,598.206347,109.845920,18.080502,491.268359,13.502942,221.736870,37.636192,175.150609,21.610472,15.945263,520.175035
2012-06-19 00:00:00,1.201892,125.182088,226.569099,281.473242,274.798315,45.665801,831.018863,46.618397,53.229831,47.945745,56.203770,45.649595,525.330322,7.939759,194.838312,8.817194,747.332890,440.023280,667.642891,91.764946,22.482711,445.565167,19.586685,228.009782,15.166535,178.654716,24.231317,3.968440,512.064982
2012-06-19 01:00:00,1.332533,69.545604,153.945223,269.114611,219.250061,41.058569,767.072948,134.440588,30.900172,40.747092,83.268685,100.210241,487.461096,4.782797,311.054484,8.756595,851.060287,299.215830,647.443169,62.243355,22.639933,324.345232,13.948094,209.332010,3.922047,59.241313,22.759965,18.054614,510.556134
2012-06-19 02:00:00,0.868759,49.675432,178.515576,248.646983,100.743616,62.062127,621.109448,46.618397,24.252234,36.536560,82.439109,129.132073,915.593737,1.294354,414.076597,8.908093,522.000164,208.635428,555.071524,44.962423,27.064603,187.727089,11.648142,225.613389,0.830778,78.459151,17.610236,13.621402,308.559230
2012-06-19 03:00:00,1.071252,35.661731,358.118336,230.651082,57.492705,39.974514,552.715122,46.090143,9.636036,58.404166,98.926930,145.703501,1020.365263,2.478215,317.440651,20.512853,543.418278,165.277037,498.891048,37.122001,36.385607,133.014307,17.360925,190.090381,3.941367,25.623784,5.563547,31.246995,223.875187
2012-06-19 04:00:00,5.230441,19.138114,428.132971,185.162647,56.914625,80.084535,459.020456,44.901572,24.808159,30.967790,90.320080,285.622636,1008.162957,4.956430,117.601850,7.574909,374.374482,154.974053,368.434511,37.122001,7.259081,103.364566,28.024069,147.378193,15.649546,10.895583,11.322017,46.763237,210.672775
2012-06-19 05:00:00,4.340198,18.748913,330.896408,136.501444,118.510993,82.202822,511.468857,52.992278,11.492255,47.490409,68.869864,401.509878,734.460534,3.074138,172.672306,5.354726,229.851835,160.420177,301.636665,37.677682,14.276742,74.896138,34.473647,97.194110,9.172403,28.221871,14.449571,83.985907,316.043712
2012-06-19 06:00:00,6.386358,71.083214,367.028540,143.649270,111.887403,125.978076,554.536428,76.182179,19.538509,69.747763,63.404806,418.805075,582.770602,3.017597,154.495164,6.617415,107.587263,177.156538,330.524845,50.139396,62.218392,131.467080,45.424965,53.440577,8.420835,53.497698,26.485614,52.637021,386.859630
2012-06-19 07:00:00,7.005806,119.742332,544.378488,148.002608,106.754655,164.446228,551.519999,109.492489,32.951577,148.700730,49.895046,337.803196,388.721284,2.543800,80.149375,10.227470,177.955778,244.239179,342.411152,80.832644,55.708117,85.446557,39.114969,55.717599,8.937336,45.015163,22.776430,85.931518,371.700483
2012-06-19 08:00:00,9.160147,134.959907,632.645978,202.790849,76.808870,206.669274,648.020683,147.445387,21.848577,223.012944,50.578188,449.310921,466.550077,5.402260,79.173864,25.791229,178.125873,342.372172,406.064563,103.489716,74.877165,96.125121,62.635797,79.484007,10.706174,62.336714,33.016254,68.566965,296.822898
2012-06-19 09:00:00,7.555672,157.667894,810.719093,208.692983,85.949235,276.499957,874.780320,232.834592,29.117761,238.357035,62.037159,450.086013,375.129823,9.688932,148.186525,36.987612,180.993226,436.654128,488.426366,94.506393,56.030365,143.259289,58.276901,99.137612,16.260952,57.149365,34.500225,70.696849,269.222870
2012-06-19 10:00:00,5.097991,186.726569,636.738428,156.797128,108.047867,268.673096,908.367863,361.637650,21.674745,293.234526,72.650926,346.439188,352.154004,20.862882,86.015475,39.052047,243.582104,498.760828,508.457905,113.417040,51.696571,173.689449,79.093474,119.884059,21.650058,58.910665,48.187259,47.258696,313.783874
2012-06-19 11:00:00,7.781494,205.707995,430.310073,142.633511,133.359809,226.413112,908.830443,472.629744,27.968231,393.036279,71.768233,271.322318,128.653336,25.437602,55.627603,38.869086,232.774905,520.591761,451.783407,150.277692,86.983851,193.652295,92.991710,137.470416,19.483109,84.268562,74.627125,26.813807,416.855083
2012-06-19 12:00:00,8.650608,188.303076,138.061720,136.142356,129.076448,144.326041,975.848693,568.564299,29.703655,431.987524,59.168788,142.825107,51.310351,27.596728,66.924245,20.536896,102.042662,536.909763,438.605586,164.154509,49.426377,237.912742,41.009998,168.369440,29.145008,106.863428,67.327343,49.130808,440.204705
2012-06-19 13:00:00,7.268473,154.514369,158.043596,147.814277,133.867220,63.158850,1156.344159,692.756284,45.833501,460.192114,55.396962,106.460359,38.396878,18.551382,116.040354,21.017946,90.895405,639.282635,620.792048,209.317319,30.789840,201.557389,34.397488,186.310419,29.784497,75.386716,92.828270,45.795795,326.293854
2012-06-19 14:00:00,2.681689,130.311029,118.175588,195.438924,139.651542,39.634028,1033.998575,681.641296,48.588573,452.643522,74.821637,189.005339,79.786121,18.592622,175.842815,17.797960,158.682894,742.425263,665.531082,279.144297,41.099895,172.673429,46.576468,157.121705,58.823880,54.562013,94.819977,44.551670,305.526805
2012-06-19 15:00:00,4.488324,113.290930,168.207588,212.173847,131.030506,87.928682,1066.698695,611.588962,41.043254,473.270327,89.551181,227.029780,122.429009,8.777930,135.848366,20.068361,111.125843,658.127394,635.158258,321.778222,18.656649,211.615001,25.218597,124.380159,78.578336,55.134098,61.600703,48.704981,263.871489
2012-06-19 16:00:00,12.955681,84.146647,231.421444,239.197094,94.754733,92.843972,1175.034649,527.600294,42.622528,448.603501,71.459495,120.007598,134.843756,6.591948,178.962911,12.247164,93.742995,669.559171,599.313547,318.647546,7.208378,164.660307,17.514539,66.848616,100.827392,47.994563,40.017200,89.414379,233.443025
2012-06-19 17:00:00,6.034659,60.879635,199.898729,220.610962,66.969034,186.092427,1028.671679,349.329660,50.405997,365.583029,59.268498,169.855362,82.028119,4.003999,153.011359,12.617927,63.939732,527.814944,505.771588,220.881909,11.737088,99.875047,40.607662,43.576124,99.402156,38.884961,33.254470,94.042941,189.718703
2012-06-19 18:00:00,15.598469,61.680732,171.563670,176.084837,57.502901,199.346112,912.510282,314.776128,33.656634,284.686353,41.041170,152.457084,50.656294,4.048798,119.489683,4.514646,26.978280,475.242967,542.197725,171.534285,12.845696,89.179450,39.890800,23.418472,89.450383,15.384457,22.070269,70.064520,169.976285
2012-06-19 19:00:00,28.133420,112.632505,122.199456,134.253760,32.582703,179.817560,780.696208,304.010054,26.730733,183.226093,24.921844,101.460914,50.492302,5.272126,145.375648,4.544945,12.744663,501.626539,459.754087,182.009810,8.489975,130.393336,36.205690,28.474792,68.027224,15.166214,8.874088,57.703261,125.988732
2012-06-19 20:00:00,25.069902,132.293518,56.750993,113.395860,39.467113,181.579148,559.387739,124.139640,14.222418,89.915251,16.384125,83.951481,39.552303,4.609164,76.031524,4.605545,14.514755,399.240634,300.470863,122.966628,17.227013,128.919039,41.695897,85.353894,85.415609,31.482213,10.207500,23.167108,123.725461
2012-06-19 21:00:00,20.125161,106.357714,73.711060,96.527413,29.114222,151.361126,415.648444,97.594887,10.585741,33.684263,17.421095,120.377356,25.456535,1.767899,62.536230,2.363372,12.567654,379.063957,277.114935,73.203945,4.716653,164.629777,25.299468,99.943701,79.059188,33.562777,30.254661,4.862233,150.507497
2012-06-19 22:00:00,24.024778,54.067786,32.180640,76.189876,25.645741,211.661664,394.240464,77.389180,10.840540,55.280222,18.872853,86.452829,17.882690,0.836595,89.346078,1.908877,12.213636,299.215830,258.598523,42.082268,15.632335,354.814026,40.508825,84.296661,44.862032,138.028973,41.657634,4.039943,175.026263
2012-06-19 23:00:00,31.249195,43.505220,30.658582,67.603880,23.123209,237.136948,419.540804,61.673629,10.910031,67.775997,25.958814,94.269540,17.461921,1.247000,88.201388,1.757379,11.682608,229.885333,214.622045,32.321742,21.763983,415.751615,22.035020,83.309911,35.858713,143.777899,74.349220,2.967392,117.124255
2012-06-20 00:00:00,38.989642,99.560023,20.656492,61.663064,25.225319,269.116559,379.783127,43.845064,8.060914,72.258177,27.825360,116.781669,19.986536,1.026013,111.998893,1.757379,12.567654,125.138328,160.545706,35.921936,11.611950,354.322594,19.438301,71.257462,26.894035,104.520948,103.776246,2.323861,106.939538
2012-06-20 01:00:00,30.256328,113.155404,31.310893,57.456793,20.705782,211.797171,293.317130,54.410140,5.095980,65.738643,26.131642,107.714284,19.144998,0.883949,145.134661,2.817866,11.682608,63.535069,132.350261,25.601380,6.535933,242.276060,14.393246,46.377260,17.716832,72.929231,120.328948,2.967392,97.132031
2012-06-20 02:00:00,14.670922,122.253852,53.272005,36.598893,12.087132,163.150220,236.599884,86.633621,4.030457,74.838827,16.038468,92.549863,19.986536,0.773456,154.774157,3.726855,12.036626,37.777608,151.708328,21.681169,4.402209,236.051252,10.609454,43.064599,8.249822,68.549097,186.079959,3.753930,78.460049
2012-06-20 03:00:00,7.531422,126.437046,78.929542,15.220630,10.615655,158.271974,125.945649,147.250743,6.416303,87.606249,8.295759,62.690026,22.721536,0.568253,78.079917,5.302436,7.965415,36.704381,209.572115,24.321311,4.716653,178.226067,12.761022,43.417010,7.167878,56.448977,192.057324,4.433212,53.375466
2012-06-20 04:00:00,7.024527,103.115738,75.885428,7.111633,13.033081,117.484419,66.170120,192.020251,5.628742,111.375386,5.668769,51.590296,23.352690,0.505114,41.751067,7.332512,8.496442,31.982180,109.415160,23.761281,2.580703,135.471468,10.082758,57.936334,4.173212,48.509984,133.679748,2.466868,37.909783
2012-06-20 05:00:00,6.633440,89.178447,97.527441,6.511170,24.240349,96.316899,53.807388,194.630002,7.962021,124.143093,5.567216,51.758438,56.476592,3.177968,46.805370,10.014569,22.634822,45.435795,60.805391,21.448857,6.376361,157.330313,17.808925,85.526189,4.733896,49.246629,93.849264,7.170775,61.195833
2012-06-20 06:00:00,5.275016,124.673713,168.040681,11.882088,54.748816,108.337167,99.381961,248.247118,26.994440,157.079995,9.250479,83.526766,111.283030,7.159849,72.607587,21.583914,67.243741,88.980525,82.724210,44.017471,14.297323,245.929055,41.285125,91.320975,11.203826,62.764066,81.240525,17.226785,153.997962
2012-06-20 07:00:00,7.591810,160.495927,270.000770,23.560940,75.052442,142.077289,177.316470,333.574852,28.435091,232.218242,12.469951,141.131915,207.371243,13.295128,86.405462,28.334856,140.432794,163.726595,137.864390,60.071251,24.352574,276.392939,72.267556,88.713431,17.028849,76.573295,76.278902,31.623896,215.129176
2012-06-20 08:00:00,10.021230,234.649980,330.677919,32.471016,106.671925,172.868796,276.047390,382.622279,36.308806,295.796693,17.045335,202.011475,296.852382,20.261484,101.882513,38.271150,217.989269,258.952363,192.020967,86.547661,32.511116,306.801497,100.670507,102.195101,25.904611,87.150953,106.244036,46.102041,316.245496
2012-06-20 09:00:00,12.351211,336.147760,411.116927,48.384091,143.233383,214.220494,376.553467,470.574048,47.455727,327.593643,20.827779,264.878734,427.335465,26.594079,124.607769,47.316321,281.211332,402.519353,264.854625,108.488393,39.629747,396.448492,129.656692,133.887727,34.967415,115.434186,117.959036,57.843272,416.618053
2012-06-20 10:00:00,15.101457,384.323023,459.941116,54.685800,203.460776,254.619888,474.488522,592.535887,66.716984,373.133899,42.802535,316.281966,545.329364,29.870721,158.325530,53.547390,330.810352,584.461303,340.278906,151.142255,46.453715,500.938932,160.685563,190.653212,42.958941,195.642601,125.278277,65.603364,533.325483
2012-06-20 11:00:00,17.626104,398.564859,522.008612,62.885152,257.672878,286.429095,587.425950,703.664928,75.871694,419.019258,79.967239,337.445724,675.372882,29.535902,199.732017,61.436502,444.908292,763.466366,455.663070,213.202415,49.925979,701.391703,179.300089,304.965682,48.719394,250.003756,135.063856,69.909112,730.200679
2012-06-20 12:00:00,24.452779,431.570567,595.824673,62.350362,270.171557,310.161151,692.661806,793.640500,94.006682,473.435062,146.449104,358.467167,764.312564,0.000000,230.741025,72.330923,489.516343,855.270833,561.169512,267.373037,54.395788,781.428617,218.891947,354.807291,54.927332,301.194394,126.887107,69.410734,841.525139
2012-06-20 13:00:00,24.187997,391.334398,667.412803,73.503998,285.007714,304.656376,800.313276,864.247996,97.449936,446.418478,179.790257,396.472029,796.102364,0.000000,250.690131,92.874646,464.996551,896.458653,628.574285,290.753072,57.959491,0.000000,227.970912,430.920102,0.000000,308.850115,111.617892,64.188265,825.937842
2012-06-20 14:00:00,21.547232,370.029444,726.571531,85.987782,311.943654,306.043981,1032.304310,813.597837,87.493247,472.856033,172.269398,438.948721,812.228420,0.000000,253.850589,96.430148,438.225048,1006.440280,711.860395,316.268208,64.364486,0.000000,263.284951,427.057453,0.000000,266.591755,94.991171,0.000000,778.689365
2012-06-20 15:00:00,18.803851,372.237953,729.395929,121.662365,342.892417,259.316570,1148.239604,773.122554,68.467181,481.658503,154.896583,412.652370,817.254889,0.000000,271.695553,82.371095,403.303460,964.654053,686.053800,315.575541,64.998215,0.000000,235.082416,355.265397,0.000000,226.322986,71.380158,46.233272,863.343526
2012-06-20 16:00:00,12.267156,427.977556,617.462731,135.238340,296.086913,248.698938,1053.415358,639.680411,49.597084,457.583501,121.282377,359.125370,572.137014,-0.000000,217.797282,73.000831,288.295023,985.646467,777.060090,362.639025,43.199357,451.985459,163.817826,307.705334,70.617538,250.517839,48.713985,36.983410,939.961208
2012-06-20 17:00:00,5.734646,401.803398,521.060557,197.306553,232.334707,211.681848,851.872698,463.428607,42.642749,368.093918,65.253781,288.630596,483.060201,63.973740,210.733517,48.906910,255.730263,932.810864,769.906815,305.478737,22.269034,307.260339,80.492871,396.156998,52.925163,230.898017,19.638447,33.634351,916.743725
2012-06-20 18:00:00,4.095578,424.457890,415.959699,217.386637,163.501022,182.570861,708.590347,412.444374,20.082197,315.008673,42.085643,234.032341,416.561489,24.136802,179.897093,17.452590,292.065198,1001.822458,752.650054,235.372686,8.939180,225.536274,37.466954,435.673535,44.641566,258.684969,8.506250,37.810665,743.521257
2012-06-20 19:00:00,5.304002,342.603608,266.142588,231.171445,137.477987,234.426811,651.970302,352.345275,28.074219,304.788252,28.516673,141.482477,323.781885,14.127405,170.438338,9.968580,358.797671,937.356909,661.961719,216.571673,7.074979,241.948438,19.067341,433.394792,42.350376,216.214365,7.724594,53.305800,621.645002
2012-06-20 20:00:00,5.741648,213.552066,165.034497,210.530363,58.596313,202.311693,434.832219,272.843080,16.237647,213.378941,22.191156,90.204850,231.002280,1.357494,130.916404,6.635620,340.034695,772.723809,518.038701,151.528167,7.007598,214.592047,18.844765,324.006482,44.784750,165.404811,14.207736,61.778956,497.542328
2012-06-20 21:00:00,4.990465,139.927847,125.678445,237.892806,30.375488,156.239372,318.061418,241.015790,9.612872,202.377226,32.871946,50.339622,190.818823,1.215430,94.828541,4.969140,271.886148,645.439026,406.729817,93.125019,8.287833,209.350104,13.651326,89.512341,37.713474,60.391098,15.449189,59.276336,329.494484
2012-06-20 22:00:00,6.479766,84.709683,118.720468,222.325267,16.711774,121.549624,269.684944,295.954183,2.779626,162.445075,69.891773,46.431266,180.089209,5.240557,89.828053,3.090563,210.463952,444.101544,272.696245,62.403363,9.029021,102.709323,11.425566,29.813953,26.198499,16.863516,22.576046,18.948407,197.658969
2012-06-20 23:00:00,8.256476,99.141703,116.980974,164.955201,18.656225,77.238892,308.330518,321.574492,7.713461,228.319542,103.904386,36.425875,216.906513,9.676088,124.168757,3.393559,220.376468,413.621883,168.120602,37.762035,9.612988,57.006132,9.348190,27.417560,24.034611,23.488469,29.013208,14.372188,111.277473
2012-06-21 00:00:00,11.764172,113.573724,129.374869,131.651943,25.698293,53.931717,354.482787,332.139568,18.461347,258.879861,118.249137,33.611859,215.013051,6.298139,161.160323,6.150826,301.269677,370.478137,118.252539,29.681600,10.556318,103.200756,5.638591,24.034416,11.862742,41.885032,44.646316,5.148246,50.169166
2012-06-21 01:00:00,10.020122,135.535493,202.651056,76.623512,64.219457,42.955664,393.406387,459.052540,41.787039,265.263572,132.248230,44.086253,229.529588,6.250785,195.802261,9.907981,407.298195,587.699386,151.708328,24.481319,18.956452,122.366610,6.899855,82.393643,1.429712,76.433339,60.095504,6.185046,52.809648
2012-06-21 02:00:00,3.670997,151.954531,291.582689,75.062422,113.566487,43.497692,387.845873,451.260796,93.464913,248.557264,176.941634,47.525606,315.156116,10.417974,178.451169,20.543153,491.731589,513.861333,140.977226,20.641112,25.425004,145.136301,9.570766,106.005166,1.275148,121.877229,69.383410,6.542563,66.389272
2012-06-21 03:00:00,1.423981,187.093362,361.597324,105.893954,156.029106,33.605693,337.245193,422.338902,102.336552,314.975025,218.454996,54.247977,388.369954,15.705886,150.074902,42.116493,558.110043,546.058158,126.879503,15.600841,28.749122,257.674268,11.128798,207.710921,1.101264,203.895238,59.451788,8.580410,128.063397
2012-06-21 04:00:00,0.468532,185.001765,474.012126,96.007049,145.098135,31.437584,233.819626,334.120519,83.435097,284.278882,204.421337,63.784365,453.168408,26.186999,164.353406,63.174739,578.112084,549.921777,93.002886,13.920750,28.297691,458.506214,11.467555,278.615972,1.468352,201.759923,49.464459,13.943167,208.975322
2012-06-21 05:00:00,1.172605,212.045985,656.962169,73.525424,98.637180,62.615320,142.824846,288.404265,49.802920,194.458414,115.895841,119.621486,471.714552,22.709990,138.552409,89.661717,575.676942,521.066112,70.137367,17.050185,27.994298,450.260351,20.331453,277.412415,4.006003,233.530337,49.314713,10.954469,226.318905
2012-06-21 06:00:00,4.059645,220.506809,894.770156,42.274202,104.494557,118.224549,131.335357,269.738991,44.858578,192.414330,161.639416,228.696151,655.127196,37.480287,129.713360,121.481515,632.848080,390.752327,74.944205,29.796171,50.940180,745.642981,43.408217,598.763004,10.382472,411.206898,52.812777,29.606058,297.389634
2012-06-21 07:00:00,7.028780,245.854326,1172.903785,47.998501,135.145610,195.471167,165.864502,273.308761,67.295683,252.381085,233.259555,429.711188,964.732131,77.279608,215.850548,167.962764,831.388436,315.181386,111.313396,46.178138,78.394712,1117.746988,75.264177,642.255317,16.230051,462.218801,66.356082,49.032235,389.176214
2012-06-21 08:00:00,11.513280,435.959998,1324.495292,73.347249,201.096633,334.105171,330.911234,325.878032,110.059197,387.759154,298.007073,562.798877,1069.457417,0.000000,211.207295,223.221793,803.549575,448.281523,149.678583,69.212045,89.852796,1400.713611,111.298652,627.954720,24.782111,474.016813,76.406665,81.637719,550.113373
2012-06-21 09:00:00,25.726933,542.392809,292.874434,89.518196,241.010868,446.274970,518.877869,346.289995,133.157909,504.403798,269.793586,521.633376,1286.487259,143.967444,262.377599,255.866342,942.174967,545.172627,208.206614,94.269816,73.801695,1406.010316,0.000000,537.750937,0.000000,465.037502,87.148331,0.000000,1130.782861
2012-06-21 10:00:00,42.744401,465.406566,0.000000,90.895506,195.180253,527.307728,625.372213,333.528319,116.633604,571.370067,218.567070,586.111619,1284.451832,97.477555,284.192719,251.230351,1141.497719,643.725924,267.561202,111.064850,0.000000,1209.795368,0.000000,378.919714,0.000000,406.352036,98.777389,0.000000,1152.633112
2012-06-21 11:00:00,36.851077,449.860220,0.000000,95.303068,213.160664,519.106665,597.834307,337.034959,124.447350,586.711884,207.113312,577.243055,1092.542915,92.558302,268.273634,229.739262,920.875317,673.004146,309.306967,124.687124,0.000000,1091.604622,0.000000,300.163502,65.742523,327.906488,113.984977,0.000000,1106.610645
2012-06-21 12:00:00,0.000000,452.905661,0.000000,109.668875,236.908785,0.000000,581.312466,350.613718,117.018931,565.248526,224.872240,0.000000,1132.335700,45.565029,250.511114,212.028311,880.425686,651.323753,357.028997,138.339472,0.000000,1007.798348,0.000000,318.054412,86.252714,293.481400,0.000000,0.000000,1128.962483
2012-06-21 13:00:00,0.000000,453.314566,0.000000,139.674366,211.914837,0.000000,688.568844,343.770379,93.739436,541.103385,219.662078,0.000000,1021.349679,26.118870,220.629349,193.476878,843.027949,687.064101,423.699151,139.995299,0.000000,831.460390,0.000000,335.465866,104.782608,256.303370,0.000000,0.000000,1147.680399
2012-06-21 14:00:00,0.000000,366.682160,0.000000,161.190775,180.566151,0.000000,865.392462,292.673436,82.175217,498.629446,215.337173,0.000000,975.698275,29.769931,228.357804,164.379078,753.014006,749.038082,572.649454,143.534793,0.000000,647.585650,0.000000,312.775774,146.672031,215.433517,0.000000,0.000000,1095.092258
2012-06-21 15:00:00,0.000000,275.226746,641.134663,164.053394,168.917519,304.588414,867.465034,251.415449,76.858091,518.646703,210.245439,357.408536,886.868258,23.860310,221.115737,184.603396,728.782885,617.448402,614.558938,150.962533,0.000000,494.651817,0.000000,225.610492,139.624996,155.332339,0.000000,162.851160,993.658087
2012-06-21 16:00:00,47.432251,202.870255,550.212563,152.896387,139.832120,253.323780,833.837327,192.989122,48.296951,438.587242,193.669219,297.185805,720.265237,27.232509,166.931998,174.626547,589.623746,482.707640,587.866813,133.007304,52.226465,401.910135,340.693698,143.929932,172.598748,102.577017,61.568387,160.228113,800.287428
2012-06-21 17:00:00,39.303803,127.713024,386.376316,167.690365,97.698749,155.416450,747.080858,116.003410,33.545537,311.506452,181.540545,172.530769,477.821434,12.684224,102.158898,158.495764,427.079503,321.933958,547.178949,150.433509,26.120395,350.602735,266.983776,92.786345,143.482769,65.676335,76.180541,116.801711,509.221288
2012-06-21 18:00:00,26.056237,92.448593,495.648677,205.741536,72.112454,114.232255,645.884879,97.594887,36.691059,226.396590,154.446551,122.878704,349.238420,3.403207,93.322370,136.378658,378.976721,142.095323,414.094299,149.128038,14.181039,399.459250,178.802689,79.211863,116.927697,58.748547,52.095032,107.469641,420.968338
2012-06-21 19:00:00,9.941738,119.534775,744.286013,197.564642,86.922244,66.669359,779.306080,162.305976,39.308540,225.195598,119.251541,80.981131,228.477665,0.962873,88.442375,116.259700,296.136410,142.309968,376.640648,148.968029,8.916720,427.054555,57.869750,150.831819,119.728687,118.263618,46.163647,121.019540,433.227721
2012-06-21 20:00:00,12.855020,101.860780,580.338700,197.694733,50.713401,160.711097,872.444694,174.455813,20.986174,183.633563,80.987351,74.571427,99.091142,0.789240,75.971277,89.232426,195.418169,219.796994,394.525818,102.965550,9.298544,418.372587,29.380027,200.028366,100.215056,170.441965,59.313849,184.049805,324.213519
2012-06-21 21:00:00,9.798034,107.821832,461.835668,224.016449,23.858947,356.518462,866.884180,170.625973,12.577806,128.896636,67.541307,68.630726,66.691915,0.394620,71.452764,30.663231,127.092614,376.488211,547.286215,58.723165,15.205590,373.160827,25.002700,211.446475,82.150456,177.669186,31.082296,209.254761,194.075457
2012-06-21 22:00:00,2.540957,125.391247,365.511185,216.731361,15.345402,304.754854,855.207100,158.079945,4.331583,94.804902,50.569566,106.307276,49.861148,0.741886,58.680432,19.088770,83.548348,437.232888,567.275523,39.362122,18.619548,324.345232,23.073708,254.088181,64.510906,189.331293,31.955911,216.226344,119.764738
2012-06-21 23:00:00,3.579548,85.441742,333.982856,195.223006,14.819875,284.428830,903.861600,154.514232,5.420270,93.175018,40.994878,161.649593,43.339226,1.199646,52.414759,28.269560,60.183132,356.740825,566.854695,56.803062,20.843113,309.602267,21.812444,226.882068,59.951286,185.608179,51.819153,187.946742,86.381496
2012-06-22 00:00:00,7.309333,40.472404,266.142588,194.138916,15.870930,372.101747,914.148552,138.534555,3.590350,116.808332,35.118715,268.582205,38.079611,1.862608,38.738724,28.481657,56.642948,216.148021,615.881104,51.202760,21.067716,291.910709,20.402796,264.167130,70.422957,184.677400,43.174965,150.478949,71.104419
2012-06-22 01:00:00,9.575945,17.883155,192.431528,185.336102,22.440023,435.518943,875.224951,128.893924,4.215766,123.871161,27.272309,401.153631,29.874612,1.515342,26.267626,26.693979,70.626675,141.666032,629.137171,26.401423,26.323414,267.830532,14.615821,281.646705,82.884633,171.920260,51.129458,137.608333,86.192890
2012-06-22 02:00:00,8.080112,6.483951,277.014426,180.349286,26.907007,385.923444,829.350708,134.176462,5.049653,124.957750,23.020732,414.598375,32.188842,1.026013,22.411828,20.058359,91.867781,97.449058,588.527314,15.360828,25.155481,221.144476,16.915773,194.178346,82.556185,135.017631,51.773174,171.858472,80.911925
2012-06-22 03:00:00,5.408515,4.706094,260.054359,189.889281,23.491078,358.415558,850.480663,126.912972,4.933836,55.551869,21.257883,326.894872,32.819996,0.631392,12.471098,20.573452,92.752827,56.451767,527.928148,12.000647,19.989624,226.550230,8.977230,126.444992,94.708734,99.100532,51.773174,153.446341,65.823454
2012-06-22 04:00:00,2.859253,4.706094,227.221409,214.736634,17.973040,294.727349,820.175860,114.763135,4.099948,29.745378,16.556953,243.412394,22.931920,0.552468,3.253330,20.391654,78.061062,40.568000,497.838979,6.080328,14.327415,206.892943,7.325229,133.775137,97.587478,94.008626,68.263567,114.655735,56.770372
2012-06-22 05:00:00,1.672289,11.924877,216.974115,205.906479,15.534197,242.790223,800.264491,109.712561,5.178516,33.614314,14.581278,249.404190,36.105550,2.154599,7.352302,30.112044,61.110301,45.685341,476.476815,6.414651,13.623718,183.022762,17.500456,166.883455,100.866059,88.920312,83.318980,75.975378,58.179060
2012-06-22 06:00:00,3.498083,38.271704,231.395045,195.256432,32.134815,186.755999,792.211243,124.020296,10.347721,65.680637,19.125486,258.780129,96.495915,6.719262,22.581638,47.403537,100.049490,92.340858,500.783955,18.445232,25.572698,204.628520,41.618083,154.359420,89.111771,76.171463,95.493546,70.189314,111.699966
2012-06-22 07:00:00,6.381102,86.214308,276.683347,189.836817,52.661561,170.312961,735.606420,154.002295,19.861264,118.407982,28.132540,222.802964,188.231384,12.497186,46.991283,65.319821,190.825205,163.016003,422.097065,43.899143,39.312339,219.719574,68.017592,125.150101,70.977926,75.100540,106.822064,73.654136,188.361618
2012-06-22 08:00:00,10.368840,131.324426,355.051017,181.472817,70.377121,196.575082,722.832198,204.980263,28.734666,167.660688,35.049421,251.874830,291.785681,18.757124,71.533278,84.065084,272.491431,246.223720,356.548885,71.616402,49.624041,312.541618,98.267267,175.259573,82.056756,92.832327,120.437636,85.483286,269.708672
2012-06-22 09:00:00,12.655381,172.871457,421.986338,204.572609,87.143283,236.705823,818.049758,240.088222,36.865201,217.587583,41.942418,303.111468,412.095721,24.098757,95.218657,103.289263,382.473571,324.393633,389.022499,92.769141,62.068463,376.001759,129.550762,184.158819,79.298129,108.501050,133.764584,82.192931,333.596848
2012-06-22 10:00:00,13.772557,208.004013,452.413677,210.856504,100.317704,274.418487,773.157452,260.137630,46.733325,257.323629,46.474441,367.092469,499.052976,27.671609,112.891165,109.480432,400.021079,385.815803,413.535589,109.027432,72.399960,390.587547,156.420792,168.564802,72.468123,110.045560,159.829195,73.406667,374.340330
2012-06-22 11:00:00,15.956413,228.836934,493.294064,205.171429,113.235045,313.846893,732.972021,274.475132,61.932363,288.616430,53.162362,419.238111,508.291254,30.613268,119.375249,138.928253,460.538220,426.793773,414.602203,120.634419,79.308564,393.918747,176.415662,155.219771,65.710355,112.206207,156.659608,73.602540,399.003084
2012-06-22 12:00:00,20.445016,241.307626,511.356488,252.169404,117.914037,354.938318,787.033319,277.661428,62.018616,304.387233,55.364157,451.015939,522.835833,33.375400,117.279054,139.241398,473.336986,455.698719,436.778923,123.335098,90.673013,395.981185,188.977510,145.992609,58.364696,110.833327,148.388120,70.875581,404.470812
2012-06-22 13:00:00,20.897407,237.015181,509.488777,318.636590,122.228276,380.771376,948.146099,264.236390,58.399849,301.191633,57.497508,461.867886,523.187303,36.615097,111.151364,130.036589,470.455181,474.893838,512.177463,124.886007,87.404019,357.681597,197.888676,131.948756,49.313231,109.317970,148.500110,65.065342,376.375114
2012-06-22 14:00:00,20.807213,226.961064,550.921932,357.969182,118.119588,375.127444,1095.459087,236.208433,50.520928,274.641759,59.018415,425.361356,529.552865,34.082577,98.222003,121.293103,549.548649,484.805274,593.422309,129.807013,73.099863,363.035450,171.318521,117.674815,40.006124,102.482760,138.668431,56.107879,341.318634
2012-06-22 15:00:00,20.913015,184.518718,546.988797,344.966655,110.474096,333.281071,1319.776439,200.689907,38.242647,236.999748,52.641118,380.249206,492.618399,24.937048,76.855097,102.557609,588.896939,491.694747,656.664890,144.635934,56.364796,338.792944,142.099716,94.563256,32.994331,79.000824,109.752033,43.538072,297.168136
2012-06-22 16:00:00,15.977728,139.257751,455.568549,320.333554,104.371924,259.566757,1180.640619,144.493452,32.189396,194.064500,49.068358,299.565254,452.207521,20.080305,54.808785,90.472789,619.500010,435.551236,709.998175,174.632834,38.631164,341.749533,100.175339,71.666341,33.016010,55.908721,86.703663,28.182401,266.387070
2012-06-22 17:00:00,7.784831,104.584893,329.620012,330.528338,77.563016,174.331142,1140.722071,81.861461,20.612632,129.546941,38.447124,308.975302,509.165655,14.317737,32.913027,82.672629,679.879167,343.467261,640.471888,181.754415,18.507028,365.306606,48.674035,56.065485,49.884697,35.062584,57.094437,11.727958,257.312528
2012-06-22 18:00:00,3.605676,88.703787,354.458327,303.046804,43.208957,170.738602,1362.105492,36.053321,10.423596,91.707687,33.117708,251.698108,572.035701,7.077884,13.856775,47.449229,680.600417,358.028698,644.497376,157.528490,9.590527,386.701791,28.118763,125.176313,91.836260,77.090359,35.404391,2.252358,358.547819
2012-06-22 19:00:00,5.108042,93.389811,303.976584,283.598059,29.955066,148.108962,1524.136971,64.446962,7.134373,107.300677,22.122025,142.420482,507.658017,4.025126,17.110105,12.453150,628.205691,533.394073,757.489571,138.487464,6.535933,475.542529,22.480172,393.360926,104.929240,301.243717,18.759729,2.967392,457.557880
2012-06-22 20:00:00,2.469104,88.265398,214.610077,298.471780,50.292979,142.146662,1391.240679,120.309800,3.173406,123.327867,14.344751,121.002693,394.681492,3.093823,45.546618,11.362363,589.263664,723.569989,782.949637,104.245619,6.603314,523.211450,28.118763,477.305177,80.044530,360.156519,15.771047,8.902176,468.119810
2012-06-22 21:00:00,1.391321,96.840947,164.817060,282.253787,114.670094,170.332082,1121.555735,136.157413,2.131046,140.305822,12.478205,90.361184,353.866881,1.262785,94.527307,6.575021,553.507803,557.649015,785.264188,63.443419,4.514510,497.820788,30.418715,438.469507,95.095143,342.800238,13.334121,22.487826,378.720620
2012-06-22 22:00:00,1.495833,105.521075,170.252979,267.813702,141.419443,215.997883,1022.856606,127.705353,5.536088,111.375386,8.952507,114.280321,386.897262,0.773456,151.701567,4.696443,566.960503,336.564148,728.242057,41.682247,3.930544,420.010694,39.544329,440.302044,98.650101,319.092763,15.633108,31.926277,292.716336
2012-06-22 23:00:00,0.607478,83.454725,237.658373,235.811353,97.117477,139.843046,989.215495,156.495184,38.173526,77.962770,7.224224,152.582207,399.520337,1.057582,189.898070,2.605769,496.156819,210.781883,640.499515,59.283195,7.119900,319.758532,14.467438,404.285661,91.327659,282.737651,17.242398,50.874684,216.330952
2012-06-23 00:00:00,0.744651,80.317329,217.871629,237.459170,52.132325,87.537410,1001.726652,156.891374,36.019316,82.988245,8.779679,104.274931,330.093422,0.978658,208.333606,1.969476,399.863808,119.128254,586.423176,61.603320,7.771247,243.750356,9.719150,372.991582,91.733388,235.103693,15.449189,60.027122,129.760850
2012-06-23 01:00:00,0.666266,53.021987,185.908426,231.388264,17.394959,61.249086,1024.524761,158.476136,26.730733,47.538275,10.715356,78.792451,237.944972,1.010228,217.671868,1.302884,277.019416,85.643555,637.764136,47.282548,7.636485,199.849082,9.496574,304.764853,66.616833,177.504931,13.518040,42.115515,81.100531
2012-06-23 02:00:00,0.960207,35.975470,146.334936,213.348999,13.295845,54.609251,1012.291629,156.231057,29.255560,38.438091,9.125335,48.463611,202.389976,1.041797,182.186473,1.424083,260.911577,77.057735,635.659998,45.042428,8.781958,190.184250,9.496574,283.338277,61.786726,146.132221,14.253716,33.535104,68.463937
2012-06-23 03:00:00,1.136572,22.589249,144.160569,179.612104,14.767322,19.783997,989.493520,119.913609,12.299844,39.660503,9.989477,30.485175,195.447284,1.089152,124.831472,2.242173,414.555573,66.754751,597.575106,32.561755,8.153071,202.470054,5.712783,247.392376,55.874675,105.287471,18.299932,33.821118,81.289137
2012-06-23 04:00:00,1.075979,11.817524,159.163705,167.730473,9.144178,17.751394,951.125972,92.576476,5.072817,33.005145,10.853618,29.390835,233.737280,2.667633,107.962354,2.120974,395.969605,57.310349,561.383937,12.240660,10.082427,190.020439,6.743757,209.613939,57.227105,69.698883,16.746698,36.931517,107.505355
2012-06-23 05:00:00,1.812520,17.849877,130.465392,121.877625,12.415211,28.956906,873.731593,83.100809,9.200875,50.613690,11.133992,62.225568,266.789684,5.208998,119.441124,4.649609,295.971014,55.164644,496.780765,9.002365,11.878793,201.750454,14.529153,165.345684,59.355979,38.466777,29.575048,31.546930,118.058205
2012-06-23 06:00:00,4.061514,43.640818,170.601822,83.366252,29.888029,68.468417,831.408098,99.737579,15.113949,116.833355,16.255729,115.578788,274.332115,10.429078,107.668605,12.646155,293.043633,83.357502,486.106128,19.488011,19.820021,258.596551,36.795707,147.002913,50.131723,52.481525,44.344747,34.701987,220.479233
2012-06-23 07:00:00,6.727564,84.500381,224.317809,86.282328,53.949048,114.456124,876.829170,122.733947,22.992934,142.795482,25.177739,137.800747,232.051572,20.065324,71.649482,24.647603,277.819612,155.063634,421.725418,41.532035,28.412283,247.045557,66.312988,111.715847,35.095362,59.802738,73.191196,42.572752,262.200625
2012-06-23 08:00:00,10.255426,129.360689,312.604115,128.040886,74.123731,164.405740,691.768919,173.287800,29.997055,188.626532,36.274509,204.600284,356.577968,21.699454,92.094397,37.551740,301.191381,241.162250,307.884344,67.048800,38.421407,274.357143,99.037662,137.274952,42.874013,79.656927,82.590651,54.125419,302.925946
2012-06-23 09:00:00,13.364609,172.195154,433.241003,188.360074,92.904501,233.124556,679.123301,218.561419,36.406068,223.637564,46.048018,298.794119,456.902501,32.934979,113.209931,50.293276,355.503691,320.831536,305.033034,93.188224,50.076867,307.317626,126.468352,141.980584,45.090160,93.267705,91.001712,63.686319,334.022757
2012-06-23 10:00:00,16.863202,199.129832,472.260812,207.243549,110.151375,303.573286,664.394399,247.347197,42.563919,258.305957,54.031615,355.723395,514.264971,37.586783,124.063277,58.543891,386.562326,390.518082,325.440121,111.297100,63.330720,331.237996,153.385081,140.264716,40.719942,101.914191,90.346655,72.484433,363.285497
2012-06-23 11:00:00,20.245700,224.210899,483.682236,189.270469,126.394832,370.292358,630.872044,270.180996,48.701338,288.187728,57.228266,383.951246,552.320800,37.213268,122.381999,69.225940,401.971764,468.236382,350.122257,123.231866,64.875525,340.848302,165.225201,139.964048,38.913543,103.602170,101.294467,76.209322,388.094214
2012-06-23 12:00:00,20.061231,250.766885,485.723987,196.548735,152.884241,375.384280,650.810521,289.482258,53.953062,318.533175,60.631431,389.033861,512.798594,35.381812,118.145717,72.073958,444.919658,507.406266,353.854380,121.565330,66.397086,353.507796,169.883350,139.326856,36.931574,103.992195,103.019458,75.123048,427.952310
2012-06-23 13:00:00,21.474181,259.448472,481.561734,199.587033,161.159592,368.758727,773.676808,286.497974,56.435425,330.307558,61.746510,350.784214,498.894563,30.472097,113.495105,72.006190,473.778334,488.712784,356.049606,115.757407,66.086968,355.533080,173.580109,134.530823,33.711669,103.709954,93.695990,75.714112,460.978739
2012-06-23 14:00:00,19.888513,244.728400,478.659034,235.167548,145.658071,354.533627,819.788437,288.586750,58.552989,317.759462,58.587164,326.139708,489.775496,36.721604,102.765490,83.298396,513.247926,450.008587,348.183242,106.718443,54.461350,333.879770,150.969880,136.065395,28.167204,105.610712,79.982669,63.885061,434.861888
2012-06-23 15:00:00,20.195618,226.532453,467.125172,249.605238,118.988998,329.457888,887.906821,269.007996,46.886756,262.802922,49.645238,305.250755,414.832918,36.710511,80.416514,82.412982,475.344233,392.509651,340.546842,94.332689,46.936662,280.187571,136.304043,115.991111,22.818803,97.391426,69.293119,45.018188,398.926342
2012-06-23 16:00:00,14.972922,177.732119,412.733508,250.615214,104.191015,256.222251,975.696240,219.143029,34.047264,206.648612,37.475989,212.048764,351.614617,21.614957,54.205140,54.199051,461.491805,301.957253,333.866934,65.566798,30.796659,196.371917,110.544355,86.745047,17.323549,68.558231,43.375357,30.158974,391.921595
2012-06-23 17:00:00,8.041799,90.283288,292.072037,246.246488,73.103550,158.769439,940.214046,147.141814,23.843890,133.867896,21.471975,122.685444,262.488181,11.394848,26.818005,37.152280,535.645441,185.983069,319.084554,43.208325,13.311955,110.774006,53.067774,49.859612,9.403966,37.677483,15.494828,17.674193,256.417933
2012-06-23 18:00:00,4.298071,52.603668,235.484006,249.633548,59.752474,90.247547,779.295280,132.459637,12.369334,84.074834,6.530840,69.725066,171.463441,5.251594,12.772332,17.452590,575.810964,132.221629,327.403825,25.921397,6.333791,85.509198,30.270331,31.964175,17.716832,23.992008,4.597973,14.836960,202.028492
2012-06-23 19:00:00,4.043322,40.054085,207.217228,226.574902,38.889033,98.242450,475.980024,158.740263,5.258125,111.918681,2.972647,43.460916,177.564594,3.362164,19.881460,10.544273,595.990014,162.701291,303.837483,25.441371,4.402209,121.056124,23.518860,16.281379,35.085896,25.952294,3.172601,23.846391,163.709909
2012-06-23 20:00:00,2.057587,33.779293,144.160569,212.785272,14.872427,79.000480,650.580174,164.551054,1.644612,119.253157,1.555455,26.107816,238.996895,1.578481,39.280946,4.878241,648.915768,330.983365,361.280442,59.523208,2.919833,172.820313,14.690013,57.724888,39.278428,16.644509,3.540439,24.704432,114.672379
2012-06-23 21:00:00,2.083715,23.635047,88.496759,218.986269,24.279369,78.051932,881.341517,177.625335,1.181341,89.643603,1.590021,19.229110,282.756889,0.631392,66.753509,2.242173,585.723480,427.573841,450.706294,79.044260,3.324117,140.058168,15.135165,147.096265,34.544924,41.447018,2.758784,13.049374,132.589938
2012-06-23 22:00:00,1.437045,14.745760,81.103910,171.026108,54.444646,72.902673,773.189514,162.570103,3.381878,58.539990,1.797415,23.606469,314.104193,0.410405,45.546618,1.424083,589.086655,302.006222,591.683520,59.363200,3.391498,118.926585,10.090110,136.030566,30.835402,62.635916,4.276115,13.335388,124.479885
2012-06-23 23:00:00,1.770178,18.615214,91.540874,154.244388,28.588694,63.281688,685.611414,176.040574,5.860377,63.565464,2.385031,25.482479,371.328802,0.710316,64.162895,1.757379,544.480334,193.610243,582.214900,55.042967,2.133724,124.987582,7.641775,117.775687,35.704149,56.503729,3.816317,15.766504,59.222248
2012-06-24 00:00:00,2.730385,21.438870,80.451599,170.635835,15.503060,45.123773,647.799916,178.417716,7.852443,96.842256,2.143071,21.261455,290.330735,0.489329,65.608819,2.181574,577.227038,112.688889,450.706294,69.203730,2.156184,92.061626,4.674095,119.537741,35.491625,54.039903,5.011790,21.772792,22.821312
2012-06-24 01:00:00,1.659134,11.399204,89.149070,154.721388,6.411435,26.830352,663.091331,171.550417,12.207189,125.093574,2.004809,19.229110,184.928055,0.378835,78.742632,1.817978,597.052069,70.833016,433.241952,42.082268,1.662059,68.472882,3.264447,92.754520,38.814738,35.314831,5.517567,18.555138,15.842894
2012-06-24 02:00:00,0.809971,8.157229,78.277232,164.564929,7.567596,15.718792,769.297154,151.872963,14.546708,87.742072,2.454162,18.916442,136.749984,0.820810,92.780148,2.878465,550.144628,48.939175,392.632094,48.482613,2.672770,69.455747,2.670912,92.895485,35.027935,28.744629,8.506250,10.010479,12.259383
2012-06-24 03:00:00,0.326601,8.470968,81.321346,163.264020,4.729747,11.111560,827.960580,131.535193,6.184667,56.366811,2.592425,18.760107,115.921909,1.010228,89.587065,2.787566,353.841413,44.002328,394.315404,30.401639,2.942293,59.627103,5.341823,93.600306,21.754801,25.459529,9.517804,4.218702,15.088471
2012-06-24 04:00:00,0.519695,14.536600,70.884382,128.486399,3.888903,11.924601,820.731911,94.821555,3.567186,42.376976,2.419596,18.447439,80.366914,0.962873,77.236461,2.030076,198.427326,33.484698,394.946646,32.961777,3.932519,42.918409,6.139607,69.565890,10.375069,11.607355,11.314488,3.146151,12.636594
2012-06-24 05:00:00,1.385910,22.275729,96.254989,88.013772,7.133275,29.012096,746.186104,81.778884,3.873146,37.822193,4.191359,35.252936,73.480453,2.615311,58.521175,4.427955,132.619428,37.741360,392.440126,38.050535,8.083998,42.467560,17.416013,48.469985,10.822783,11.080165,15.230531,7.277332,25.419284
2012-06-24 06:00:00,3.361908,50.225262,155.013898,65.709671,20.428278,67.871200,668.795454,96.607132,8.805592,70.333520,10.488376,85.160073,110.126429,6.499839,62.793909,13.023601,154.265818,67.394497,332.835484,25.715545,16.358478,79.927521,39.980785,51.003459,17.163848,22.201709,27.523926,17.850781,78.234201
2012-06-24 07:00:00,5.868003,94.951725,211.915416,71.663889,41.624787,117.941827,731.067097,143.019095,17.730363,112.953805,21.296344,143.384642,198.911375,13.183302,66.898011,24.591889,190.163489,143.633649,363.100731,42.372111,27.696298,144.586351,70.661012,94.139426,24.128681,45.947355,41.635667,32.597675,154.594057
2012-06-24 08:00:00,8.537855,130.465820,303.931377,80.104454,64.242018,171.538102,642.284115,186.281535,27.308725,163.283811,31.195244,202.837283,283.631626,20.182692,81.227135,37.068870,244.151799,233.261857,285.251308,68.833402,35.584769,211.873355,98.827512,96.365494,40.344763,71.220355,57.681683,46.849160,236.332405
2012-06-24 09:00:00,10.748167,170.229885,384.414237,98.921566,88.153557,226.869659,607.986150,232.495910,35.260919,210.421346,40.093810,255.531516,370.832593,25.318748,96.959341,47.251832,331.000700,317.499063,289.195273,88.995038,43.112842,278.499170,125.504943,121.320360,45.019093,88.880617,73.403521,58.357742,308.947650
2012-06-24 10:00:00,12.935469,202.601694,455.214104,124.489783,108.386366,256.085015,705.770264,274.814643,41.537901,250.270468,49.822593,294.607479,439.091606,29.586396,106.375382,55.874415,383.801822,379.483835,323.686389,103.978707,49.239303,324.015920,154.727889,133.175922,41.159970,100.780873,92.911443,68.465122,364.931093
2012-06-24 11:00:00,13.994787,221.162758,486.964272,142.613139,116.624459,273.413782,746.277092,320.846727,44.632684,277.186202,59.592592,316.768973,488.223236,32.805947,111.751899,70.713181,408.829049,410.795418,323.372598,112.820881,51.664916,352.403532,177.489919,140.246321,41.015694,108.124322,100.918406,71.289008,403.204138
2012-06-24 12:00:00,15.139664,225.055347,476.119291,182.367181,116.957378,276.284873,648.936689,362.906493,45.548267,291.707200,67.076256,321.793737,481.485790,33.301643,112.676665,97.073567,430.123393,412.257494,309.534194,120.935842,54.930744,365.215405,196.251431,140.592092,40.251924,111.412632,98.149545,69.725114,406.254341
2012-06-24 13:00:00,16.064932,223.853371,450.794964,202.938233,109.912962,265.584560,617.326163,407.863175,46.767933,293.522289,69.480305,309.735051,459.028518,34.398946,106.731482,114.737345,429.369156,397.289077,300.344442,115.767953,58.029239,356.254969,209.204430,133.697628,39.731795,107.214787,90.695958,66.133402,402.062235
2012-06-24 14:00:00,14.297526,215.010352,434.988539,229.904567,103.890079,245.936716,642.941745,452.568078,41.909504,284.009799,71.056409,268.987587,412.995691,36.302056,94.969346,113.374601,439.429897,372.185736,306.505942,102.206399,47.174118,327.187764,188.354047,118.681042,42.611010,95.740356,77.117101,63.898833,412.097302
2012-06-24 15:00:00,10.635477,207.243490,422.583867,277.035253,98.461044,203.862494,654.598050,421.747620,32.228369,248.706835,61.839662,207.553442,323.261887,29.519016,76.116453,82.679272,404.795254,331.084339,286.838514,92.045992,33.476294,287.082254,154.340617,95.931879,49.087047,78.469507,55.319798,60.984608,402.509854
2012-06-24 16:00:00,8.230526,167.582764,360.548687,281.820073,79.002956,142.697594,703.487725,346.356623,22.185265,184.771054,54.856783,146.031328,229.685956,18.477095,51.051240,56.748259,336.103075,281.615810,312.240700,96.456632,19.944721,267.402898,101.899565,69.096423,57.493481,58.855072,34.893892,50.047504,359.924534
2012-06-24 17:00:00,3.996289,111.965326,270.255529,240.714294,64.702629,73.319821,779.868808,331.015787,10.740289,124.062529,47.102127,68.127490,141.549194,7.663883,26.918318,35.621927,338.986478,187.513148,408.525216,80.075945,12.006047,357.034793,52.245864,57.515804,118.918808,41.499593,13.320809,49.832595,343.709028
2012-06-24 18:00:00,2.730385,60.970056,257.445118,202.500869,67.425175,32.521639,881.388231,271.786573,2.478500,91.680958,39.756734,35.644204,85.626528,1.104937,12.832579,20.603752,409.776324,106.464169,439.343951,68.723704,7.457681,514.529482,31.160635,172.822252,147.646705,71.286681,3.494459,68.965049,406.257079
2012-06-24 19:00:00,2.031459,41.309043,269.839013,183.124557,75.781061,28.727447,791.817237,211.037387,5.999359,124.414456,31.800411,41.115902,134.435753,0.773456,19.339239,9.786782,492.970653,175.580021,502.888909,103.845597,8.377674,548.274491,25.151084,395.334426,108.716044,314.548374,3.402500,92.704185,606.933742
2012-06-24 20:00:00,1.241084,26.772443,341.593142,172.023471,153.769338,20.597038,770.687283,211.961831,21.472608,143.973060,13.964528,20.010781,189.556516,0.694532,16.387143,4.696443,462.348060,238.471153,542.025870,107.605800,8.894259,450.643300,30.270331,435.509257,60.183131,368.588277,5.747466,104.073229,710.478374
2012-06-24 21:00:00,2.044523,98.514224,456.617186,169.595108,215.939238,22.223120,792.651314,184.492635,39.702320,114.770977,5.530506,16.415094,275.603813,0.757671,5.060735,3.848054,462.348060,221.943449,477.008016,96.805218,7.861088,364.315048,30.047755,359.952383,62.540223,285.858496,6.483142,113.833446,549.597553
2012-06-24 22:00:00,3.710189,139.614108,420.740121,153.203661,181.885058,52.712156,693.674159,170.890100,116.721114,87.606249,3.802223,18.916442,331.355730,0.536684,2.289380,3.181462,428.539300,152.398307,396.209128,56.403040,5.749824,272.744854,18.918957,281.364776,61.438958,215.612097,5.655507,144.830179,303.655477
2012-06-24 23:00:00,3.964938,139.509528,335.939787,121.027857,152.560625,99.868532,662.257254,164.815181,113.547708,61.256462,2.938081,12.663073,307.161502,0.331481,23.074543,2.939065,393.845495,100.024804,311.412379,56.643053,2.448167,223.929259,11.499758,231.815819,54.889334,173.070045,5.655507,159.559884,220.103069
2012-06-25 00:00:00,3.533824,113.782883,300.280159,95.096413,100.007878,93.093190,675.602488,168.248831,100.020197,53.786162,2.557859,20.010781,245.098048,0.441975,65.608819,2.423971,399.863808,59.671450,249.129903,85.524610,1.549757,229.990255,10.090110,195.940400,49.073885,194.587454,7.264797,133.067866,135.607632
2012-06-25 01:00:00,2.782642,80.840229,218.523939,89.285689,87.973299,92.686670,590.526619,150.948519,65.923455,98.743787,2.350465,45.336926,201.969207,0.599823,111.396425,2.939065,363.930938,36.060444,203.259701,56.083023,1.302695,174.786042,6.083743,156.963767,47.025920,186.867467,11.724831,93.597978,93.548520
2012-06-25 02:00:00,0.457242,75.611236,194.605896,61.012610,73.363635,133.609732,500.446287,141.307888,26.823388,160.951015,2.523293,64.409702,199.234207,0.647177,124.891719,2.696668,300.915659,30.694307,114.885918,27.281470,1.302695,120.892314,6.157935,121.652205,46.388346,146.679738,16.598682,84.731554,80.346108
2012-06-25 03:00:00,0.424581,105.102755,174.819151,42.929981,53.814013,143.772744,481.262513,109.480597,10.562578,164.074959,2.765253,41.428571,195.868054,1.104937,102.178657,2.757267,257.725412,16.956995,66.069924,13.120707,2.403247,80.103444,6.083743,130.391993,40.263770,64.990238,17.150439,70.073352,62.994366
2012-06-25 04:00:00,0.635083,94.540190,226.134225,39.374165,40.938590,142.824196,354.482787,96.538379,7.504989,151.035889,2.626990,42.679244,154.001520,0.726101,116.457160,3.029964,308.350046,12.020148,43.766064,7.680414,4.946443,41.116492,7.992595,92.543074,32.554920,34.493555,17.705439,78.475004,37.909783
2012-06-25 05:00:00,1.405506,49.134726,263.208938,44.456142,26.507635,176.942387,268.800379,93.773894,4.502328,177.832956,3.854983,78.401184,135.192581,2.285625,130.525956,5.725616,345.060127,20.460825,37.312819,14.887346,12.432557,36.869760,20.514939,53.168337,26.881200,22.942671,19.841012,73.781501,40.884967
2012-06-25 06:00:00,3.369662,45.935444,276.275023,37.183155,27.277738,196.347241,226.373915,113.706445,10.832119,190.013579,8.896211,116.679045,164.754924,6.692363,136.896945,13.634076,362.608253,67.744550,63.050660,25.482136,21.535292,76.238979,44.568263,60.282117,34.346557,31.818595,62.796516,63.351432,92.350818
2012-06-25 07:00:00,6.351660,89.998376,294.405277,41.073826,47.958035,241.894496,266.536614,152.610330,19.872935,209.202627,17.763848,166.919267,214.619748,12.974376,72.239212,24.575925,461.760963,147.908734,112.848061,45.505488,28.546026,145.673354,71.663509,78.937168,38.899855,53.044594,76.067418,60.473780,180.282494
2012-06-25 08:00:00,9.659557,126.293499,384.503910,50.889499,75.313044,291.872782,353.038176,182.993680,27.454900,241.352359,28.852007,224.269065,294.466946,19.453738,98.506125,36.759910,408.661294,234.340627,169.098155,64.925241,36.359813,214.266843,100.175031,96.880412,48.189517,70.604637,77.051657,75.738812,254.226668
2012-06-25 09:00:00,11.143466,161.241272,425.486113,63.097032,93.880522,293.217431,418.061449,221.787804,36.383276,254.214186,40.628437,271.022598,358.701786,25.092803,105.842662,48.099629,526.668140,308.801501,228.321980,87.535554,45.463535,281.437360,126.431437,121.964782,55.839476,91.384675,88.398356,84.340054,344.507691
2012-06-25 10:00:00,12.286515,187.699976,444.316472,82.549653,97.532041,286.415566,476.215232,256.928294,41.316320,257.003548,49.842189,298.132669,416.093325,29.476310,114.414069,60.590713,732.911791,367.128911,271.855020,102.250476,50.961109,330.584582,149.359040,136.838584,57.580136,104.562025,99.907890,85.015145,393.101152
2012-06-25 11:00:00,13.113612,203.488908,457.368140,98.915217,102.406502,306.611558,538.778260,273.859603,44.310463,281.676534,57.524222,323.187286,449.834728,32.256530,118.936157,69.550461,843.702142,394.574778,299.281476,112.826733,54.584859,343.571584,165.554173,146.937650,60.739275,108.291596,107.196665,82.052893,396.887223
2012-06-25 12:00:00,14.202855,210.643542,470.043808,106.892681,101.714258,303.437563,590.053272,270.797261,44.871060,295.358514,61.435603,338.249997,459.958147,33.449478,112.210162,78.467815,832.190490,400.759055,321.491728,116.251739,54.926762,337.489554,179.913506,142.326406,55.183756,107.273398,110.821881,81.751935,390.946598
2012-06-25 13:00:00,15.246242,212.686096,467.119715,108.752130,99.914261,302.562032,536.789141,262.488138,43.704994,273.494794,61.992428,342.799334,430.539684,34.509307,106.616370,94.262425,717.674299,393.270428,318.532794,115.609916,53.388885,322.575461,184.157929,130.967613,52.347940,101.223968,115.108645,84.755977,363.018053
2012-06-25 14:00:00,15.255673,224.919749,440.696367,109.093202,93.101803,295.826958,497.536074,250.165041,41.282843,248.769393,58.166064,327.479723,396.237743,29.503573,94.624219,123.412449,752.860836,404.594361,333.619136,109.148932,51.335973,301.647123,161.700536,115.740269,46.674489,91.257214,105.490646,82.402002,317.789752
2012-06-25 15:00:00,16.380662,196.101393,424.664918,140.110933,78.206013,251.966022,438.716244,217.078031,34.138739,212.149708,50.780307,276.939733,328.323742,22.913442,74.628108,112.215749,750.388631,378.989680,311.885853,87.496638,42.470066,289.750894,124.889763,95.153821,43.290164,78.550164,75.766879,79.963826,271.613683
2012-06-25 16:00:00,13.422581,127.403519,378.386998,158.287925,57.330027,231.076715,336.514384,157.207392,23.049509,161.258304,38.036753,230.356553,262.424177,16.802749,52.606391,77.806209,697.922008,309.677451,263.587055,61.916147,30.292956,323.315625,77.957143,71.773367,41.569553,59.748369,44.365716,80.175093,245.784542
2012-06-25 17:00:00,6.722331,86.393253,330.125594,144.000938,36.980926,162.092363,243.583575,103.552490,10.844356,104.952247,24.690036,131.333068,218.480511,9.557829,31.546941,56.745847,640.407842,219.956374,230.496445,36.661180,18.894809,425.615015,53.103964,66.595509,50.955544,44.766086,17.373395,87.253009,285.649081
2012-06-25 18:00:00,5.179894,55.427324,275.492369,142.682325,31.661032,102.443161,184.474703,81.219020,2.223701,63.543380,11.432532,65.347708,171.779532,2.130949,16.387143,28.663455,648.561750,88.457015,113.057024,8.901450,12.737157,472.266315,38.444962,170.707788,72.799370,106.656263,7.356756,94.277260,426.060697
2012-06-25 19:00:00,4.108642,72.892160,186.343299,138.113122,85.135450,89.163492,193.783923,119.385356,1.876247,82.580774,8.779679,61.126683,193.764208,1.215430,16.808871,9.453486,587.316563,73.623407,78.694750,18.240983,14.621624,520.918100,41.992665,410.488091,68.742080,305.295341,9.931621,66.748443,664.647144
2012-06-25 20:00:00,3.337863,94.749350,113.719423,118.512767,192.395607,92.280149,229.927266,125.592338,4.563219,80.950890,9.229032,60.032344,284.650351,0.710316,6.566907,5.666032,590.856747,96.590476,88.373783,42.322281,13.745674,484.879741,49.560247,454.046064,47.450969,366.014949,7.218817,50.052395,579.397283
2012-06-25 21:00:00,4.487499,146.411798,93.932678,141.452121,189.820523,88.079438,246.886835,101.556790,73.057828,64.787877,8.675982,52.997304,379.954570,0.457759,6.386166,3.999552,625.196534,139.734222,122.881641,40.562186,10.152034,337.122468,33.683162,358.613222,50.870685,270.309020,7.678615,32.212291,445.109892
2012-06-25 22:00:00,3.978002,165.968231,88.496759,101.297411,171.532167,84.014233,183.774998,61.013312,105.672102,49.303982,8.675982,47.369271,302.953810,0.883949,16.326896,3.696555,513.680731,187.600169,128.983641,27.921505,4.604351,205.091025,21.293100,284.677438,74.538208,182.870595,10.345439,36.073476,269.517812
2012-06-25 23:00:00,3.344395,136.581292,105.021953,62.400246,106.261655,76.696864,132.618266,41.071732,53.554121,41.969505,7.984668,47.838274,246.991509,0.947089,30.846387,3.120862,405.174084,167.638137,114.254677,43.522346,4.536971,180.027985,12.612638,244.784536,79.271713,173.070045,10.667297,68.142760,162.766880
2012-06-26 00:00:00,3.135371,112.214185,103.934769,37.639620,64.377115,62.062127,112.322389,39.222844,39.424357,69.813352,9.505558,41.584905,202.179591,0.852380,118.144072,2.878465,359.859726,123.206518,114.675504,42.642298,2.717690,162.664048,8.309503,280.659955,61.748085,178.928475,10.851216,59.705356,113.540744
2012-06-26 01:00:00,2.808770,112.737085,81.538783,18.082629,53.551249,35.502789,60.331580,42.788557,51.840019,73.073119,9.851214,30.172506,201.758822,0.710316,216.707918,3.635956,348.708146,133.509502,70.067785,33.121785,1.706979,138.747683,6.083743,284.325027,37.172502,133.977349,15.035371,39.255378,69.595572
2012-06-26 02:00:00,1.613410,93.285232,98.716287,11.101086,33.370994,29.133968,43.650037,34.468560,41.902857,66.010290,8.675982,25.169811,174.408825,0.836595,248.819489,1.696780,321.802746,137.158476,35.559927,22.721225,1.212854,95.174030,6.454703,236.326677,23.802766,91.982814,10.943175,30.317450,57.713401
2012-06-26 03:00:00,0.894887,45.596817,113.501986,6.287725,19.970044,21.681092,52.546860,34.072369,6.833246,85.161423,7.535315,26.264150,101.194988,2.572924,232.613086,1.545281,331.361243,77.487026,22.724687,12.960699,1.370075,73.878636,6.825663,207.288028,15.726828,43.418078,13.609999,23.381619,57.336189
2012-06-26 04:00:00,0.318264,27.609082,92.845494,8.239087,15.187744,15.312271,46.986346,31.431100,1.899411,93.446665,8.745113,16.727762,86.888836,3.188532,211.466442,1.757379,347.115063,48.080593,33.876617,9.200496,1.719581,55.695646,8.338703,174.725271,12.210510,23.926482,21.876391,14.729705,42.813536
2012-06-26 05:00:00,1.336840,26.526940,76.318329,7.598834,10.425725,25.414616,67.923157,33.221837,3.482905,91.516036,11.910487,25.429174,130.176531,4.621700,201.405933,4.518558,267.440291,43.041891,44.637902,12.909368,4.676137,63.104510,19.302654,129.675859,13.298562,21.509423,27.381224,18.062023,46.477203
2012-06-26 06:00:00,3.538177,56.494944,142.539735,14.101664,23.325170,61.837066,151.280600,56.454038,8.866531,158.024789,19.886205,66.402657,212.332966,8.291806,222.536812,13.159283,282.978566,83.233927,121.549601,26.438307,12.053523,102.360787,42.762803,118.885106,14.484025,33.194952,33.867739,25.214935,99.602471
2012-06-26 07:00:00,6.029052,99.647601,222.556009,27.362357,44.388886,110.197752,281.259182,99.952864,17.540044,179.294034,31.727112,127.949532,250.482613,13.442391,124.832946,24.505028,409.621807,149.356729,250.005700,51.851088,22.108116,168.021915,71.416444,149.048913,20.356735,55.569131,55.033951,33.246320,194.943739
2012-06-26 08:00:00,8.458408,128.689130,306.119856,48.464927,64.263545,163.066241,432.359910,144.228404,27.006128,194.961619,45.127368,187.838619,306.411300,20.240125,103.524145,37.638304,373.067743,221.641490,252.071314,72.696205,31.348402,219.874473,97.825739,110.356817,28.711978,74.578890,68.301378,47.371713,255.899246
2012-06-26 09:00:00,10.785012,164.735246,379.998283,63.619628,81.605477,208.384789,485.291450,180.236661,34.934932,224.017359,61.456746,243.231167,387.053054,25.333981,103.828449,49.654616,417.491131,309.589082,297.314498,89.247975,39.564890,288.297406,121.769405,158.005561,34.715710,101.079810,78.183328,59.045507,339.105244
2012-06-26 10:00:00,12.530101,205.436369,423.324038,90.113736,95.083332,245.514731,592.284332,195.958756,40.748078,223.003657,75.603347,284.311769,449.794499,30.699077,106.869970,55.131112,488.567064,392.636674,287.147036,111.837906,46.038882,338.590502,141.753093,161.895606,37.344732,113.253557,87.695465,67.049175,365.349368
2012-06-26 11:00:00,13.654452,234.905193,437.973783,81.912113,107.512223,270.835931,781.474151,220.147748,42.912585,240.582441,94.839290,301.643586,469.383610,33.105726,108.434959,60.857764,545.154304,438.713710,305.897623,127.092069,50.247617,360.750105,151.836369,157.276050,38.304861,112.355943,97.631260,70.618383,373.976938
2012-06-26 12:00:00,14.667659,235.888594,444.309796,82.809509,112.731264,290.741261,947.989434,231.276559,42.994619,264.253668,102.560653,309.086553,475.438223,34.561343,105.763118,69.391520,550.761284,478.412344,330.274609,143.640444,53.255299,372.224057,156.371451,160.148063,37.556987,110.442844,95.974714,69.924156,369.043439
2012-06-26 13:00:00,17.083641,224.835021,427.724969,74.913641,113.343890,279.631958,940.499569,217.016563,45.042451,239.019189,96.423970,294.404367,469.876316,36.018976,107.893283,83.954882,539.193921,454.393317,351.123454,144.504681,47.948112,387.865865,154.103495,158.575518,35.556035,104.821990,87.248056,63.448706,350.675225
2012-06-26 14:00:00,17.363105,220.478863,399.489294,70.777539,105.517966,257.837588,1002.839918,215.752052,40.495768,184.252593,98.035931,262.701407,456.019998,36.399199,96.676227,119.988294,629.181670,365.508208,351.721705,129.760152,36.401787,387.801961,125.849963,130.627350,33.844026,88.649957,76.692048,54.552867,322.641648
2012-06-26 15:00:00,13.574887,194.042490,388.153447,61.290597,118.617057,215.854312,1062.063995,185.500766,35.139346,151.385451,93.890735,204.870746,417.590672,30.624900,77.179034,118.028649,641.658283,305.175293,425.614070,109.417474,24.676139,348.710751,91.286436,99.787641,28.174080,70.459372,54.108805,41.795819,282.845670
2012-06-26 16:00:00,9.244115,135.511486,296.776747,69.016360,109.646562,159.278605,823.605418,126.063273,32.567593,119.431825,84.149374,145.752029,339.538423,27.071346,54.827872,77.260372,581.537401,265.706128,428.937619,83.224931,15.161957,322.896896,57.694239,69.737746,16.632598,48.110027,33.173069,27.517065,253.370763
2012-06-26 17:00:00,5.738151,123.401093,156.573585,98.835320,86.555513,103.624173,701.118220,84.796255,29.816093,68.699277,81.810267,88.368328,221.123164,21.714853,32.777062,54.912793,522.200523,286.712174,367.988012,60.926526,8.463205,308.295901,31.527247,38.554382,17.627524,26.185591,13.471720,12.138142,210.799526
2012-06-26 18:00:00,2.207824,74.045166,93.715241,97.174906,93.219185,65.178784,538.794968,50.553391,33.988780,26.939999,70.233243,51.277627,132.757522,6.566481,14.736682,24.966899,483.845353,377.236251,263.888221,63.360855,2.493088,338.596765,17.178888,29.109820,59.371673,21.955422,6.529121,3.003144,244.999046
2012-06-26 19:00:00,1.848562,35.138832,151.770855,91.627324,88.656485,85.098287,365.047764,30.374593,30.367410,11.952480,68.647409,47.369271,144.954983,4.782797,8.193572,8.302100,485.713276,516.866370,191.686944,76.084101,3.638561,357.271187,29.750987,127.220296,46.600870,86.452895,7.908513,5.470012,363.066331
2012-06-26 20:00:00,2.273144,17.569416,141.551328,75.062422,64.324563,83.472206,310.832750,22.714913,13.620166,12.088304,43.172514,32.048517,191.449977,5.556253,5.602957,5.726631,560.411163,579.757502,222.196941,84.724566,4.334828,352.520676,30.938059,251.198413,29.444331,191.849870,8.276351,18.590889,408.708956
2012-06-26 21:00:00,1.855094,13.490801,75.015681,57.716975,107.628026,79.000480,233.819626,11.621583,4.748527,14.533130,47.251263,25.169811,297.694195,5.793025,3.614811,3.090563,513.680731,666.474285,245.763283,55.442988,3.548720,355.633080,16.396429,259.303861,22.160530,205.373534,11.081114,38.683351,339.867807
2012-06-26 22:00:00,1.992267,13.386222,60.012544,14.309994,78.671463,71.818618,159.864786,22.054596,2.316355,11.952480,36.121119,26.733153,203.021130,3.362164,15.724428,2.908765,371.188316,690.729227,247.025766,66.323575,4.963716,291.255466,11.944910,192.416292,24.150534,138.850248,13.472060,34.679159,264.991270
2012-06-26 23:00:00,1.228020,23.425888,68.275141,8.022269,52.289983,57.454895,106.205823,32.883798,4.377910,10.186773,38.298756,21.730458,163.889596,1.878392,76.453252,2.726967,306.225935,661.966729,232.086388,62.003342,4.447130,175.113663,7.345007,174.654789,12.287792,90.723526,13.426081,28.994637,177.666745
2012-06-27 00:00:00,0.679330,19.451853,46.314029,4.639907,23.806394,48.104924,148.465732,53.749823,2.594317,12.903246,26.408167,17.978436,113.818063,1.357494,175.438826,2.211873,248.697942,809.857481,125.196193,38.402070,4.379749,106.968402,5.712783,180.152397,6.897393,82.620278,11.494932,32.748567,86.004284
2012-06-27 01:00:00,0.542158,19.451853,44.791972,9.626723,17.342407,33.063666,196.008129,99.443775,6.902737,19.151133,31.938674,12.506738,82.681144,1.578481,199.718306,1.999776,190.815930,942.508401,101.419437,20.001078,4.492050,97.795002,4.674095,143.572157,2.511656,96.089190,12.782364,31.390002,61.485519
2012-06-27 02:00:00,0.574818,19.033534,48.270960,57.543521,12.349896,24.526736,287.478590,119.121229,14.986815,43.599389,36.363079,14.382749,80.577298,1.657405,231.709384,1.454382,183.912570,435.515724,125.406607,24.881341,5.704904,94.027355,4.970863,116.225079,1.854761,88.095445,14.575574,25.991493,45.642625
2012-06-27 03:00:00,0.711990,30.641898,53.489442,31.568714,15.030086,24.526736,312.500904,185.549142,18.299202,118.574039,40.476393,13.757412,69.847684,1.452202,162.003779,1.060487,196.126206,254.784211,166.016464,18.240983,5.368000,105.657916,5.861167,109.952167,5.854089,100.578827,16.506722,20.521482,50.923589
2012-06-27 04:00:00,0.766786,93.285232,56.750993,22.288899,10.930971,27.236872,193.783923,225.036113,15.635394,92.631724,39.854211,24.075471,69.637299,2.904405,117.782591,1.484682,168.512769,393.659851,236.925905,19.841069,4.358605,131.540011,6.372434,128.982350,6.665547,125.326585,23.965052,25.169204,66.200666
2012-06-27 05:00:00,1.451071,173.281889,83.894324,19.732175,18.097912,33.714140,189.311396,231.960366,21.840865,154.202296,35.270060,41.266827,98.553510,3.866518,154.522322,5.272454,196.545940,466.674972,190.679867,14.547515,6.652420,140.011644,15.579541,86.446687,6.062826,112.013407,24.825933,23.173994,83.913169
2012-06-27 06:00:00,3.456320,159.291615,139.261189,25.115100,44.624069,62.499030,261.967235,130.373257,57.367944,231.751340,51.814673,76.317107,219.314269,11.092679,62.189254,13.331270,186.421831,429.436152,166.456313,26.815040,13.861190,174.593314,37.133739,72.843041,9.794878,140.508579,26.977613,29.688664,140.554165
2012-06-27 07:00:00,6.709125,199.280603,236.475451,40.701902,90.797288,113.006243,362.483115,143.815254,30.096028,173.968855,56.341144,139.088829,315.167725,18.841754,63.971435,25.142293,240.535762,416.795289,216.150601,39.169804,22.792660,198.426693,68.481693,51.421384,18.455634,104.214638,45.542554,40.597276,223.325830
2012-06-27 08:00:00,10.247831,158.852791,391.441249,49.185024,109.699373,175.778757,384.125571,234.439073,24.977693,238.457599,51.691481,233.126583,339.966980,29.257999,74.599435,33.871126,243.660050,477.472867,275.705282,56.792742,31.261665,230.651453,99.799722,52.983157,27.695343,63.546102,59.682901,60.108678,210.295703
2012-06-27 09:00:00,13.217983,166.737515,396.913737,59.509689,76.162799,237.728889,429.380132,329.212431,27.898062,305.011279,53.619354,295.603413,419.160559,41.513213,81.842385,44.208547,331.971346,639.943640,327.187949,80.937504,39.978923,296.385281,127.415348,117.874651,42.971734,69.988078,70.043989,73.999253,243.683425
2012-06-27 10:00:00,18.146674,170.530195,372.724696,71.597122,80.864419,264.214889,497.016413,499.174679,32.486466,279.975656,65.757693,328.578888,427.029061,53.114200,83.962040,50.578744,358.633160,765.862065,406.287625,105.067899,45.806787,227.866559,156.932162,116.846194,55.208238,88.253437,86.998936,89.991918,251.978927
2012-06-27 11:00:00,25.156537,162.701959,340.836753,81.452245,177.648206,300.766406,591.615941,663.071592,26.132121,330.142635,76.656834,322.719427,367.936536,58.335326,81.466609,61.242842,345.535589,926.149083,447.674044,137.685253,48.408775,294.357715,182.015733,148.880262,52.490772,104.792914,95.227111,72.551546,280.359838
2012-06-27 12:00:00,23.380378,196.266255,348.882975,89.791315,144.868823,310.512374,695.700268,834.187849,24.076465,353.756613,91.174990,325.438464,319.415357,39.841147,70.337716,65.521476,370.326884,1001.317998,479.105058,160.371424,51.008490,314.899788,187.659502,151.703581,37.980605,85.469851,92.402888,79.179359,296.973739
2012-06-27 13:00:00,21.815077,227.314211,335.126951,98.722127,137.002926,298.391816,720.406648,869.984692,139.097734,434.236339,62.994244,245.046153,347.291387,33.194497,130.486608,66.860009,418.504142,980.851182,481.363157,179.801356,52.830920,298.662633,183.132754,247.072826,51.355707,103.128279,88.070480,58.938651,425.185334
2012-06-27 14:00:00,23.833025,318.885149,275.365374,95.284301,190.295888,283.984717,696.269940,736.599780,59.342667,484.118590,75.931293,198.912574,593.207922,23.992548,90.218883,57.008842,497.758069,996.434173,512.784091,187.164780,40.703590,397.920269,154.208958,224.264592,36.034474,137.645140,74.597481,45.975600,671.679011
2012-06-27 15:00:00,21.474226,449.466491,565.818694,87.571616,115.597640,214.089397,718.542707,720.559276,43.333244,600.824555,75.724174,209.190636,314.110812,21.908964,113.879540,32.999921,410.986743,1275.878797,634.649403,222.724084,31.959545,502.588116,122.863540,279.886868,20.190455,144.724879,60.309698,35.296517,755.391727
2012-06-27 16:00:00,19.470979,511.738138,373.277157,82.909430,154.736232,295.520200,724.448652,686.508654,55.221187,612.372312,70.289522,250.017590,171.454054,23.620619,128.537475,26.801435,260.366847,1375.132040,642.583333,252.200927,23.941846,510.731665,85.433189,299.618133,31.150139,252.413477,50.395198,54.604487,561.406423
2012-06-27 17:00:00,10.492497,430.577454,88.118182,53.305250,152.989704,300.093932,687.169960,559.088714,36.388850,675.072977,46.950845,124.332997,226.342405,21.414633,102.475604,14.529490,203.335290,1294.626040,651.959138,193.044351,15.279476,476.004245,67.847305,422.299584,94.787473,185.636071,27.582980,78.894444,455.577457
2012-06-27 18:00:00,9.654329,446.128324,87.858257,39.143378,159.191073,104.040252,466.720033,511.178526,25.831348,817.640882,25.371042,86.262312,297.837192,13.457371,179.406499,10.873827,281.782607,1255.032253,639.026618,147.207934,33.494269,446.703728,236.991056,330.324055,51.509432,210.300077,20.323040,21.377627,562.861957
2012-06-27 19:00:00,6.407914,359.650125,184.168932,35.428076,120.083027,69.921523,326.958241,451.392860,13.064241,679.389855,14.310185,84.107815,329.251884,38.388657,152.906504,5.150938,446.594240,1012.268189,512.778357,152.888240,18.978912,348.589219,128.871482,216.732637,49.170487,165.076301,24.966992,44.618135,467.931204
2012-06-27 20:00:00,7.988663,249.736696,240.702488,26.495170,82.980788,82.117137,258.841941,310.613226,20.777702,413.718812,9.332729,93.331535,419.717258,26.265923,147.966263,8.059703,551.383693,673.986878,375.167751,87.684726,7.636485,218.359694,18.399613,99.661772,53.324379,82.620278,12.552466,24.418418,235.757358
2012-06-27 21:00:00,2.978602,192.217775,337.679281,26.625261,80.248045,123.988747,238.824089,187.398030,17.002044,281.019114,12.409073,126.943394,617.899542,23.835062,156.280328,8.756595,571.916761,596.714497,267.435901,69.603751,6.648234,131.048579,4.525711,43.276045,56.802056,46.703179,9.977601,13.907415,203.694357
2012-06-27 22:00:00,2.057587,126.855365,442.266360,29.920896,65.270512,121.956144,252.447349,112.782183,19.017272,203.056344,23.470086,145.859835,723.933376,13.764354,190.560785,8.029403,411.015388,590.919068,234.400939,48.482613,9.455766,40.788870,7.938543,9.937984,65.264403,21.900670,28.047634,11.905320,323.081883
2012-06-27 23:00:00,2.397252,109.076790,566.640184,21.464991,42.883042,131.577129,252.725375,66.427914,43.570632,135.280347,31.178229,211.520212,620.634542,16.163645,225.925686,9.877681,314.722378,637.067851,269.119211,30.801660,7.973389,14.415344,6.306319,18.677772,72.026553,10.950335,42.531248,11.476299,419.836703
2012-06-28 00:00:00,3.233351,87.637919,691.666318,14.700266,31.531648,106.779380,223.810701,41.203795,68.795735,132.971345,21.568974,278.118593,326.096115,5.556253,168.630932,5.666032,463.056096,446.462645,229.982250,36.161949,8.018310,24.407798,7.790159,15.928968,28.845398,10.074308,100.235807,12.227085,318.366736
2012-06-28 01:00:00,2.678129,49.989171,927.150324,13.269267,26.276374,95.667820,251.335247,21.658405,57.376106,149.134358,26.822955,242.161720,192.501900,6.124506,136.519361,5.090339,492.616635,249.847365,194.211909,23.601272,8.400134,34.400252,8.457887,29.109131,11.302450,24.473999,128.789218,16.660297,211.427199
2012-06-28 02:00:00,3.161499,38.799127,975.421284,12.098449,41.464118,195.807365,323.065881,15.583487,52.187472,124.006985,40.096170,247.320750,111.924602,10.417974,116.939135,6.938616,359.151690,163.345227,133.612744,10.560569,7.950929,42.754599,5.119247,46.024849,8.133900,50.426293,92.419253,8.580410,115.804014
2012-06-28 03:00:00,1.208424,31.896856,709.061259,11.274541,45.563232,222.502210,358.375147,14.394916,42.227147,77.691123,52.366981,242.161720,116.132294,9.060481,113.143584,7.181014,344.282916,155.832635,154.654121,5.760310,4.918795,49.962271,4.451519,46.165814,6.143896,45.498642,81.522058,11.655058,140.511385
2012-06-28 04:00:00,1.710647,26.458704,482.492160,8.629360,33.108231,180.359587,303.882107,16.243804,27.796257,50.933866,71.827450,186.975738,154.422289,7.071595,77.055721,9.089891,297.198466,266.804359,211.465838,13.520729,6.391203,49.470838,4.851680,52.509208,2.724180,39.475958,30.829003,11.690809,119.387526
2012-06-28 05:00:00,2.250070,26.891692,618.389222,7.556393,29.090238,165.498610,264.278883,27.322573,16.222630,59.030775,88.746642,222.541343,193.361351,4.371401,44.140887,16.966189,191.914055,234.210747,178.682370,40.133370,12.753646,72.084264,14.948728,54.071079,2.771787,34.466428,16.836810,14.856869,121.696600
2012-06-28 06:00:00,5.287346,42.302516,762.452986,13.598362,31.645337,145.265033,257.846079,66.072551,15.062271,75.352360,82.161255,254.883887,216.717862,7.019967,47.096809,33.444075,201.255278,182.507996,174.484451,35.999604,16.884484,123.072041,38.157464,62.120949,7.862458,38.612158,26.374893,30.736915,155.390855
2012-06-28 07:00:00,6.976843,80.835123,672.695006,27.787079,57.990989,157.571347,302.538819,118.074771,27.083199,116.770990,89.905009,287.578081,284.500612,12.876429,84.537305,44.325324,272.080462,189.234809,215.419884,47.754936,25.436904,169.807029,67.277122,78.552196,15.727558,54.059047,44.465098,43.332020,188.679865
2012-06-28 08:00:00,9.363725,124.033027,552.019280,50.903050,121.783939,203.296199,349.100360,185.332392,40.116809,222.994083,113.574528,323.359672,383.670012,18.954880,94.778556,52.766639,264.494888,266.913719,276.966649,70.807498,37.412921,238.346447,97.703760,118.226177,23.496433,76.153775,57.915286,56.920614,272.081315
2012-06-28 09:00:00,11.604445,173.333929,598.287487,87.577748,233.198625,253.389699,445.708048,285.921057,60.728391,402.707434,121.757063,373.611755,604.579123,26.513690,141.248512,57.439254,320.452655,379.988465,303.745397,89.540701,56.048301,345.592521,132.405626,170.198974,30.485791,109.889213,75.700537,69.160971,481.722882
2012-06-28 10:00:00,12.837817,218.956947,929.503755,134.872671,257.399295,277.525481,542.855740,395.183517,92.892504,468.306747,140.200653,407.434243,696.372140,33.365839,165.036811,57.894976,356.644557,439.293838,389.007150,104.883607,81.119710,484.482984,173.832973,215.456784,34.676908,145.221772,89.510911,71.635448,766.491714
2012-06-28 11:00:00,13.704361,252.125693,1020.146053,156.792755,325.707232,300.563573,645.390929,470.408718,127.086895,562.414997,156.900019,406.828790,826.961953,41.291598,187.143831,61.464835,397.384717,558.153225,446.309288,119.171114,100.240374,528.010456,201.538477,292.485029,36.103775,186.779593,104.820890,72.529964,770.473761
2012-06-28 12:00:00,15.098995,253.247682,818.196773,180.102514,333.347551,288.577018,671.079290,603.377532,121.204485,650.738372,181.941473,385.332707,808.530178,41.271022,243.395974,71.180615,424.292958,560.731818,426.591035,137.237660,113.355954,545.584843,233.364665,316.458603,36.712133,188.419125,111.227012,101.331772,725.296663
2012-06-28 13:00:00,17.949118,249.504993,984.864852,192.691451,350.452791,290.477765,786.156086,688.898520,139.084804,759.423255,159.140503,468.760331,1139.394812,0.000000,296.697619,86.403126,527.492908,584.653331,479.319936,137.987368,117.044779,549.789736,282.781291,355.972337,0.000000,196.156878,120.813257,73.171948,682.250164
2012-06-28 14:00:00,15.296574,282.573317,1226.081417,217.348714,378.609107,335.925920,1050.529699,590.269058,114.660257,732.546097,153.915673,581.983239,1428.575109,0.000000,284.738681,93.974440,658.611274,777.526168,686.934878,197.797530,115.060565,0.000000,291.268843,364.146201,0.000000,209.681420,114.547726,0.000000,609.409330
2012-06-28 15:00:00,11.271016,421.266567,1428.984047,199.152870,449.793946,391.476421,1161.052903,530.567070,0.000000,713.946124,145.422744,592.863224,1507.776754,24.058639,326.441525,90.296046,824.367487,908.713211,849.171131,295.421180,118.494741,0.000000,295.275157,360.834768,0.000000,0.000000,109.443844,0.000000,656.037096
2012-06-28 16:00:00,9.828652,531.916358,1473.503498,177.289181,484.481251,344.147069,1125.958469,492.389396,109.238886,720.520252,132.525545,534.508427,1309.567156,0.000000,345.018448,71.662276,893.682337,758.072655,834.537696,387.398480,88.694625,0.000000,239.468802,0.000000,0.000000,0.000000,95.976397,0.000000,818.441632
2012-06-28 17:00:00,6.293405,547.144220,1332.037745,181.247557,477.314931,298.021280,1211.571915,443.717239,97.372748,664.444517,116.343665,454.415376,1188.397957,0.000000,274.384166,53.473338,894.476216,679.600020,837.074075,347.701607,89.773515,0.000000,133.376433,0.000000,0.000000,226.606372,74.736986,70.920466,975.381729
2012-06-28 18:00:00,3.109243,505.434444,1098.707924,153.827178,420.474530,232.800729,1385.065342,467.240473,84.894400,536.775032,114.739288,356.622324,960.723801,4.421884,210.984467,21.452142,761.670636,701.032211,869.219282,246.893307,58.082210,464.215355,91.256144,324.217929,47.991941,219.225708,44.830235,99.461258,1060.795579
2012-06-28 19:00:00,6.773707,375.441683,707.756638,145.788482,302.861482,197.704461,1464.917493,426.564932,76.347052,464.109383,102.383497,211.989214,547.210320,3.819924,236.709872,9.847381,496.333828,771.650581,841.655078,224.572104,16.845188,434.589849,60.763238,315.689587,69.843344,233.844405,24.691114,110.651544,1113.906365
2012-06-28 20:00:00,9.589009,252.664932,402.692871,119.076494,188.611810,253.804287,1349.814847,255.542769,87.210755,338.200868,77.219693,126.630725,358.705727,4.482886,222.732603,4.090451,458.276848,809.428190,808.199289,144.167770,15.722176,355.633080,73.301683,264.871951,72.200436,133.594087,20.828817,43.152314,871.736407
2012-06-28 21:00:00,9.967866,176.949116,300.497596,81.870510,142.417945,250.010096,1119.609555,178.021526,96.754137,254.126033,59.245548,118.345011,236.893049,3.567367,128.807764,12.362251,489.430469,817.370073,885.841970,125.206748,26.256034,248.664678,50.747319,171.342127,90.574163,140.657054,16.368783,27.850582,515.648493
2012-06-28 22:00:00,13.958932,154.464447,239.397867,49.564615,114.354778,153.258222,898.301086,121.630434,100.089687,164.754077,63.531690,89.892182,140.957676,3.156962,88.261635,9.271688,483.943183,707.471576,886.262798,130.567037,18.439866,179.536553,26.783307,111.502775,52.512921,138.795497,15.357229,17.732848,208.220899
2012-06-28 23:00:00,5.722052,79.585270,207.217228,56.372703,119.242183,95.396806,749.557328,92.840603,51.191439,136.910231,72.415066,59.563341,71.320376,1.452202,46.269580,6.059927,432.256494,610.237163,853.859077,97.445252,21.427080,146.119165,13.873902,86.622573,63.428962,83.332050,15.863006,10.081982,179.175592
2012-06-29 00:00:00,3.213755,56.996022,294.409367,64.308245,79.617412,75.341796,631.674425,76.332672,23.302528,215.416296,77.772744,78.167114,43.970379,0.978658,58.861172,8.786894,443.408074,423.495576,702.571577,110.005929,40.405992,69.455747,15.209357,60.332728,39.317069,45.827152,12.920304,7.150342,210.484169
2012-06-29 01:00:00,3.377056,45.283078,397.256952,56.979794,29.534644,85.233794,566.894433,73.823467,12.508315,211.069939,85.446321,77.072775,48.178071,1.404848,118.806787,15.240717,478.986926,360.604444,604.729174,97.285243,42.584636,31.124037,17.212541,45.460992,65.361005,24.857261,12.368547,5.541515,198.413392
2012-06-29 02:00:00,3.409716,37.125849,348.116245,58.324066,23.964053,63.688209,568.284562,68.144738,26.985532,164.754077,93.189030,82.857141,81.629221,1.294354,143.507996,17.816185,449.426387,401.172444,691.209233,88.404765,42.584636,23.916366,17.657693,44.403760,48.243107,24.254992,13.196182,7.507859,85.249861
2012-06-29 03:00:00,2.847962,45.910557,308.325319,40.414892,32.319940,55.015772,620.553396,59.164424,42.528273,138.540114,103.282204,88.797842,143.061521,1.578481,91.153483,13.271240,345.698989,453.116656,799.151497,77.204161,47.930176,19.165855,14.170670,39.117598,28.787437,49.386011,21.702432,15.122973,34.703483
2012-06-29 04:00:00,3.059494,43.923540,307.673009,18.559628,45.037704,49.866512,586.356233,47.542841,32.730092,139.355056,100.966305,101.617249,205.756129,1.499557,61.331293,13.846933,240.378509,453.545947,829.240666,77.524178,61.707040,42.263167,17.142336,34.324811,26.082577,57.051246,26.407652,16.588794,34.326271
2012-06-29 05:00:00,2.886894,56.820068,339.559283,13.708205,45.539248,48.763881,468.769182,40.882162,19.160521,146.207468,101.465056,117.343745,192.377844,1.707612,43.206913,16.521696,190.261681,425.389041,786.884349,62.806047,72.775070,55.377971,27.919900,40.762444,30.931546,57.982941,28.033510,16.661195,47.638584
2012-06-29 06:00:00,3.952594,58.781762,409.877694,17.860849,92.800159,80.015489,363.818074,65.599685,23.764459,167.967971,99.413370,139.448683,223.971506,2.553791,76.276170,29.353328,217.158191,311.160938,618.287330,79.311830,78.662337,105.528062,53.791108,57.438534,36.480190,51.164008,28.408310,23.105060,129.214516
2012-06-29 07:00:00,6.106607,101.542299,473.987855,29.615552,160.245653,123.175268,367.075180,102.328439,43.465404,222.438939,118.568428,182.882043,285.340095,6.342762,106.559147,47.808894,299.937116,330.497762,584.553261,96.960656,81.117951,167.764368,83.297776,94.043958,34.149039,74.063009,40.839996,38.483859,236.293836
2012-06-29 08:00:00,8.606083,163.559323,619.420425,48.812542,257.221097,176.896420,593.958128,154.324852,67.372513,285.370309,145.367336,281.838002,560.576439,10.537853,127.810100,66.966131,336.378786,463.254738,662.308595,108.658398,81.756510,268.103072,110.363098,158.030841,40.380923,119.397473,61.051984,49.797541,411.375252
2012-06-29 09:00:00,10.611099,191.116299,944.341801,71.853103,372.240139,226.281246,865.234539,216.681934,104.043480,386.651147,187.529211,357.078267,805.933619,12.393004,180.621068,86.138083,422.583265,625.182832,706.217206,119.028397,101.620009,385.280099,144.090217,200.148973,42.081135,163.243555,85.478121,58.331172,719.261797
2012-06-29 10:00:00,12.491556,214.469938,906.895643,85.201508,381.398511,264.100749,1031.960747,277.403105,119.360841,476.724117,200.019013,436.464514,950.402504,12.723251,255.802873,95.184713,459.454423,712.841332,761.523361,139.020068,121.965236,474.003214,183.936130,304.804700,42.373328,192.726320,91.923747,63.885760,849.314311
2012-06-29 11:00:00,15.663617,248.897219,971.808633,113.039485,406.807600,301.729340,1021.611727,312.916562,129.205672,518.567656,217.451660,584.987922,1162.598635,12.543780,256.063116,108.315662,493.480338,749.464980,738.771863,148.933348,137.366449,577.779996,229.847147,370.653235,44.695784,212.970342,96.165120,69.886608,912.206413
2012-06-29 12:00:00,15.416758,273.428092,1062.655469,122.190991,403.543609,312.100337,943.206697,351.838600,109.587279,533.954399,231.074325,627.128479,1253.456737,0.000000,248.214671,127.433548,609.540819,625.116183,663.688242,167.836435,171.636043,0.000000,315.125581,372.388828,0.000000,231.773053,115.975664,86.580736,928.148678
2012-06-29 13:00:00,14.079480,268.528237,1080.248575,112.980672,425.674769,299.478125,1058.913626,363.492530,116.194936,535.313867,306.905593,555.277461,1337.491358,0.000000,283.608034,135.390405,702.901379,627.566855,721.561522,184.198627,165.522559,0.000000,381.776701,0.000000,0.000000,97.735205,104.072003,0.000000,1022.847389
2012-06-29 14:00:00,11.226431,252.169918,1168.169042,116.138744,446.295358,295.130527,1169.512647,333.752080,134.796621,476.197030,296.444885,518.865910,1528.209611,0.000000,333.427680,129.305252,833.215854,625.099702,793.673068,221.545074,129.654446,0.000000,280.771480,0.000000,0.000000,0.000000,94.944147,0.000000,1033.918407
2012-06-29 15:00:00,12.475137,218.391061,1219.912462,120.364983,445.863786,259.563532,1111.336526,329.682717,128.951519,438.482793,267.312791,503.522377,1497.479948,0.000000,333.881107,96.607145,948.332733,472.433571,759.905121,234.190590,117.662583,0.000000,212.132603,293.593805,0.000000,234.786992,109.383040,1.234377,1071.947035
2012-06-29 16:00:00,8.089784,191.724582,1118.120647,104.895746,387.484099,246.458672,1159.303468,325.127309,113.262684,483.234834,239.683025,436.754864,1226.216246,9.801739,244.517118,50.302218,915.154061,419.614445,775.938163,272.895159,103.560208,395.150800,142.411807,270.721040,21.319736,198.439902,88.375612,87.902927,1001.686927
2012-06-29 17:00:00,5.023973,153.440690,1063.764641,87.255389,342.160890,215.919712,1186.323059,252.256392,90.668881,464.431741,222.914884,362.355772,1024.480320,4.871228,177.420835,50.816824,834.709853,396.248785,756.220979,310.205189,83.009437,212.129176,97.183531,242.612281,14.279657,133.762584,50.945662,115.669806,905.201650
2012-06-29 18:00:00,4.062918,130.411080,893.012754,70.807617,258.927385,197.975475,1266.993069,192.001359,76.439706,404.346981,228.937124,331.272231,844.273361,2.609660,146.038363,35.117277,749.988028,382.892676,796.626532,273.214725,71.131616,161.518173,100.901103,213.772386,64.008575,95.760680,32.829526,125.989027,784.789093
2012-06-29 19:00:00,3.344395,149.758354,581.425883,80.092602,213.521812,157.458933,1297.546013,186.209459,54.897607,381.392786,210.574025,222.307273,543.213012,1.373278,153.087245,25.572892,611.743834,550.136423,1020.085955,178.329611,54.803013,186.252792,68.775972,163.448125,95.771358,94.665646,27.357938,127.061579,670.116714
2012-06-29 20:00:00,3.749381,129.783601,343.767510,83.561691,159.865457,94.177245,1144.631869,188.718665,55.963130,315.654143,168.231087,121.002693,304.636887,1.515342,160.437360,13.816634,496.510837,731.082581,1128.238633,143.847753,50.018979,232.775038,56.385910,152.523391,93.356304,120.289430,22.208209,130.064722,534.509082
2012-06-29 21:00:00,5.833096,115.142421,304.411457,61.142701,129.962944,62.468647,879.395337,202.849454,48.319159,215.552119,130.727341,113.654984,286.754197,1.247000,191.645229,7.211313,441.106954,813.291809,1153.909112,167.049003,36.385607,208.694861,48.818328,139.554674,104.291666,136.714933,26.392364,103.715712,427.758150
2012-06-29 22:00:00,5.565283,133.862216,302.671963,34.734258,86.133953,47.833910,799.323931,221.602463,41.370095,137.453525,129.517543,88.172505,242.363048,1.389063,158.328721,9.998880,377.029620,785.817184,1173.477593,197.050620,47.772954,169.380288,31.605787,100.437076,89.009208,153.742704,43.220944,88.592738,394.563514
2012-06-29 23:00:00,1.809370,89.311197,307.455572,27.058897,42.830489,35.502789,725.369091,225.564366,26.360117,82.309127,133.561726,67.849055,112.345371,2.494000,83.261146,7.817306,319.501626,637.926433,1077.949742,163.928835,50.939850,104.019809,20.476988,68.508658,69.727422,119.468155,62.900268,61.743204,302.523842
2012-06-30 00:00:00,0.600946,100.605821,263.968221,21.811900,24.647238,26.288324,599.701468,188.058348,23.534164,75.925416,157.861387,58.625336,50.492302,1.846823,24.279480,9.392887,242.148601,460.629248,1021.348438,135.047279,34.476486,63.886182,11.054606,50.676672,68.800041,71.779446,60.049525,56.630709,216.330952
2012-06-30 01:00:00,0.816503,114.724102,186.995609,17.562265,17.920487,22.765147,514.903625,108.027899,10.006652,100.645318,113.271681,60.501347,48.178071,0.899734,16.447390,7.150714,283.568756,436.588952,970.428305,98.725321,31.354511,42.099356,15.580317,37.496508,66.636153,36.190857,67.498241,21.022006,194.264063
2012-06-30 02:00:00,1.554621,83.663885,154.380096,15.263993,27.905509,42.684651,455.962173,99.839965,11.581774,144.108884,80.399734,80.668462,80.577298,0.773456,14.880972,8.726295,372.427380,428.861714,914.879070,80.884359,44.403917,31.943091,12.835214,27.206113,61.825367,18.232308,67.268342,20.199716,201.996904
2012-06-30 03:00:00,1.410917,69.022705,156.337027,13.399358,25.908504,70.599057,377.280896,95.349808,11.303811,132.156403,58.485103,118.188677,175.039979,1.010228,14.639984,15.998207,375.967565,367.258455,823.138667,79.124265,50.041440,37.021223,11.054606,28.756721,46.098539,18.889328,64.279660,31.425753,188.228675
2012-06-30 04:00:00,1.441708,45.178498,193.301275,15.090539,39.204349,88.756972,333.074807,78.181560,17.256843,133.650463,47.216697,114.123987,232.264588,0.915519,20.604423,20.058359,345.344971,275.604825,635.449584,68.483691,38.939759,49.470838,9.772115,30.377810,59.931965,15.604227,45.214056,38.075572,310.822501
2012-06-30 05:00:00,1.842896,35.451769,178.766395,16.076220,42.579204,110.407461,359.699217,82.609695,11.852592,128.913033,37.177227,118.859192,222.323954,2.474811,21.468185,28.444528,369.159567,271.773710,538.122181,50.394893,37.576095,57.563181,16.123012,33.339340,68.351977,21.899180,24.588737,45.101768,391.154000
2012-06-30 06:00:00,3.045769,54.530697,231.299907,19.543558,42.912309,146.137881,424.732077,82.772633,15.121594,150.848884,27.381723,195.367095,321.321433,6.178955,41.937820,43.291456,421.048345,302.606873,540.879653,68.344634,62.465064,99.640706,41.437961,32.177541,44.086438,39.530786,28.933778,59.840728,366.204723
2012-06-30 07:00:00,5.735854,82.157514,270.893126,31.350616,52.769821,241.354938,417.183351,116.216574,21.592727,168.127776,35.455934,298.756918,342.941723,9.916848,57.853542,66.353751,405.861751,315.356342,482.815269,97.511359,74.665323,145.437982,77.339378,72.777478,28.897874,48.740607,55.781672,59.180382,332.054428
2012-06-30 08:00:00,9.786278,99.085293,366.256217,45.124177,79.281089,305.506250,491.600467,169.762821,39.018262,217.773545,59.982413,340.610251,467.796542,10.457277,94.991837,95.208795,477.273548,455.123673,659.942907,114.003914,75.267143,230.351611,107.077785,130.964511,35.969677,75.637893,72.077159,65.109277,375.018802
2012-06-30 09:00:00,11.972586,77.161764,497.152236,62.756239,115.737698,312.108071,969.580106,226.066180,63.064644,236.335984,85.884747,358.532358,713.369245,25.519565,150.043501,110.417754,544.811770,797.100248,866.505275,138.596025,92.251969,275.992962,138.468401,174.291710,45.921909,90.585025,96.994248,75.373411,436.592772
2012-06-30 10:00:00,14.370750,56.083412,617.314495,72.686430,171.655949,340.209307,1094.977423,251.898546,90.330176,258.930384,83.789462,373.214798,786.241009,41.540739,227.596585,87.640506,556.965253,1021.910934,938.399746,169.126887,115.950967,249.819252,175.556785,201.270982,64.089609,106.645033,107.991403,82.652513,442.436527
2012-06-30 11:00:00,19.299637,80.397390,580.036459,104.377142,197.332753,351.801153,1116.612637,287.201512,91.437905,304.700677,93.657845,374.844574,758.387295,75.814055,240.138272,80.429658,615.036505,974.257387,1045.471588,226.444257,128.271912,295.691972,215.620148,207.293445,68.392268,131.127399,133.107342,112.578292,489.693948
2012-06-30 12:00:00,22.881469,159.923331,568.540231,170.798824,244.160074,346.117275,1320.893700,332.499735,108.176340,335.428288,97.192136,381.771989,759.089947,74.200326,256.409630,84.059800,643.176646,845.065210,972.346521,275.288769,125.433519,0.000000,243.809841,179.938989,0.000000,126.290148,142.042812,0.000000,614.883774
2012-06-30 13:00:00,15.165806,201.440878,0.000000,216.999960,193.509628,303.262222,1578.876711,345.048895,0.000000,352.656659,91.240970,422.443142,0.000000,72.516143,243.564859,94.586608,668.353826,882.166976,1149.835138,323.898145,21.605222,286.253478,0.000000,157.438112,0.000000,115.302675,135.587343,0.000000,0.000000
2012-06-30 14:00:00,10.895213,228.482981,0.000000,199.038182,256.913410,285.367807,1727.796567,337.295765,0.000000,456.647903,94.492340,495.630494,0.000000,53.322773,39.099650,95.211862,0.000000,1020.707239,1298.732060,342.472719,0.000000,352.781325,0.000000,183.869510,0.000000,105.189547,115.483999,0.000000,0.000000
2012-06-30 15:00:00,13.743530,167.189040,0.000000,199.700381,194.219998,221.132743,1750.657786,380.367891,0.000000,377.291352,120.469733,452.921208,0.000000,48.200662,206.301991,93.857765,812.114386,895.552430,1244.129238,378.763015,0.000000,347.043949,0.000000,247.667569,0.000000,84.047682,103.771313,0.000000,0.000000
2012-06-30 16:00:00,13.436835,153.656420,501.857845,213.696233,166.022274,184.475466,1706.823499,364.575203,0.000000,292.481381,109.919390,355.686551,564.245757,40.468397,225.239892,67.231045,814.386905,900.110009,1146.591937,375.208623,66.305517,0.000000,131.064420,214.651030,0.000000,0.000000,78.051832,0.000000,778.019956
2012-06-30 17:00:00,5.130801,186.437934,423.526895,184.403225,123.964451,113.436929,1643.181594,336.953020,36.744483,251.641590,104.321584,254.880967,493.507932,0.000000,217.747335,38.495761,841.707337,974.466771,1126.261117,370.052296,37.853596,0.000000,92.919123,212.321183,165.363578,172.836291,49.692164,48.196100,511.126695
2012-06-30 18:00:00,2.560553,208.538217,757.984529,197.926209,156.987708,61.791113,1636.761241,339.279012,47.902216,200.547067,65.259910,169.309970,403.938414,0.000000,216.225943,21.179445,912.128465,968.946496,1106.037886,295.215911,23.291280,696.283824,56.311718,248.405096,0.000000,215.034893,54.991755,215.046538,482.609691
2012-06-30 19:00:00,3.056986,217.212361,1141.977838,210.053364,155.293368,215.184842,1704.019608,352.345275,78.732897,254.261857,44.520575,104.587599,377.640340,31.269708,208.032372,9.695883,766.449884,1272.203893,1308.142406,234.972664,12.173456,730.759636,42.437817,179.588540,0.000000,249.667639,79.315031,259.307156,733.111080
2012-06-30 20:00:00,2.220888,291.254899,1336.148861,187.504283,222.508332,445.275434,1553.051645,456.543334,77.505229,412.903870,21.638106,57.218328,299.377272,5.729886,154.111441,3.029964,740.429530,1256.320126,1423.659565,316.257045,8.018310,701.928949,19.586685,210.459725,0.000000,230.614056,121.938239,0.000000,1178.220972
2012-06-30 21:00:00,5.499963,341.871549,1339.627849,202.204549,250.729157,569.264181,1319.788070,515.047441,0.000000,478.778337,16.591519,190.258756,326.937653,3.330595,131.338132,16.695099,678.122288,1163.807914,1514.137486,373.140111,12.487900,545.489708,31.457403,232.520641,0.000000,267.516685,117.248306,0.000000,1058.833446
2012-06-30 22:00:00,6.518958,257.475605,852.497620,169.942017,216.412213,658.698687,1132.676764,538.158544,41.547706,498.880236,10.577093,374.107810,286.964581,3.551582,104.347544,38.177540,583.245351,1163.378623,1474.158870,296.495980,24.571515,465.877697,73.895219,155.554124,0.000000,262.534283,114.535502,0.000000,773.095528
2012-06-30 23:00:00,5.643667,251.932873,0.000000,135.207760,103.476359,773.879490,1100.703806,597.455032,62.889031,601.291261,9.367295,609.078155,217.537666,4.830152,70.187580,51.085185,506.954381,893.354581,1237.232965,191.210306,0.000000,375.454178,0.000000,134.338994,0.000000,246.492042,145.571819,0.000000,13.614371
2012-07-01 00:00:00,8.530821,210.519250,0.000000,125.624400,65.533276,842.039424,1098.479601,580.286783,32.567947,660.917840,6.913133,748.371953,224.690743,5.161633,77.477449,58.235899,495.094764,828.316994,1253.855653,162.008732,0.000000,430.822202,0.000000,97.124414,0.000000,193.766179,138.720839,0.000000,501.503052
2012-07-01 01:00:00,5.382386,207.277275,0.000000,120.594221,90.495831,809.924306,1128.228352,536.441719,27.286659,537.589973,8.088365,810.592976,318.101501,6.487557,66.151041,27.693867,488.899441,567.308063,1274.686616,175.529461,0.000000,454.738568,0.000000,73.442409,0.000000,205.099775,117.983982,0.000000,572.796077
2012-07-01 02:00:00,1.946543,158.856801,0.000000,120.984493,132.170159,819.409784,1271.133570,479.918564,27.379313,587.573074,10.507962,832.636103,416.771874,3.425304,78.260658,8.726295,603.778419,536.828402,1199.358487,103.285567,0.000000,314.680399,0.000000,33.549507,0.000000,87.985942,120.053070,0.000000,556.198759
2012-07-01 03:00:00,1.430513,141.705705,0.000000,118.469403,135.008008,863.178489,1182.443367,422.470965,24.043762,600.340496,10.231437,959.266828,463.266868,3.204316,80.489791,9.392887,728.215895,504.846222,1082.999672,66.243570,0.000000,256.855214,0.000000,21.003683,0.000000,60.391098,96.695368,0.000000,646.540979
2012-07-01 04:00:00,4.155556,104.893596,0.000000,118.556131,107.155052,840.142329,998.946395,407.679859,40.466717,526.995729,10.438831,995.692703,544.896089,5.935088,99.467549,9.301988,566.075457,413.407238,961.170100,44.482397,0.000000,315.827074,0.000000,16.845236,119.438881,62.745420,54.154160,0.000000,481.133616
2012-07-01 05:00:00,11.012780,98.338271,0.000000,155.380276,80.997060,869.912275,908.800005,449.133866,48.892348,456.022522,10.500019,1073.219649,581.349882,4.874202,172.628708,31.774634,542.894540,359.850264,695.932508,61.186148,0.000000,374.865352,0.000000,30.813344,110.603177,90.843919,39.998894,0.000000,535.000801
2012-07-01 06:00:00,7.100131,107.518529,0.000000,164.701663,97.924693,907.457221,870.217928,464.295820,53.072973,412.055187,13.803409,1024.206785,491.110312,6.352929,185.006052,52.727942,469.873241,280.857876,536.095185,53.965988,0.000000,418.184661,0.000000,42.579636,116.579876,104.464898,59.684831,0.000000,453.309975
2012-07-01 07:00:00,7.123009,210.000806,0.000000,153.155731,107.627884,841.738233,722.883295,527.141434,65.335930,473.825942,23.424446,901.266902,602.809414,9.779477,222.585835,68.815654,395.679830,266.531306,510.493483,69.359921,0.000000,451.900753,0.000000,70.996981,30.531749,130.660652,98.348934,0.000000,539.552491
2012-07-01 08:00:00,9.827813,226.717748,0.000000,127.109654,108.892050,841.359090,808.404350,570.907890,53.440181,525.035627,32.788718,964.356397,568.350392,16.833448,174.661464,59.228348,455.791819,366.485566,533.549061,91.432964,0.000000,587.094560,0.000000,110.118811,0.000000,170.263461,104.122587,0.000000,662.526562
2012-07-01 09:00:00,11.230383,235.789413,0.000000,152.396379,130.492478,870.872087,896.707180,515.476174,67.860969,482.903949,42.237641,1030.058674,668.737908,23.093728,151.976445,66.843664,496.081863,412.756731,622.545180,106.264550,0.000000,592.736946,0.000000,150.514090,0.000000,199.381686,111.981997,0.000000,621.400133
2012-07-01 10:00:00,14.974951,291.623527,0.000000,149.522039,175.315022,961.643512,902.917605,435.562584,73.691217,443.484858,50.892910,1026.166952,708.493402,33.296520,179.785853,64.263523,652.928703,493.152185,729.929721,122.765923,22.800870,574.086874,0.000000,169.405129,0.000000,194.566481,159.640498,0.000000,0.000000
2012-07-01 11:00:00,19.951654,304.811244,0.000000,162.847174,202.105848,1137.917597,957.736598,394.705307,83.150883,417.752298,57.011821,1139.646174,0.000000,35.869488,197.368389,90.236928,748.361743,580.180528,741.314434,130.554425,0.000000,511.562960,0.000000,158.573452,0.000000,175.686285,165.142434,0.000000,0.000000
2012-07-01 12:00:00,13.502187,277.183479,0.000000,221.885018,195.359953,1058.607662,1049.660877,383.502493,88.901440,418.138822,59.085532,993.125473,0.000000,35.537577,251.065150,117.283423,0.000000,632.022885,776.980270,138.710923,0.000000,523.581502,0.000000,147.843195,0.000000,167.951360,348.242873,0.000000,0.000000
2012-07-01 13:00:00,6.984751,256.284439,0.000000,244.201777,160.384321,1042.828849,1174.798083,373.012065,0.000000,394.574984,59.069801,914.899467,0.000000,38.533365,218.519911,114.984224,0.000000,625.172951,815.336205,141.752021,0.000000,501.672019,0.000000,145.130149,0.000000,163.555981,322.754451,0.000000,0.000000
2012-07-01 14:00:00,7.321262,247.368294,0.000000,288.518495,167.742731,1070.824218,1337.082518,347.605010,0.000000,370.405009,53.718472,999.072194,0.000000,33.846753,0.000000,92.653265,888.163072,530.086788,881.290703,126.723626,0.000000,554.012002,0.000000,137.727407,0.000000,160.799445,147.880084,0.000000,0.000000
2012-07-01 15:00:00,7.256863,208.721620,0.000000,299.816137,160.046740,950.256861,1340.600738,314.283272,0.000000,316.501031,58.568429,835.718620,813.475895,34.260671,140.488930,67.538694,748.276133,445.715973,824.193374,119.365748,55.710123,480.972878,0.000000,112.238834,0.000000,128.947457,122.672298,0.000000,243.065789
2012-07-01 16:00:00,5.042981,168.051804,0.000000,293.091327,142.652989,884.438344,1488.612740,246.667245,58.961154,242.631546,67.938425,630.055001,592.001842,23.120704,96.175080,74.510696,617.839360,371.077000,815.003310,168.152424,0.000000,395.347647,0.000000,77.135422,0.000000,98.154587,198.072797,0.000000,594.561050
2012-07-01 17:00:00,11.925636,118.674785,1274.592412,303.799768,102.951641,834.190334,1442.997050,210.000605,57.360492,205.375205,43.320746,596.066022,442.991700,14.534153,67.402646,52.086702,463.002615,302.275246,772.690258,147.501271,52.532083,251.324178,129.030739,43.877580,161.912920,66.730869,198.319139,300.963312,482.742891
2012-07-01 18:00:00,7.420377,83.768465,1281.572235,309.825784,94.542392,740.273797,1384.644660,170.758036,58.511120,195.721868,23.021978,521.061985,363.544572,6.661190,51.812291,38.389638,320.209663,193.074154,699.836198,129.126960,63.093808,181.130192,108.823854,22.145612,132.982500,46.986107,74.303240,324.089255,531.302782
2012-07-01 19:00:00,5.264810,82.095187,1266.134226,268.550884,93.333679,755.315055,1567.508982,155.174550,48.203342,240.951140,11.199275,643.315352,348.607266,3.409519,59.463641,14.816522,216.836284,216.362666,670.588684,104.725644,56.532452,260.459050,125.977994,60.403210,109.141093,85.905378,36.875742,341.035566,580.906130
2012-07-01 20:00:00,2.469104,96.004308,982.814134,264.908340,115.300727,781.603379,1521.078688,164.683118,45.446880,248.149793,3.767657,653.789745,317.049578,1.436418,58.379197,5.787230,149.926802,366.185227,824.190736,38.802091,56.465072,350.718758,123.826427,183.112648,93.414266,145.803711,57.520640,317.153423,492.638575
2012-07-01 21:00:00,0.718522,116.188220,836.479197,268.420793,188.611810,642.844388,1429.052176,176.965018,51.562056,239.728727,2.868950,608.296484,350.921497,0.678747,58.861172,3.575357,87.088532,364.038772,916.983208,17.200927,30.209038,357.598809,89.327153,300.394959,91.037853,180.242515,65.337193,268.245083,400.787509
2012-07-01 22:00:00,0.934079,138.986629,717.106419,217.425179,131.802290,542.840350,1027.026992,153.061534,81.952630,152.258302,4.044183,511.994599,279.601121,0.568253,28.316019,1.575581,45.137349,293.420402,792.628670,25.601380,28.546979,242.276060,51.044087,246.687554,85.492890,160.750918,86.257970,252.943351,250.657223
2012-07-01 23:00:00,11.078310,85.650902,603.821869,172.153562,88.814143,573.329386,888.014134,124.007576,42.736745,92.224253,5.634203,502.458211,152.318443,1.262785,37.774775,1.575581,60.360141,158.193735,836.605148,31.521699,22.595013,162.008805,37.615338,171.553574,65.766734,104.958961,61.290977,267.065277,160.126398
2012-07-02 00:00:00,15.507021,47.792994,420.305248,168.337564,54.129330,594.197437,761.234408,84.916796,34.768484,69.813352,15.139761,554.986512,84.995375,2.430861,44.883903,2.423971,61.599205,71.906243,750.545916,34.161841,12.240837,114.012263,19.883453,103.608773,56.203123,69.151366,64.187700,249.403932,121.650797
2012-07-02 01:00:00,10.137699,28.654881,257.445118,163.480838,24.699791,463.162335,678.382745,42.128239,34.652667,68.726763,17.421095,427.730450,49.440379,2.683418,36.208357,5.878129,69.387611,65.252233,609.358277,11.760634,8.512435,65.032857,12.390062,87.820769,62.675466,54.970682,54.485978,207.610182,83.552408
2012-07-02 02:00:00,8.034388,16.105298,188.082793,144.704392,9.985022,375.218405,764.570717,22.054596,8.477858,62.071404,14.171922,278.587596,39.762688,2.841266,34.220211,5.060039,61.953224,38.850836,614.197793,5.600302,7.097439,42.099356,11.796526,45.390510,56.222443,39.530709,57.060842,189.055045,40.550266
2012-07-02 03:00:00,21.686314,10.771725,161.120636,131.825398,5.623144,301.502691,807.664703,16.904121,3.752495,76.604534,16.418690,221.994605,28.401920,2.778126,25.966392,5.090339,58.236030,23.181714,613.776966,9.520513,7.119900,24.899230,11.054606,33.690472,61.883328,19.929610,70.486923,150.443197,28.102277
2012-07-02 04:00:00,16.245140,9.830506,204.607987,120.247312,3.941456,208.138487,748.723251,16.507931,3.381878,73.208943,17.351963,182.129377,33.661534,2.888620,52.475006,7.241613,55.049865,16.098413,534.871802,19.521052,7.903015,11.302940,9.721687,23.047666,53.575545,8.048496,57.109602,117.623127,29.045307
2012-07-02 05:00:00,12.457592,21.146441,245.195980,89.509135,9.436024,175.978270,733.796003,21.887143,5.254860,97.446117,21.067923,162.799065,65.622669,4.461902,68.309964,12.052722,92.199442,24.073849,445.143885,21.930448,10.467340,23.911680,18.251903,23.579356,27.634413,11.613354,40.695309,122.415453,52.577610
2012-07-02 06:00:00,8.411449,58.430438,305.822751,96.193410,23.932993,183.509848,754.071493,52.912378,10.500976,122.487808,22.536886,185.808639,148.317912,8.917790,90.587593,25.148529,125.798710,72.471994,444.346957,40.008741,15.061410,67.690985,41.396594,35.364092,28.621711,23.366625,55.243796,112.839358,119.576005
2012-07-02 07:00:00,10.825831,86.262402,320.463092,97.510892,45.099173,226.208668,826.074036,107.050376,19.617425,132.155079,26.449879,206.461592,220.575556,14.510735,88.591292,30.356114,191.270754,151.122125,492.979120,80.625410,24.482774,139.889910,72.830700,55.001761,24.501931,43.899459,70.180277,98.476751,177.624244
2012-07-02 08:00:00,13.797208,124.948922,391.775220,114.339386,67.396393,265.962415,708.390693,155.477667,28.970407,183.102594,28.979879,229.076393,300.410128,20.306657,85.524758,40.891656,264.952296,235.530089,442.760686,86.561683,33.988242,211.105170,104.135838,76.858609,35.162560,66.403621,76.481834,104.068362,261.539391
2012-07-02 09:00:00,13.599871,154.552539,509.305783,141.347726,83.956414,273.016068,676.986754,193.036587,35.901028,222.961953,33.045720,286.137217,407.089655,25.493680,102.817412,52.212705,377.038412,321.548718,422.026162,103.835747,42.333833,276.217707,131.427204,86.559079,49.112206,74.505685,76.537325,110.126992,366.515615
2012-07-02 10:00:00,14.379826,173.313933,567.337272,123.377987,96.966098,329.752410,676.836245,228.297344,38.822513,246.698581,34.839690,349.057782,499.550089,27.762419,114.917528,62.519360,417.927544,383.910805,388.182824,112.087755,47.779622,278.471275,155.015183,101.693464,41.353161,79.712290,85.324324,96.837784,434.835695
2012-07-02 11:00:00,15.272529,183.572173,485.389410,113.559073,101.337182,359.114011,703.376987,255.314227,42.444820,264.136422,32.653322,362.574343,487.315044,27.367953,111.950465,64.803335,420.727576,415.335478,357.352052,121.240619,49.830088,299.492205,165.981515,121.295522,43.137381,94.154698,87.784993,92.999877,427.733823
2012-07-02 12:00:00,15.536103,208.247547,457.118383,152.618336,105.321143,375.854580,783.588273,278.298889,41.773675,271.761597,41.992447,355.901213,472.569624,29.335679,107.936335,76.861406,407.065009,419.124803,344.389673,128.990490,49.210824,339.087535,172.916523,143.836534,39.718595,108.824211,84.580889,114.508535,427.926906
2012-07-02 13:00:00,14.221799,207.179927,398.813922,196.831033,101.909615,350.371245,832.892772,283.299421,38.355201,258.217809,48.770643,344.151970,430.408578,27.212363,91.693481,92.225393,387.118923,400.941946,318.054133,126.466625,46.438699,338.559638,172.355760,151.886943,39.103874,119.925276,78.098436,103.445240,429.508404
2012-07-02 14:00:00,12.739431,185.406736,328.652860,206.594537,95.764976,314.927301,960.570163,253.384606,34.215552,225.782687,53.395205,300.416151,356.208733,26.396598,81.548424,113.745872,396.631342,378.631093,312.694013,114.143603,42.027790,320.883852,158.991675,135.973566,39.831673,116.481995,74.885633,95.494514,414.827020
2012-07-02 15:00:00,12.906337,153.527174,268.132910,238.132670,83.973906,264.213499,974.189477,219.915137,27.659621,193.088239,59.929003,232.040624,301.709871,23.032583,74.784464,105.621699,362.403956,329.367924,329.706482,110.576978,27.806123,259.255464,126.880780,102.972963,36.342818,88.205333,68.586046,68.722096,383.919473
2012-07-02 16:00:00,9.075217,111.301797,208.469506,268.804243,68.929662,187.644737,735.943389,169.242584,21.669298,159.131095,55.460742,170.328807,229.915867,16.771531,51.765794,79.605707,313.977788,236.997855,340.096636,95.130272,20.020424,181.653414,85.290552,73.941001,24.962627,62.327925,52.103282,47.453621,294.960401
2012-07-02 17:00:00,6.868365,67.894879,138.178860,256.154835,52.369750,122.817072,724.182036,106.121414,13.544517,111.492349,42.981648,112.895838,140.567448,9.850559,22.909612,57.565037,392.745522,131.545494,294.906532,67.208805,10.168006,110.087899,43.296902,42.083998,19.849535,39.224513,26.335275,32.885186,241.288398
2012-07-02 18:00:00,2.064119,29.319433,94.085779,242.898296,38.860501,71.612352,861.768203,54.788728,8.860307,74.917022,32.132555,67.751105,73.844991,3.167437,3.253330,42.515865,483.443284,47.865947,274.169142,53.282872,3.348443,68.259803,21.144716,9.629250,17.238567,12.547303,19.541384,20.878999,205.526454
2012-07-02 19:00:00,1.064720,24.157947,138.289776,240.668078,25.172766,71.005577,931.108120,52.825379,8.130405,83.803187,18.907418,52.528301,91.306912,2.052025,2.470121,21.240044,487.837386,76.843090,343.605686,99.445360,2.246025,147.265840,21.367292,5.145198,36.013276,4.982402,19.541384,12.834864,177.289533
2012-07-02 20:00:00,1.267212,19.870173,159.598578,228.743083,15.030086,68.295441,1037.869995,55.598711,2.501663,71.307412,11.337538,39.708894,31.136919,1.168076,2.289380,16.543601,372.958408,285.263873,382.742647,161.208689,2.043883,227.041662,14.022286,18.325361,27.686172,7.993745,6.667061,13.085126,172.008568
2012-07-02 21:00:00,1.900819,14.222860,77.190048,238.976897,8.566098,60.165031,904.417652,49.655856,1.320322,55.551869,8.917941,47.994608,59.959608,0.741886,2.229133,7.574909,332.246289,342.788867,464.383190,140.967598,2.268485,233.757902,19.586685,152.382426,27.744133,73.586251,3.954257,11.905320,191.623581
2012-07-02 22:00:00,1.992267,6.693111,45.661719,209.402909,30.270382,60.842565,734.821965,46.618397,1.412976,38.166443,4.700930,58.625336,134.856522,0.647177,2.650861,3.302660,303.924816,246.198391,458.912431,146.087874,4.020385,177.407013,21.589868,211.939850,13.176531,66.797044,3.034662,11.190285,181.438863
2012-07-02 23:00:00,1.149636,7.529750,45.661719,190.886645,32.582703,58.403443,613.046702,57.711726,1.667775,29.337907,3.975051,66.754716,191.239593,0.426190,4.337773,2.363372,327.467041,129.216592,426.929539,131.847106,4.784034,160.534509,12.983598,171.342127,9.447689,46.757931,3.632399,9.760217,158.617550
2012-07-03 00:00:00,0.836099,11.608364,58.925361,194.659279,25.540635,55.422292,644.741634,73.295213,2.061556,24.991550,5.184850,63.315363,164.731134,0.647177,43.377732,2.605769,314.014341,76.413799,388.002991,95.365140,4.492050,194.770950,7.715967,152.170980,6.105255,55.408695,4.368074,6.542563,128.063397
2012-07-03 01:00:00,0.731587,10.562565,87.192139,173.541198,10.983524,38.890459,664.759485,62.201883,1.760430,21.595959,5.565072,50.495956,146.217290,0.710316,128.084802,3.726855,288.879033,63.320423,314.358172,53.122863,3.840703,164.793588,4.970863,110.586507,2.453694,86.179137,4.138176,9.080934,66.766484
2012-07-03 02:00:00,0.614010,12.131263,82.625967,148.737208,15.870930,25.881804,754.561791,60.352995,15.867030,21.052664,8.779679,30.172506,140.747291,0.473544,182.186473,2.575469,225.863753,66.325460,331.191273,21.201143,2.717690,146.446787,3.932175,102.622023,2.724180,82.510775,3.724358,12.048326,49.414742
2012-07-03 03:00:00,0.418049,16.314458,65.665900,144.400847,13.138187,24.933256,783.754491,49.787919,12.346171,21.731783,13.618872,20.948787,118.656909,0.552468,166.522292,1.787678,198.958353,71.476952,337.714100,9.040487,2.380787,94.682598,3.338639,72.878552,0.676215,48.455233,3.494459,8.544659,33.760454
2012-07-03 04:00:00,0.326601,12.758742,59.795108,141.191939,8.408440,24.391229,723.422911,38.826653,7.968260,32.597674,13.584306,20.167116,110.241525,0.805025,203.815092,1.878577,197.365270,66.540106,340.659893,3.520190,2.804099,44.392706,3.661709,51.522458,0.560292,21.188898,3.162178,6.614066,23.575736
2012-07-03 05:00:00,1.216014,16.886034,91.368504,116.956095,11.961637,27.299685,719.365037,46.979198,8.027066,46.623337,15.453133,35.829032,133.239954,2.372017,236.701968,6.413839,188.439215,75.768515,310.716032,6.103961,5.839760,51.879874,12.796798,34.747163,2.987831,18.706581,8.285507,9.287336,41.702566
2012-07-03 06:00:00,3.029518,43.800132,172.064096,113.054346,24.681200,60.450859,599.752908,73.244343,11.066276,93.367428,20.641327,78.413220,153.652401,6.695800,221.107831,13.611113,223.025682,121.900824,282.345120,18.152038,14.231509,114.800800,36.987529,40.506191,8.863790,39.004857,20.888020,18.717654,94.178571
2012-07-03 07:00:00,5.702164,85.731328,272.742476,143.253478,49.591351,112.087761,533.462901,116.499870,19.276858,141.543212,29.160357,141.824271,213.322498,12.402884,131.236644,23.464586,254.690943,184.283283,269.208126,40.171210,24.439672,174.587376,68.347547,57.619684,16.359887,66.580713,37.260528,34.351305,176.353621
2012-07-03 08:00:00,8.469540,122.174381,329.997234,185.350628,67.210936,166.174738,582.439275,158.943295,28.158390,172.458589,31.635051,198.704534,307.146104,18.365786,133.612590,36.834592,266.834300,265.290771,266.273830,68.090420,32.994537,221.013947,95.897576,81.215125,23.212155,70.495478,53.320442,50.599247,241.085852
2012-07-03 09:00:00,10.631621,155.735905,403.214550,234.023793,88.200461,217.968193,706.027516,200.376107,36.927110,208.816579,39.227670,268.545478,391.448228,24.562046,129.604894,49.039510,356.069799,350.996643,299.111266,89.976001,41.592049,279.438823,123.865730,102.512690,30.426441,84.959472,67.938767,60.930119,302.795387
2012-07-03 10:00:00,13.139042,180.683711,445.677993,242.262911,111.225130,273.280209,747.097898,227.779135,42.812074,244.001538,53.197201,340.817831,447.904855,28.930847,128.187180,59.653052,467.364251,423.358394,318.786795,108.085629,48.370955,332.456458,145.947917,120.039238,39.678418,97.942459,77.811097,69.199342,343.811444
2012-07-03 11:00:00,16.106231,190.092687,470.576247,191.240452,145.740403,327.273343,854.721434,263.231767,45.923102,255.496218,63.082650,403.183048,489.346657,30.852805,118.311994,69.921648,590.536354,500.863097,372.271028,118.228437,55.138811,401.966391,167.412856,154.197213,47.622903,121.725815,85.729223,76.954993,381.793354
2012-07-03 12:00:00,17.058402,217.159020,484.795821,173.118398,171.135776,358.697076,889.697156,291.809910,54.955689,272.342994,74.420582,398.796548,524.222931,31.600155,120.999433,72.961020,663.191039,558.284140,398.159470,120.713956,56.133080,463.650558,184.841449,233.162709,48.266787,154.519852,95.932435,79.973131,443.318752
2012-07-03 13:00:00,18.686038,215.244763,530.977687,212.011183,159.677075,347.457527,839.777617,286.484056,52.679842,299.444313,68.463525,382.859650,553.765154,32.072047,117.474382,79.613809,737.548864,587.855189,445.732256,116.642433,58.696448,506.889844,199.206270,301.843023,44.996025,181.074606,96.307799,74.059354,464.791129
2012-07-03 14:00:00,19.352919,205.649615,556.094589,268.050256,177.063269,300.291168,849.539704,262.540021,63.314496,326.491131,79.337426,394.415814,564.065039,31.197086,128.847835,83.475944,763.979930,553.641472,506.159831,105.225469,54.997512,486.438078,194.550502,267.077118,32.942801,181.373734,85.823136,64.389353,435.793991
2012-07-03 15:00:00,17.976919,175.440193,557.421966,256.449581,161.653247,266.151290,1071.336737,234.030627,58.441891,295.464194,78.506246,406.204218,510.087072,29.128372,122.934225,95.442015,751.151389,582.938557,577.705794,89.387886,41.445186,418.667645,172.188113,173.685650,26.288781,139.487975,63.578080,46.108902,418.248638
2012-07-03 16:00:00,12.599834,133.773475,526.185573,227.616031,118.991709,290.355369,999.874935,185.418282,41.388928,268.297190,84.332773,313.415792,431.773202,16.350420,124.126548,63.004256,637.600159,580.156997,696.499279,98.691246,27.640531,296.859562,130.178206,144.465606,16.426828,110.953755,45.937018,39.543062,356.963433
2012-07-03 17:00:00,9.507926,92.775543,503.152599,220.352587,99.577153,293.764410,941.309319,120.494212,28.912569,225.991679,85.950396,241.974098,378.263717,7.296316,119.082209,43.041806,602.665477,541.910697,776.202462,135.338299,15.172222,232.306358,66.068406,87.733172,7.761325,80.044963,28.401582,34.075746,347.618553
2012-07-03 18:00:00,7.505294,66.014630,465.470640,235.565752,59.459418,213.190464,812.923075,88.924226,13.630317,193.076103,82.696844,131.445063,311.546840,3.143810,83.319375,21.071504,596.875060,530.980997,676.296402,136.167339,4.011953,217.034464,30.469867,93.982130,3.059018,57.970868,10.207500,42.247943,243.930457
2012-07-03 19:00:00,6.597343,69.022705,360.510140,222.672176,47.823000,190.522599,873.834823,119.781546,11.535447,216.502885,67.230216,87.703502,263.822276,2.178304,111.095191,7.362811,674.582104,791.183322,730.977436,155.848400,2.762611,230.809309,49.263480,107.132881,3.400395,60.829111,8.920067,69.894594,174.649051
2012-07-03 20:00:00,4.605076,79.480691,278.536483,200.079732,24.804897,223.044238,849.924611,211.301514,10.377269,202.648873,64.223004,89.579513,311.789963,0.947089,102.479891,7.120414,741.491586,876.397586,731.819091,189.930237,3.616100,295.186923,51.044087,169.157180,40.302411,86.452895,8.276351,69.680084,122.971038
2012-07-03 21:00:00,3.154967,91.925693,194.388459,179.915649,25.277871,222.231197,938.336789,372.815109,5.605578,194.091984,61.837973,102.398920,421.610719,1.452202,70.669555,4.787342,738.305420,799.983787,740.656469,147.527951,5.233239,259.803807,52.082775,179.940950,69.321693,170.989482,6.345202,54.485607,84.306831
2012-07-03 22:00:00,3.200691,105.834814,193.301275,174.712015,20.705782,208.002980,992.273778,386.945898,6.532120,197.080104,62.218195,131.320752,484.305327,0.947089,53.137721,2.454270,716.179269,701.032211,785.685016,109.605907,7.052519,221.472098,21.144716,150.408926,74.789374,153.742704,5.977365,35.286938,63.560184
2012-07-03 23:00:00,1.894286,158.020162,393.125653,164.955201,9.827364,215.049335,896.632932,310.745289,9.612872,242.852671,66.193247,139.606466,338.508806,0.915519,41.269092,1.969476,677.060233,487.245290,802.518117,104.405627,4.581891,157.422105,12.909406,97.124414,38.602214,113.992988,6.621081,59.347839,71.858843
2012-07-04 00:00:00,2.194760,193.158994,670.140080,139.500758,6.831857,179.546546,867.718257,240.619599,11.326975,288.625238,67.575873,135.229108,200.917284,1.057582,33.316508,3.848054,657.412210,405.036063,690.157164,99.045338,3.773322,132.031443,15.209357,61.108031,35.704149,101.345351,6.253243,63.173272,53.564072
2012-07-04 01:00:00,1.561153,144.947680,573.380723,124.236764,16.449010,142.011155,1065.672566,224.904049,7.088045,309.813726,64.672357,132.571426,120.129601,1.120721,52.776240,3.302660,547.312481,431.008169,687.421785,64.963501,2.448167,101.071216,14.022286,44.474242,30.854722,66.359030,11.908750,92.882944,40.173054
2012-07-04 02:00:00,0.868759,116.711119,445.745348,105.547045,16.133693,131.306116,994.497983,198.227233,7.620807,248.421440,68.543712,140.388137,91.517297,1.152291,73.621650,4.211649,376.144574,405.465354,728.242057,38.802091,2.874912,71.585286,17.064157,25.162131,41.886686,36.081354,8.506250,75.865129,33.194636
2012-07-04 03:00:00,0.705458,107.194352,263.968221,88.071507,9.459494,111.251105,926.381683,175.512320,3.381878,164.346606,77.392522,131.946089,61.642685,0.899734,94.406813,5.150938,270.824093,337.637375,757.699984,42.402285,3.054594,66.343343,11.648142,11.488592,39.027263,17.520536,6.529121,36.430993,30.176942
2012-07-04 04:00:00,1.110444,100.605821,184.603805,84.298873,10.720760,90.925081,870.220489,151.344710,5.466597,114.091859,64.776054,84.420484,56.383070,0.599823,66.813756,7.484010,205.861713,267.662941,710.777714,46.802523,6.648234,51.436567,10.400029,12.545824,38.293087,10.512322,6.532365,15.587746,39.795842
2012-07-04 05:00:00,2.484543,89.045113,208.802711,88.049105,17.632456,76.306449,933.277068,159.581856,3.319968,77.273321,53.851555,81.917764,69.753724,1.848244,23.223668,8.522000,159.015664,256.137392,664.129570,62.046789,12.127533,65.393059,22.581701,17.396404,50.817793,27.494091,9.764618,21.130683,74.385347
2012-07-04 06:00:00,4.720865,79.540243,248.310502,60.788257,29.181079,78.897075,875.885186,174.993745,8.764534,111.178429,52.214143,121.574114,141.069700,6.503121,31.830350,19.833280,198.268850,276.228843,600.725743,71.088882,15.978158,113.213562,35.592792,31.431748,50.487365,35.199482,21.968485,19.948730,153.988090
2012-07-04 07:00:00,6.505507,114.548880,305.246312,82.929422,48.475861,121.289770,780.669704,210.654656,18.677240,190.778951,46.224013,182.371874,262.043488,12.184662,62.130564,31.567994,252.989654,399.868702,610.503173,60.048024,18.107901,164.715865,57.159312,52.872245,50.040515,49.636006,38.515067,30.726885,241.939377
2012-07-04 08:00:00,9.286945,139.544124,399.401286,121.642001,71.610331,178.406001,864.404064,263.082742,31.487539,247.643088,47.865090,285.429118,395.998872,17.001606,103.703708,42.020270,291.347914,460.388554,642.848532,78.800919,29.527585,237.554601,92.697638,80.041078,48.608566,70.985492,54.447928,46.623298,350.159545
2012-07-04 09:00:00,12.582859,179.738989,462.006232,187.424159,90.583195,239.047021,1134.465143,319.140498,46.452339,284.405043,62.673660,357.701725,608.848036,21.979737,149.565226,54.951089,411.837212,532.087347,628.250378,100.513688,45.249402,303.182120,127.722367,114.128524,53.505048,91.778444,68.767211,56.797216,436.938658
2012-07-04 10:00:00,16.160898,227.001641,519.662631,178.991997,111.059368,277.593558,1250.471870,345.301780,57.418493,324.172462,69.011124,396.960662,841.053461,27.167917,146.546914,69.079241,524.446449,639.597935,618.371575,119.476195,57.639829,371.976797,158.436505,135.422646,56.460926,113.960362,84.052641,66.377452,511.445357
2012-07-04 11:00:00,18.320559,249.843692,572.269733,167.933523,130.789423,313.567505,1238.679718,352.362061,66.831881,365.764448,83.499772,426.605756,858.087274,29.713919,169.923827,96.865804,624.445291,758.715257,655.582134,131.604743,61.763660,403.563919,175.827045,146.227222,56.237710,126.219006,105.283931,68.921137,560.354564
2012-07-04 12:00:00,21.692705,257.335711,571.882201,177.211725,146.943030,360.781541,1118.586662,357.316514,74.192506,400.992248,96.665030,473.794212,945.861106,30.040201,199.678918,111.546496,751.099273,747.273139,629.894612,151.718380,56.738174,404.733228,172.219854,146.881383,52.480244,133.990191,117.908898,68.224815,598.258819
2012-07-04 13:00:00,27.406456,260.597172,561.352676,205.112841,154.031525,333.406157,1183.181318,352.879531,74.968752,417.366910,99.302794,432.780603,1093.609078,37.350881,235.240871,118.752755,857.854971,829.220837,784.494236,193.242304,57.875199,383.745334,173.370062,151.011450,0.000000,143.954690,158.051279,46.207258,557.336078
2012-07-04 14:00:00,26.334717,325.098129,520.433140,216.544906,0.000000,317.651827,1516.252656,324.241116,0.000000,425.192740,109.038732,410.326123,1146.449814,37.287653,266.884088,102.811552,926.600751,974.651775,962.643426,284.870488,59.878831,0.000000,172.615819,167.249839,0.000000,157.545752,179.403813,0.000000,515.605081
2012-07-04 15:00:00,22.663055,318.475515,424.315015,205.519253,130.761657,283.575622,1688.406397,307.257459,67.920389,389.264115,117.277929,384.599138,991.666797,27.914351,249.837130,130.157468,844.817178,912.252990,948.927660,329.131669,75.482654,0.000000,209.997758,163.154053,0.000000,0.000000,141.364548,0.000000,572.353205
2012-07-04 16:00:00,17.970100,298.710286,323.950575,193.366285,140.916143,288.454730,1506.529957,298.658771,61.805518,361.687365,141.937538,297.195227,840.808413,0.000000,214.011232,96.866308,735.460066,791.402773,1005.688482,355.503523,102.433465,287.026348,171.602652,156.201353,0.000000,143.523246,98.783246,24.765007,558.761334
2012-07-04 17:00:00,9.930830,246.099464,208.322470,211.453650,182.671334,206.539353,1639.394719,255.026498,69.635701,387.812610,124.473000,186.882840,797.691898,0.000000,174.517719,70.523660,707.001598,920.554800,1031.438277,380.405874,34.222966,154.033109,89.799332,116.435003,118.270744,108.365372,64.853661,14.556634,545.194998
2012-07-04 18:00:00,7.714318,204.976518,117.896697,209.419335,194.626844,152.497902,1694.621732,235.689661,64.342838,464.259140,104.894936,94.918825,675.511740,18.813852,221.129944,43.873872,677.237242,992.771398,1088.260016,354.419102,19.906554,514.600356,41.030706,113.069662,119.740566,95.327748,42.577228,3.845093,459.279288
2012-07-04 19:00:00,3.233351,187.825421,111.979929,182.777648,152.350414,192.284188,1412.926685,229.130080,52.210635,458.268967,77.254259,81.137465,525.751091,17.410645,205.140523,26.633379,563.243310,997.886941,1180.631661,314.096929,9.433306,684.237391,16.470621,206.160313,118.762666,184.129884,20.644898,4.218702,338.736172
2012-07-04 20:00:00,3.024326,141.810285,175.471461,209.706455,118.138576,221.011635,1258.066361,279.842443,46.072295,354.771352,50.362172,87.703502,244.466894,11.901746,156.943043,19.422066,330.122179,995.740486,1076.056018,243.933147,5.278159,616.911184,12.835214,267.973166,106.204388,271.458806,11.081114,35.215435,413.612709
2012-07-04 21:00:00,3.481568,123.090491,254.401004,227.658992,70.315576,162.608193,1405.141965,276.804984,20.407085,281.154938,46.041464,71.757411,211.646898,7.339936,164.775134,10.786670,208.693860,971.485544,1057.960434,204.091000,7.995849,426.726934,13.577134,273.752703,90.091152,231.216324,8.598209,48.729581,374.382685
2012-07-04 22:00:00,1.985735,179.145293,287.016517,200.166459,47.665342,94.990286,1295.599833,305.330688,17.534805,241.766082,45.142757,45.024258,253.303047,6.345493,163.991925,4.908541,196.126206,866.094602,1019.454714,148.888025,7.658946,317.465182,16.396429,200.521741,74.248402,199.624608,10.575337,37.181779,256.126794
2012-07-04 23:00:00,3.004730,128.842383,253.313820,190.019372,24.226816,110.709078,1296.155884,231.111031,18.692983,245.569144,56.376598,68.474392,379.113032,13.843278,156.702056,10.180677,199.666390,837.117459,1055.856296,129.126960,11.634410,276.512501,21.070524,159.642089,72.915292,145.146691,11.678851,67.785243,169.556692
2012-07-05 00:00:00,5.852692,99.350863,181.777127,222.238540,17.552618,92.957683,1120.165607,255.278642,16.677754,252.224502,62.287327,116.625335,308.003040,9.818152,136.579608,19.512965,173.823045,696.739301,1062.799950,109.445899,5.008636,188.054710,53.937575,118.832919,78.170448,109.941364,18.713749,37.682303,142.774656
2012-07-05 01:00:00,8.583077,121.835532,165.469371,218.292451,10.668208,74.664262,1032.587506,287.634186,22.769767,222.614949,60.731872,137.105119,173.777672,5.287911,111.938647,13.786334,147.448673,648.444063,1032.710781,88.884791,2.785071,168.233613,46.073224,78.376160,47.489610,96.581955,17.748175,22.559329,112.409108
2012-07-05 02:00:00,14.788499,106.148554,167.426302,195.266370,7.725254,58.267936,1022.300555,219.885638,23.580491,245.569144,54.786577,135.698111,71.530761,1.862608,93.021136,8.059703,244.272711,586.411513,935.289206,62.003342,7.501724,181.010849,46.740952,91.908735,39.259108,81.087231,16.000945,19.019910,111.277473
2012-07-05 03:00:00,9.262408,51.557869,179.602760,200.556731,9.301836,69.921523,1110.712732,188.322475,14.801507,231.715133,65.985853,147.423178,33.240765,2.178304,48.920442,6.484122,284.630812,547.989968,955.278514,85.204592,13.071866,139.239115,30.121947,91.838252,37.346386,96.636707,16.782601,11.297540,149.753074
2012-07-05 04:00:00,1.796306,45.283078,136.115409,187.981282,10.983524,56.235333,1127.672301,185.813269,9.612872,155.246422,68.958500,187.288406,22.511151,2.367721,28.918488,4.817642,244.095702,462.131767,918.666518,45.922475,14.082578,100.907405,42.524434,71.327944,32.149191,84.919848,16.528612,14.979967,154.468221
2012-07-05 05:00:00,1.513232,36.347229,132.518827,171.287576,13.735264,64.568251,1147.592952,204.109356,5.034071,106.272000,78.485751,194.535726,37.600117,2.833797,15.763149,7.663313,198.252417,425.099352,911.786577,40.675151,8.825547,76.092653,33.375574,43.993950,65.742048,49.344632,23.008748,19.181479,91.828167
2012-07-05 06:00:00,3.745734,39.738594,169.957250,172.371682,25.038727,86.952645,1209.871925,208.941792,8.757454,122.139956,97.383019,176.710601,90.301681,3.277314,28.237485,14.388459,238.156078,449.312356,815.804943,83.132630,15.168727,87.255332,28.081487,31.906137,58.757114,31.355058,40.026239,21.714536,84.140999
2012-07-05 07:00:00,3.786016,67.321113,244.766726,182.306400,49.511367,112.659964,1375.573905,275.565914,17.887610,158.214640,108.813709,172.512635,177.834597,2.832630,54.062489,25.012129,290.934969,614.394524,1009.534027,92.148754,24.248673,120.138880,36.886052,36.676546,32.292551,22.910807,56.236134,26.998504,137.044626
2012-07-05 08:00:00,5.736369,93.139494,321.213882,204.975572,71.305246,135.335988,2168.066382,362.737008,28.458578,253.330905,128.440236,201.509179,283.014860,4.436380,83.699316,35.496460,300.390083,849.940184,1103.984703,157.206242,27.667412,123.591024,56.235821,67.833842,25.765321,34.117669,53.063659,33.884962,219.261003
2012-07-05 09:00:00,7.759035,141.536615,399.160333,307.609580,87.220662,150.255910,1995.506749,442.375508,41.289923,275.374240,162.669735,240.839935,401.829306,12.295750,110.353944,47.251768,323.559149,770.861521,1033.809652,179.720558,30.246595,174.737467,78.555702,106.855088,44.783903,75.055684,69.434771,31.960082,319.005092
2012-07-05 10:00:00,5.871039,185.772218,411.997448,298.962461,100.110132,151.124355,1860.484881,436.691897,53.028573,304.664472,178.985023,282.901587,584.322012,13.523099,147.311036,54.573941,406.524099,703.367273,822.654291,177.391778,31.322383,245.870534,76.595801,154.670521,53.992171,93.362880,78.135137,35.271693,444.533171
2012-07-05 11:00:00,4.673227,260.289052,425.378837,306.750021,123.774308,162.831737,1740.142903,545.002540,65.371333,338.509866,189.987953,316.224725,729.325739,16.113648,165.817750,63.986260,598.898156,705.039652,695.586744,164.172920,29.416458,309.054837,67.818106,206.708586,50.109439,139.540971,84.509631,37.462727,560.788236
2012-07-05 12:00:00,5.227318,299.342659,426.581491,334.940752,150.081305,210.849793,1631.659871,555.171887,75.394150,378.374436,189.681433,328.432788,874.279401,0.000000,162.037292,81.351249,745.610876,758.596027,632.854662,190.058918,34.236981,0.000000,73.223249,230.154651,61.903920,182.259810,107.129350,54.167857,683.218202
2012-07-05 13:00:00,7.466015,334.146441,517.792643,339.179379,158.663501,212.558339,1701.822328,564.355687,80.619073,427.460986,0.000000,352.829842,943.334287,0.000000,203.894305,102.017017,743.359411,803.798152,709.763541,207.066591,40.490208,0.000000,55.669672,0.000000,65.673898,0.000000,92.889650,68.370118,756.794897
2012-07-05 14:00:00,5.892700,386.530585,600.221352,311.824952,224.368664,153.553817,1658.670873,580.899282,123.142641,486.057750,0.000000,356.274884,1163.637046,0.000000,255.322579,133.853412,792.933227,769.457715,855.991871,239.092375,43.754125,0.000000,84.583477,0.000000,0.000000,0.000000,78.224542,0.000000,965.531991
2012-07-05 15:00:00,2.616009,348.421771,576.356565,316.860767,267.858646,121.772314,1563.656475,604.891143,127.063067,441.505983,0.000000,355.457255,1405.187473,0.000000,289.924997,129.410570,884.168809,730.020756,933.984094,258.150287,35.674421,0.000000,75.186619,0.000000,0.000000,0.000000,55.609446,47.542040,945.676776
2012-07-05 16:00:00,3.277056,329.730218,470.576843,294.129402,226.867354,99.132795,1395.269184,497.257957,93.450318,335.019868,179.324082,294.182670,1210.727507,0.000000,247.367723,115.819100,917.178612,610.160335,936.446426,282.260297,29.850335,0.000000,59.099020,0.000000,76.833121,0.000000,38.597163,36.169678,859.647084
2012-07-05 17:00:00,2.260973,340.923472,398.068738,273.373726,269.719624,54.977222,1355.785631,512.734905,85.901862,352.697697,173.235770,195.410192,920.035162,0.000000,195.928474,82.871279,822.594666,520.036778,822.041089,289.660765,13.759734,0.000000,24.543673,0.000000,84.755142,402.047665,23.598613,31.104362,930.015762
2012-07-05 18:00:00,0.496434,255.123836,390.861155,232.900975,209.948225,25.380472,1522.189533,457.203651,84.454293,395.948663,154.988480,149.490772,875.270367,0.000000,229.660991,70.264854,666.439680,525.022899,826.926115,266.494363,8.827537,594.083994,14.294927,362.787409,79.967248,354.813742,14.943412,55.201813,637.896696
2012-07-05 19:00:00,0.124108,312.380030,409.433410,240.407896,116.877310,24.391229,1566.952931,518.613154,80.632308,524.550904,134.598696,83.638812,598.544160,18.057822,197.669914,56.660318,617.939156,654.883428,891.523142,234.812656,7.187280,593.486250,17.435117,354.384292,93.684751,295.987556,47.083241,175.862663,388.150914
2012-07-05 20:00:00,0.287409,308.301415,382.036379,251.552346,79.722518,44.988267,1523.024868,561.665838,52.905542,445.637368,119.493500,62.064689,268.871507,4.751228,163.509950,20.724950,360.036736,804.062052,793.470325,152.968245,7.389423,474.232044,22.331788,317.169713,48.842040,162.886234,94.304422,95.814584,428.701180
2012-07-05 21:00:00,0.333133,213.447486,406.606732,254.761253,76.464247,80.762069,1580.854217,458.260159,28.560654,371.206012,102.037840,53.466306,117.815371,3.993557,91.032990,8.453598,189.222847,998.101586,803.359772,99.125343,5.974427,325.000475,7.938543,229.560390,22.025287,113.116961,81.843916,72.039696,442.658015
2012-07-05 22:00:00,0.346197,230.494003,457.052059,245.698257,110.360769,89.570013,1442.397410,408.604303,33.702961,337.929220,95.193839,96.458219,101.405373,4.656519,68.741655,5.938728,169.220806,906.018666,907.093761,79.764299,5.704904,211.643454,5.045055,111.502775,19.397709,67.016050,67.452261,97.673673,374.759896
2012-07-05 23:00:00,0.372325,100.605821,298.540665,222.628813,56.231440,152.987208,1437.948999,314.178939,42.551436,340.781517,85.100665,124.285712,141.588829,17.000240,43.618719,3.666256,208.339842,502.699767,952.963963,76.884144,2.852452,130.229525,5.341823,66.253229,3.690202,29.292146,58.256315,119.660975,204.637387
2012-07-06 00:00:00,0.646670,70.173083,190.692034,183.211284,26.223821,238.763030,1378.729522,266.371971,40.119264,362.105829,82.231715,194.479781,87.940759,15.137632,25.243430,2.878465,233.298140,282.902772,790.945360,83.444497,3.593640,65.196668,5.119247,52.720654,5.023311,17.411033,49.428208,129.885964,136.550662
2012-07-06 01:00:00,0.862227,58.460140,121.329709,175.535924,12.349896,229.955086,1200.237013,246.694518,23.140384,348.523464,97.717132,187.757409,40.393841,11.870177,11.808383,3.120862,219.845440,192.107725,726.348333,65.363523,3.279197,35.055495,4.451519,44.685688,9.467009,12.319127,34.760674,142.863835,72.613266
2012-07-06 02:00:00,0.757715,46.328876,99.151160,158.320568,12.087132,218.030485,1206.631604,226.092620,8.778984,312.530199,128.722533,138.824795,34.292688,15.042924,11.507148,4.029851,156.653152,152.612952,746.337641,42.402285,3.705941,35.055495,5.490207,28.263346,7.612248,20.915140,21.058715,166.710226,53.186860
2012-07-06 03:00:00,1.084316,50.721230,100.455781,166.646382,16.133693,253.126753,1277.250136,193.605012,14.963651,275.857816,133.838251,186.506735,34.503073,19.667873,19.158498,8.635396,96.116002,164.847746,679.426062,22.321203,7.591565,25.390662,7.345007,28.333828,5.235836,24.802509,32.645607,102.893423,30.742759
2012-07-06 04:00:00,0.483370,28.445721,125.243571,150.905389,26.854454,298.521540,1119.887581,163.494547,19.411053,196.672633,118.525662,188.382746,25.246151,15.847949,15.905168,7.059815,83.194329,135.870603,665.959581,28.081514,8.871799,22.114448,6.677279,35.593490,4.405057,18.232308,43.459761,98.567466,24.330159
2012-07-06 05:00:00,1.182301,17.634076,187.711346,110.408189,32.627592,268.740639,930.287098,156.103325,8.435233,122.139955,112.654474,195.471040,40.123705,7.461831,19.950158,7.469146,71.513822,94.257686,640.614364,22.893223,11.132197,44.175969,12.852766,43.815409,4.223583,18.386973,40.291914,78.492818,41.316141
2012-07-06 06:00:00,2.994994,44.846442,203.519592,110.410452,40.438736,217.430364,870.088588,162.210870,10.745866,117.793599,110.538923,213.774461,97.978150,5.586325,31.250416,10.554825,116.881176,91.060624,546.306260,32.211826,22.681516,85.040746,31.102908,50.425485,8.113084,31.565660,43.312690,71.172100,89.782987
2012-07-06 07:00:00,4.927342,83.312053,236.352091,130.082791,57.477600,209.196549,1022.687446,191.343995,22.057728,130.470411,101.334718,234.877879,184.032207,11.212789,51.412805,18.239706,193.386218,161.257947,519.820706,57.363968,36.898653,137.920065,56.488684,56.918698,15.157733,51.694753,54.234685,62.873386,161.418483
2012-07-06 08:00:00,8.069951,123.662656,319.999089,119.723661,77.778073,227.769356,1153.160010,254.105008,31.329015,167.951955,93.850322,260.387961,276.422467,15.943551,73.046302,26.697491,266.359723,266.466303,529.925079,75.013486,49.496535,216.669590,83.962088,103.582462,24.522195,80.353186,61.714332,75.673296,246.680853
2012-07-06 09:00:00,12.102192,149.592330,381.264818,179.785356,89.447388,222.420270,1381.839455,246.254469,37.009452,211.108615,104.037226,310.322271,349.960769,21.728557,92.891271,34.427726,336.701311,365.859609,486.405791,96.984110,66.772716,298.919496,95.651441,156.013909,28.800599,110.872069,65.631073,73.080361,321.544628
2012-07-06 10:00:00,14.385615,151.518483,417.175115,216.629362,101.724049,251.961078,1042.642486,256.016199,41.998845,236.237885,125.969621,359.651179,420.163893,28.282447,111.310159,43.411177,364.966956,426.254985,438.053683,111.312565,58.259357,391.841446,135.249823,213.574127,35.413565,135.921897,86.931509,74.074199,382.940781
2012-07-06 11:00:00,12.400427,178.674216,438.238714,192.149933,128.936251,269.753810,1068.027924,299.609395,51.241311,276.916924,150.775263,372.054558,460.851071,29.495719,123.159155,65.365917,395.872049,462.875488,470.430593,120.026939,54.715747,412.928449,135.062660,211.953481,40.042163,134.589288,98.323938,72.453246,466.107951
2012-07-06 12:00:00,11.269056,216.778577,445.461468,195.824081,152.675827,273.186793,1088.925048,333.829587,59.442790,304.383441,156.482949,396.106335,512.616985,37.330217,132.823245,86.250825,438.177251,469.173903,452.683747,127.624565,50.379304,410.903621,154.352268,214.266703,39.821710,139.563858,108.600595,68.912655,479.968576
2012-07-06 13:00:00,11.980718,229.287145,434.875043,199.741256,165.310746,287.913337,1222.780507,332.066959,63.156022,321.258841,153.119461,398.606134,553.024331,32.689923,131.666657,95.874120,458.811483,498.638154,548.805108,132.252540,50.886641,457.791210,150.683518,245.797361,36.633705,160.046944,123.782361,64.295719,480.204562
2012-07-06 14:00:00,12.027851,227.172778,424.963384,209.741694,159.270076,273.347430,1394.202620,293.001337,66.987349,304.553196,176.144087,377.668446,612.695887,33.585339,123.908729,97.314018,488.925774,550.017364,704.564931,141.827005,47.928517,430.305414,142.517791,259.856707,34.491375,168.225270,114.851513,57.055736,425.416853
2012-07-06 15:00:00,11.432721,215.962079,429.305591,217.305126,142.812226,256.189392,1221.671790,255.286300,55.818284,269.529557,166.288539,385.794399,595.938521,30.306681,99.518802,87.633484,500.120953,520.316593,783.323082,184.687734,33.761694,378.099744,121.780948,266.955041,27.740927,166.708308,84.498857,46.778629,353.368609
2012-07-06 16:00:00,10.548364,184.747143,421.368008,237.382124,115.327833,333.957751,1050.519813,233.924274,42.804895,246.281249,159.724627,407.326114,471.639247,21.239249,75.693295,93.470233,398.083104,449.083340,673.665334,186.444678,28.636383,349.581811,106.959117,254.599463,19.340478,126.569904,66.094554,30.607530,311.749352
2012-07-06 17:00:00,6.073400,141.885893,430.057433,223.523472,92.053565,308.050932,1164.825165,196.830755,31.597617,231.330979,152.449621,319.547366,403.396968,10.563695,55.170181,70.873068,421.873728,421.755650,569.530873,177.757268,21.579522,264.470303,65.687661,177.306601,10.481326,77.239713,43.362250,13.983110,281.994760
2012-07-06 18:00:00,1.959607,78.034088,390.342827,190.331755,69.582845,254.756378,1404.269458,172.078671,22.260169,222.643668,134.390935,253.357242,373.643033,1.949617,51.029082,49.661102,560.588172,450.362213,632.082964,164.328857,13.586336,150.395848,27.302651,99.905779,3.883406,38.732779,22.070269,8.759169,213.640851
2012-07-06 19:00:00,2.122907,68.290646,416.608823,162.483475,40.886037,226.973936,1325.626610,146.986616,19.596361,240.815317,124.021602,206.361182,273.920737,1.499557,81.453741,30.814729,548.905564,560.868698,745.706399,136.087335,6.311331,111.882724,8.309503,75.133981,2.588937,19.929610,15.633108,14.407939,126.743156
2012-07-06 20:00:00,4.441775,62.434174,392.908217,169.378290,39.782430,266.541929,1335.913562,132.591700,12.091372,193.548689,112.372974,189.946088,173.356902,0.599823,64.825610,19.967460,503.768215,715.628105,805.463910,105.845705,8.265372,98.614055,16.767389,82.182197,9.351087,44.184602,7.816554,24.096653,104.487661
2012-07-06 21:00:00,5.395451,53.544886,307.673009,166.169383,35.578210,271.962202,1394.298962,134.704715,9.682363,120.747217,90.250949,161.493258,207.439206,0.962873,64.765363,14.877121,530.850624,784.314666,714.144334,116.406274,14.082578,161.025941,35.760538,103.326844,11.669538,55.244440,5.057770,49.408864,101.092755
2012-07-06 22:00:00,2.985134,70.173083,214.827514,115.217132,19.812386,202.311693,1328.962919,133.119954,5.582415,121.562159,106.773336,118.032343,252.671893,1.183861,89.406325,11.362363,440.044899,745.249184,773.270603,86.164644,17.631297,142.842951,38.060489,72.878552,20.189846,80.375459,4.460034,52.197497,105.807902
2012-07-06 23:00:00,1.319469,80.108170,257.010245,92.104324,10.983524,181.037121,1126.838224,121.234244,1.968902,143.565589,127.512734,104.900268,375.115725,0.820810,88.803856,10.423075,329.768160,470.073650,834.501010,91.924954,12.330678,131.048579,22.628556,60.685138,21.696840,55.134937,3.586419,50.981939,101.092755
2012-07-07 00:00:00,1.443577,35.138832,376.383023,87.551144,5.360380,171.958164,888.292160,110.008851,4.146275,150.900066,142.479667,108.808623,376.588417,0.441975,61.813268,6.241725,268.168955,377.776084,839.550941,69.523747,11.926393,94.846409,13.873902,33.619990,10.800119,23.214710,4.184155,71.145904,73.933507
2012-07-07 01:00:00,2.560553,14.327440,415.304202,72.850878,4.046562,153.393728,833.243068,102.613298,1.158177,105.670793,130.934735,78.792451,229.529588,0.647177,36.569838,4.938841,210.640961,312.094560,822.717839,57.363092,10.107113,50.289892,15.431933,13.250646,6.588266,5.748926,4.919831,111.974357,75.065143
2012-07-07 02:00:00,2.985134,5.124413,505.105582,68.341061,3.415929,132.525677,764.014665,116.744087,1.737266,62.750522,87.416564,64.097034,172.936133,0.915519,31.027128,7.120414,158.777262,279.683090,709.094404,31.841716,9.680368,44.065085,14.244862,5.850019,2.163888,2.901839,5.471588,132.066818,55.638736
2012-07-07 03:00:00,2.952474,7.634329,447.484842,62.443609,5.255275,118.568474,753.727714,97.462823,1.760430,37.079854,69.580682,45.962263,171.042672,1.452202,23.375778,6.090227,129.216724,234.607534,584.950279,29.601595,8.422594,56.514700,13.502942,5.427126,1.101264,7.665235,5.057770,139.038402,36.589542
2012-07-07 04:00:00,2.292740,10.144246,353.117290,51.776159,7.252279,101.630120,766.238871,78.577751,1.737266,22.682548,45.937767,37.676549,219.641512,1.262785,29.520956,4.090451,125.853549,203.054645,592.525175,19.281039,8.894259,60.118535,8.086927,2.819286,3.632240,14.344939,4.514932,123.021635,18.860589
2012-07-07 05:00:00,3.124850,16.813931,362.345228,34.381488,8.198596,136.993643,859.820765,67.972125,7.022030,30.186023,41.530128,56.672885,236.549358,3.066879,73.659783,6.023432,126.356167,215.424548,693.322036,16.189951,15.552886,59.929234,21.894662,7.444893,4.403588,18.130484,9.735663,128.696352,25.123937
2012-07-07 06:00:00,3.291492,39.858574,427.037141,27.462154,27.499391,161.593284,831.212959,75.551905,33.881578,64.523339,44.758761,104.519970,247.966947,3.849996,160.628613,9.522459,157.673585,207.360440,685.173479,36.613628,30.393502,133.380914,41.679590,23.070587,8.882705,30.825576,22.724429,128.313712,84.593101
2012-07-07 07:00:00,4.535229,83.834952,491.084029,38.571054,61.449128,171.645053,780.482850,107.857133,46.207851,117.604035,38.643102,155.165960,272.867504,4.940723,120.181200,16.661207,186.944219,266.395148,627.040353,53.902059,41.983275,226.358994,69.424340,45.180639,17.185380,55.117210,39.881719,131.736944,170.384173
2012-07-07 08:00:00,7.667842,136.105469,534.547258,60.865558,108.699075,196.592049,872.885497,162.663651,69.646905,191.533138,60.692478,220.972333,370.103803,11.536020,140.397866,28.871305,245.225095,352.019087,645.794324,68.345207,50.571932,334.586675,95.680384,75.758633,42.456675,77.268982,58.467043,126.530167,258.103947
2012-07-07 09:00:00,12.373720,172.236972,565.894722,94.642723,148.110263,236.562587,1108.024855,216.441308,73.764311,270.130101,111.035395,292.055342,492.669936,22.974411,160.283783,43.945830,334.475294,531.351590,717.471685,92.982391,62.390210,424.881940,125.667875,111.104231,81.317740,102.462777,73.806567,106.215560,355.661498
2012-07-07 10:00:00,16.001923,199.668714,688.341660,85.047263,283.474956,304.193698,979.557064,277.749253,99.756527,381.097164,163.512982,374.095765,665.790472,29.681039,203.013305,56.706375,406.462213,581.112803,689.158065,111.397669,74.002020,521.488087,146.666746,174.230276,100.478549,144.083220,90.517368,119.888581,550.724475
2012-07-07 11:00:00,19.579648,249.953015,883.937327,97.919281,326.034614,393.252284,1089.922168,373.665838,102.644422,487.181305,185.712640,490.246688,790.118371,0.000000,207.429992,68.455678,462.030879,658.273744,694.757378,125.228438,75.345466,50.950084,160.140073,305.346519,0.000000,252.245021,109.489047,122.571032,734.231423
2012-07-07 12:00:00,21.546329,322.677176,889.115144,128.476096,325.109349,489.782967,1022.238824,441.582299,101.349074,526.742003,211.072147,496.791749,804.813140,0.000000,199.199297,78.015393,521.655931,616.815108,645.814245,130.692365,76.092172,0.000000,173.322948,0.000000,0.000000,0.000000,130.591311,0.000000,865.654453
2012-07-07 13:00:00,21.144033,341.389234,915.191470,154.809711,0.000000,593.994268,1102.158292,458.211418,0.000000,640.022805,0.000000,538.513104,834.427595,42.881039,221.258515,78.038820,525.271957,669.750762,617.160241,128.510647,71.382728,0.000000,165.571102,0.000000,0.000000,0.000000,137.091357,0.000000,993.132551
2012-07-07 14:00:00,22.427254,0.000000,933.889966,147.981181,0.000000,610.112174,1248.215264,0.000000,0.000000,0.000000,165.579032,511.325805,896.213274,30.414465,0.000000,83.440972,496.070622,747.892956,678.840518,133.146974,70.366389,0.000000,145.632872,479.575318,0.000000,0.000000,142.261111,0.000000,966.631380
2012-07-07 15:00:00,18.440086,0.000000,971.242958,152.596810,0.000000,635.725545,1486.342729,0.000000,0.000000,0.000000,0.000000,446.557521,840.588786,46.853777,0.000000,86.588813,476.062400,733.075672,725.860562,128.705342,56.150052,0.000000,113.567280,602.578242,0.000000,0.000000,128.104435,0.000000,1178.357737
2012-07-07 16:00:00,15.875882,0.000000,1092.432005,169.380825,0.000000,603.175993,1555.675708,363.488099,0.000000,276.768929,0.000000,379.771977,938.026648,69.373732,324.412765,58.987874,515.007631,829.301859,775.131995,121.382172,36.070586,0.000000,72.120154,647.395450,0.000000,0.000000,90.495082,0.000000,1347.046021
2012-07-07 17:00:00,12.923791,0.000000,1229.530654,169.863003,0.000000,455.315715,1400.264975,238.953717,0.000000,0.000000,171.009093,256.679750,1079.782398,74.367173,0.000000,27.266226,490.494875,804.081530,894.278958,137.161308,28.899918,156.375364,43.596051,554.415266,0.000000,396.735950,66.357326,0.000000,1378.290232
2012-07-07 18:00:00,12.704784,542.909574,689.148431,128.991910,399.505984,350.556162,1128.814288,286.934149,0.000000,767.993029,148.557608,154.301884,1025.835263,47.381614,396.845998,12.816746,415.971646,606.838784,894.889762,142.647688,52.130243,833.633571,90.217456,429.342240,0.000000,345.483071,70.486923,0.000000,1167.848570
2012-07-07 19:00:00,14.847287,423.652997,419.636819,95.226504,278.161691,377.657527,1109.322604,314.178939,125.615916,615.416920,135.497403,130.226413,908.861431,17.899974,380.398608,7.484010,418.980803,538.116275,908.777071,205.131056,0.000000,625.101720,0.000000,344.093897,174.888507,272.334832,86.901686,0.000000,864.569383
2012-07-07 20:00:00,24.527744,270.966407,465.532093,101.297411,163.964571,371.153200,987.547340,290.935772,110.212158,426.893706,81.333007,127.099728,715.728377,4.119835,258.097504,8.150602,424.645098,495.616465,851.544526,177.769581,24.414293,404.284865,28.489723,225.683871,149.308261,174.438837,70.992700,90.416076,645.975161
2012-07-07 21:00:00,26.408967,145.784319,674.053941,93.752141,154.767841,326.571454,924.157477,243.789122,74.030697,307.504725,65.536499,166.495954,609.904928,2.714987,161.100076,1.666480,355.611505,440.023280,684.265579,164.728878,29.917055,229.826445,26.634923,152.241462,123.302966,116.840075,45.841789,29.888430,637.299290
2012-07-07 22:00:00,19.328254,48.525053,905.189212,84.385600,147.305350,331.449699,855.763151,232.827856,29.510359,226.282187,54.959406,159.773582,437.599948,2.825481,109.348032,0.878689,191.523967,457.838857,516.565804,111.285998,25.784368,109.425563,26.486539,116.013633,73.939275,69.753634,43.083005,63.745300,459.066727
2012-07-07 23:00:00,12.593739,36.498370,732.761865,100.907138,64.744985,240.253605,878.561260,207.471674,33.309181,248.828911,61.941670,143.358488,330.934961,8.618506,94.828541,1.999776,115.232996,442.169735,540.132147,88.724782,26.323414,60.446157,18.622189,81.124964,57.458950,58.201031,44.462397,62.315231,234.248511
2012-07-08 00:00:00,11.757640,73.833378,424.871420,114.002951,39.572219,267.490477,750.669431,209.848816,15.635394,221.935830,62.356458,114.592990,214.592282,32.990252,58.620185,8.120302,86.911523,346.652486,648.705652,80.644346,26.503096,44.392706,15.060973,86.552091,42.968630,36.738374,33.703141,56.380447,136.173450
2012-07-08 01:00:00,7.341993,106.253134,283.754966,123.109310,57.545258,183.340737,647.243865,198.227233,7.157536,146.825357,67.437610,81.137465,94.041912,21.056936,28.436513,7.756707,67.440509,209.923301,733.291987,71.923876,22.954377,43.409842,10.609454,54.412226,38.602214,16.973019,37.657397,55.772668,124.479885
2012-07-08 02:00:00,3.089647,51.034970,320.284340,124.583673,55.232937,171.551643,654.194508,190.567553,6.508957,122.784572,65.087145,63.002694,50.281917,9.960215,24.580715,6.332624,38.942026,142.739259,682.792682,51.682786,21.786444,32.270712,7.790159,22.483809,35.704149,8.650765,24.507195,74.578068,69.218360
2012-07-08 03:00:00,1.404385,15.791558,320.284340,113.352496,54.654857,215.591362,661.701202,194.397393,5.211798,89.100309,60.455346,85.514823,26.298074,12.975113,24.701208,6.635620,36.817916,104.747005,582.004487,29.121570,21.427080,24.243987,7.715967,14.237396,29.367049,8.322255,10.805236,91.703137,43.945172
2012-07-08 04:00:00,0.973271,5.751892,276.579553,111.574588,37.785425,230.090593,715.360165,198.887550,6.369975,61.528110,55.028537,130.226413,16.830767,11.049367,8.314065,6.059927,31.153621,83.067809,481.847532,31.201682,18.821691,20.967773,8.754654,23.188630,16.808772,5.639423,12.022599,92.704185,55.450131
2012-07-08 05:00:00,1.564982,10.452074,269.935669,104.747229,18.875605,199.856463,806.828110,204.635674,5.512520,57.780970,48.822631,145.717468,39.770323,9.952317,13.131585,8.576785,59.710038,78.158225,454.212355,29.887778,18.210499,30.689420,18.773524,37.765747,12.737326,6.614828,31.926498,85.624673,52.409536
2012-07-08 06:00:00,5.761677,35.487311,274.517472,114.714210,25.652784,196.263704,767.499615,215.453911,9.622038,75.642111,45.355566,189.397876,121.784788,9.412428,26.911466,15.660747,138.819077,101.220860,470.816897,52.474295,25.112130,71.571001,38.878622,50.791422,23.707217,19.466074,55.737868,87.682529,84.599550
2012-07-08 07:00:00,8.537964,79.835594,312.227655,122.542459,44.312495,272.634682,625.269421,203.523046,18.401427,117.750474,45.968220,202.292781,223.207198,14.763523,48.239020,26.410797,269.599739,150.566863,415.375838,60.200270,36.684160,135.405177,71.223535,63.747844,26.656920,41.979406,79.744973,122.190064,159.337106
2012-07-08 08:00:00,8.787822,129.860964,370.343663,128.204101,67.670599,274.289429,571.076655,232.492590,27.908456,169.702877,43.130593,244.480039,321.308966,19.418026,73.497712,39.354198,277.196689,247.301441,401.184267,71.448285,49.351994,211.914621,108.586580,92.264003,43.597255,68.477078,84.938614,141.562651,241.849226
2012-07-08 09:00:00,8.351430,172.460946,410.073595,168.597062,85.070988,285.833920,649.674696,251.847859,37.913396,215.135459,29.894939,333.759707,436.932408,25.210280,103.355514,63.923038,296.824705,333.960861,404.985443,91.212968,60.393145,281.763953,147.666861,122.580579,48.925029,91.328166,77.103188,119.527297,309.201933
2012-07-08 10:00:00,10.695683,208.435250,476.496808,215.011978,101.051132,324.295952,743.334618,278.090517,47.423786,254.295321,31.893794,391.782789,558.889114,26.496285,121.001283,102.882851,332.168124,397.791614,401.481927,118.357638,72.742522,337.824834,198.375817,139.766324,56.019806,104.759788,94.717609,125.091191,362.151756
2012-07-08 11:00:00,12.815486,228.206901,523.077589,211.177166,107.523629,341.642757,794.396620,301.348430,47.369685,280.539900,32.137668,436.874294,624.901135,33.324257,128.409543,114.187152,350.533480,457.773575,515.662569,152.616676,74.941417,361.641749,221.257651,147.687673,50.148580,111.871240,118.632869,104.541542,393.960081
2012-07-08 12:00:00,12.924839,223.946348,522.816301,248.091092,108.699446,316.871101,860.270367,287.744421,46.972930,293.026860,34.980371,390.312267,640.892419,36.361516,138.623297,154.006984,364.428271,472.444214,642.898634,203.804601,86.780305,373.448924,237.612092,147.695592,45.714873,112.597531,136.042742,82.499302,395.663984
2012-07-08 13:00:00,12.912714,208.502465,0.000000,267.062109,112.305635,293.886589,958.863274,269.174070,50.898965,301.245754,38.845551,382.749612,751.292502,35.872209,169.447402,146.520436,362.792447,507.345452,750.602534,292.432411,0.000000,356.541667,0.000000,140.412616,0.000000,106.655732,143.039414,0.000000,375.216498
2012-07-08 14:00:00,14.797880,199.358623,0.000000,289.404636,121.548426,306.724845,1116.472757,246.384876,62.661116,327.654305,49.192630,0.000000,810.763950,34.159805,169.743254,135.496739,362.972912,569.597588,823.381649,376.205805,0.000000,327.413991,0.000000,124.829762,0.000000,94.531311,137.081034,0.000000,0.000000
2012-07-08 15:00:00,14.570476,163.470654,0.000000,290.400488,139.073573,344.038940,1114.261435,213.329199,65.475980,413.682704,44.730499,378.964934,682.172273,30.330375,159.905443,118.563259,343.555009,518.681813,671.078935,353.031519,0.000000,293.004818,0.000000,102.135145,0.000000,77.941247,115.915170,0.000000,0.000000
2012-07-08 16:00:00,11.300855,124.812522,470.601426,269.027689,185.607543,311.922214,1007.884678,164.125195,68.147513,508.243824,30.812620,323.531500,602.431074,25.451976,186.116857,101.812147,397.817158,426.053810,574.250559,308.116056,0.000000,264.056954,0.000000,70.536462,53.127981,57.071345,80.320241,0.000000,249.273949
2012-07-08 17:00:00,6.887354,97.074191,337.789291,266.992568,169.604587,238.092258,1057.951777,96.727953,37.879270,339.587730,20.589538,254.008075,542.075648,11.613655,153.202778,71.418757,457.126477,377.042730,552.292593,248.584372,27.852248,251.205635,83.500002,36.158234,56.122835,32.026139,49.654871,11.908987,266.586725
2012-07-08 18:00:00,3.056986,69.650184,238.710203,276.531479,132.485476,184.831312,1019.896521,53.376396,34.953793,235.789842,11.706089,217.617246,493.351864,5.760200,130.253689,57.114812,574.040872,315.994129,464.383190,180.649736,13.408770,303.488000,53.418231,18.113915,53.440302,16.699261,34.484796,4.468964,296.962271
2012-07-08 19:00:00,2.162099,89.206617,234.614259,275.402335,77.305091,199.330543,1087.636598,76.860926,26.360117,224.380656,7.258789,154.458218,367.962649,5.303696,109.528773,30.087538,594.750950,504.631576,539.711319,193.290418,15.340352,503.881785,53.344039,96.490075,71.195774,76.378587,34.070978,6.900080,377.966196
2012-07-08 20:00:00,2.096779,76.343295,257.010245,287.153876,25.225319,193.774763,1189.394010,105.782821,45.006772,167.334726,4.804627,153.520213,272.448045,2.178304,91.093237,16.876897,544.303324,621.398729,569.800488,109.125882,11.140285,560.560295,27.896187,316.041998,71.891310,274.196389,23.449661,10.189237,595.994601
2012-07-08 21:00:00,2.031459,56.368542,294.409367,290.145965,48.874055,226.567415,1238.604561,144.741537,26.892878,101.731908,3.387435,135.072774,196.919977,0.378835,71.392517,12.119854,438.628825,656.171301,602.204209,83.444497,7.546644,537.954415,12.612638,464.829835,66.597513,304.857328,13.334121,37.753806,670.493926
2012-07-08 22:00:00,2.861026,35.243411,245.268660,218.682724,77.252538,223.857279,1124.892044,150.948519,15.843866,46.180038,2.073940,147.892180,278.969967,0.505114,40.666623,10.271576,359.682717,495.831111,558.858972,90.164860,8.063230,457.359539,10.906222,403.721803,60.994589,272.553839,8.782128,54.056586,390.791397
2012-07-08 23:00:00,5.565283,21.125131,173.731967,191.233554,72.312580,167.350932,841.027788,127.177099,18.739310,36.808207,1.417192,127.725065,239.207279,0.852380,28.255772,10.029179,324.280875,324.114709,423.562918,67.923661,6.041808,334.829118,13.131982,361.502990,66.365667,231.161573,6.575101,47.406768,202.751328
2012-07-09 00:00:00,4.938209,49.570852,138.289776,206.107274,64.324563,119.381515,531.585167,112.253929,22.607622,40.475445,1.175233,96.614553,220.272666,0.757671,25.183183,9.211089,265.513817,154.759407,317.514378,87.844735,10.803381,271.106747,10.832030,281.294294,49.073885,162.776730,5.609527,35.823214,155.411250
2012-07-09 01:00:00,2.619341,19.347273,128.939996,223.235903,19.654727,86.588863,396.742696,92.444412,13.782311,31.375261,1.209798,52.840969,150.845751,0.441975,13.254307,7.150714,168.866787,127.714074,246.604938,78.404226,12.263297,231.792173,6.306319,240.414642,37.404347,112.678948,13.334121,33.606608,150.696103
2012-07-09 02:00:00,2.188228,13.177062,128.070249,229.870537,14.557111,74.528755,438.168527,64.843152,8.315713,43.191918,1.348061,41.115902,120.129601,0.489329,23.255284,5.938728,96.647029,158.837672,250.813213,42.482290,12.959565,229.990255,4.377327,228.432675,42.021929,116.456813,13.196182,21.880047,150.130286
2012-07-09 03:00:00,1.881222,18.615214,101.542965,219.549996,7.357385,64.636757,508.231007,59.824741,3.520859,37.351501,1.590021,38.145552,65.850377,0.441975,38.437490,5.847830,66.555463,169.569947,314.778999,21.121138,13.857975,238.180792,5.638591,201.438009,50.387674,101.509606,10.805236,22.809591,111.843291
2012-07-09 04:00:00,1.450109,17.255676,76.755175,200.947004,9.512047,38.483939,481.262513,64.314898,5.628742,27.572199,1.451758,33.611859,72.372299,0.741886,33.557495,2.272473,54.164819,145.529651,341.501548,12.480673,11.791632,220.325423,5.193439,196.715704,42.524260,106.382505,10.938427,21.379523,111.843291
2012-07-09 05:00:00,1.789131,24.360174,100.984124,179.809651,14.916032,34.371811,498.508392,64.163113,12.434315,32.222050,1.999605,50.710928,91.313520,1.132045,53.275579,3.780815,58.322745,148.060760,376.937409,9.716206,13.418613,188.136559,14.028137,170.598941,31.893414,99.391140,17.886583,24.936107,127.252643
2012-07-09 06:00:00,3.204607,43.728028,189.998910,172.799094,26.965062,55.432705,595.353726,75.132306,16.257772,56.463585,4.674912,85.652237,121.360936,2.781453,60.708771,8.620913,99.671260,165.497227,412.293366,19.516399,18.636963,202.478403,34.646417,142.926162,25.732261,63.486421,32.811014,23.254479,169.529847
2012-07-09 07:00:00,5.697815,85.284109,250.969515,176.436730,48.838009,105.325950,614.231757,112.612063,28.214107,118.647782,9.893000,133.794746,223.481887,5.016981,84.435815,18.789835,162.690498,218.749388,375.237944,41.728195,27.680906,249.076215,62.916051,119.576255,29.411192,65.423630,52.163749,28.163266,209.560235
2012-07-09 08:00:00,9.241139,125.544436,324.262245,196.819754,80.454412,178.803825,635.959095,167.881770,38.215103,178.680033,17.154886,203.046669,348.823835,7.052208,108.710671,30.850551,229.025726,309.535006,372.784276,67.917203,36.150413,284.787187,90.900980,137.020518,34.328640,80.086917,55.508705,35.724790,280.280341
2012-07-09 09:00:00,12.266495,163.868029,410.988559,268.937458,127.441484,229.854033,1083.334522,213.471493,58.736406,260.581595,26.782877,299.306472,536.924254,11.605581,162.265960,45.517986,302.434032,394.248686,406.653944,92.839818,53.782871,322.998416,124.151263,153.336573,36.189469,94.165357,71.720223,51.370616,335.494488
2012-07-09 10:00:00,16.052648,191.835588,535.180303,245.912927,184.685107,278.610825,1070.643969,253.997186,75.988093,337.432849,28.613730,383.615215,666.498263,15.920044,208.118816,56.742955,366.452944,480.224924,422.011941,117.097728,67.590723,355.408480,150.649038,148.035066,37.614409,103.213636,84.114026,66.398234,389.347461
2012-07-09 11:00:00,18.098429,218.037112,604.186050,198.301094,206.293308,298.420912,1199.355518,304.943542,70.158962,399.353549,30.675696,402.946541,710.495511,18.439665,183.406004,64.063965,405.767272,579.627662,457.941295,137.167268,70.149641,394.752777,164.253250,150.385226,38.263403,109.154021,98.062797,73.255452,426.274205
2012-07-09 12:00:00,15.171445,260.507772,701.228241,198.108446,232.800063,327.352479,1233.697332,360.826378,76.164124,458.761938,33.124655,437.041396,833.824338,24.726492,187.274836,72.355768,475.187987,582.347954,466.500081,160.547873,75.377362,421.157739,174.186641,143.759215,38.263309,113.319427,103.000579,80.140962,459.407508
2012-07-09 13:00:00,13.649424,266.689295,858.992035,239.241976,265.018784,342.519474,1187.066131,405.479397,85.564515,536.973702,32.500998,473.395733,1021.720532,28.625054,226.975996,80.160239,564.997987,582.189028,520.855288,178.524519,74.051893,408.876049,175.594165,137.324435,35.685413,121.463137,99.731496,77.724291,489.518640
2012-07-09 14:00:00,13.183376,270.302809,901.662288,225.584553,290.428677,351.262995,1301.045918,408.630671,89.553768,593.158340,32.406141,513.152041,1160.682119,32.089131,219.650180,114.371824,591.608039,635.963191,583.636814,178.238640,73.549836,393.551341,159.436827,144.796477,30.632979,128.479986,88.717082,70.209746,554.396823
2012-07-09 15:00:00,14.126011,319.252749,888.980093,215.428808,274.374160,348.698784,1212.126486,370.036071,72.640935,618.825406,31.703147,520.617967,1045.444212,31.652664,177.278187,109.686248,710.122927,621.251656,635.676329,198.939333,66.235363,389.642398,142.471401,143.519386,24.922033,140.209987,74.724287,60.679708,616.783776
2012-07-09 16:00:00,11.067411,277.356072,809.802764,217.053022,302.344798,367.758543,1081.991717,288.776960,84.891105,637.088993,28.752230,429.545458,889.046385,31.453376,164.419373,73.015569,717.879457,551.984064,660.074786,205.968798,54.424921,364.220637,112.062470,120.745188,19.037000,126.224659,62.303834,58.953172,631.616248
2012-07-09 17:00:00,6.622577,210.852988,758.128831,216.418063,242.714773,269.409904,997.662139,181.443105,71.682984,503.550940,22.302073,333.173738,763.821006,22.198355,173.737747,46.193201,541.266873,468.914151,583.646201,149.776324,39.201760,350.987399,64.716279,71.843061,45.270660,71.737304,30.375004,60.584329,524.526268
2012-07-09 18:00:00,3.030858,140.659906,616.650638,200.861967,205.017325,235.239852,1095.813113,126.197913,61.128601,399.185683,21.072394,222.150939,588.866469,14.337289,170.619078,25.542592,522.000164,360.211102,470.906016,121.766563,16.598126,510.735200,29.676795,56.174280,98.252448,34.548307,11.908750,34.178635,345.747099
2012-07-09 19:00:00,1.926947,115.979060,404.432365,171.806653,160.811406,257.327465,1288.649190,139.723126,40.350899,388.727262,15.658246,114.592990,409.618798,9.028911,180.981536,9.271688,544.303324,463.419640,504.572220,169.689146,4.402209,574.975638,17.657693,267.338827,100.118454,82.072761,9.931621,38.147075,289.887247
2012-07-09 20:00:00,2.821834,117.024859,230.265524,147.869936,90.653489,196.078379,1324.236481,172.606924,23.927944,280.611644,9.367295,97.865227,274.762275,3.488443,186.102518,5.726631,498.457939,615.603301,605.991656,153.688283,3.705941,614.781644,14.764205,430.786952,93.665431,264.560095,10.207500,28.887382,458.500910
2012-07-09 21:00:00,3.553420,129.469862,165.904244,139.370667,58.280997,148.786496,1301.994424,174.587876,24.970304,192.054629,6.118123,98.959567,200.917284,4.624949,154.713910,1.908877,435.265650,753.620359,760.856191,131.927110,7.007598,530.910554,12.093294,475.402158,93.066498,324.403676,9.149966,18.805400,375.514320
2012-07-09 22:00:00,2.939410,155.510246,191.126908,134.947578,47.455131,105.288805,1240.828767,174.455813,23.580491,122.512925,3.180041,123.816709,146.217290,4.451316,103.263100,1.333184,344.105907,708.544803,829.451080,99.525364,5.862126,400.025786,12.464254,394.770569,114.647415,282.409141,9.563783,8.187142,253.486311
2012-07-09 23:00:00,3.298671,104.579856,253.531257,156.109023,38.416058,106.508366,1129.618481,153.457725,15.357432,81.630009,1.693718,150.549862,94.252296,2.494000,51.029082,1.757379,257.371393,670.337904,924.558104,84.004528,4.289908,325.164286,18.770573,340.569789,106.223709,255.635572,8.828108,27.064045,193.698245
2012-07-10 00:00:00,6.127037,64.421191,274.405185,151.642571,25.855952,86.182342,961.412923,118.064721,18.808800,80.135949,1.866546,116.156332,46.494994,1.089152,24.580715,1.727079,177.363230,428.647068,933.605896,77.764191,6.625774,310.093699,27.228459,296.870851,104.098462,217.911667,6.345202,50.195401,133.155756
2012-07-10 01:00:00,6.917412,27.086183,202.868493,144.053938,14.609664,48.646951,814.059294,94.821555,15.079469,73.073119,3.007213,68.318058,31.978458,0.568253,23.496271,2.969364,193.294059,353.091851,867.535972,45.682462,7.726326,246.207517,35.612154,182.689755,89.839986,151.881147,6.759020,42.687542,82.797984
2012-07-10 02:00:00,5.173362,22.589249,173.514531,139.500758,13.138187,37.535391,644.463608,78.049497,8.593676,53.786162,6.636607,40.959568,32.609612,0.426190,23.195037,2.848166,193.648077,320.251090,782.318395,38.082053,12.218377,175.113663,40.212057,155.765570,80.469579,109.722357,3.862297,40.756950,52.243831
2012-07-10 03:00:00,3.847361,14.954919,143.290822,96.570776,13.138187,19.648490,529.917013,72.238705,5.188635,46.451685,10.991881,18.916442,39.552303,0.647177,34.641939,3.060263,196.657234,253.710984,626.191378,54.802954,9.388385,161.189752,33.608970,161.051732,78.247730,93.132600,1.977128,41.078715,42.624930
2012-07-10 04:00:00,3.089647,10.353406,151.988292,84.905963,8.093123,14.228217,460.410584,80.954893,3.659840,41.290387,8.848810,20.323450,59.749224,0.836595,31.810337,2.908765,196.126206,239.759026,506.676357,32.001725,8.467515,165.285020,17.435117,137.510691,65.708773,92.858841,3.147585,47.120754,36.589542
2012-07-10 05:00:00,2.173605,17.335297,192.887039,88.482299,7.549589,25.165507,457.418099,71.096122,6.041063,46.686936,7.547774,54.744940,88.998262,1.145363,24.487381,6.915231,196.153629,220.860486,520.964656,26.155151,12.651203,183.983220,18.776424,137.307410,50.176417,107.895187,8.670138,50.461381,49.231139
2012-07-10 06:00:00,1.632873,43.447786,271.250610,108.373285,21.840528,62.474549,502.738762,72.007665,11.354633,91.642572,11.678825,120.131857,154.253458,2.270788,36.298707,18.585476,253.347495,179.742020,539.199415,40.859302,23.863995,231.322122,35.114246,191.945986,41.616430,118.620823,20.499334,44.197971,90.310768
2012-07-10 07:00:00,3.405167,81.377070,324.251013,124.303538,42.538941,117.720958,501.075290,108.675503,21.712344,150.975800,16.981242,197.854880,278.923879,3.468285,51.249596,29.862101,350.649823,250.087333,495.520850,54.545975,34.041437,293.551455,56.514986,165.494865,53.209510,130.686557,35.450637,48.024651,163.122385
2012-07-10 08:00:00,4.830816,125.246168,378.485327,151.217081,68.531430,170.887412,582.898126,169.958290,45.240964,215.899691,22.181621,324.159908,362.193020,4.793372,76.970966,40.144060,334.234541,417.981613,572.368583,79.657617,45.551886,342.691934,82.423471,208.407484,65.078293,133.888939,47.399706,54.707525,246.507910
2012-07-10 09:00:00,7.689480,173.457921,509.792549,189.157029,99.079577,211.479864,773.157280,217.864607,57.532920,289.317916,25.657508,366.184127,596.761420,8.102201,109.523227,51.389286,347.461445,500.005409,589.200604,105.049772,59.796388,398.282987,125.753043,220.778604,71.517173,170.946616,64.934330,63.157528,315.833147
2012-07-10 10:00:00,12.465989,210.250838,609.451418,188.698680,159.074059,244.373016,972.836431,253.200106,68.655158,326.582218,24.328970,368.296593,721.888283,12.593172,127.324175,63.957081,360.090123,561.414697,610.482601,122.142633,68.433257,440.891955,154.814041,209.418042,82.289694,177.232208,83.079309,71.103663,355.780483
2012-07-10 11:00:00,16.365948,224.758466,727.970534,182.688905,210.079930,278.584946,1159.325844,276.768317,86.794123,372.504448,24.384350,403.520198,821.292288,16.264842,148.902596,82.225224,382.767315,628.130956,581.164965,139.436875,80.123450,496.961294,185.007333,219.276446,82.972880,174.679320,100.712822,82.361235,389.836416
2012-07-10 12:00:00,16.506776,227.540305,776.275786,235.741415,301.598541,295.884185,1112.521320,297.455923,91.699412,404.010035,18.856262,402.635472,802.158595,17.901175,181.509469,97.992515,425.463098,611.755137,519.659879,152.612267,111.920441,473.496466,250.977988,185.931745,83.013314,147.954810,96.665210,80.899831,419.059931
2012-07-10 13:00:00,16.921963,218.792086,712.543297,270.074276,303.489632,271.953380,1248.026847,301.246595,91.192319,426.508515,18.503927,401.814820,818.138426,17.358676,224.605221,118.447898,465.930144,655.134348,615.205048,168.462976,119.845164,433.583004,275.702558,136.368868,90.228395,108.969172,92.013260,79.322365,537.497845
2012-07-10 14:00:00,13.785872,220.036169,646.400794,270.600887,295.214498,255.849223,1515.486372,294.285476,80.274642,414.624941,21.771367,400.617223,847.348700,19.940544,234.779497,108.920068,480.773592,798.694889,842.712053,213.573722,103.840424,442.624027,240.138294,122.031773,106.590599,97.738583,89.765920,75.305151,610.526357
2012-07-10 15:00:00,13.258611,209.720785,546.399154,266.304130,283.679260,213.116580,1481.317663,304.506245,77.050447,452.417844,20.969449,337.837959,758.895995,19.187466,234.166307,90.182798,499.734448,707.417371,904.549640,241.295388,94.400079,438.128772,240.213261,100.454099,154.031563,82.831225,66.586447,62.611173,726.683230
2012-07-10 16:00:00,9.176183,197.283297,436.079206,237.214856,254.948894,158.476194,1193.164831,232.871637,78.992838,388.362352,20.144775,279.942210,739.940528,18.758666,228.635367,66.488143,536.903535,460.736359,812.001353,298.406394,73.842302,434.560367,190.769917,73.654056,147.762386,60.805309,46.114450,33.040043,691.485127
2012-07-10 17:00:00,3.860594,141.694759,349.823270,236.095751,207.496658,92.748623,1206.548107,128.337288,71.270372,237.792223,16.239770,210.511911,777.187108,14.395339,200.970206,31.937592,615.141600,380.378648,647.615899,287.749582,42.803033,569.553771,108.069613,57.137276,136.811600,37.718709,21.599941,17.694427,543.149816
2012-07-10 18:00:00,1.946543,68.499806,299.627849,251.897813,123.709167,61.791113,1294.559557,83.830890,39.586502,134.921689,14.141690,154.301884,548.893396,7.966075,107.902108,15.998207,560.765181,326.046518,496.155669,205.531078,25.582226,682.558017,72.708147,208.486225,142.333587,104.301941,15.219290,41.579239,475.664046
2012-07-10 19:00:00,1.038592,85.650902,422.262179,254.284254,86.764586,43.091171,1648.692491,99.179648,31.409770,155.925541,13.446043,115.530995,333.249191,4.877506,81.333247,7.059815,305.340889,503.987640,542.657112,187.370099,20.798193,681.780230,57.498790,462.856334,122.819956,295.440039,19.495405,122.199346,599.766719
2012-07-10 20:00:00,0.333133,85.546322,508.584570,235.117535,51.501692,31.437584,1521.912765,134.440588,22.792930,180.509620,11.890588,81.762802,154.422289,3.472658,59.403394,6.029627,178.425285,710.476613,582.004487,99.605368,16.081540,715.852860,35.834730,559.557856,107.209051,396.894894,31.266215,177.686001,610.140043
2012-07-10 21:00:00,0.202493,119.953095,396.822078,256.192253,58.596313,111.657626,1564.172674,204.038025,16.608263,173.175143,9.989477,40.803234,83.522682,3.425304,59.825122,4.241949,146.740636,789.466158,789.051636,67.043613,16.508285,669.658236,14.912589,551.381925,103.847296,404.176866,20.828817,156.342230,520.363641
2012-07-10 22:00:00,1.326001,192.426935,340.071085,215.733998,56.546756,113.690228,1408.478273,254.354198,10.122470,142.343176,9.954911,28.296495,61.432300,3.930418,82.538184,2.454270,145.678581,525.881481,890.891900,62.883389,13.251548,563.508888,13.057790,480.053981,107.131769,376.417767,9.012027,144.544165,499.051175
2012-07-10 23:00:00,1.933479,239.592450,287.668827,192.447735,75.255534,67.888920,1294.209704,185.945333,7.551316,156.740482,5.012021,22.981132,40.393841,2.809696,103.082360,1.393783,144.439516,413.621883,937.393344,60.323251,18.799230,461.782429,16.767389,397.448891,91.868631,328.345796,5.057770,127.848116,380.606679
2012-07-11 00:00:00,3.612208,117.966078,237.006063,212.958726,47.823000,53.796210,1126.560198,136.817730,13.620166,200.339871,4.528102,37.520215,38.079611,2.730772,84.164849,1.636180,181.080423,304.152677,818.509564,63.203406,20.146845,419.846884,19.735069,335.213145,97.297671,281.861624,6.345202,101.463354,261.973576
2012-07-11 01:00:00,3.984534,79.376111,190.692034,202.378003,30.165277,57.861415,1010.345449,125.460274,16.770408,145.874591,5.357678,56.592991,44.391149,5.729886,43.558472,2.969364,236.838325,268.092232,688.263440,64.803493,23.448502,402.974379,18.399613,321.539607,88.043187,227.274204,10.299459,86.876656,195.961516
2012-07-11 02:00:00,3.644868,87.847079,242.007109,184.512193,20.495571,77.509905,953.072152,121.234244,6.254158,116.944155,7.016830,78.792451,47.757302,5.603607,36.449344,2.363372,266.221854,262.726095,627.664275,25.521376,21.382159,399.206732,21.218908,279.743687,93.201741,259.249182,8.598209,72.718979,147.678409
2012-07-11 03:00:00,4.618140,78.853211,247.877901,182.213921,17.973040,113.148201,921.655246,137.742175,3.080752,87.877896,7.777274,113.185982,43.549610,2.083595,27.713551,2.545169,240.909536,228.382815,647.443169,25.521376,19.113674,381.023742,18.473805,259.374343,82.420942,233.461143,6.069324,70.752635,161.635245
2012-07-11 04:00:00,2.847962,39.531186,274.405185,149.561117,19.234305,177.242930,871.610617,144.873601,1.644612,71.307412,6.014426,149.611857,29.453843,1.073367,9.759990,2.423971,200.551436,179.872931,693.313371,30.641651,18.956452,361.038834,13.057790,274.668971,73.224419,212.491251,28.744395,72.182703,208.409504
2012-07-11 05:00:00,1.014018,23.975352,288.015088,145.065115,18.278895,204.625723,919.371011,112.606990,3.261324,56.782055,6.901067,180.367162,42.467004,1.710333,11.684484,4.854412,168.656181,206.692834,703.260663,28.913359,22.047582,299.274533,17.042723,180.629984,59.112256,182.621519,47.265776,68.790906,183.517609
2012-07-11 06:00:00,1.570106,40.220261,343.730945,199.564283,44.166387,187.050958,960.505717,120.932333,10.157774,79.753691,13.138370,181.903254,99.972179,2.964394,27.150393,12.276787,185.990735,185.927645,601.006015,33.826686,31.009881,291.758676,30.092281,141.091904,56.205429,174.393103,56.671713,65.295446,205.139244
2012-07-11 07:00:00,3.310787,82.018999,387.678210,211.315815,69.183954,239.110272,975.051621,170.493637,18.041204,115.608859,21.477069,224.636209,181.864056,5.192531,51.389976,21.995106,236.770150,223.324349,625.605740,60.725714,36.557392,350.329531,45.831597,197.703146,69.180034,178.803040,49.286479,82.225814,214.990847
2012-07-11 08:00:00,5.635152,128.781814,485.550852,231.606252,81.040267,269.403238,1064.312837,223.627566,28.327695,170.568811,31.284109,278.984446,276.142639,6.511978,78.286012,33.754939,259.064053,326.072146,615.626357,77.507987,45.051584,444.705204,72.484022,266.129962,79.082690,200.229362,54.497483,98.077643,283.132725
2012-07-11 09:00:00,5.621491,170.961433,451.171266,323.516997,87.570012,257.867330,1516.046762,261.116538,41.274179,235.425502,44.847198,319.723275,399.555449,9.455024,108.997949,49.029931,315.427101,394.635737,710.622202,101.477154,57.593919,445.706936,113.674866,277.954194,79.115602,198.880744,58.067581,98.339905,332.590247
2012-07-11 10:00:00,5.803700,207.637509,471.536428,305.725937,97.460785,285.135446,1319.696239,280.236986,53.271507,280.601129,50.615139,403.455389,494.700966,14.239650,137.149204,62.676905,343.963880,456.863464,629.582190,120.874614,67.019436,469.716585,148.982590,260.429025,83.917922,184.644698,66.730885,98.880422,372.419523
2012-07-11 11:00:00,9.167030,229.363336,511.305961,287.954497,115.057705,299.517100,1305.538483,305.980880,56.569605,309.266647,60.537262,412.595939,584.915437,14.282610,150.706469,78.136697,372.658521,535.166385,579.632268,143.036317,67.239479,523.941022,169.332010,251.881846,94.660889,180.650195,68.627642,92.202087,394.432582
2012-07-11 12:00:00,12.095386,232.289237,546.741779,314.209408,131.904069,317.625408,1212.433006,311.119926,60.304966,324.309044,71.943125,447.159542,647.231705,22.731305,168.534156,85.600853,409.594154,545.835900,543.084825,162.895574,74.887249,551.962258,181.256107,228.266094,109.539102,165.771188,68.779714,86.331422,409.307571
2012-07-11 13:00:00,12.867492,218.282761,595.637280,346.996838,149.893134,305.024778,1293.751147,272.929720,63.262011,323.053173,98.936187,444.200544,765.629486,27.124087,179.396961,96.157368,466.754170,640.982723,654.943908,201.875292,87.491807,539.240805,195.851943,188.726930,119.505098,124.077616,77.942886,86.833543,392.449651
2012-07-11 14:00:00,12.292355,223.742295,706.957462,397.165396,157.635917,287.584558,1220.793427,256.630525,58.712693,317.728183,88.493160,411.187713,766.473076,0.000000,154.037451,105.193065,489.237795,644.090062,828.490540,248.690982,84.641830,345.002169,195.747462,177.803916,144.367535,139.720662,78.112669,90.867149,464.773358
2012-07-11 15:00:00,10.971924,249.548777,753.111862,373.449365,141.170805,200.949743,1320.895568,320.177831,52.890867,333.067060,75.150942,346.666171,637.417173,0.000000,111.712966,112.018686,469.492925,736.969997,920.322848,247.532249,70.080847,104.700133,159.945970,176.874760,156.110160,234.508687,71.979977,110.676940,576.261938
2012-07-11 16:00:00,9.490527,250.924223,746.325039,352.949219,122.236961,141.380322,1437.186267,415.370048,49.860628,369.869389,64.907952,248.759348,573.199949,0.000000,109.043016,91.013404,479.108731,731.853850,969.519671,286.058561,60.357641,0.000000,122.761078,222.424136,179.053214,312.965009,52.327042,94.874984,728.672730
2012-07-11 17:00:00,5.398158,165.224934,738.602313,314.590604,125.992041,73.999503,1284.998072,426.630367,72.246555,467.466873,42.572137,131.727535,572.409348,0.000000,105.527634,65.657048,598.531515,513.420814,807.240311,262.467061,32.826700,623.100412,73.941661,371.457453,167.856735,391.135079,43.065872,132.088972,833.779772
2012-07-11 18:00:00,3.984534,76.270243,749.721932,294.147387,172.431211,40.516541,1035.686474,393.694036,100.900412,343.081704,30.515014,43.148247,631.153771,3.064897,133.988994,37.935143,695.115172,320.501684,584.739866,198.890720,19.899783,550.247193,73.895219,463.420191,142.326819,393.455510,37.565438,189.484065,677.601855
2012-07-11 19:00:00,2.449508,33.151814,1125.017771,273.754518,257.508461,175.345834,1146.300024,276.276730,92.028773,157.147953,30.002996,26.733153,318.732654,2.872835,170.438338,41.207504,473.499640,473.078687,591.683520,163.288801,26.974762,403.957243,76.491939,436.989382,115.246348,337.051313,31.404154,261.595265,560.913906
2012-07-11 20:00:00,1.149636,68.604386,904.102028,266.165885,158.341427,323.319290,1159.089207,286.181488,99.417945,52.427926,16.176731,76.760106,271.396122,1.941532,145.857623,19.119070,221.438523,440.881862,609.779104,105.045662,17.024870,312.714671,34.796042,294.403976,117.912567,254.869048,27.587837,252.907599,346.846225
2012-07-11 21:00:00,1.953075,43.818960,699.711478,198.865550,90.495831,265.728888,1163.259592,258.976418,69.444315,35.857441,5.979860,100.991912,241.100741,1.673190,123.506042,17.907084,102.842352,398.811343,659.436754,59.123187,5.884586,283.720173,11.722334,267.479791,82.227738,236.746244,25.472769,268.960117,338.736172
2012-07-11 22:00:00,4.075982,40.890724,652.310266,161.876385,72.260027,246.893439,880.229414,223.451351,30.251593,32.461850,3.180041,75.978435,181.772286,2.130949,87.719413,14.180229,78.238071,257.359957,647.022342,43.202328,3.953004,316.646128,12.241678,272.061131,83.773372,241.673894,43.266924,282.617271,225.761246
2012-07-11 23:00:00,10.451236,77.807413,645.352289,135.337851,76.306589,362.616270,643.907556,169.569465,14.361399,49.303982,3.422001,161.805927,72.161915,2.620278,42.594523,6.059927,74.343869,195.327407,600.100071,39.362122,6.985138,274.055340,19.883453,246.123697,61.323036,215.666849,43.864661,296.095666,198.036181
2012-07-12 00:00:00,6.878220,67.767747,520.108718,166.516292,34.789919,432.402286,627.504039,154.910423,21.217809,41.018740,5.323112,286.560641,48.388456,1.610051,20.122448,6.575021,97.355066,168.711365,565.171385,33.361798,10.174494,247.354192,35.241194,167.254162,45.924655,197.817802,37.197600,252.871848,231.419423
2012-07-12 01:00:00,7.126436,51.662449,392.473343,181.476740,31.111226,288.900556,685.611414,138.666619,7.713461,82.037480,4.493536,284.997299,26.718843,2.273013,24.279480,10.210977,150.988857,118.055026,608.727035,25.921397,11.499649,197.228111,29.305835,106.216613,51.740104,134.689121,60.923140,238.857177,152.959374
2012-07-12 02:00:00,1.770178,37.125849,299.410412,153.116934,48.821502,261.934697,768.463077,89.935207,3.845149,72.394001,4.942890,252.792448,28.822689,3.014899,34.220211,14.755922,100.187214,71.906243,645.970273,27.041457,9.949891,149.067758,19.141533,78.023749,46.716793,106.601512,72.326112,230.527029,106.185114
2012-07-12 03:00:00,2.338464,17.778576,253.531257,154.678024,37.207345,206.376898,744.830891,70.389817,13.017914,40.475445,4.389839,168.684633,40.393841,3.109607,31.810337,14.634724,79.123117,46.363429,599.048002,22.241199,11.027983,114.339885,6.083743,76.966517,52.049231,127.516652,80.510504,185.765887,74.876537
2012-07-12 04:00:00,8.204220,16.732777,166.339118,120.550857,13.506056,209.358048,759.566254,57.975853,13.365367,17.928721,4.078748,111.935308,31.557689,2.462430,20.905657,12.756146,67.794528,42.070518,569.800488,22.641220,10.848301,89.604466,6.083743,94.446092,71.253736,103.480666,76.819154,188.661776,25.650401
2012-07-12 05:00:00,6.707585,19.564972,129.683652,91.861088,14.083220,239.004836,799.652184,47.389120,2.543141,19.294066,5.643209,96.897331,44.149053,3.378753,12.979644,11.725578,48.820945,47.460772,582.797802,22.839636,11.067481,70.546295,15.585806,118.828591,66.103109,44.957468,76.342452,142.719456,35.744436
2012-07-12 06:00:00,8.681523,44.055707,192.574921,77.121085,22.839030,183.636443,835.478030,66.126003,7.872228,54.037527,11.453887,114.782057,94.599664,7.598332,29.008838,16.305899,85.057192,76.991382,575.435852,38.775309,22.019151,85.883006,39.872681,92.624132,43.305640,30.013471,83.500127,143.068091,81.699916
2012-07-12 07:00:00,13.084635,87.057880,250.620221,81.715853,44.204823,239.649936,784.498521,112.518429,18.184065,112.575243,20.802521,169.533370,182.730553,13.746906,64.485489,26.228597,161.738379,147.976438,557.368805,69.690484,29.016814,142.303632,75.717043,76.241188,41.458821,43.768139,85.491289,117.229009,155.870733
2012-07-12 08:00:00,12.624353,135.894777,334.758993,79.924775,65.994375,238.969928,708.003669,160.808957,28.459370,175.526706,30.653315,206.912207,278.636130,20.094757,88.922671,42.626897,233.655017,233.510355,455.116137,91.723149,40.366797,217.166967,106.785004,94.356924,54.405638,66.700266,101.828234,122.279231,238.664380
2012-07-12 09:00:00,14.048274,176.121898,382.712980,106.524455,87.931133,242.614328,769.768229,204.746919,37.032276,245.386124,41.559108,271.338492,367.507548,25.215414,120.606293,58.847077,300.557463,316.589554,396.388097,120.357826,45.052245,284.438195,138.320638,114.845986,50.294864,87.606466,114.659605,103.296320,311.483893
2012-07-12 10:00:00,15.858387,221.313679,440.156951,146.334651,113.572695,268.019601,775.910340,249.477815,44.273431,290.636628,48.008019,351.528731,414.998387,28.570209,129.880104,64.034722,354.434475,381.026197,417.652489,123.011097,57.226689,352.521959,189.304048,133.887876,44.989163,104.240125,119.827993,106.967294,402.024856
2012-07-12 11:00:00,18.370162,260.692776,458.914324,180.347804,155.377728,310.422822,795.567495,300.626459,48.817576,306.514441,54.008922,396.258859,438.658800,29.919496,131.495166,66.146753,391.801702,412.637955,392.609073,123.459016,63.004726,429.541922,218.936266,148.446008,48.462270,114.453280,133.059391,96.544161,573.084738
2012-07-12 12:00:00,18.924873,326.364182,461.553609,219.597064,157.491463,319.849888,874.413765,320.837788,49.903741,308.025752,67.018694,381.355986,451.530579,32.270199,126.237041,75.868601,414.222581,421.015121,363.134104,124.950303,65.306847,514.217434,275.417233,166.108158,43.337705,124.623834,117.447364,104.717231,692.008580
2012-07-12 13:00:00,17.228804,352.474553,452.640977,218.864495,173.303385,323.466590,1018.272121,318.606164,50.868156,298.677900,82.121333,364.711674,460.381265,34.959488,120.060961,83.350771,430.873674,429.877598,387.512195,127.015418,64.441759,593.195921,283.355464,246.152576,37.995856,189.385590,93.959128,86.082881,676.717551
2012-07-12 14:00:00,16.605659,347.729706,420.592193,255.233144,190.084872,315.182208,1169.324014,297.170044,48.595946,278.815422,90.478116,324.428361,480.400977,32.199151,111.963498,69.755686,461.144839,437.044029,457.667984,121.247303,60.788401,586.514315,248.463743,255.344029,32.051541,199.446639,97.769991,65.361360,640.999567
2012-07-12 15:00:00,17.979576,383.434567,389.657297,267.410104,179.125661,268.883544,1032.410360,291.943906,45.905304,273.611849,100.802457,280.944134,480.560559,28.069699,92.073670,69.733547,437.360133,361.594108,476.502363,113.341791,62.627413,610.508066,251.229037,278.352788,24.908779,224.652316,86.567484,48.517564,695.247643
2012-07-12 16:00:00,12.813034,320.116680,410.739858,229.748686,189.325109,211.034482,948.260090,271.527152,50.728526,265.725072,98.097109,242.482538,485.811651,20.343470,82.426059,58.483669,420.780305,295.765038,505.486611,105.852008,49.819332,588.170701,198.788088,228.866983,15.883537,222.529111,55.349313,30.414476,725.182668
2012-07-12 17:00:00,8.733610,258.982345,496.809454,245.327263,193.366460,182.349774,977.234406,237.532285,55.935651,250.237194,103.161899,202.875481,519.566552,13.257357,64.841713,41.881095,362.134416,213.519855,552.288681,115.679368,40.815575,473.825208,149.333871,197.432873,6.539675,181.161068,18.197441,16.467417,682.589978
2012-07-12 18:00:00,5.127638,203.198660,481.187539,273.018584,148.303853,144.585785,1020.489744,185.813269,46.095459,249.100559,84.604085,118.345011,559.202241,4.688397,36.208357,22.542929,332.777317,172.360338,539.290491,104.005606,39.013456,342.037590,126.348954,172.862830,1.236507,165.218395,4.184155,13.156629,604.576630
2012-07-12 19:00:00,3.749381,210.100931,338.114154,262.653432,105.210600,155.697344,1182.999418,184.756762,38.984250,256.978330,91.391616,89.423179,374.484571,3.898848,29.400463,16.331503,429.070328,315.528889,589.368969,103.285567,20.708352,257.182835,38.876601,270.721970,0.386409,191.959373,5.425608,13.335388,430.587239
2012-07-12 20:00:00,4.944741,173.602561,206.564917,264.387977,69.317074,167.757452,1286.703010,253.165627,22.005370,226.961305,86.794382,96.770888,235.841126,0.457759,28.617254,7.029515,582.360305,525.022899,659.857581,105.525688,9.545607,225.075934,11.870718,230.547140,19.532952,158.998865,6.069324,15.230229,292.904942
2012-07-12 21:00:00,6.819431,121.835532,144.378005,277.830698,36.997134,128.866993,1087.358572,260.693243,7.018555,201.562284,114.170388,80.355794,100.353450,0.584038,18.254795,2.666368,586.431517,408.470391,630.820481,124.326701,12.398059,194.115707,27.821995,180.645772,63.293720,136.714933,6.575101,22.845343,167.104815
2012-07-12 22:00:00,3.644868,115.769901,111.327619,211.440999,36.734370,99.868532,907.475934,209.320563,7.551316,236.197313,130.589079,62.221023,74.265760,0.599823,34.581692,1.545281,447.656295,224.519196,572.115040,134.967274,13.318929,170.199341,24.112396,91.767770,47.876019,60.774359,4.919831,4.397460,164.087121
2012-07-12 23:00:00,1.450109,102.697419,106.109137,174.885470,46.719392,97.022888,844.364097,134.968842,13.898128,265.399396,158.449004,90.204850,84.153836,1.578481,61.150552,3.120862,426.592199,118.484317,490.895324,143.847753,10.129573,78.792958,10.238494,79.362910,49.073885,23.816979,6.575101,4.468964,208.975322
2012-07-13 00:00:00,1.077784,105.416495,122.199456,158.624113,49.452135,89.163492,693.674159,122.422815,18.692983,249.915501,179.119271,118.032343,79.104606,2.020456,58.318950,8.241501,394.376523,90.151111,478.270498,87.764730,11.095364,49.962271,6.899855,66.605640,59.023905,33.946039,11.081114,6.399556,209.729746
2012-07-13 01:00:00,1.149636,57.728081,130.244616,161.009112,44.564730,106.237353,665.593562,86.897748,10.771049,165.840666,193.567718,137.574121,71.320376,3.283240,44.100694,19.543265,307.642009,79.418836,521.826149,58.403148,14.913607,38.495520,7.048239,44.967617,48.571554,43.253823,14.989391,11.798064,196.904545
2012-07-13 02:00:00,0.659734,44.341859,129.157433,156.846205,24.962555,90.247547,698.122571,93.236793,2.872280,79.864301,199.409316,136.792450,49.019610,5.145848,36.810825,22.421730,229.226929,69.974434,552.756973,23.281255,19.068753,47.668920,8.903038,27.769970,56.995260,45.881904,13.472060,12.942119,162.012456
2012-07-13 03:00:00,1.045124,35.452571,141.116454,159.664840,24.121711,74.664262,831.574914,121.234244,0.625416,55.008575,195.192305,130.070078,46.074225,5.272126,14.519491,17.664687,161.255391,81.350645,569.590074,7.600410,19.248435,43.573652,10.683646,22.554291,42.292415,19.820106,12.598445,14.872712,161.069427
2012-07-13 04:00:00,2.181695,36.812109,120.677399,175.535924,12.822870,64.230236,951.960049,105.518694,0.463271,61.392286,213.373844,115.999998,34.923842,5.130063,3.855798,18.816073,109.214683,93.800085,606.622898,3.280177,17.653757,46.849867,13.948094,45.531474,27.183841,12.483382,11.659278,11.869568,121.650797
2012-07-13 05:00:00,2.072844,36.837142,125.511688,169.788640,8.038884,42.202215,970.706312,111.130883,1.863413,47.861199,245.380797,92.519973,48.634517,7.403417,6.853762,22.473280,95.077046,90.603470,652.232389,5.544338,21.170394,73.601428,21.680887,62.958471,21.768823,22.836989,18.508873,13.655083,121.934562
2012-07-13 06:00:00,4.189123,61.205782,162.990777,159.970649,24.098755,67.786589,950.313450,132.067964,8.779034,72.145576,245.663194,113.017710,117.040344,13.184689,31.305660,27.102972,125.654187,96.273529,615.931700,15.751564,28.108434,123.277119,40.365361,78.815925,16.478141,41.690708,26.976569,20.675042,214.692204
2012-07-13 07:00:00,7.108919,115.294952,246.466617,148.085436,61.904757,127.115919,1055.028342,161.271314,18.689557,116.172911,242.100329,172.414380,221.229905,20.653130,75.435911,33.051344,185.424509,169.123738,536.179048,37.472096,36.153656,229.213851,69.678654,109.203672,19.363883,81.339976,38.216603,35.838631,347.830724
2012-07-13 08:00:00,8.132951,155.576881,332.121074,124.996557,78.947729,178.518636,978.816287,217.445928,29.837771,164.365093,272.439244,253.564109,302.215940,24.949286,81.767002,41.085464,240.220168,262.531835,441.099170,64.263483,48.533049,389.061115,103.948209,179.881785,26.664862,104.297473,50.317164,48.407989,422.704766
2012-07-13 09:00:00,11.301985,201.049999,456.678197,148.280525,99.035313,216.888862,989.015491,254.893244,40.629592,218.217414,305.223663,374.171165,469.380524,26.948317,114.674564,48.855640,308.049658,342.637751,470.007486,90.782709,57.170953,618.089430,134.835531,286.024081,30.432265,144.401567,66.773751,58.936106,582.126891
2012-07-13 10:00:00,13.729655,256.403541,570.350584,180.051949,163.879426,247.619919,810.114790,275.872257,58.042179,287.529461,321.145123,406.964427,578.577324,29.277562,170.315620,60.114884,358.672567,392.433115,450.525377,106.341527,67.805608,841.190608,161.661656,360.141408,35.016924,184.422023,84.830929,68.710619,734.495312
2012-07-13 11:00:00,14.638791,319.851476,700.423892,191.773110,277.831093,276.624928,829.599404,282.488885,108.064127,416.231888,325.947167,418.018115,752.308310,33.065851,205.538922,73.292540,461.205370,446.077267,482.786321,115.449725,81.080840,1047.185281,187.566413,411.302701,39.976948,232.796294,102.983772,72.566889,858.714993
2012-07-13 12:00:00,16.190841,327.739191,892.308111,196.577401,345.190219,310.090498,899.533280,295.170018,132.449959,478.639676,314.375291,465.956219,962.978895,0.000000,262.045086,95.856507,614.319203,490.764424,518.196475,122.006136,108.409887,0.000000,249.596454,0.000000,39.200423,304.069450,131.592319,72.296917,1115.825618
2012-07-13 13:00:00,20.254466,359.063595,1069.540460,201.718114,375.792457,366.897710,1108.685737,313.583237,143.869911,549.637812,286.850936,565.021837,1210.975638,0.000000,285.250171,112.498323,686.910395,583.767938,593.075827,116.342290,119.100104,0.000000,356.743610,0.000000,0.000000,0.000000,202.284930,0.000000,1365.281447
2012-07-13 14:00:00,18.133428,431.860369,1177.539003,218.871782,0.000000,375.755478,1256.528406,319.767916,0.000000,589.833457,0.000000,585.917142,1362.000646,49.924897,259.850300,119.725747,810.706038,681.585620,736.641432,111.387021,110.442201,0.000000,412.853253,0.000000,0.000000,0.000000,246.693341,0.000000,1436.232531
2012-07-13 15:00:00,17.301094,0.000000,1282.044598,201.319765,0.000000,300.177461,1150.031070,0.000000,0.000000,0.000000,208.169380,559.551107,1310.829470,40.839632,0.000000,99.913950,935.704059,676.182032,764.123453,135.712354,137.973296,0.000000,423.648056,725.714901,0.000000,0.000000,249.303983,0.000000,1523.865428
2012-07-13 16:00:00,11.263085,547.500144,0.000000,198.326861,0.000000,235.264004,1229.347861,0.000000,0.000000,0.000000,232.515930,518.798310,0.000000,89.306003,0.000000,61.147225,907.127626,753.380861,761.081497,159.339960,138.702320,1529.721930,397.390977,677.088751,0.000000,520.489332,261.678882,0.000000,848.986213
2012-07-13 17:00:00,5.738534,544.795516,0.000000,214.944243,0.000000,146.680340,1483.515720,284.057048,0.000000,0.000000,212.628745,405.967638,1095.805835,113.412425,0.000000,68.720462,827.604162,873.336984,766.870486,180.338784,116.704673,1387.764099,128.997304,683.430029,0.000000,464.786398,217.742164,0.000000,1312.183408
2012-07-13 18:00:00,4.565884,581.777739,439.362402,182.114512,0.000000,84.285247,1776.073724,349.286343,0.000000,649.508654,157.625236,305.633417,1047.504876,93.389763,383.591691,40.328814,764.148765,918.289408,859.750663,212.571457,106.236988,1262.606986,192.231439,568.051374,0.000000,424.995608,148.560501,0.000000,1323.511602
2012-07-13 19:00:00,2.939410,453.039936,642.308175,140.671575,241.847743,76.967878,1836.637875,431.847470,134.325410,554.160458,125.473360,254.981127,888.243741,0.000000,324.851013,32.572108,507.485409,1116.371258,1095.203671,211.851418,63.674812,879.008341,89.475537,471.525640,129.256295,290.402885,142.629116,18.805400,1266.299921
2012-07-13 20:00:00,3.259479,231.853541,437.700188,122.632311,224.295125,47.427390,1617.831637,494.973797,87.627699,447.267252,119.389803,256.075467,709.837608,36.557619,222.069888,27.390870,435.265650,1272.633184,1257.432687,205.531078,22.235649,834.288013,37.392762,344.164379,156.765946,239.374324,109.845570,22.845343,1122.959448
2012-07-13 21:00:00,2.534425,197.133029,393.560527,166.559655,223.822150,45.936814,1579.186062,489.295069,62.657395,454.737552,115.380186,205.266842,582.134162,49.595872,135.796399,25.239596,354.018422,1085.033015,1278.894892,272.334678,20.528670,393.800979,15.506125,257.189396,106.745360,103.863928,71.820335,20.628737,995.650474
2012-07-13 22:00:00,2.220888,247.749679,583.382814,113.525951,199.069806,38.212925,1500.782811,386.549708,78.315953,433.549064,76.286420,146.016170,490.406480,64.891352,142.001825,17.028395,274.364277,970.412316,1311.298612,183.849909,15.879398,253.087567,7.419199,294.826869,87.386292,110.215122,37.427499,101.320347,777.999281
2012-07-13 23:00:00,0.359261,193.577313,600.342881,98.999139,124.707669,89.705520,1293.097601,391.436055,41.879693,453.243492,60.766437,119.752019,413.195336,20.346620,169.715375,14.271128,222.500578,681.499470,1165.061042,144.967813,15.924318,347.606355,7.864351,240.273678,53.652826,143.285134,38.944830,155.627195,578.454254
2012-07-14 00:00:00,0.274345,177.994915,482.057286,146.352209,82.928235,321.828715,1275.860007,363.042414,39.609666,516.129838,59.764033,144.452827,242.152664,8.508012,166.703033,21.058246,171.344916,613.671491,1020.085955,85.444605,18.260184,283.392551,6.157935,219.551923,58.096525,64.278467,44.324458,195.597608,442.280804
2012-07-14 01:00:00,0.627074,103.220318,346.594188,189.195464,76.464247,328.875070,1162.147490,344.157341,41.346932,435.450595,66.331509,171.967652,82.891529,4.261899,93.985085,16.695099,176.478184,535.325883,1008.092370,23.521268,21.427080,143.006761,11.796526,176.416842,57.246426,74.790788,67.222362,161.204462,420.402521
2012-07-14 02:00:00,1.208424,90.879895,249.617395,207.928546,64.377115,345.948930,1074.291364,324.744015,26.267463,299.626953,65.501933,255.450130,37.448457,3.472658,34.400951,11.544161,147.094655,477.371597,904.989623,60.323251,26.840000,75.352933,14.838397,146.320961,43.045912,64.935487,72.418072,147.726067,230.287787
2012-07-14 03:00:00,1.554621,92.239433,193.953586,183.644921,70.841103,325.487399,1137.403201,285.124981,12.832605,314.567554,68.094358,280.619941,24.825382,7.403076,20.664669,7.090115,104.612444,589.201904,882.264936,94.885114,26.974762,73.059583,11.648142,131.731154,47.682814,42.377797,44.554356,99.532762,204.448781
2012-07-14 04:00:00,0.927547,41.936522,211.783400,189.022009,62.169900,286.867953,1200.237013,256.335149,14.152927,281.969880,56.376598,261.859833,21.459228,12.249012,7.591103,9.392887,89.389652,591.348359,925.399759,49.842686,30.680703,36.693602,12.241678,125.740171,40.147848,24.583502,32.757371,156.878505,140.134174
2012-07-14 05:00:00,1.045561,56.545591,226.654071,192.861216,45.570090,337.733049,1274.336764,264.192418,12.124638,220.469637,69.566198,242.386647,31.311482,6.930148,12.405974,14.458656,141.276450,502.471191,917.852249,39.523634,33.996686,49.137159,14.394126,143.202925,32.363226,19.798672,39.335719,134.811292,140.635369
2012-07-14 06:00:00,1.634245,99.273652,227.155104,197.490899,58.736223,384.092058,1263.245836,273.509205,16.788384,248.711003,84.306883,316.137852,84.629812,6.369033,56.877946,19.881996,157.795008,424.704514,807.398449,74.170237,34.011419,98.423957,26.904511,148.187337,29.341864,44.265641,41.600081,122.844997,207.384088
2012-07-14 07:00:00,4.065616,145.356004,309.470168,206.412595,87.089478,459.559049,1282.854975,365.736034,24.041161,283.637489,101.272257,430.042167,175.911332,8.595594,81.314330,28.428186,330.320197,405.499364,852.174422,68.805052,45.611129,172.365128,38.149283,161.279462,36.201547,90.552242,33.202821,137.083334,323.392902
2012-07-14 08:00:00,5.370339,159.592805,418.068223,227.583675,108.730430,607.158514,1485.330171,462.137192,30.889086,349.128751,115.304067,490.768617,276.151154,8.512782,91.538049,39.540013,542.700129,443.929603,906.571871,94.426267,55.092523,259.213281,56.292978,189.745992,49.571188,115.297860,52.421204,217.285971,495.622855
2012-07-14 09:00:00,8.393562,188.490199,522.772901,312.681356,115.234541,613.102665,1771.343940,511.969073,35.177705,363.944713,124.020341,624.033896,374.417353,12.079962,98.552499,59.580907,588.523780,505.198392,915.982405,105.924495,64.008633,341.756172,90.648943,185.176409,62.707691,151.265318,98.919464,224.459490,576.186925
2012-07-14 10:00:00,14.050439,228.944652,0.000000,299.309005,117.133373,660.814917,1729.521714,527.543162,38.595436,398.218241,134.992682,705.665326,496.196855,22.306822,111.491277,70.198552,811.237934,619.801719,891.289972,117.489702,0.000000,399.305409,0.000000,176.068177,0.000000,171.004692,123.974834,0.000000,224.821680
2012-07-14 11:00:00,17.658641,260.992284,0.000000,296.814450,128.600948,637.256699,1714.717993,456.401699,43.953215,406.248518,133.808901,744.816130,0.000000,28.463911,127.313622,85.884671,990.619787,771.807285,851.294326,137.622563,0.000000,427.400836,0.000000,168.753920,0.000000,176.446351,143.471984,0.000000,0.000000
2012-07-14 12:00:00,19.491979,291.787586,0.000000,281.916404,137.165432,631.907509,1707.758545,447.380835,44.882618,364.933393,139.038238,719.384797,0.000000,36.063697,148.055986,105.911060,0.000000,818.543535,798.315888,158.497023,0.000000,470.902129,0.000000,184.080764,0.000000,175.939793,154.999352,0.000000,0.000000
2012-07-14 13:00:00,21.405319,284.540048,0.000000,281.522674,0.000000,536.537977,1644.183346,13.863875,0.000000,0.000000,159.975943,645.148133,0.000000,43.359463,0.000000,121.612804,0.000000,966.751086,868.067626,187.134807,0.000000,499.171766,0.000000,190.071256,0.000000,182.336264,152.944271,0.000000,0.000000
2012-07-14 14:00:00,20.097994,277.839127,0.000000,295.589013,0.000000,398.532760,1784.198095,0.000000,0.000000,0.000000,159.974376,471.584126,0.000000,59.519373,0.000000,103.298080,0.000000,987.045793,969.470838,247.651799,0.000000,433.615237,0.000000,200.549832,0.000000,174.858170,155.636335,0.000000,0.000000
2012-07-14 15:00:00,18.250740,0.000000,605.053211,0.000000,164.077752,287.155064,1853.355497,380.918635,42.470132,307.323030,0.000000,301.589472,782.435725,0.000000,153.594617,83.137805,821.608838,1036.693009,1076.783229,224.031262,124.014148,0.000000,504.635574,0.000000,0.000000,0.000000,141.318565,0.000000,796.123101
2012-07-14 16:00:00,0.000000,272.531167,0.000000,319.714340,165.436273,0.000000,1633.943330,359.412288,47.177197,323.063406,142.988150,0.000000,543.940047,38.819342,164.852956,0.000000,643.636064,970.388213,1070.842704,245.180299,0.000000,348.010577,0.000000,170.053138,91.561569,152.725998,0.000000,0.000000,0.000000
2012-07-14 17:00:00,9.737418,161.206310,0.000000,320.859096,142.078316,143.533618,1622.442177,414.637753,23.302093,296.491447,123.572937,137.289108,473.387649,29.077481,116.603847,48.340288,682.371995,815.220778,877.367058,189.443344,0.000000,310.695563,0.000000,135.928656,98.969071,105.440571,135.123889,0.000000,564.375809
2012-07-14 18:00:00,12.593739,81.258548,377.833310,324.361550,91.284122,147.973455,1511.498728,411.773826,21.588426,337.793397,105.662654,76.916441,390.684184,19.312907,74.103625,40.359114,644.490538,642.648634,816.826254,112.006037,33.712837,288.942683,279.852176,142.292706,104.340648,70.958171,124.007326,230.205263,349.109496
2012-07-14 19:00:00,9.210152,80.631069,459.661300,297.170871,71.944711,223.721772,1498.836631,340.063374,46.767202,323.939385,82.715634,61.752020,269.713045,8.381734,65.488326,38.692634,428.893319,719.921015,912.564519,181.849801,18.844151,455.557621,171.828642,203.481991,100.659426,138.631242,78.303477,201.711150,286.869553
2012-07-14 20:00:00,5.904948,74.147118,460.965921,276.963426,60.856081,229.684072,1346.200513,316.291954,51.029294,276.944405,54.993971,92.862532,170.201134,7.245228,70.428567,24.360907,306.756963,674.416169,921.191483,177.209551,13.790594,583.657607,88.511041,229.983283,77.842001,248.463102,72.510031,167.496763,307.238989
2012-07-14 21:00:00,4.160898,103.115738,419.218064,283.467968,68.686441,211.255144,1545.266925,327.517347,45.493207,258.200743,43.345343,69.881400,114.449217,5.240557,60.909565,12.180453,234.714214,680.426243,932.553827,145.047818,13.251548,438.521306,72.262996,289.681671,71.698105,266.257396,56.555065,174.039326,361.934696
2012-07-14 22:00:00,8.354457,151.327052,468.358771,259.314433,48.138316,161.388631,1609.768891,327.385284,31.664569,254.126033,35.948291,69.725066,111.293448,4.119835,54.884880,11.907757,144.793535,650.590518,1121.084564,106.725752,12.802343,348.589219,48.521560,263.955683,95.674755,254.266780,55.175674,225.200024,378.154802
2012-07-14 23:00:00,11.391847,88.056239,721.455154,238.413170,60.698423,236.594920,1310.613221,300.444341,9.149601,254.261857,32.284330,105.369270,135.698061,3.741000,44.883903,13.998431,152.227922,434.227851,991.048855,110.165938,15.677255,378.730392,36.576650,176.769253,64.607509,209.096648,76.970065,241.967576,382.681344
2012-07-15 00:00:00,11.751108,79.899010,668.835459,230.651082,110.098005,369.256104,1255.286104,287.502123,7.342844,320.951265,23.124429,172.280320,152.318443,3.867278,37.654281,19.664463,184.974626,275.819471,939.076654,132.647149,10.780921,346.295869,22.331788,97.899718,29.135204,185.389172,90.074287,189.233803,415.310162
2012-07-15 01:00:00,10.719049,114.933262,452.485888,215.603907,131.697184,334.701863,1173.268518,302.689419,24.970304,386.689908,13.929963,247.320750,144.954983,6.061367,33.075520,15.604312,134.527001,158.408381,781.897568,96.965226,5.053557,224.256880,10.312686,102.762987,9.969340,172.303522,92.971010,180.546138,350.241131
2012-07-15 02:00:00,7.498762,71.950941,320.066904,205.586911,139.790308,285.241871,1119.887581,328.177664,58.325812,324.075209,11.821457,256.700804,168.097288,6.961101,28.316019,15.574012,106.382536,110.971725,587.475245,45.922475,4.087766,177.079392,6.899855,66.676122,5.641565,123.300773,81.889896,202.175922,291.018883
2012-07-15 03:00:00,5.010061,52.603668,255.488187,211.180818,142.050076,266.135409,1138.515304,337.157979,42.250310,224.244832,8.537719,221.681936,175.460748,9.423531,25.183183,29.996639,109.745711,78.560254,531.715596,27.601488,4.379749,197.555732,7.270815,74.993017,11.167207,109.941364,77.981619,188.232755,215.765134
2012-07-15 04:00:00,10.536152,64.212032,208.521848,205.543547,125.338302,274.265818,1112.936938,264.523083,33.262854,157.827072,5.737900,208.706195,173.146518,9.534025,27.713551,38.510836,113.816923,57.095704,562.015179,9.440509,10.444017,178.062256,6.899855,75.204463,12.094587,88.588210,75.314794,181.296923,170.876933
2012-07-15 05:00:00,21.634318,63.818234,163.849141,205.586872,102.992896,282.753355,1171.189224,179.913176,17.726450,138.703804,4.688911,218.169648,170.085592,6.765350,26.855128,30.585293,128.703608,56.401888,638.001936,7.342494,14.892918,141.064010,15.919126,60.715191,12.775023,92.070348,73.742571,187.182084,144.912892
2012-07-15 06:00:00,23.196515,74.122160,159.958649,199.970656,83.975478,228.202513,1194.735225,144.262682,17.164351,182.820423,7.246660,183.780637,205.166822,5.223737,27.609917,16.440460,177.586935,95.052311,604.702087,21.333211,17.639951,158.584331,39.652642,64.438253,16.929077,109.931774,87.082496,184.462060,159.560716
2012-07-15 07:00:00,22.572869,94.331033,256.028827,175.030746,72.349771,285.553251,970.435440,183.265361,20.496540,208.586444,12.741896,174.121740,272.890700,9.321476,56.609085,24.006130,227.340240,170.224526,543.502174,45.192075,25.040331,190.572925,70.344828,90.940776,22.146969,102.125057,96.482993,220.288866,193.253657
2012-07-15 08:00:00,27.669414,140.107747,371.578182,158.188035,94.711940,358.261895,836.021325,237.837611,30.611657,234.059208,20.244661,207.886631,359.389456,17.093991,81.360746,42.829415,319.569085,262.204100,425.897126,67.867091,33.457299,260.423401,102.913767,120.213105,36.269568,142.772694,107.449697,232.692837,278.984975
2012-07-15 09:00:00,20.056864,181.211135,390.138149,172.771535,99.674931,317.359446,815.294874,304.915246,38.499565,257.425425,29.135073,227.753622,403.316531,31.913108,95.070920,55.678513,386.547127,354.843936,420.705559,91.077000,42.107146,310.941467,134.412124,145.040090,44.949295,147.977275,130.359664,217.767134,328.082791
2012-07-15 10:00:00,21.476533,206.658925,382.206183,181.456491,102.255151,302.490845,783.268349,314.672737,42.612849,267.248044,39.969179,252.888640,441.738515,44.643926,108.977180,67.813676,403.918490,415.459200,406.417848,108.804855,48.788797,362.620725,161.649110,157.223668,53.689261,145.915510,147.422091,243.076900,368.159242
2012-07-15 11:00:00,25.724381,235.165804,291.919390,177.229678,106.520689,329.478068,747.792527,326.178939,46.974207,284.711572,50.182202,286.910787,451.949289,53.413263,116.157781,76.050039,411.166113,446.572915,373.964683,123.290026,0.000000,401.776176,0.000000,167.743463,61.226627,155.145008,150.405447,0.000000,383.258902
2012-07-15 12:00:00,0.000000,246.683381,467.176768,192.141266,109.142349,340.286938,752.323305,333.445470,50.432963,300.778760,55.962409,329.771634,483.940228,56.784813,117.116644,85.219559,451.910843,457.343985,353.509003,129.230097,0.000000,445.857265,0.000000,179.288568,66.533799,164.067047,135.858128,267.940006,388.114220
2012-07-15 13:00:00,0.000000,232.636620,465.880492,229.401048,103.980774,354.777150,861.230793,332.729672,48.341486,297.725618,58.083347,365.505205,475.158982,56.460558,113.461430,87.123657,416.944049,437.046428,364.045053,129.420932,0.000000,419.884747,0.000000,168.235313,66.736724,146.217695,0.000000,239.352734,365.935851
2012-07-15 14:00:00,0.000000,211.676787,493.607394,287.354941,95.459196,352.579945,949.470474,320.182169,44.436529,276.187760,64.870832,406.000419,418.192322,57.683181,104.429699,105.773303,342.804238,396.881953,391.613710,116.243874,0.000000,431.707352,0.000000,165.021561,99.861616,137.068205,0.000000,258.556343,338.496916
2012-07-15 15:00:00,0.000000,174.968162,579.190377,298.564491,80.128278,331.416187,1016.759551,282.860742,39.170288,231.276862,66.022290,364.031917,327.455190,41.302547,86.226489,121.143506,274.364541,353.338120,402.416038,95.518265,0.000000,490.286999,0.000000,170.718417,113.119945,134.904004,0.000000,252.248724,309.321436
2012-07-15 16:00:00,12.466454,137.300729,666.861996,255.566658,56.058273,281.431138,1015.591542,270.364570,24.106304,171.381099,61.400403,303.705572,240.991669,27.774249,63.024219,79.754605,195.046621,297.843789,422.953277,75.155957,37.226121,470.789287,151.855676,159.711296,113.766039,125.549223,85.093675,260.970520,289.265767
2012-07-15 17:00:00,8.124942,95.735744,717.260281,227.968002,31.592271,213.307608,923.482015,299.493450,10.813061,128.699773,51.812063,148.512336,154.022813,14.779087,32.177536,66.373498,174.680797,174.062080,425.672684,59.024265,31.558299,492.775583,98.415128,171.450631,100.695910,125.898822,70.806936,280.162153,260.370102
2012-07-15 18:00:00,6.447106,62.538754,704.060213,242.494171,25.855952,160.846604,816.518325,222.526907,6.439466,115.721743,30.577649,74.727761,152.881182,5.635177,12.591592,62.538447,299.853604,63.105778,301.733346,24.881341,16.553205,573.067981,56.089142,245.348393,89.202412,213.641037,38.301113,269.424890,324.779336
2012-07-15 19:00:00,16.094903,86.278381,598.820824,237.632624,91.284122,204.479802,880.507440,192.812632,11.095339,151.035889,27.652531,84.576818,333.880345,3.662076,16.206403,54.812040,659.713330,56.237122,258.808937,27.121462,14.689004,803.491597,38.134681,432.760453,124.636076,379.538612,45.427971,243.397644,662.949691
2012-07-15 20:00:00,17.466628,194.518532,471.402885,213.652544,265.864348,215.591362,841.583840,223.451351,38.358834,225.603069,32.042371,82.700807,585.289930,2.351937,16.085909,28.390758,714.586186,41.426582,228.088526,45.762466,22.819615,835.762310,28.786491,502.114896,96.061164,441.791267,40.646080,237.391357,899.838684
2012-07-15 21:00:00,15.696450,281.215233,397.474389,197.087642,302.546166,242.421714,941.951123,287.105932,130.897205,245.297497,35.740897,98.803233,803.248366,0.757671,4.337773,15.180117,692.637043,81.565291,318.356033,59.123187,20.528670,617.566426,33.089626,453.482207,66.384988,386.437324,33.013445,212.436663,768.380381
2012-07-15 22:00:00,15.082440,238.442072,348.985992,168.944654,247.050465,273.994805,818.785731,328.045601,112.551676,207.402701,35.740897,163.369269,698.056071,0.789240,83.803368,5.938728,708.921891,104.103069,384.636371,116.246265,19.113674,376.273231,46.518376,330.984216,60.144490,277.371987,29.243107,223.162176,455.106004
2012-07-15 23:00:00,11.457167,209.055132,295.061677,145.658392,191.870080,274.130311,689.503774,326.328776,109.957359,209.032584,38.920938,236.846357,564.461856,0.883949,291.474258,2.726967,658.474266,104.747005,369.696993,91.204916,10.848301,281.099201,31.976746,259.092414,50.947967,227.766969,48.968410,249.225173,268.008965
2012-07-16 00:00:00,4.082514,197.028449,257.227681,139.110485,179.152315,220.605115,591.638722,379.154155,82.462228,283.735587,43.449040,200.107813,512.707247,1.436418,413.233141,3.272361,563.597328,87.790010,273.748314,71.043829,7.995849,243.914167,26.783307,234.776070,34.042593,202.362192,59.773646,217.263144,215.010710
2012-07-16 01:00:00,3.024326,149.549194,243.529166,112.658679,135.796299,196.484899,520.464139,325.272268,37.965054,372.020954,48.599324,200.107813,449.381485,1.294354,328.706811,6.484122,465.534225,66.325460,167.489361,63.363415,5.794745,219.506369,15.580317,211.094064,33.810748,178.654716,65.061315,193.381002,176.535110
2012-07-16 02:00:00,1.156168,106.462293,177.210955,82.347510,94.594945,222.095690,549.100788,249.731977,19.272071,383.022669,46.076030,259.671154,373.011879,1.341709,267.315272,10.210977,412.785481,47.436656,82.271784,53.282872,4.986176,226.550230,12.390062,191.359060,39.143186,139.069255,63.314085,164.922640,146.358168
2012-07-16 03:00:00,0.757715,82.722666,113.719423,58.193975,48.085764,206.647911,403.971364,163.494547,11.326975,337.114278,35.913725,231.374659,282.546505,1.294354,224.359268,21.118846,403.403992,43.143746,46.922271,47.922583,5.772285,192.313789,11.425566,199.605473,48.455631,104.411445,65.613072,90.630586,108.448385
2012-07-16 04:00:00,1.352129,43.505220,77.842358,49.174342,19.497069,166.131370,270.240995,141.704078,3.103915,257.521624,27.548834,152.894876,231.212665,1.452202,185.620544,28.087762,340.565722,45.504847,34.718272,47.202544,9.410845,127.936175,10.090110,168.099948,50.947967,67.070802,70.165065,42.580287,70.349996
2012-07-16 05:00:00,1.415562,32.791514,73.830325,41.662119,18.574811,152.707496,194.511258,156.822901,4.824015,245.889415,19.064013,131.149866,231.278439,2.902026,141.162699,24.875768,372.706915,41.518402,36.006185,44.850149,14.739129,73.517522,16.757915,135.460315,39.855696,36.423772,78.462268,36.351082,65.129838
2012-07-16 06:00:00,2.852010,51.318643,139.205654,34.866612,33.626352,171.493872,189.841292,188.431776,9.491866,328.208684,16.655685,154.993857,269.803487,6.950229,163.051309,20.976123,384.565671,85.419776,72.680790,46.908986,20.529141,91.745555,37.089213,117.782820,38.149378,33.944282,86.968180,44.427375,98.980189
2012-07-16 07:00:00,7.601027,85.901882,235.804781,65.638711,51.356947,217.085365,238.596418,223.795292,20.444297,336.983480,23.060320,187.468482,360.985467,13.567524,231.590447,23.467989,393.037291,190.127542,151.376691,73.654264,24.989673,155.158372,67.902395,101.905399,34.637861,55.045914,85.619025,57.325010,171.676511
2012-07-16 08:00:00,13.862223,125.885032,336.113079,142.534327,67.926945,252.657514,341.393496,209.333564,32.102109,438.624588,33.778571,236.541709,459.757736,21.309571,245.473753,31.014777,511.010292,264.773854,209.335525,79.160623,32.881656,217.248472,101.385401,106.688892,41.218928,72.960564,94.526358,60.314132,246.616493
2012-07-16 09:00:00,13.782540,166.825676,421.110521,199.903904,83.163613,263.013582,419.311176,254.678698,38.675077,379.994840,48.255566,292.913961,542.882410,31.219468,208.517798,39.761097,536.220584,345.625263,277.246116,103.338753,43.373243,278.950936,130.473063,123.852455,49.248137,93.319782,107.969021,66.655407,317.271185
2012-07-16 10:00:00,14.114009,197.201126,479.207864,187.120776,98.688385,303.232264,523.147057,294.957222,45.127880,375.802886,62.240049,356.615384,534.828634,37.077329,183.268399,51.090582,576.542125,396.388104,343.639370,117.507198,52.728542,319.677509,151.628031,137.652990,52.504432,105.819021,102.120448,77.183674,363.208238
2012-07-16 11:00:00,16.557141,215.961497,475.932354,147.404214,105.939345,323.264832,617.961068,321.116015,47.733367,379.793144,76.115694,377.343763,500.771143,39.592545,164.088207,56.778372,589.793358,428.962096,378.851976,122.116500,58.700320,338.081468,170.274761,144.926819,57.007898,111.796888,96.400204,85.956939,381.025376
2012-07-16 12:00:00,15.103576,219.410443,473.831881,125.295800,105.520463,330.437137,635.275000,312.989735,47.036165,364.184704,85.070345,381.087176,464.831642,41.632585,146.742117,60.947521,642.422656,433.080205,375.809503,121.103959,60.536544,349.644128,186.157024,146.732549,53.616550,114.676833,102.279485,92.229356,383.862756
2012-07-16 13:00:00,15.755849,216.974090,447.497452,118.804381,100.715132,330.150341,588.365773,298.232267,42.896614,319.014955,80.406097,354.402224,425.836055,40.596373,127.149993,64.717912,639.416586,410.530443,370.885031,116.001301,56.904314,350.542170,181.058330,140.261667,50.623124,112.185995,92.400445,93.344371,360.778474
2012-07-16 14:00:00,17.919721,201.683682,394.253364,119.575958,88.214324,290.400779,567.832599,281.709774,37.180794,268.491877,78.753247,313.556809,372.935412,43.073100,106.641385,76.162399,529.138487,368.616000,338.599773,107.571666,50.435244,334.989751,154.622683,127.371350,52.191502,104.060319,84.886168,98.473431,321.176762
2012-07-16 15:00:00,16.668636,168.416339,336.612288,137.619494,71.538818,238.952856,501.116795,253.157802,30.711407,199.897524,69.744654,260.609384,294.060858,38.458098,84.503420,96.291145,482.048473,316.211338,297.786738,114.277802,44.862702,340.420420,124.757741,114.570598,63.664020,93.540393,64.629130,98.881495,290.366084
2012-07-16 16:00:00,11.329011,129.308945,299.167945,134.867959,55.660038,189.546234,401.855935,240.122870,20.999673,165.040608,53.039635,192.886647,205.186942,27.281890,65.760889,85.861134,483.979510,249.714965,246.494083,113.121162,30.809229,338.451256,83.424725,98.350896,75.742872,82.847539,43.997069,83.680283,275.748398
2012-07-16 17:00:00,6.560603,89.230702,269.009630,139.530431,41.556096,130.395469,269.645905,277.563176,10.174989,145.850423,36.856966,127.798457,129.052379,19.559010,43.250806,45.679439,451.705400,183.090073,210.765615,95.043702,17.284426,341.490378,45.747981,94.903908,77.008311,85.188946,26.834565,89.156981,281.363003
2012-07-16 18:00:00,4.494031,60.342577,286.364207,144.905916,27.609336,92.280149,156.222823,240.509654,2.455336,80.837815,22.352725,123.973043,122.233447,5.208987,13.977269,27.875664,439.159853,152.793746,150.445845,116.966304,9.006561,393.309546,33.386394,132.154047,86.613475,124.505309,20.506959,110.794551,357.973972
2012-07-16 19:00:00,2.436444,78.434892,287.233954,129.570489,61.486714,77.103385,175.990278,231.771348,3.034425,74.974650,24.887278,139.137464,245.308432,7.324152,13.254307,16.180005,395.438578,164.847746,151.497914,137.767425,8.310293,462.273861,18.177037,208.697671,81.783368,206.632822,20.782837,91.631634,470.194475
2012-07-16 20:00:00,1.848562,98.932544,232.005018,108.365680,163.176280,61.520100,272.465201,241.676107,6.138340,85.161423,30.970835,95.051211,331.355730,5.871949,52.475006,6.453822,342.158805,112.474243,169.593498,118.086365,13.206628,431.477445,10.609454,274.668971,69.205770,232.420861,21.380574,93.025950,398.712844
2012-07-16 21:00:00,1.789774,151.954531,242.224545,91.063597,209.527803,57.861415,241.326321,211.565641,28.676471,86.248012,37.192654,65.347708,351.552651,2.872835,99.166314,2.423971,392.960449,61.603259,194.211909,99.365356,9.747749,399.861975,10.238494,296.025065,82.092495,245.506512,23.357702,116.443321,369.290326
2012-07-16 22:00:00,2.181695,126.332466,240.485051,84.125418,145.991532,42.413637,126.223675,192.152315,65.738147,65.059524,38.195059,43.460916,286.964581,2.415076,134.290228,1.060487,428.185282,72.335534,165.806050,102.565528,9.568067,317.956614,10.980414,254.229145,88.023866,199.460353,25.150911,117.980644,292.527730
2012-07-16 23:00:00,1.234552,82.827246,245.051223,94.055687,82.823130,42.142623,83.963766,171.946607,51.863182,56.638459,38.748109,32.517520,213.961128,1.562696,160.979582,0.939289,351.540293,126.855492,125.827434,114.326162,9.478226,257.838078,9.496574,232.802569,80.276375,145.146691,27.219999,116.622079,210.672775
2012-07-17 00:00:00,0.790375,61.283796,196.780263,79.875784,37.102240,34.825255,145.685475,143.685030,19.990141,117.079979,37.158089,22.824797,170.411518,1.152291,215.864462,1.545281,304.632852,133.724148,102.050678,128.246912,15.564954,230.645498,10.015918,254.017699,86.227067,130.637497,30.576519,65.890402,159.560580
2012-07-17 01:00:00,0.921015,44.237279,140.246707,69.164970,23.648736,17.886901,139.290883,140.647570,9.728690,223.701538,33.597825,14.695418,114.028448,0.757671,204.116326,2.151274,235.245242,137.802413,146.447984,84.644562,18.305105,183.140389,9.273998,209.966350,72.470922,111.419659,33.979019,32.855822,119.387526
2012-07-17 02:00:00,0.999399,40.367824,103.717332,73.631423,21.809390,15.718792,110.932260,112.650120,8.084078,268.930810,26.892087,12.506738,59.328454,0.883949,144.411698,1.424083,153.112968,107.966688,196.105633,86.004635,20.416368,127.608553,10.535262,166.972233,63.622167,53.766145,39.588546,22.952598,77.517019
2012-07-17 03:00:00,0.607478,29.491519,108.283504,69.208334,23.964053,18.428928,77.847200,91.255841,7.504989,240.543669,20.255479,13.288409,57.434993,0.820810,116.517407,1.242285,137.890176,104.961651,280.902382,72.963933,24.571515,106.149349,15.060973,158.866785,53.305059,35.917099,40.232262,16.302780,62.617154
2012-07-17 04:00:00,1.613410,27.399922,133.506168,56.155885,17.132196,26.017311,65.058017,66.956167,4.377910,226.553834,18.146974,16.571428,59.959608,0.536684,123.566289,1.211985,140.368304,164.633100,353.284719,54.242924,29.917055,76.335797,19.957645,148.364943,26.990637,30.058670,26.208445,14.801208,58.090613
2012-07-17 05:00:00,4.249197,33.226327,152.432118,45.517907,19.099825,47.424704,58.263086,57.972443,4.437767,212.294816,18.507600,30.663552,68.088412,1.904785,134.153590,3.514969,126.934381,162.756113,435.659616,32.887564,33.463126,64.205345,33.524579,117.827282,15.588956,28.812754,33.397850,12.426676,68.962368
2012-07-17 06:00:00,6.541631,52.814215,268.152023,73.018123,36.673641,94.905993,113.385479,74.611333,10.244625,219.140310,21.335590,80.887395,107.208351,5.955401,145.367829,11.729576,139.689424,218.168058,482.795948,45.548912,36.707058,94.824122,53.816063,146.819403,18.776517,39.007341,70.131265,23.278579,107.052205
2012-07-17 07:00:00,6.989428,88.369105,393.563113,136.630371,61.901419,177.667052,249.935703,138.320382,18.749479,224.336868,28.155910,150.369907,188.640114,12.667018,101.273863,23.657569,179.727110,391.190312,479.242700,62.791926,40.875058,166.719660,78.631395,220.674476,22.248438,59.568754,91.924169,42.669304,186.972277
2012-07-17 08:00:00,9.348600,131.292387,488.686159,272.560894,76.273003,311.837919,423.736082,175.822073,27.936210,269.852102,38.288296,233.511349,265.388360,19.413697,124.002188,35.970640,263.501635,463.821383,511.843740,107.712835,44.970819,223.859201,108.511560,145.256945,27.260182,75.107800,97.030022,53.998454,252.538692
2012-07-17 09:00:00,11.540921,173.081054,479.427423,304.636552,98.576860,290.303175,642.168262,213.701429,36.106558,304.435570,50.303598,314.416774,352.436788,25.215513,147.352741,47.161229,405.834463,642.903291,564.576037,133.880587,54.185605,275.014905,138.572156,142.529292,41.184319,89.869166,113.799434,63.240208,315.642699
2012-07-17 10:00:00,12.561786,208.346579,500.414851,295.250562,110.745005,282.580035,782.908478,245.327539,42.462035,328.915863,57.137248,351.642554,417.874621,29.817440,160.850979,57.164740,495.442014,616.218201,680.132343,160.102108,67.542590,318.218873,172.399354,149.091020,43.508865,101.425247,130.778124,69.149644,363.398028
2012-07-17 11:00:00,13.851233,219.814239,510.796130,251.918277,123.855467,304.594954,801.008992,267.344903,51.398816,363.452508,62.406941,374.129896,447.209252,33.784704,157.445372,65.777448,507.944202,555.140099,728.784884,166.328586,75.753309,346.036747,198.650219,153.250452,41.735862,107.337855,124.939283,73.798788,403.154782
2012-07-17 12:00:00,15.034240,210.118088,521.810447,178.620678,123.386087,307.630222,672.857961,272.123886,53.403877,357.025765,67.247426,374.793174,445.389345,36.804174,138.291288,73.312352,484.025231,556.758554,709.991837,157.510960,72.783477,359.341653,215.817872,147.384742,41.587487,107.571380,106.245916,79.189912,425.480823
2012-07-17 13:00:00,14.021686,195.526315,510.300258,156.502698,117.438274,300.629287,575.368396,260.772788,50.805551,316.201045,75.413763,376.472523,423.001516,42.942504,124.194071,88.844562,489.090435,486.743526,575.174167,141.952590,72.588106,364.281694,228.997796,138.507040,41.228583,102.453531,117.500866,77.994088,414.938371
2012-07-17 14:00:00,14.974723,171.026750,446.262476,135.636713,109.104096,279.469287,540.440170,235.497612,43.229341,261.868934,72.556182,335.933860,376.400812,45.677153,106.437815,112.115422,494.169595,396.076994,434.323229,121.786016,65.453409,348.733276,217.638810,124.750082,38.823991,91.200247,130.348772,71.546805,369.994362
2012-07-17 15:00:00,11.572797,136.939773,393.228237,138.628578,88.741280,226.461103,546.686902,197.699264,34.961069,216.780697,60.178668,277.765516,323.233552,35.750601,90.596382,96.146307,450.204109,342.317803,386.699271,101.589732,53.730959,310.242438,174.510276,103.177573,33.861674,73.383218,108.210037,58.352828,311.146425
2012-07-17 16:00:00,8.945406,100.248954,326.428870,151.812893,63.762073,161.062205,457.396538,146.180417,23.361789,168.385585,48.905433,210.355448,264.009476,22.636354,62.556833,67.619231,457.961750,253.861982,330.642826,110.555578,35.963802,261.708961,115.424511,72.641975,41.378802,52.062311,85.391795,44.684697,262.111389
2012-07-17 17:00:00,5.739565,70.722768,208.091984,133.361193,44.518193,80.036107,393.851573,102.550540,14.155013,107.325511,32.575982,125.959041,228.494847,13.936203,33.490522,41.148682,586.615200,152.073273,250.484637,129.922859,18.459553,228.916174,68.437217,43.472443,60.372385,33.108258,61.187328,40.927051,240.523840
2012-07-17 18:00:00,2.181695,63.019836,116.763538,103.096683,39.677324,33.605693,291.290578,50.761115,9.195928,57.159479,11.659293,66.442047,240.856148,8.081823,19.339239,18.119182,671.395938,74.089696,178.430877,159.768611,8.714577,256.527593,49.560247,27.206113,86.420271,28.635126,41.013917,38.361585,291.397016
2012-07-17 19:00:00,0.875291,104.893596,83.495714,132.952852,63.431166,31.979611,289.424770,61.013312,16.561936,45.908391,6.152688,40.021563,351.763035,5.335266,49.402417,5.605433,669.094818,108.825270,148.341708,89.364817,6.940218,341.709169,26.189771,70.764087,64.530227,106.382505,34.254897,33.606608,404.371020
2012-07-17 20:00:00,1.051656,108.867630,24.787790,165.562292,125.233197,31.708598,308.886570,63.126327,28.236364,22.682548,5.012021,32.517520,342.085344,3.078038,90.490768,2.090675,482.173091,84.570328,150.025018,68.723704,4.716653,340.890115,11.648142,140.400460,36.129199,178.709468,24.553175,25.204956,381.361102
2012-07-17 21:00:00,1.332533,138.254570,26.309847,189.065373,169.797926,34.960761,286.922538,65.635533,77.296757,11.001715,4.458971,25.638814,292.013811,2.225658,190.139057,1.848278,422.697996,64.608296,136.558536,115.046201,2.470628,259.967618,8.754654,184.240362,18.141881,203.238218,16.874560,16.159773,266.500117
2012-07-17 22:00:00,1.339065,176.321637,39.138616,158.277204,81.404205,34.554241,191.003666,70.918071,69.884422,16.977955,2.696122,22.043126,212.488436,0.962873,242.373076,2.333072,403.403992,74.481989,124.354538,103.925601,2.290946,154.473512,6.083743,165.069215,14.702845,147.884275,19.587364,13.692905,160.692215
2012-07-17 23:00:00,0.790375,202.989500,62.621785,114.523314,52.762958,40.381035,106.205823,73.955530,34.328377,22.410901,3.318304,23.919137,145.586137,0.678747,181.041783,3.423859,216.128247,82.853164,137.610605,99.525364,1.504837,116.469424,6.083743,121.299795,12.654880,96.198693,25.610708,18.984158,123.914067
2012-07-18 00:00:00,0.372325,198.701726,78.059795,92.971596,63.956693,44.175226,85.075869,54.278076,34.235723,66.961055,5.841597,32.830188,78.894221,0.568253,136.097633,3.787454,121.428319,156.476571,138.873088,89.924847,1.774360,85.673008,8.309503,63.645389,9.119242,42.980065,26.070506,17.196573,106.939538
2012-07-18 01:00:00,0.209025,116.501960,100.020907,84.905963,38.363505,36.315830,119.829083,44.505381,47.716907,112.190328,4.977456,31.579514,49.650763,0.773456,177.969194,3.242061,81.601246,280.541672,131.719020,71.123833,2.335866,50.781324,10.609454,44.897135,6.008653,27.759099,23.771519,8.866424,63.748790
2012-07-18 02:00:00,0.182897,61.074636,102.195275,100.473502,13.873925,34.418734,133.452343,43.713001,22.491804,119.524805,4.320708,35.644204,33.451150,0.820810,216.888659,6.756819,69.741629,359.531217,119.515021,41.042212,3.436418,35.874548,12.093294,41.302545,4.250494,40.023475,25.380810,5.505763,33.006030
2012-07-18 03:00:00,0.620542,72.578420,145.247752,99.606230,12.717765,44.717253,122.331315,38.826653,4.655873,136.502760,3.594829,56.749325,24.825382,0.899734,193.934609,7.756707,50.978653,336.134857,112.992194,53.922906,4.604351,39.150763,14.764205,27.840453,3.381075,54.970682,20.231080,3.074647,26.593430
2012-07-18 04:00:00,1.234552,80.212750,176.776082,76.319967,10.983524,69.515002,135.954575,39.090780,2.524827,138.947585,2.868950,77.385443,25.035766,1.136506,147.665028,9.453486,33.808759,261.223576,132.560675,53.842902,3.908084,59.790914,15.209357,19.100665,1.178546,63.128682,19.587364,3.896936,29.988336
2012-07-18 05:00:00,1.493650,74.987698,188.523433,48.359790,13.511117,81.639641,140.585069,25.088000,3.731109,103.884139,3.465664,106.163029,45.926531,2.191324,88.566611,12.503664,38.045246,180.821236,135.713809,43.656689,6.166178,65.732111,19.847677,13.336621,2.160976,57.091326,23.854103,9.071479,44.032960
2012-07-18 06:00:00,3.188324,65.832619,230.416655,35.545252,24.523101,108.208640,153.043700,44.652468,9.518343,121.052893,8.267442,131.366132,99.737129,6.399248,56.173692,16.203772,79.537667,170.801203,179.536614,57.205848,13.808558,110.706560,39.978352,27.149060,7.186553,65.130385,34.825204,19.094407,91.266037
2012-07-18 07:00:00,5.658605,89.797171,329.181653,44.033389,46.420656,150.374238,213.792360,91.807415,18.648160,157.310224,18.495691,193.231593,194.771364,13.086456,102.823632,26.030645,164.687380,231.172614,318.016572,85.060294,23.602686,191.441475,68.624641,54.260247,14.743847,89.384728,48.511314,31.041740,172.657841
2012-07-18 08:00:00,8.437951,128.730436,368.918413,56.055266,67.000468,191.221918,280.264012,149.292342,28.552396,186.980250,29.156254,262.260442,269.764007,20.074732,95.920597,36.827847,245.101324,280.984607,364.770384,88.603042,31.647360,234.678939,96.835304,86.573490,22.704201,82.500957,60.736960,45.163939,237.903769
2012-07-18 09:00:00,11.584881,166.146819,413.644079,63.965304,87.630926,247.589427,377.581208,200.818469,36.946621,231.366432,42.125644,346.560016,355.584335,24.663992,118.948853,46.634210,329.579192,399.254134,416.452568,98.171840,39.663681,276.985663,123.173876,110.323176,29.395083,89.880284,71.383539,58.706477,301.569909
2012-07-18 10:00:00,13.674778,200.909003,432.994890,78.954124,105.141334,306.962675,462.773794,249.658353,43.853577,256.527170,49.099306,403.244430,418.988793,31.979574,135.929847,54.990503,436.266834,450.051876,434.503748,110.809718,46.094617,317.402448,144.340907,125.787198,34.269265,102.969412,85.860215,66.307345,348.033821
2012-07-18 11:00:00,16.922738,216.175035,445.295621,110.849646,120.395347,359.845555,521.386949,289.972634,48.275649,275.836780,47.559929,469.539259,446.326312,40.297001,141.260032,62.239136,546.744918,450.427994,408.880228,120.778150,50.167681,338.394342,156.522321,135.394611,37.522337,108.160276,95.664557,73.273665,373.109061
2012-07-18 12:00:00,18.229853,233.796340,448.050528,159.780636,122.947694,407.540415,547.728302,315.266793,48.959822,290.903727,45.577639,572.346639,442.294798,45.981075,129.586354,72.617279,581.919107,442.315503,391.163839,119.163636,53.103579,348.648116,160.645335,139.150577,37.879906,109.580801,97.231226,76.805001,380.287141
2012-07-18 13:00:00,17.514745,241.958604,424.295296,227.582698,122.849886,439.283481,574.028494,326.001440,50.343331,301.734832,44.037584,585.303309,413.156163,58.096230,115.687704,78.200764,576.715182,406.287412,327.039328,115.302986,52.948160,349.797076,162.288948,159.935780,36.159620,116.354573,90.805408,78.904846,378.613772
2012-07-18 14:00:00,19.468627,235.301398,378.019806,269.672174,99.232944,429.180923,609.436003,327.351748,45.949530,289.064372,39.735547,524.161084,365.375220,54.067512,98.865421,84.070371,542.320424,364.058865,292.627298,104.534977,49.233518,334.226824,155.023310,183.043057,38.894922,123.700123,82.515610,69.712416,363.290100
2012-07-18 15:00:00,18.979081,217.691113,321.911409,323.500493,81.071696,355.040761,645.300888,299.661737,37.890070,224.753440,36.050111,451.425671,301.087674,50.516150,78.295346,83.444057,490.006724,304.353110,250.030637,87.267396,40.441277,287.739897,127.696219,174.370848,38.431973,121.415033,61.623772,54.589417,309.632050
2012-07-18 16:00:00,15.836786,158.439434,258.092883,335.956619,77.561111,257.835984,664.750979,228.344524,31.116000,156.901331,33.039481,320.001714,233.800567,42.618513,52.465044,79.723269,464.307895,218.700262,214.888706,76.036817,27.299693,230.605157,87.132512,138.633097,26.371792,94.528597,43.060681,35.291877,236.082855
2012-07-18 17:00:00,9.730598,86.575556,155.644813,279.144257,64.941042,190.553413,676.477898,164.799886,12.278313,79.134949,24.123142,182.133617,190.064937,28.206056,24.162057,54.045881,457.191821,121.954151,256.982874,85.976797,15.045156,226.919009,43.693645,89.507375,13.812637,57.845509,16.239191,16.734420,153.508744
2012-07-18 18:00:00,3.618740,32.210596,96.541919,245.733032,49.394118,130.222061,718.505846,122.819650,2.988098,25.179504,12.158713,129.913744,159.683960,16.924037,4.036539,22.664127,520.407081,34.917416,360.859615,144.887809,10.331716,274.710583,20.773756,65.195997,23.880048,35.095824,7.126858,5.040991,135.670808
2012-07-18 19:00:00,3.252947,21.125131,162.860130,243.573440,44.774941,186.186381,727.315271,147.514870,6.578447,28.387141,7.708143,120.064688,207.649591,14.774582,5.663204,24.906300,609.265705,56.237122,497.207738,129.046955,4.694193,422.631666,27.970379,262.052665,98.514858,53.109125,6.483142,3.110399,227.270093
2012-07-18 20:00:00,2.220888,12.131263,274.405185,234.987444,32.057176,209.629062,754.839817,234.544681,12.114535,24.448255,6.048991,110.371966,339.981498,8.413304,9.940730,21.300644,678.830325,147.461460,552.546559,86.324653,3.189356,480.784473,20.254413,404.638071,75.311025,288.212818,4.506013,5.863281,229.533364
2012-07-18 21:00:00,1.535025,9.307607,371.164541,219.853541,27.432534,213.829773,650.858199,345.874166,14.222418,29.881201,3.871354,154.927221,481.359943,5.398405,19.821214,5.908429,675.290141,298.571894,519.932425,72.003881,6.535933,389.705710,28.415531,309.628122,112.135759,279.616805,6.391182,5.756025,304.032689
2012-07-18 22:00:00,0.614010,13.909121,505.323019,186.420192,27.852956,180.088573,560.777868,277.861491,17.789604,58.539990,2.661556,148.517517,317.049578,6.645405,51.390563,4.787342,587.493572,255.857439,345.078582,52.402824,8.445054,319.922342,27.080075,281.153330,82.440263,266.038390,5.425608,8.330149,308.182018
2012-07-18 23:00:00,0.568286,77.284514,514.672800,172.717289,16.081141,162.472686,491.827490,209.584689,8.199896,139.355056,2.281334,96.927222,221.534974,5.635177,78.079917,7.635508,429.778365,197.473862,184.322462,19.201035,8.130611,269.304829,20.847948,198.195829,85.087161,248.682109,4.230135,26.134500,196.904545
2012-07-19 00:00:00,0.516030,122.463011,398.561572,158.710840,6.884410,129.002499,475.980024,146.722489,7.088045,206.859406,1.797415,71.913745,142.430368,5.777240,86.695217,10.210977,371.188316,146.388233,88.163369,29.681600,6.221490,225.894987,16.173853,148.787836,93.588149,201.595668,5.747466,29.709671,95.623184
2012-07-19 01:00:00,0.823035,119.534775,354.639348,169.204836,42.147303,95.532313,472.365690,111.989803,32.220494,194.227807,2.246768,81.450133,90.044605,4.040911,86.815710,12.301652,368.710187,128.358010,39.136961,23.521268,5.659983,200.340514,8.828846,109.458792,79.522878,155.768516,6.805000,21.165013,38.664207
2012-07-19 02:00:00,0.391921,105.521075,292.234999,154.634660,57.755469,76.967878,560.221816,125.592338,49.963771,178.608089,3.007213,77.854446,85.205759,3.156962,125.494188,13.422738,344.990953,138.017058,34.718272,18.641005,5.727364,176.751770,9.051422,83.803286,66.945280,120.234679,6.483142,28.029341,51.112195
2012-07-19 03:00:00,0.215557,59.610518,194.388459,159.187840,46.404076,67.075879,572.454948,126.252655,50.982967,131.748932,4.009617,108.495955,70.268453,3.551582,115.673951,15.028619,336.140492,129.431238,42.293168,6.640358,5.525222,171.346016,8.606271,98.745504,68.471594,110.324626,6.667061,19.305924,79.025866
2012-07-19 04:00:00,0.274345,30.328158,166.339118,173.020834,27.537640,53.660704,577.181385,110.405041,56.982326,106.893206,5.253981,92.080861,68.795761,5.966658,49.101182,11.513861,284.807821,110.542434,60.178338,2.640142,5.659983,140.385790,9.051422,125.246795,70.075189,70.246399,6.575101,23.238612,44.510989
2012-07-19 05:00:00,1.047252,39.726260,185.114092,135.724069,16.226000,39.915565,557.093962,105.778121,31.129819,87.629471,6.396123,57.135970,69.838876,4.070432,62.629901,12.780991,155.105032,88.845114,72.089212,4.823140,8.179529,190.419507,17.558702,116.490187,89.460279,65.732920,12.543090,35.813234,29.791834
2012-07-19 06:00:00,2.878005,61.682412,262.078967,113.828667,21.849659,64.399240,537.794118,120.653369,20.082424,102.825796,11.008977,81.079790,124.637385,5.739018,130.562870,22.468354,145.698225,96.605757,80.985287,15.161641,17.549812,187.724235,37.229261,122.675304,99.940405,91.137698,28.500270,52.258447,76.578074
2012-07-19 07:00:00,5.456080,92.688844,335.315099,125.053727,42.861078,143.829215,494.313020,157.728548,25.960907,142.430568,16.885864,136.731168,209.885726,10.469790,173.696924,30.164590,194.921368,150.399250,121.103654,37.221597,31.179455,265.088627,66.676337,118.580652,101.669779,105.026170,49.477815,71.343972,165.855130
2012-07-19 08:00:00,8.298303,127.285366,413.958168,134.999050,65.139412,204.938173,514.834829,195.473537,31.481995,180.520997,21.504269,207.783753,272.084549,13.686433,108.983359,39.267232,242.927927,231.410932,190.142604,63.806745,43.416015,330.967408,96.973541,164.602060,97.336720,121.689631,71.004105,87.087672,255.398709
2012-07-19 09:00:00,10.578535,167.198237,421.881487,144.488736,91.612026,230.662026,591.351581,242.071662,37.412025,225.110582,36.948416,265.341566,373.269411,21.010276,106.793830,48.049814,299.317162,309.932996,255.264723,87.916514,57.702616,388.399361,131.656355,175.131250,100.322448,131.290279,106.184519,85.590890,359.023237
2012-07-19 10:00:00,12.363167,200.622485,422.978839,144.352087,119.149997,254.418561,693.713447,269.628503,37.653844,262.452607,46.976087,308.619989,421.468185,24.154295,107.329662,62.029322,361.152672,365.232002,290.143136,103.853224,68.558442,417.119283,158.187886,165.816048,111.036994,125.703660,126.262266,76.568086,441.011917
2012-07-19 11:00:00,13.363761,221.995310,418.196292,159.452920,131.872126,285.589210,739.962872,287.425643,26.222997,294.539781,50.385858,334.051601,368.320014,26.168495,97.882342,74.197237,401.203818,405.387339,303.383290,112.939292,80.511951,436.403568,170.654367,157.865730,112.312911,123.067977,121.829686,89.721896,535.613104
2012-07-19 12:00:00,15.599677,222.669569,416.537370,217.558245,164.074271,331.550399,782.723314,315.536081,43.083490,327.532130,55.044206,391.927289,391.519136,29.682350,99.157027,93.984379,400.967517,430.050003,316.463039,119.714745,92.096472,445.649443,189.014166,146.502412,98.065464,115.527299,122.904244,115.068637,631.435950
2012-07-19 13:00:00,24.385603,219.415624,432.610998,260.506653,170.315689,334.744260,882.338410,319.599266,45.806961,332.691343,55.762756,413.820837,444.437983,32.970338,120.742006,136.312356,383.401729,483.895916,347.288230,125.487228,111.804206,412.478856,246.774310,137.211555,88.100788,108.373933,119.197137,100.667234,740.073729
2012-07-19 14:00:00,25.036522,217.845247,441.845913,248.337081,168.226816,337.136999,1080.668987,314.167522,47.500356,328.636064,65.028332,367.446940,451.076767,36.708088,121.628808,149.811656,369.096219,550.751622,421.296296,140.258843,124.170995,395.617551,279.574157,120.573535,87.280755,94.673024,108.436247,75.587671,864.312885
2012-07-19 15:00:00,23.542042,213.495001,418.388840,274.109178,171.107644,324.294778,1230.335046,332.500009,39.255248,339.955300,54.574761,324.255725,393.987224,32.675019,110.574120,132.775606,376.841634,512.915293,480.261585,149.125096,101.537800,391.029932,229.964981,98.046245,93.875761,76.269659,75.011979,49.369318,980.348934
2012-07-19 16:00:00,22.575230,171.949283,378.388364,282.708670,147.692551,298.965635,1189.066533,325.744219,37.663299,370.808781,38.559608,253.943645,292.931263,23.937648,82.407518,122.061713,443.467376,513.643105,649.854207,177.740546,79.954155,426.330508,188.031440,70.410155,95.776928,57.046051,44.134313,29.165486,848.209248
2012-07-19 17:00:00,20.039160,153.454629,257.475923,259.911772,121.647509,229.363556,1303.003946,293.343790,36.947717,384.807050,38.521688,177.346452,273.376208,16.116941,64.757755,88.183569,548.169368,579.552898,861.219406,237.428841,55.555926,512.152116,129.830180,109.174652,111.510981,52.126232,28.745213,15.023976,641.719227
2012-07-19 18:00:00,19.687516,153.418649,264.185658,233.225520,79.434633,226.160895,1324.429365,319.593540,43.613533,422.487731,27.231761,145.859835,238.272367,8.905232,53.190527,50.357994,709.452918,775.084909,892.154383,211.611405,29.557691,590.565892,94.594784,361.996366,90.535522,229.957036,24.645134,16.588794,342.885501
2012-07-19 19:00:00,16.793830,201.211643,339.418775,221.631450,78.461252,212.610212,1123.501915,400.680496,36.065643,452.292727,17.559357,115.374661,225.742665,8.807924,46.088840,19.028171,734.942245,1042.962496,875.531695,253.293652,18.574628,605.444433,83.465986,548.633121,112.580129,445.021616,17.840134,45.833693,350.618343
2012-07-19 20:00:00,11.235079,196.296390,407.476479,202.638185,63.273508,168.163973,1137.403201,404.510336,60.271550,417.657698,15.692811,96.614553,257.510739,6.313924,57.415248,10.544273,720.781508,954.957840,816.195012,180.889749,19.607799,616.092130,63.953493,527.558956,112.966538,361.689566,11.862770,114.798742,450.202251
2012-07-19 21:00:00,7.355057,132.293518,434.003763,176.836833,54.759963,143.637237,1070.399004,280.634824,28.004729,383.022669,14.690407,109.590294,292.644965,4.182975,66.753509,3.878353,620.417285,656.600592,721.508816,123.446653,17.878360,621.497884,54.531111,532.774635,113.758675,358.075956,8.552229,97.316156,447.561768
2012-07-19 22:00:00,7.851491,90.252416,290.060631,152.596570,53.341038,136.997402,883.565723,168.777084,10.215124,280.068349,11.061012,93.800537,346.713805,3.188532,53.077474,2.363372,557.756024,491.538200,649.336893,125.206748,13.813054,558.922188,37.837913,453.482207,84.604151,336.832306,7.908513,97.530666,292.716336
2012-07-19 23:00:00,3.978002,113.992043,247.660464,139.760940,30.480593,106.101846,723.144885,132.723764,4.007294,221.256712,8.122931,86.921831,280.863428,2.162519,27.653304,2.272473,514.388768,311.450624,594.208485,123.526658,8.759498,410.345862,31.754171,363.758420,66.481590,247.915585,7.034898,105.932318,135.984844
2012-07-20 00:00:00,6.897816,75.088337,168.948359,135.728123,11.141182,64.772263,830.740837,121.366307,5.559251,176.163263,8.710547,73.789756,210.805360,1.073367,29.038982,2.151274,543.949306,239.973672,663.013788,93.205023,7.793707,350.554948,21.812444,382.859084,72.470922,289.198348,8.092432,91.667385,69.784178
2012-07-20 01:00:00,5.878820,55.322744,114.371733,129.830671,9.722258,41.600596,878.561260,113.178374,2.409009,110.560444,9.125335,23.919137,97.197681,0.789240,29.581203,3.454158,534.036790,219.153058,705.306956,60.563264,11.881473,321.396639,23.593052,337.116164,64.317702,239.812337,8.322331,56.273192,69.595572
2012-07-20 02:00:00,3.246415,44.132699,83.060840,123.282765,14.084136,16.667340,971.977900,108.952343,4.563219,50.526395,12.823861,11.099730,55.331147,0.615608,46.811802,3.181462,418.626784,197.473862,736.237780,17.280931,13.610912,282.573498,15.060973,241.683321,63.177797,189.605051,8.828108,32.033533,82.232166
2012-07-20 03:00:00,2.142503,57.623501,85.452645,105.893954,10.352891,13.821696,912.202372,97.066633,5.119144,37.487325,24.403359,12.975741,29.664227,1.294354,73.862638,2.030076,261.265596,225.592423,780.424671,10.240552,10.084653,241.948438,7.419199,188.821702,51.160491,179.640246,10.943175,34.786414,50.734983
2012-07-20 04:00:00,1.391321,32.106016,97.629103,98.088503,7.620148,15.583285,855.207100,109.348534,6.323648,33.684263,39.612251,20.479784,31.347304,1.057582,89.225584,1.545281,213.650118,246.842328,753.070881,4.560246,11.926393,217.868262,6.232127,157.245695,56.087200,136.495926,11.035135,37.432041,24.518765
2012-07-20 05:00:00,1.126635,23.446322,177.575576,79.291018,7.799701,28.788435,874.819841,126.181601,5.475795,37.193404,36.484347,39.843413,52.619492,1.068212,55.911935,2.948685,171.624451,224.894413,688.732332,4.690708,18.196801,217.201360,12.414241,159.962431,55.308046,113.174846,18.269592,45.376729,28.784707
2012-07-20 06:00:00,3.351306,65.988723,256.755484,74.634220,23.059142,69.885656,839.913386,146.803221,16.435919,60.519054,30.560426,77.503480,119.257383,3.006494,99.780556,10.600750,145.840401,210.980055,655.547609,16.048293,27.035890,266.593897,34.805777,188.328919,61.853465,111.331094,27.203106,43.833193,77.303674
2012-07-20 07:00:00,5.903221,90.410711,274.524759,80.918843,45.306707,110.057092,684.009185,165.108434,25.118096,111.358327,29.514478,122.273909,211.867570,7.045885,121.758969,22.367730,187.663125,249.222759,559.773052,38.495062,35.433392,359.077344,65.256438,158.241252,68.870449,160.143837,39.011573,48.541416,160.897415
2012-07-20 08:00:00,8.954765,140.298005,336.445379,90.739377,70.792041,153.879159,535.915554,213.841323,35.883715,177.480557,32.608239,177.225415,323.397690,13.901593,110.316946,34.208123,251.433881,294.040686,417.903635,64.899230,47.434942,482.375612,99.155034,246.206283,95.846849,224.282426,54.365925,61.747618,246.330623
2012-07-20 09:00:00,11.921009,201.636318,431.441725,119.706188,116.535450,218.193572,605.790831,250.099424,47.980794,287.521688,45.660373,269.763595,536.187687,18.525573,157.324625,46.999031,345.681224,366.597012,419.693165,87.503690,55.339619,538.898205,128.697736,279.932465,109.823514,243.779678,76.310318,68.754454,342.540030
2012-07-20 10:00:00,15.038653,233.493912,561.650989,135.374934,157.154802,270.150452,731.259974,293.553276,60.483840,390.744813,47.203379,381.494062,764.007189,15.795550,202.462843,55.040509,488.621786,421.549110,491.951459,108.408430,63.612955,567.157558,147.057535,272.017167,106.115031,247.272400,96.209012,70.266604,439.620866
2012-07-20 11:00:00,17.682955,243.432502,763.233071,155.903809,165.992685,302.057370,823.429098,348.046452,79.590664,449.974442,44.262484,468.606638,1018.036674,17.294347,294.038896,59.844725,578.201542,506.394001,590.159377,126.710113,71.202420,587.943347,167.200893,258.315052,91.306362,237.847967,117.176466,74.833492,468.560224
2012-07-20 12:00:00,21.096837,237.741329,835.608404,206.058817,165.941416,320.588197,815.217406,364.776670,88.753940,455.176403,37.112064,501.346418,1310.412088,21.361034,374.012532,69.627172,599.359763,526.649617,575.386825,148.242856,85.979839,591.311469,199.193793,255.313535,82.958710,226.743617,136.301252,74.754953,504.052482
2012-07-20 13:00:00,21.473151,230.539695,836.527464,269.385474,158.667903,322.421405,940.207185,328.118787,80.738657,406.236955,36.660383,469.572934,1622.476592,25.928032,432.272664,84.992216,611.211473,617.404071,650.298592,184.422017,102.294429,584.497260,197.625302,210.607041,113.170694,203.939677,137.407191,69.948032,522.987432
2012-07-20 14:00:00,19.259379,235.143616,872.765505,289.454302,143.589444,288.625662,1109.781316,318.459077,77.485027,377.592099,42.665391,458.869348,1803.489112,24.400012,397.918842,101.329978,684.864595,763.272688,824.145057,236.149021,120.008434,597.312560,212.489275,161.282465,0.000000,168.611015,101.298499,61.885585,564.223677
2012-07-20 15:00:00,15.259661,238.461708,883.265588,227.396764,155.357810,251.269053,1381.669691,361.635804,84.285039,372.165028,39.689491,420.475532,1706.390819,21.871942,381.915083,107.091369,757.228129,943.219161,975.356244,281.152369,91.884014,528.072746,171.812701,122.077906,0.000000,123.292713,69.127729,56.682028,734.892520
2012-07-20 16:00:00,10.187329,186.192213,865.981715,225.558593,142.315521,198.744378,1643.506721,350.665780,105.099320,381.750688,31.611615,338.764513,1506.942844,0.000000,340.116718,60.174042,700.503773,1187.346584,1186.016995,323.557701,72.611549,420.530944,148.191068,94.080158,0.000000,99.325233,41.273839,62.093685,767.817075
2012-07-20 17:00:00,7.065469,125.535895,817.128087,222.823833,132.517127,118.962644,1425.282518,289.779368,75.001772,343.722721,28.973127,202.048606,1301.666642,14.802616,293.928446,32.229996,666.320854,1049.375954,1198.537269,275.696913,42.179083,448.508850,112.991136,98.068719,143.151154,119.256676,43.138490,96.349587,663.956953
2012-07-20 18:00:00,2.776110,74.419040,760.811206,262.925140,129.115095,87.672917,1167.512605,246.562454,47.114655,293.243242,31.322483,114.280321,1062.231797,9.835897,244.421469,21.785438,687.326767,865.236020,1094.782843,214.891582,43.235984,656.623569,122.268395,206.701644,141.375709,233.828969,59.773646,167.210750,552.626040
2012-07-20 19:00:00,2.155567,114.410362,822.998118,275.185517,122.290243,110.167051,1070.120978,274.559905,48.133851,316.469085,39.612251,94.113206,618.530696,5.130063,208.634840,12.059255,352.071321,859.869883,980.738580,206.491129,32.836887,656.717189,110.323485,361.150580,136.904547,318.873756,56.463106,226.987609,668.985079
2012-07-20 20:00:00,2.684661,222.650513,750.156805,229.827173,162.282883,209.629062,1093.475138,430.526835,49.616318,295.008950,54.579183,124.285712,275.814198,5.382620,214.177550,10.059479,196.303215,834.327068,954.647273,180.489728,18.102962,633.619877,75.082291,483.789535,112.773334,323.418145,27.955675,224.306231,685.959609
2012-07-20 21:00:00,3.266011,215.329924,621.869120,214.302998,201.539786,264.644834,1224.147224,498.143320,61.012783,247.063204,41.409665,108.652289,154.422289,1.894177,253.458496,5.544833,135.058028,863.948147,920.770656,182.809853,8.826879,665.890590,59.205206,527.770402,126.104428,374.337203,14.161756,246.150526,458.123698
2012-07-20 22:00:00,3.579548,158.229322,576.207401,187.157374,151.141701,281.989707,937.224686,288.954821,70.996272,136.366936,36.086553,171.029646,162.416904,0.662962,209.538543,4.241949,140.368304,484.884190,771.797707,174.489404,14.980988,509.615160,42.734585,450.169546,110.821970,361.908573,9.149966,310.646612,361.746090
2012-07-20 23:00:00,3.768977,138.777469,450.963830,167.557018,107.260157,321.286687,755.951920,248.807533,56.889672,69.134234,32.560855,243.725063,120.550370,0.584038,77.176214,3.514758,161.078382,285.693164,562.856834,106.245726,9.455766,331.061472,25.522044,292.148547,82.073175,251.967209,25.518749,310.968377,303.655477
2012-07-21 00:00:00,0.934079,121.940112,315.500732,187.547646,135.901404,365.597420,884.955851,234.280554,34.675830,67.368526,50.223910,268.582205,79.735760,2.036240,20.785163,4.241949,207.631805,277.107344,450.495881,27.361475,6.940218,299.118381,17.286733,265.012916,98.437577,191.302353,27.357938,292.806508,217.273981
2012-07-21 01:00:00,0.796907,86.801280,247.660464,168.814563,103.844228,356.518462,958.076615,219.357384,51.284094,75.110474,51.883062,206.986519,51.123455,3.504228,17.170352,5.211537,111.869821,251.779174,490.895324,18.721009,4.873875,229.990255,13.057790,183.112648,89.878627,128.064168,51.681214,246.937064,152.770768
2012-07-21 02:00:00,0.881823,62.747914,356.596279,142.449484,64.534774,286.867953,1037.591969,135.629159,25.178776,71.307412,33.321300,196.668460,35.975765,8.081823,14.700231,8.574797,100.010204,224.089905,512.147115,17.440940,3.840703,245.716085,11.054606,163.448125,86.497553,125.107578,83.085368,203.284225,128.817820
2012-07-21 03:00:00,0.849163,45.805977,347.246498,131.478489,42.620278,249.061548,1086.524495,79.238068,16.492446,62.071404,23.884874,182.911048,36.396534,4.498671,33.858729,5.484234,110.984775,190.175915,451.547950,14.400776,4.424669,228.024527,10.238494,158.373410,81.532203,135.510396,66.302768,154.197127,149.375862
2012-07-21 04:00:00,0.313537,37.962488,277.014426,152.943479,33.108231,202.853720,1040.372226,88.218382,8.570512,46.315862,28.724067,164.150940,37.448457,3.409519,38.316996,4.787342,95.584974,157.335153,481.005877,22.161194,2.807531,212.953940,10.609454,193.614489,84.797355,130.308987,58.624153,128.920668,133.721573
2012-07-21 05:00:00,1.008429,52.954335,252.664090,126.100478,34.645096,223.240732,907.443534,103.817997,9.463578,58.697708,28.723884,135.289092,43.611273,3.501870,32.435256,6.255976,79.696514,146.369060,478.659751,26.580432,6.269749,238.356377,12.148951,190.775627,106.561055,111.860538,67.395166,106.630861,95.296646
2012-07-21 06:00:00,1.257882,66.350410,259.689590,118.575417,43.264262,175.710475,885.253178,156.438047,13.149783,108.119600,28.314675,173.646339,106.978440,5.370503,41.428686,15.226445,100.263555,164.824981,435.242436,32.146249,14.010982,315.848683,29.931265,189.162211,106.566044,119.798462,75.700015,121.726665,133.332125
2012-07-21 07:00:00,2.516251,78.741774,422.851828,137.241477,55.964829,242.247115,827.634710,203.789477,21.916289,136.246280,43.959739,225.304870,180.053985,9.591701,52.560606,24.618572,166.788144,173.939406,393.333805,44.701218,20.663731,340.436415,55.379532,189.550234,120.140890,151.527077,80.743889,124.531614,191.386417
2012-07-21 08:00:00,5.114346,122.783469,541.432248,146.257373,77.291052,261.411234,750.732491,239.070787,28.755178,187.237964,63.396737,285.318801,269.564193,12.238075,72.918241,44.656570,236.045320,236.783361,324.845700,67.716064,28.897899,429.903139,85.782044,257.087145,133.964946,185.117708,90.259499,127.885863,284.505216
2012-07-21 09:00:00,9.534214,169.493374,576.358846,154.907244,102.999396,265.110825,750.209749,271.521165,36.693664,218.475318,74.754119,299.362418,362.716857,18.164604,91.969910,63.882335,290.962649,311.023000,374.480751,91.002096,37.035611,482.714099,123.624515,284.286226,120.740526,215.827133,96.728523,124.214588,380.967722
2012-07-21 10:00:00,15.789676,202.522438,557.607545,180.279604,112.406596,297.096447,764.263665,304.542650,41.023066,254.641752,89.078569,357.005559,427.366151,21.167673,106.010075,81.132639,342.598698,373.672678,411.734633,106.760142,44.623055,513.470624,158.765113,280.572806,129.002133,213.965500,98.211931,110.406444,414.746210
2012-07-21 11:00:00,20.190194,233.033338,485.123415,194.727293,119.856471,320.301078,882.536064,334.623626,43.092963,280.972867,90.103959,398.195718,429.324652,24.897768,112.423527,89.256071,370.409157,429.722268,503.789415,123.022498,49.601582,560.229499,183.660383,270.873025,103.782612,211.736385,87.317744,142.472585,410.358656
2012-07-21 12:00:00,19.593241,269.894781,480.292162,209.391188,107.105883,340.010665,993.187522,302.159243,45.525103,282.711182,103.454853,380.145717,423.193988,31.689058,112.864258,92.644852,374.067059,493.551969,610.270243,153.591847,50.208385,564.467544,220.809548,296.498184,101.450152,244.382291,80.143634,155.078144,399.766981
2012-07-21 13:00:00,24.434760,252.941897,508.605069,257.917440,90.535300,353.948971,1312.621503,284.830085,44.640685,284.846257,94.466974,391.336694,377.323098,32.922785,108.275071,89.133857,359.885444,625.872607,880.705582,222.761924,42.852360,494.409480,244.841227,254.073384,107.050959,172.449861,85.496398,145.160126,400.462835
2012-07-21 14:00:00,30.695464,230.225298,560.878047,272.433035,83.416951,350.670287,1652.866251,283.956788,44.664867,267.311168,115.376846,364.345016,357.738387,39.978881,99.136048,75.387823,317.244626,770.950346,1184.684161,274.642739,31.816650,461.330914,212.383966,202.946668,0.000000,159.774638,81.797402,161.693982,381.538542
2012-07-21 15:00:00,30.525700,197.358760,592.648088,290.576268,74.138327,315.503799,1609.431523,264.120358,37.477636,226.342283,123.437819,308.634162,325.527959,35.720419,80.936201,68.615462,277.320706,757.571022,1145.542700,245.747362,30.477685,590.629125,174.652032,200.859204,139.278076,139.050230,84.621038,212.297298,376.344834
2012-07-21 16:00:00,21.864780,177.074718,627.411867,288.932551,51.033599,245.905693,1646.482377,211.816411,26.729200,186.686044,141.838963,210.826889,276.837942,24.570880,61.264994,65.419917,258.361197,623.849415,1005.547926,260.742672,26.828733,682.339233,147.625955,214.256912,124.336699,195.169397,67.817113,251.896671,477.119336
2012-07-21 17:00:00,16.459739,184.202639,616.326837,256.478938,38.639290,166.224462,1480.657607,139.510058,13.378412,146.496841,90.408506,132.674150,199.257848,14.755680,33.650200,71.302337,325.011397,507.423621,839.169272,291.310963,20.329820,583.275006,102.592919,238.100045,121.648489,256.835180,46.311091,175.115894,573.480090
2012-07-21 18:00:00,21.973723,136.476712,523.152833,246.223442,42.696852,128.053952,1279.530597,172.342798,3.572197,191.383473,50.625414,94.269540,141.378445,4.767012,16.769687,57.599607,570.677697,503.559397,703.834059,234.892660,16.845188,629.524609,69.146932,284.546458,129.698028,317.125715,31.404154,228.274671,673.700226
2012-07-21 19:00:00,24.031310,200.479584,559.899645,240.017623,190.451156,157.458933,1252.783873,192.680568,28.166873,296.503010,47.285828,75.509433,370.487264,9.234114,20.001954,41.237804,709.452918,703.607957,780.214258,147.527951,18.776770,654.260028,67.440516,379.264494,118.279655,340.883930,34.162938,221.410343,817.795123
2012-07-21 20:00:00,24.057438,222.441354,467.054150,212.134817,294.820912,178.597998,1088.748701,195.189774,84.662765,378.676313,39.992473,57.061994,534.587244,3.614721,20.483929,19.876561,753.528212,823.594793,794.732808,128.486925,32.365222,595.124357,81.759570,372.568689,115.246348,316.409931,26.760202,240.859273,583.169401
2012-07-21 21:00:00,14.847287,270.652667,400.735940,215.950816,244.738144,181.443642,1035.367763,155.702803,149.289062,270.560694,47.043869,44.242587,505.343786,2.320367,24.821702,11.119966,549.436592,635.136042,769.693569,117.366326,14.958527,483.077823,44.070040,387.228978,94.129121,263.903074,20.690878,240.609011,442.658015
2012-07-21 22:00:00,11.822961,162.621676,482.709597,181.043103,131.119104,147.024908,913.870526,128.101543,111.254517,174.805027,51.053486,28.765498,427.501488,0.726101,105.311493,6.059927,451.019470,420.490539,717.090127,101.365463,18.619548,321.724260,20.847948,348.181862,102.089137,218.075922,35.312431,247.223077,335.907084
2012-07-21 23:00:00,5.532623,153.209489,487.928079,158.884295,151.457017,208.273993,910.812243,127.969480,95.572796,128.624989,51.088051,28.296495,344.820344,0.520899,157.666005,3.211761,446.063212,343.647449,587.685658,71.203838,19.181055,323.034746,17.880269,305.751603,94.032519,228.533492,55.221653,257.233556,253.297705
2012-07-22 00:00:00,3.233351,113.259984,425.306293,159.664840,114.985411,198.110981,872.166669,211.697705,69.328497,138.675938,68.958500,27.514824,226.584204,0.473544,150.737618,1.605881,338.972639,259.721058,486.055808,48.242600,17.698678,223.765448,18.102845,251.691788,99.191073,242.933183,67.452261,219.694260,162.389668
2012-07-22 01:00:00,1.848562,102.906578,383.558436,180.175831,56.336545,208.273993,818.785731,208.264055,56.727527,109.202208,67.230216,29.547169,177.564594,0.599823,80.429544,1.151386,225.509735,184.165841,444.814709,48.642622,28.659281,251.777082,20.476988,176.839735,110.126435,218.240177,66.532666,197.563952,177.289533
2012-07-22 02:00:00,4.376455,124.136289,410.738031,192.621189,67.687938,201.498652,827.682554,141.968205,32.035186,120.747217,61.215791,27.045822,127.913831,0.868165,66.753509,2.060375,148.333719,144.241778,424.614987,40.242169,37.890444,316.482317,21.293100,164.716804,115.246348,205.209279,69.705268,176.327436,169.179480
2012-07-22 03:00:00,1.384789,147.666757,328.112064,182.994466,38.205847,206.512405,853.816971,164.154864,20.360758,100.916966,63.186034,42.835579,75.107299,0.536684,69.223630,3.454158,127.623641,132.865566,445.025123,50.642729,37.104335,337.613901,28.192955,221.384460,122.027818,165.788073,63.819862,152.767059,164.841545
2012-07-22 04:00:00,0.894887,75.506656,359.205520,177.270469,17.710276,235.104345,803.494317,163.758674,4.123111,71.307412,59.418376,44.867924,58.066147,0.457759,44.883903,1.939177,164.972585,111.830307,408.623541,53.362876,47.256369,210.496779,47.037720,154.990266,129.234338,132.663309,78.671315,89.701041,149.753074
2012-07-22 05:00:00,1.813687,52.031142,435.098838,145.810808,27.166030,225.673842,738.262501,151.625610,8.382537,73.977536,57.081223,72.193298,57.244870,1.836050,29.753830,2.875865,154.951616,99.611241,371.426411,54.529513,54.205771,300.363137,62.349435,146.230215,137.426900,152.696653,81.560975,85.067465,256.906752
2012-07-22 06:00:00,4.592103,43.814728,506.919126,126.471169,54.058002,274.526091,752.808710,166.540578,15.663424,110.632006,76.218380,123.093345,88.800506,5.506057,38.886757,8.538535,195.859152,105.506730,384.337113,81.169486,72.206449,285.927563,116.402725,216.594330,144.538422,200.377262,89.176131,101.494190,264.972980
2012-07-22 07:00:00,7.833299,90.631256,640.162188,113.699049,117.992290,430.146981,824.284088,162.253910,50.250545,149.013702,93.894023,197.732754,153.034025,12.139852,64.375842,17.162218,213.442237,157.259518,344.069596,119.423335,64.400094,355.618458,114.480207,198.322582,147.366203,167.248029,111.392232,91.595307,404.463688
2012-07-22 08:00:00,12.430566,130.129602,827.741831,113.538842,204.287058,429.912041,711.977919,196.166479,71.645824,164.036196,99.287504,236.777709,244.967105,17.843290,93.189098,31.067617,285.069829,233.622994,311.687153,121.470854,71.039302,429.733614,153.396831,212.507598,147.583717,190.875728,127.620084,113.296346,537.880708
2012-07-22 09:00:00,13.446699,170.170187,728.636801,115.208054,215.298236,424.979138,648.946104,238.016125,87.193107,224.387296,113.503218,277.287294,316.974576,22.786128,115.317771,40.909206,311.718058,304.425159,321.423226,194.717638,69.816623,422.641175,181.343034,281.559211,157.002581,192.714285,125.945596,96.953248,580.190555
2012-07-22 10:00:00,13.707670,208.446270,634.930059,154.817091,165.535920,396.989137,692.868570,305.154215,61.341312,278.079624,118.750787,306.873698,389.607328,27.048346,134.202868,47.394301,362.061311,369.719336,362.840116,214.467730,70.755064,459.466927,194.794358,282.652792,135.610002,188.378052,149.364220,85.107107,650.650980
2012-07-22 11:00:00,14.875357,250.778270,625.271802,183.948946,178.366016,376.311674,705.648166,359.910228,61.542122,330.544799,106.629553,362.488812,440.948217,30.265198,148.716347,48.660733,376.919833,415.358095,366.185794,238.642344,83.989685,537.418085,204.871370,254.391464,139.792909,164.935394,203.164569,98.250388,601.926434
2012-07-22 12:00:00,16.040787,249.242413,532.924454,202.352832,169.600819,321.688250,714.038904,339.202717,67.817035,341.793897,108.928990,406.613792,493.805108,36.137742,179.198226,55.575224,382.343258,445.273807,420.700290,256.336038,77.115641,572.267702,0.000000,259.168905,157.942704,180.974349,226.704577,0.000000,534.885794
2012-07-22 13:00:00,15.358562,243.965910,0.000000,256.291025,155.575689,292.350271,823.212359,325.858226,58.808920,340.264199,122.905721,366.426246,476.611268,37.612427,173.986390,75.976838,411.117073,437.073539,522.622701,299.457326,0.000000,578.732908,0.000000,256.855781,0.000000,201.069513,234.519852,0.000000,500.987800
2012-07-22 14:00:00,16.257315,252.779882,0.000000,283.595314,138.182269,272.563378,998.084550,329.187550,51.853115,356.313946,144.041731,327.016638,435.673183,36.024759,150.374039,93.508950,396.234215,412.475581,593.891476,338.027125,0.000000,529.215199,0.000000,234.906269,0.000000,207.042259,214.546455,0.000000,499.983434
2012-07-22 15:00:00,18.876948,214.819874,557.537575,281.346925,114.216380,225.968575,1089.995602,302.154631,39.915773,350.463955,142.134298,309.410703,392.322501,38.444494,130.353039,102.345300,313.633535,366.868725,610.443719,269.926913,0.000000,570.462345,0.000000,221.162542,0.000000,214.898952,186.714921,0.000000,482.461640
2012-07-22 16:00:00,22.430719,184.459092,679.141330,276.306552,105.176719,195.848161,1134.248753,254.187949,30.103060,321.681758,151.683224,266.385270,352.310810,28.460001,97.823480,100.345839,223.397740,272.541383,542.886330,239.287150,48.890280,730.037989,35.331165,245.457932,182.906527,259.723494,153.611813,0.000000,558.309761
2012-07-22 17:00:00,24.419631,187.343611,768.320440,239.644901,85.948388,160.878492,1108.187033,228.631411,16.607036,297.727319,152.124175,193.734907,335.725656,13.631389,53.512951,60.211783,142.758983,196.900331,521.713855,220.402289,35.861138,747.958853,103.065097,300.076438,153.687851,310.154142,164.539334,124.664592,630.220717
2012-07-22 18:00:00,26.506947,192.113195,716.236672,223.260399,66.847094,170.467589,1086.843205,185.681206,12.878932,306.689783,119.446869,186.194067,373.853417,4.403962,21.869606,43.055782,228.341882,296.032097,471.116430,153.688283,34.117122,627.067448,77.604819,367.646743,142.855239,329.605085,182.585500,135.427479,623.719666
2012-07-22 19:00:00,23.959458,248.690898,580.556136,215.690634,107.522921,193.097229,987.269315,204.962469,30.274756,376.095664,114.516045,208.706195,394.050338,2.478215,15.001466,27.330271,449.426387,494.543238,440.606434,113.206101,40.136469,646.397114,64.769605,397.801302,154.660020,353.641070,179.596818,181.475682,697.087356
2012-07-22 20:00:00,21.098432,248.377158,460.313611,183.861739,154.820393,167.215425,946.399535,223.055161,47.855889,419.559229,128.895361,152.582207,334.301114,1.278570,10.663692,10.604872,488.014395,515.149206,379.586440,72.483907,38.990996,687.513605,50.969895,371.793386,158.736630,331.521393,125.110840,177.650249,669.550897
2012-07-22 21:00:00,19.040845,213.447486,471.185449,163.350747,144.204738,135.913348,918.596963,214.206910,92.700516,373.650838,143.862294,120.533690,249.305740,0.520899,50.185626,6.999216,466.419272,382.712931,344.657755,50.962747,34.251883,604.297758,37.689529,383.422942,153.751960,320.735313,117.110367,156.091968,657.668726
2012-07-22 22:00:00,10.882349,142.751503,490.319883,136.291850,153.348916,89.976533,721.198705,250.788485,84.963891,212.292352,123.330289,76.760106,267.819584,0.347266,122.903573,7.332512,478.986926,191.034497,228.719768,36.401962,28.299917,503.226542,25.596236,368.410242,142.236985,272.882349,102.580773,96.029094,489.620881
2012-07-22 23:00:00,2.704257,86.801280,299.192975,116.041041,149.985541,62.468647,605.540008,381.399233,87.604536,165.704843,114.896267,41.115902,208.491129,0.505114,214.418538,11.877457,398.447734,94.658667,182.639152,34.161841,26.974762,446.220410,33.089626,346.067398,126.336273,261.658256,98.166719,78.689515,293.282153
2012-07-23 00:00:00,1.208424,63.270813,213.522894,140.801666,125.338302,72.496153,619.441293,337.157979,61.707690,163.260017,108.847276,19.229110,187.663055,0.757671,179.836846,8.241501,269.585029,91.868275,187.689082,39.282117,33.712837,388.067603,31.457403,329.081198,116.888585,248.134592,59.267869,66.033409,242.358564
2012-07-23 01:00:00,0.934079,63.793712,200.476688,135.598032,114.354778,67.482400,569.118639,244.713566,31.154971,155.653893,96.334506,19.854447,140.536906,1.136506,136.097633,4.029851,201.613492,98.307640,198.630599,28.001509,30.927766,339.907251,28.267147,275.232829,125.621418,259.413437,69.015572,51.732725,245.187652
2012-07-23 02:00:00,0.757715,40.995304,187.213046,128.616490,89.339670,103.256202,572.454948,187.530094,27.402476,166.519785,85.653715,29.078167,120.129601,1.089152,92.539161,3.545057,221.261514,100.239450,172.539291,24.161302,35.621958,330.078607,21.886636,236.326677,125.312291,233.351640,76.096450,43.295321,232.551058
2012-07-23 03:00:00,0.725054,20.602232,248.312774,126.795218,44.985152,150.141565,535.477527,156.627247,20.499739,164.889901,78.775148,47.056603,98.880757,1.041797,54.764386,2.878465,324.634893,95.087958,178.430877,43.762359,32.387682,332.699579,19.735069,266.845452,110.899252,203.073963,86.625808,37.217531,232.928270
2012-07-23 04:00:00,1.090848,14.536600,299.410412,109.449771,26.434032,146.482880,527.970833,126.120591,9.497054,136.095289,75.560542,98.177896,58.486916,1.215430,49.342170,2.151274,375.613546,100.454095,186.426600,70.723812,29.984435,304.687945,19.735069,309.205229,108.175072,196.394259,99.638071,32.391050,189.548916
2012-07-23 05:00:00,1.706061,22.311415,273.425582,96.609202,59.536982,146.112222,426.496218,83.919362,16.987625,96.908320,72.247973,143.795721,80.175762,1.925086,92.530753,4.082480,433.624270,115.565858,157.566383,78.808881,27.783237,302.761427,23.938125,329.118234,105.492431,207.839422,142.723513,28.715734,164.577260
2012-07-23 06:00:00,2.985540,40.327541,272.051014,101.329302,95.791888,159.275602,351.639203,92.563575,26.681287,177.956364,63.473782,166.822791,132.996686,5.869956,120.441693,10.011292,405.156301,121.890638,139.680948,97.997967,32.861716,336.788792,43.168245,332.780897,86.573716,206.999541,156.323218,31.051695,146.363174
2012-07-23 07:00:00,4.922975,77.559285,346.768235,87.921618,93.027682,207.464381,296.461940,160.081637,25.318696,171.679474,61.464660,211.798771,219.336737,12.579238,137.780217,17.674352,334.972217,177.867583,149.924472,134.419480,36.852009,382.180029,73.428067,282.400222,61.541913,163.502296,143.554655,44.115065,212.110823
2012-07-23 08:00:00,5.484460,123.297903,414.285310,77.607139,101.191807,254.486319,380.179471,200.228467,33.328872,207.058738,65.074981,276.862759,328.874883,18.908583,137.616210,21.149126,473.828847,275.951447,191.441414,102.895080,40.777476,398.243317,104.847211,242.886195,59.840988,162.573467,164.499656,54.754704,275.582962
2012-07-23 09:00:00,9.296827,167.085337,434.026993,93.035184,109.967568,267.291389,483.664718,248.151096,38.848860,246.087516,74.779359,340.775116,408.247870,25.043114,125.984995,33.452449,578.550243,379.030723,258.979241,125.703402,48.282508,453.127002,132.067284,272.727496,52.217793,156.461187,174.110593,64.857119,350.711154
2012-07-23 10:00:00,11.697097,199.418394,450.418206,93.083384,111.996369,277.981179,554.414280,319.601754,44.059835,273.862930,80.838172,379.239736,461.061600,30.401071,129.043291,57.348860,653.106823,502.217773,321.820892,139.186741,55.556747,481.080340,156.659936,287.271365,48.750485,157.290753,229.206941,71.400380,392.694854
2012-07-23 11:00:00,11.533587,223.112555,457.142662,100.769535,111.890201,317.282883,632.908398,353.402624,49.519110,288.992717,91.720905,396.146942,481.999640,35.731501,132.477320,65.949687,692.820873,573.187847,403.738369,161.487075,58.900566,485.830739,175.843613,284.115211,45.071703,146.451756,237.701380,73.905644,406.424917
2012-07-23 12:00:00,20.095368,230.637050,464.787241,109.374531,114.966975,390.846876,644.954155,325.341216,48.779121,298.994001,104.793038,446.776097,485.607889,41.042258,129.317745,80.780334,776.269414,564.396519,506.233073,191.902614,58.835082,500.556671,184.588948,265.422094,43.188009,141.246259,172.921155,71.914825,398.792367
2012-07-23 13:00:00,24.678496,214.774848,469.253873,135.706642,112.948993,460.005825,666.847878,292.098090,44.368574,297.209431,125.099500,460.192373,402.707107,41.069377,113.430654,102.943978,803.414449,589.898740,597.797986,250.336182,52.291672,506.474775,174.665704,242.809420,37.316311,139.183461,169.799971,68.043611,390.322737
2012-07-23 14:00:00,20.115871,197.215137,418.545131,182.837499,102.694715,453.014985,723.590281,290.408359,38.185378,285.002553,141.839844,400.229232,364.799266,46.440706,95.864051,102.201816,893.536591,623.505663,678.061460,306.132920,46.013301,557.347204,146.541348,206.599936,32.006806,146.643940,186.434776,60.279153,369.800886
2012-07-23 15:00:00,15.681398,173.166294,396.341998,166.888897,85.535819,380.382363,834.360369,261.832979,30.966772,242.227963,125.478897,371.426683,336.336707,44.740992,74.820915,107.826087,891.019177,667.723231,673.295126,278.236815,36.764253,627.647720,117.283401,209.175410,25.250453,174.432650,172.182432,49.604536,323.239313
2012-07-23 16:00:00,16.156987,146.678542,409.008861,143.549077,61.029587,357.328812,838.857101,199.975582,23.215728,174.282398,131.319971,325.658544,335.928705,36.363598,49.180561,99.966745,915.871610,575.427157,510.474509,247.851838,27.727457,686.181983,116.295451,246.899201,20.910084,236.222112,139.779675,37.054414,258.921673
2012-07-23 17:00:00,11.949426,111.256913,284.515162,113.742893,35.767519,232.730718,727.122776,156.875434,10.020150,129.255864,130.000538,156.816081,357.699027,15.583573,21.871499,68.106730,922.575224,430.837417,309.607834,181.248317,22.652645,682.782418,115.523915,309.354753,18.904277,299.074092,70.783888,21.919466,224.647515
2012-07-23 18:00:00,10.601472,83.768465,271.578507,102.756921,36.892029,217.488458,502.537379,80.822829,1.436140,69.270057,109.024896,96.927222,561.306087,4.735443,4.578761,89.717220,985.410279,300.074412,171.066395,110.245942,13.251548,645.414249,72.930723,369.960849,31.743462,332.944937,35.358411,54.592862,279.136712
2012-07-23 19:00:00,10.327127,130.306501,383.340999,112.918860,90.758594,300.960663,322.231804,76.860926,2.339518,93.175018,106.807902,120.064688,985.651806,2.415076,40.847364,53.781852,1132.327924,339.998476,146.658397,114.406166,10.466477,668.839183,100.010799,437.200829,59.236430,321.666092,20.644898,95.278308,426.437909
2012-07-23 20:00:00,12.567611,154.778187,369.642484,105.026682,168.379002,316.814962,315.559187,76.200609,2.177373,102.411026,93.016202,91.611858,996.171036,0.615608,288.220928,47.297731,1214.814216,328.192973,134.875226,85.684618,11.364887,597.090086,76.788707,448.337010,54.290400,340.719675,9.609763,117.801886,537.149564
2012-07-23 21:00:00,11.515955,120.475994,293.757056,88.895416,192.816029,333.346795,332.796781,65.503469,45.192081,63.157993,66.608035,96.614553,1025.624878,0.410405,503.061194,38.056342,1164.720610,299.001185,107.521436,68.163674,11.140285,497.493166,60.985813,427.333326,35.395023,307.430656,8.690169,172.716513,535.263506
2012-07-23 22:00:00,6.375254,80.003590,338.331591,65.175517,134.009505,282.396228,326.680215,58.239980,178.776257,51.341337,69.338722,129.132073,1111.461791,0.757671,490.650343,33.026602,1065.064424,220.870222,60.599166,51.922798,3.436418,346.951112,42.734585,364.674688,22.315093,247.149062,4.689932,130.815508,472.269140
2012-07-23 23:00:00,2.273144,64.839511,346.159314,51.992978,97.432793,229.819579,270.240995,60.352995,155.195766,94.804902,74.938360,117.250672,1106.833330,0.947089,453.719024,28.178661,875.133540,141.666032,44.818133,61.843333,4.312368,300.428866,14.096478,336.058931,10.510312,224.481868,4.184155,124.380200,413.424103
2012-07-24 00:00:00,1.463173,34.615932,327.459753,53.120432,46.298970,233.071743,228.815164,45.297762,79.173004,114.091859,77.911007,135.541776,1059.917566,1.704759,471.672586,21.997535,765.033811,114.191407,47.974339,70.083777,4.649272,296.825030,7.345007,357.767436,8.790794,244.192471,6.115304,109.149972,411.726650
2012-07-24 01:00:00,0.992867,53.335727,311.151997,61.749791,51.186376,223.586265,211.855595,31.959354,41.856530,185.127624,82.819331,133.040429,835.857978,1.846823,495.108610,18.785774,637.587179,135.655958,51.551374,51.282764,3.526259,301.575541,4.080559,367.141563,8.694192,265.764631,9.241925,109.114220,316.857889
2012-07-24 02:00:00,0.431113,49.675432,324.415639,52.253159,80.300598,157.865454,207.685209,30.506656,55.198733,253.990210,73.382905,125.849054,764.537602,1.862608,484.746152,12.604648,508.901482,192.966307,53.024270,18.801013,2.987213,232.119795,3.116063,382.083781,12.075267,179.859253,15.081351,120.089995,209.163928
2012-07-24 03:00:00,0.431113,37.125849,325.937696,40.328164,78.934226,139.707539,166.537403,34.996813,49.523664,269.881576,68.889368,143.514822,693.217225,1.594266,438.838052,9.301988,539.524076,258.433185,54.076339,11.760634,1.998962,224.748312,4.451519,379.828352,19.513631,112.843203,19.357465,80.012328,202.185510
2012-07-24 04:00:00,0.222089,48.420473,305.716078,36.989166,56.651861,126.156856,130.116035,28.261578,26.962369,254.940975,66.400641,140.231803,655.137615,1.531127,394.436124,3.575357,570.323678,314.455661,62.072062,8.640466,1.594678,219.997801,5.935359,304.341960,10.896721,103.261659,27.174019,59.347839,217.462587
2012-07-24 05:00:00,0.819470,79.428510,307.620053,14.391341,59.772827,115.051416,109.767415,50.088357,30.731141,217.609378,57.152058,101.890884,674.363067,3.474487,338.889917,3.254832,603.138939,400.507238,92.626210,10.683268,3.518423,215.202594,12.573238,230.325168,5.490871,65.420610,28.062579,53.133104,195.285668
2012-07-24 06:00:00,2.910378,140.824695,316.678807,13.297065,113.183510,103.258777,127.005225,117.298515,54.720139,208.331383,43.760415,97.350943,724.703126,8.616204,286.782951,10.596162,611.220345,449.760070,144.034808,20.872652,11.740240,241.660830,35.039329,212.054354,5.899539,69.642985,31.348232,90.028869,230.782536
2012-07-24 07:00:00,5.943922,151.383468,340.226467,25.187680,167.506880,172.809317,204.262888,228.853607,86.515656,247.801658,42.519359,157.813205,639.548611,14.412226,196.379926,22.017920,519.761186,404.312297,216.528669,45.432555,21.310205,288.270645,66.469811,182.063533,15.418605,72.799594,52.432563,89.306125,264.827813
2012-07-24 08:00:00,8.686646,204.855376,442.658908,41.521710,190.926851,236.931102,305.546526,341.787579,59.996515,240.056584,44.338231,234.823481,684.040628,20.406444,194.548306,31.438697,490.535897,412.672244,333.583578,69.716985,31.388574,334.846395,97.454054,113.600472,26.986405,85.709757,68.429472,84.204109,406.141404
2012-07-24 09:00:00,11.211261,268.087511,524.294805,59.250639,167.549389,306.525022,447.852403,467.915177,54.130999,268.510549,51.034589,306.282165,719.955323,24.874482,179.160723,43.699542,596.003870,562.047245,496.711554,98.269462,42.819401,339.621031,131.623323,121.235762,60.721274,98.665922,78.712963,105.551447,456.814007
2012-07-24 10:00:00,14.888662,298.862744,565.097201,73.735598,141.102890,395.356402,593.874586,508.507869,49.429930,281.973677,58.891668,371.622025,654.588996,29.510931,144.863618,64.540976,642.109399,658.520891,560.566450,126.347949,53.813859,341.958624,160.173726,130.066444,67.893792,121.220594,84.371027,105.706080,461.825425
2012-07-24 11:00:00,18.092152,344.446571,502.298188,83.825926,139.569509,420.638732,664.353931,493.262514,46.715561,290.984102,68.537614,435.934259,613.527593,31.517849,127.520513,79.862528,665.865075,706.530187,561.534715,126.777274,58.753783,362.707603,172.408829,139.970688,63.030882,131.542183,99.124847,79.235369,454.051653
2012-07-24 12:00:00,18.770908,319.827466,504.117647,83.903584,131.583545,412.678188,707.821364,466.891296,50.778411,301.813787,75.393846,477.680297,615.639661,32.458703,119.308527,69.730334,680.490137,663.472719,527.490168,132.472292,57.401967,361.300180,168.349135,138.157187,75.811554,114.839636,112.846611,82.013050,448.557865
2012-07-24 13:00:00,20.036744,285.822446,461.944627,81.048887,130.516536,451.450429,726.498577,406.882421,52.730825,287.656375,75.994517,498.632868,591.498284,36.182882,110.596572,81.973036,670.319579,586.267592,514.880151,139.990787,53.719959,331.946509,165.627122,130.982171,79.251682,106.208243,97.720201,75.741855,408.269645
2012-07-24 14:00:00,27.806377,287.093897,416.952667,78.209679,110.203743,434.960473,646.621356,335.456739,44.829404,267.115347,70.923030,506.604619,562.992710,43.327321,88.016657,83.653915,786.399079,488.901663,451.810493,144.929047,45.045285,294.389382,146.723230,117.377294,65.977389,96.451593,91.870110,66.545907,335.102798
2012-07-24 15:00:00,29.802993,282.262204,393.837453,72.325452,82.455046,435.188218,521.580181,286.929272,40.316504,220.333153,59.355725,416.251308,420.387334,27.479129,68.461109,87.678077,849.747249,371.452074,384.909224,142.741841,36.932211,253.736769,119.614729,101.078798,59.115009,89.977331,82.001361,70.348537,258.180547
2012-07-24 16:00:00,25.284310,215.842973,406.142428,62.567801,69.592383,345.699599,398.872992,203.557791,30.271186,158.786370,46.775811,280.032364,326.928708,19.179018,47.912980,82.223359,845.059278,267.594800,291.778876,143.054013,24.580858,212.057508,86.030608,76.052957,50.814896,74.268872,61.770492,75.029292,220.010421
2012-07-24 17:00:00,23.574078,139.624034,396.445929,56.533793,45.553515,328.911897,293.208519,115.704908,13.894977,100.897821,34.983788,243.888329,281.604109,9.586832,28.854248,72.993006,780.757742,165.858068,198.323540,123.708533,18.343710,172.419307,54.043609,36.760013,34.269167,37.476281,43.687930,50.537051,228.889107
2012-07-24 18:00:00,19.066973,91.456726,545.331382,58.114759,36.693443,399.474127,162.628214,53.752403,8.315713,72.227942,23.432735,237.940696,329.672653,3.235886,13.796529,50.388293,864.689997,84.678175,97.842403,67.683648,11.948854,181.502281,45.257112,8.598823,20.170526,14.618697,37.933276,62.458238,336.059232
2012-07-24 19:00:00,17.022450,45.701397,725.803889,76.363331,49.241924,382.806787,139.846935,57.843790,11.859736,88.285367,23.262692,186.506735,586.131469,2.478215,18.194549,30.481433,953.194602,127.499428,87.742542,60.403256,6.513473,291.746898,49.560247,21.849469,13.234493,24.857261,46.761383,117.122603,494.147422
2012-07-24 20:00:00,16.290864,19.661013,641.220991,56.416066,38.363505,358.144544,101.201360,60.220932,13.041077,104.720028,20.290045,123.035038,769.797216,1.199646,31.810337,16.937496,875.487559,267.019005,97.842403,54.322928,3.301657,287.651630,38.505641,176.487325,17.523627,79.225674,33.657161,107.469641,659.554785
2012-07-24 21:00:00,16.983258,19.974752,537.938532,42.236164,32.477598,324.945372,74.788917,48.467285,19.318398,95.212373,14.621276,108.964957,770.638755,0.426190,124.229004,9.180789,779.017538,362.321608,60.809579,32.961777,2.717690,267.175290,22.628556,279.461758,31.685501,135.127134,39.220708,93.526474,645.786555
2012-07-24 22:00:00,15.912007,45.073918,443.136107,44.837981,31.163779,255.836890,54.493040,33.015862,37.293311,74.295532,14.137357,106.619944,573.298009,0.378835,161.401310,7.393111,673.520049,343.003513,32.824548,11.920642,3.571180,274.055340,15.357741,250.705037,44.166497,141.533080,48.002836,44.475128,487.734822
2012-07-24 23:00:00,12.841956,65.153250,311.586870,41.845891,157.815900,175.481341,35.309266,20.998088,118.157254,77.555299,11.579497,74.258759,411.301874,0.505114,230.685187,5.999328,541.471177,288.483555,33.876617,6.000323,4.581891,246.207517,5.341823,238.652588,53.363020,133.046571,53.980201,31.425753,434.736568
2012-07-25 00:00:00,6.564683,84.395944,288.756011,41.802527,180.728898,124.801788,23.354160,20.337771,83.574078,135.687818,10.922750,59.250673,310.317271,0.552468,189.958317,4.999440,437.035742,210.781883,15.570619,5.520298,3.077054,243.258924,2.893488,270.158113,46.774754,113.719229,50.853579,42.866301,406.634291
2012-07-25 01:00:00,3.416248,67.349427,282.232908,42.106073,115.563491,63.417195,27.246520,16.507931,87.766680,94.397431,12.547336,31.423180,207.439206,0.694532,182.909435,5.817530,383.224942,112.259598,14.097723,16.640897,2.088803,236.542684,2.967679,234.282695,37.481629,99.429042,54.072160,56.058682,221.423311
2012-07-25 02:00:00,2.756513,64.212032,179.820197,45.922071,62.485216,43.633198,33.919137,10.300949,99.464272,52.292102,10.819053,22.043126,152.739213,0.710316,209.237309,5.817530,456.329746,81.565291,13.887309,16.320880,1.796820,192.313789,3.487023,198.054865,21.387713,80.046949,45.703850,67.999753,154.091009
2012-07-25 03:00:00,1.835498,44.760178,118.503032,40.675073,53.708908,53.660704,28.080597,11.753647,62.309942,28.658788,10.957315,33.768193,140.747291,0.473544,225.021983,5.272137,468.012354,72.120889,10.520688,11.360612,1.819280,114.176074,6.306319,159.642089,13.079929,65.483004,39.220708,61.385687,113.540744
2012-07-25 04:00:00,1.175764,42.250262,92.193184,26.191625,33.791416,55.693306,27.524546,15.979677,35.880335,58.675813,11.994285,37.363881,135.066907,0.615608,203.815092,6.423523,483.589165,47.651302,7.574896,6.800367,1.976502,100.415973,9.273998,142.796853,16.847413,66.687540,36.645843,33.463601,96.566214
2012-07-25 05:00:00,1.094813,61.875588,80.407141,10.347804,31.210024,52.254095,28.652220,13.793027,26.503624,47.081801,11.871890,52.211848,134.171048,1.869415,175.138391,9.522374,383.676298,46.198363,12.272740,7.761170,4.296570,116.450563,12.769513,119.514722,13.156308,78.058543,37.461554,24.597252,97.397370
2012-07-25 06:00:00,3.650430,104.862653,126.379313,9.981314,37.095677,97.679374,65.005491,36.845887,26.043102,77.640320,16.604492,95.787322,124.537845,5.594862,181.056583,14.169701,272.389017,77.562671,40.173956,17.891521,10.297705,132.719497,33.711950,103.684076,14.097481,100.055000,44.464500,42.774938,143.737695
2012-07-25 07:00:00,6.871086,173.599279,189.697871,22.188002,60.438304,168.266723,154.479456,89.114998,24.026920,125.616682,25.146462,152.423255,194.173683,12.544970,126.644429,24.479295,304.903626,143.343509,104.857643,41.334087,20.046036,168.375027,63.988651,116.248887,21.258471,99.723434,51.727810,49.645178,181.274484
2012-07-25 08:00:00,10.222223,153.984318,268.864579,39.232430,80.756636,216.812845,256.012233,136.191518,32.043723,174.042503,35.161793,201.811841,282.032966,18.744391,111.280685,35.008325,282.405179,227.262867,170.717752,63.877137,29.931902,210.548121,93.668917,119.345382,32.407451,84.563258,66.838365,55.265681,248.724193
2012-07-25 09:00:00,15.139587,171.920604,356.316036,55.678357,92.454410,262.070941,378.265342,177.825511,37.365068,209.616829,45.055004,267.177756,351.961550,23.894358,107.821979,45.421124,346.299580,330.482794,233.519451,90.243365,38.460498,270.402027,121.488428,132.838708,42.641198,96.793399,89.459711,66.300485,311.700927
2012-07-25 10:00:00,18.849393,179.564203,406.064142,68.969252,105.336582,315.565748,494.237153,257.814028,40.796813,231.457992,55.207764,335.804927,414.306449,27.976004,115.298432,56.728408,410.287735,449.118999,284.251551,107.306740,44.714197,302.686802,144.543550,140.715398,46.534028,97.315088,123.634356,79.342299,348.736651
2012-07-25 11:00:00,20.987876,209.504401,432.468824,80.759233,119.070636,352.841291,554.699287,257.308816,38.245493,214.273125,62.058197,374.884166,627.844460,30.780556,179.195367,66.918474,394.559980,493.714189,311.790060,114.331290,48.768986,313.761002,166.957659,142.858686,41.576580,102.063851,136.168064,78.473705,365.955724
2012-07-25 12:00:00,25.246499,246.053711,461.347854,88.062034,117.624756,361.611010,572.653156,274.332100,40.288977,261.159011,67.792460,361.226584,631.968176,33.081856,139.428074,65.422226,527.313802,475.592896,342.226851,119.670892,51.055401,327.903939,200.763836,147.357198,38.252522,101.373360,148.936413,73.645303,367.623695
2012-07-25 13:00:00,29.076521,202.229496,449.331626,93.666816,149.369770,343.579154,558.308851,293.038661,38.037199,288.267912,69.372183,317.926599,570.805278,33.687418,114.256536,84.799191,638.673223,465.000821,364.333426,133.856975,42.969646,319.433790,215.346262,165.913630,35.072930,190.213894,141.895716,66.432090,324.914395
2012-07-25 14:00:00,27.837082,151.896516,362.367544,96.842624,123.371451,280.964265,588.497413,296.092615,31.577381,255.722462,73.136102,285.360728,572.983409,29.899834,119.593742,110.332670,799.279619,433.228491,413.937407,171.467069,31.555606,401.915743,174.870986,155.160698,30.409642,92.281601,118.618032,57.387257,415.999058
2012-07-25 15:00:00,20.796852,145.099263,283.657408,95.973359,103.798026,284.585909,593.633300,289.426035,19.917904,205.388381,63.482414,387.222383,530.543415,24.728387,106.741234,76.905151,814.731047,400.440300,474.657819,232.242159,25.770187,291.106872,128.884430,135.252611,24.253260,96.750988,101.496648,53.119930,420.234197
2012-07-25 16:00:00,17.308296,84.856375,238.431774,100.369271,65.116415,307.895986,484.075946,240.525142,18.007469,152.441424,50.656830,269.513300,558.678567,16.897457,108.540398,57.735439,507.713073,378.534021,462.035190,238.529049,19.191918,142.103468,98.465144,118.371517,18.681318,72.680500,96.448239,33.137469,279.324669
2012-07-25 17:00:00,16.747987,53.132772,230.374775,100.514780,16.382706,227.410197,370.353499,158.890300,81.601072,137.333247,36.254444,130.657143,616.227481,6.666257,86.073283,38.734712,445.891148,299.753573,379.193875,163.222901,10.206265,116.131519,72.029910,71.080693,7.961122,43.672657,80.557070,14.569608,168.542594
2012-07-25 18:00:00,6.969668,16.595940,171.340163,71.897684,122.878775,155.019810,241.728916,83.456634,13.743419,50.655205,28.703601,75.353098,502.398402,0.805025,67.793093,35.905068,404.643057,235.251471,324.458033,116.086257,7.119900,68.174296,45.776456,23.882828,1.043303,15.569076,60.003545,6.792825,172.685734
2012-07-25 19:00:00,5.428111,62.329594,129.157433,107.541772,23.648736,162.337179,252.725375,71.314261,16.608263,19.151133,33.286734,47.056603,436.968794,1.641620,59.764875,18.785774,528.195486,408.685037,336.872445,111.205994,4.132686,114.012263,33.163818,21.919951,0.830778,26.335556,42.991046,8.401652,356.842337
2012-07-25 20:00:00,4.735716,121.208053,101.325528,98.869048,23.123209,129.951047,296.375412,40.279351,10.191961,51.884631,36.086553,36.269541,481.991097,1.247000,74.163872,6.302324,437.566770,521.803216,308.466586,109.205886,2.964753,107.623645,24.260780,41.161581,5.931371,47.962467,45.473951,35.358442,86.192890
2012-07-25 21:00:00,2.782642,295.438093,152.205729,57.586884,28.641247,123.717733,363.379610,20.337771,20.615557,29.609554,17.110004,62.221023,556.467242,0.726101,80.007816,2.545169,416.856692,533.823364,210.834597,124.566714,2.942293,183.631821,13.354558,44.826653,17.117898,19.710603,37.059661,31.604512,110.334444
2012-07-25 22:00:00,1.208424,156.242305,166.339118,39.590983,15.345402,101.630120,259.119967,20.073644,16.191319,71.986530,8.606850,36.113207,524.699168,0.347266,188.693133,3.090563,470.844502,366.829164,177.799635,90.884898,2.919833,108.770320,7.270815,23.963934,68.007904,34.822065,48.830471,41.257474,286.115130
2012-07-25 23:00:00,1.619942,309.138054,146.987247,42.713163,7.147174,71.412098,138.178780,46.618397,50.751332,443.735837,8.952507,32.204851,371.328802,0.441975,167.185008,3.423859,391.190357,275.390180,201.576391,51.922798,2.425707,316.973749,6.157935,27.347077,7.303121,81.251486,42.669188,53.913579,368.535902
2012-07-26 00:00:00,1.332533,289.686201,132.853857,44.924708,121.186635,105.695325,88.134152,181.851366,50.218570,603.871911,14.137357,42.679244,200.917284,0.678747,229.781484,3.302660,346.053008,179.658286,182.849566,36.561971,1.167933,645.905682,5.045055,141.246245,6.781470,357.199929,41.749593,39.612895,128.440609
2012-07-26 01:00:00,1.822434,317.504443,91.323437,38.333438,159.445035,87.537410,51.434757,333.196075,23.673145,528.082319,18.872853,57.374662,108.137679,1.341709,234.721726,3.696555,350.478238,128.358010,92.371645,15.360828,2.493088,290.927844,3.338639,165.774037,7.167878,184.184635,25.978546,36.252234,95.811790
2012-07-26 02:00:00,1.077784,269.502289,60.447418,50.605342,79.039332,67.617907,38.645574,373.211300,8.454695,323.260267,22.122025,44.555255,49.650763,9.092050,249.301464,2.757267,201.790501,125.996910,58.284614,6.320341,3.346577,236.051252,3.338639,225.472425,11.089925,182.761092,23.725540,14.515194,136.927874
2012-07-26 03:00:00,0.470306,214.493285,37.616559,36.468802,54.024224,33.605693,39.201626,171.550417,3.196570,277.623523,19.460469,34.393530,34.713457,3.078038,176.222035,3.029964,68.148546,121.274709,63.334545,5.520298,3.885623,93.044491,5.416015,122.991366,23.416358,190.316823,27.403918,29.673920,312.142742
2012-07-26 04:00:00,0.293941,160.425499,49.358143,27.492534,30.690804,34.418734,53.380937,44.901572,3.960967,242.716848,19.080247,27.827493,54.699994,6.440202,170.739572,3.484458,62.130233,68.257270,49.447236,4.560246,4.536971,48.160353,8.606271,60.332728,9.814777,152.209657,31.496114,30.603464,116.181226
2012-07-26 05:00:00,0.854127,31.611871,35.432025,13.346157,35.533359,23.890003,65.975979,45.023774,8.431952,198.838987,16.003719,23.543488,144.272592,4.469029,291.846923,3.270648,89.455614,46.341110,58.140986,8.104882,5.366590,118.125936,17.120539,59.170879,17.429452,43.045515,28.928202,34.946935,77.283664
2012-07-26 06:00:00,2.814203,109.336379,101.406254,14.240824,35.672351,55.193581,113.682849,52.386612,10.213848,369.631482,18.420467,61.135748,155.232707,5.499051,241.107304,11.088843,161.524553,88.612196,104.530111,23.307429,11.411658,62.438180,36.737772,67.286165,14.322531,32.705625,33.388133,43.775112,154.061397
2012-07-26 07:00:00,5.440254,209.816092,190.529380,25.929071,38.245861,104.519780,149.055092,64.040360,16.304035,326.271326,35.701816,121.637805,212.635700,15.231824,132.243518,26.762509,209.207851,188.760730,142.578988,36.836592,22.154885,183.850052,64.762049,69.226614,10.876660,78.362945,47.803318,37.160447,173.087695
2012-07-26 08:00:00,8.128056,77.629125,264.333609,38.044900,64.137792,153.248762,213.134814,131.983918,25.840063,256.866584,55.080548,182.273567,362.874676,12.804808,215.558942,40.586080,375.994384,306.624783,191.069479,63.040373,32.710688,266.893749,93.316284,170.367185,18.242894,75.746021,59.570093,59.684647,294.889988
2012-07-26 09:00:00,10.260303,128.525800,368.329378,50.497513,85.478977,202.986743,260.622690,253.239175,33.272943,260.590788,65.364251,270.736849,631.257885,20.842019,268.435959,75.997707,622.981774,446.653792,298.593747,104.498439,42.733384,297.018693,120.047043,132.394075,73.618988,84.986408,84.889649,67.199791,334.136337
2012-07-26 10:00:00,11.548479,127.098318,522.625416,59.939922,96.932580,289.303945,349.396949,354.299232,38.645642,301.739950,63.099572,405.447914,861.905025,26.159066,227.690886,85.100664,1124.654295,550.487847,355.505252,121.492823,57.217237,367.648553,141.529171,143.740916,125.551178,96.806695,87.166871,86.945588,400.234083
2012-07-26 11:00:00,12.949769,154.192895,713.687685,69.740998,106.318032,383.475713,413.803144,412.077316,44.350648,284.327321,69.860618,533.587077,1399.472009,28.653187,285.296628,86.673350,725.535337,575.286819,370.811813,109.014243,58.273543,365.974209,148.386726,154.744051,84.138146,69.822487,95.648108,87.497082,451.833524
2012-07-26 12:00:00,13.988296,157.253005,984.138646,81.794448,106.295478,506.015546,478.208126,286.035980,45.532296,228.123725,74.979029,638.315925,956.938518,29.210942,281.557792,129.019786,989.025221,660.980704,394.626288,137.503684,63.860362,316.863684,161.458961,91.411331,82.284747,78.395193,97.508606,84.398135,409.580015
2012-07-26 13:00:00,17.410019,152.770010,726.142424,94.252737,102.350831,425.245210,506.319865,193.552398,43.856519,261.507338,56.706756,498.675582,810.552096,31.335767,98.345187,147.199080,919.754460,703.701598,482.135230,156.574603,80.604988,319.646069,201.199254,86.855616,58.145430,61.535574,95.797042,78.618358,436.529596
2012-07-26 14:00:00,17.600382,160.577229,657.397962,107.992128,89.555207,561.059454,550.403163,183.541195,35.300150,184.281123,47.575485,484.628714,1124.823217,34.041502,158.934347,107.605765,1229.712407,727.164311,548.986444,174.903312,76.223781,258.720364,204.000686,83.675950,35.180021,49.365763,95.729973,92.742904,369.660579
2012-07-26 15:00:00,19.761870,124.881269,659.471575,134.710558,96.816982,525.027097,541.087221,130.880318,37.437257,205.858125,39.714778,440.674163,1140.958667,27.272946,117.101632,115.257743,952.028924,759.169854,630.041265,195.748488,65.200358,250.426827,127.438385,92.297496,33.155217,71.851622,70.204490,115.311964,440.769864
2012-07-26 16:00:00,8.910950,86.595626,661.197107,151.097114,57.322032,493.983153,445.426382,93.927711,64.046272,213.887168,28.738058,555.885330,1006.179509,18.524086,177.760329,105.563846,783.640416,852.927843,668.006520,226.138054,42.154681,153.490542,151.222067,79.136169,16.524872,61.155292,69.885855,146.097680,378.748136
2012-07-26 17:00:00,14.695870,77.946732,751.233067,163.213230,156.384435,586.448849,451.712324,66.046839,146.379960,232.020239,15.489028,343.296176,1049.757595,6.777742,105.225013,45.672483,822.098718,873.755790,592.961411,211.162167,33.563139,187.752699,133.733880,109.260528,6.910053,117.185168,38.911481,219.522537,269.352901
2012-07-26 18:00:00,15.990391,184.047483,626.217855,153.168654,60.752956,389.853142,463.877231,47.888252,75.459757,207.608758,6.125544,391.617243,1193.091012,2.827210,89.707559,85.020776,679.361353,739.891435,447.760502,161.288693,46.672402,139.998040,230.069352,201.013788,5.544963,111.009537,47.543039,255.803488,105.627326
2012-07-26 19:00:00,13.638863,135.430914,952.807861,150.515117,41.096248,491.347755,482.096590,25.488245,73.567426,282.784822,2.281334,471.973037,1387.065605,14.885075,76.212265,38.783533,728.392904,616.032592,343.605686,166.488973,42.674477,138.256250,185.331584,291.302761,20.981984,152.154905,41.703613,234.066448,133.910179
2012-07-26 20:00:00,15.186952,61.806695,1275.266569,110.360407,37.470109,513.435368,564.670228,14.526979,36.783713,343.090519,2.385031,476.350395,1281.031771,3.299025,114.469014,14.362027,360.390754,488.747809,323.405964,152.648227,31.893557,215.083480,82.204722,166.478858,21.735481,170.715723,24.001418,169.141342,405.314050
2012-07-26 21:00:00,11.182822,69.231865,974.116663,68.991516,21.704285,497.310056,618.051165,121.498371,47.207309,213.514765,1.555455,474.318050,831.229517,1.231215,205.803238,3.332960,280.028572,357.170116,403.994438,160.568654,20.169306,201.814811,61.579349,37.778437,25.889372,53.766145,18.943648,131.959563,99.961120
2012-07-26 22:00:00,3.096179,29.805259,479.448045,81.870510,12.770318,411.534234,546.598556,200.208185,20.082795,225.874716,2.108506,302.663067,338.719191,7.245228,50.908588,6.059927,438.451816,282.688127,415.146367,184.489943,21.719063,107.787456,17.138349,25.091648,5.641565,35.752844,13.701959,69.215311,80.157502
2012-07-26 23:00:00,8.426309,26.981603,261.141543,74.932331,21.809390,202.447200,589.692542,112.121866,35.393900,152.122479,2.523293,208.549861,148.741905,2.478215,45.606865,4.514646,404.289038,262.511449,352.653478,162.888779,46.717322,71.093854,8.680463,30.589257,6.221178,29.730160,14.575574,33.749615,49.037530
2012-07-27 00:00:00,2.286208,13.281642,173.297094,52.643432,21.967048,47.291883,490.159336,147.382806,45.794333,98.472140,2.868950,127.881399,54.910378,0.789240,48.920442,13.422738,96.116002,302.650158,296.893829,120.086472,76.589457,70.274800,25.151084,64.350211,19.262466,28.197113,16.782601,30.388954,81.289137
2012-07-27 01:00:00,1.071252,14.745760,80.886473,56.242612,31.636754,121.685131,383.119436,112.121866,44.450847,39.932151,5.219415,248.727758,67.743838,1.610051,36.509591,8.695995,118.950190,336.349502,255.652730,95.685157,53.118494,43.737463,14.319054,51.099565,11.457013,36.957381,21.196655,33.999877,78.648655
2012-07-27 02:00:00,1.188828,32.524335,51.967384,41.412255,22.019601,123.446720,328.626395,82.539654,24.692341,23.904961,5.910729,223.088944,65.008838,2.935975,61.150552,13.483338,66.378454,252.637756,161.808189,64.323467,60.058712,59.299482,18.622189,44.262795,10.278467,39.092696,31.082296,13.085126,77.139808
2012-07-27 03:00:00,3.135371,35.243411,26.962158,29.964260,7.199726,125.885842,257.451812,71.578388,7.968260,27.436376,5.046587,131.633421,66.060761,4.167190,54.041424,9.998880,45.137349,172.789629,92.371645,31.361690,44.224235,25.063041,25.818812,23.188630,2.801462,29.565905,37.657397,8.258645,35.457907
2012-07-27 04:00:00,1.567685,61.179216,47.618649,25.497807,6.411435,109.354010,211.299544,101.952981,3.266060,39.932151,5.772466,167.746628,52.175378,2.541354,28.858241,4.938841,87.796569,165.706328,63.755372,23.361259,24.257071,22.769691,10.683646,9.937984,1.333109,10.183812,29.978783,10.940023,24.330159
2012-07-27 05:00:00,2.015637,64.039800,58.562714,22.852626,5.924892,84.120855,191.003666,119.576493,2.719333,40.088542,7.106941,188.750827,38.268855,2.631988,17.711313,18.984529,272.008808,177.664015,53.896384,19.001400,16.540729,38.233744,12.272846,11.148231,1.769821,7.376002,17.523840,5.356494,23.812251
2012-07-27 06:00:00,3.991262,66.474183,76.376901,23.544041,18.496185,75.322037,186.290024,100.186299,6.394158,83.036585,6.893839,155.645326,135.483862,6.775076,12.210183,13.463146,123.040428,170.933015,55.419024,25.692846,32.927043,71.472120,34.530702,23.585161,6.210568,20.888968,37.882680,13.413652,65.046397
2012-07-27 07:00:00,5.162153,81.570465,138.861519,26.133502,36.490717,105.516112,161.305358,102.700483,12.313018,96.743305,11.223077,292.353183,152.578459,12.790389,27.058614,24.536089,142.249082,197.452297,68.964316,37.390546,48.307301,136.390326,63.230267,45.133717,13.890378,44.676604,87.670402,24.906417,135.327562
2012-07-27 08:00:00,6.498382,105.686304,219.160172,34.076338,54.417110,202.868421,195.861871,128.085236,15.858108,117.819855,17.577617,297.488136,230.893798,18.627012,58.932184,34.461345,212.686650,268.634771,109.700772,73.045911,47.013040,198.185497,87.947487,73.743917,22.752010,65.510171,94.733343,37.169752,207.546643
2012-07-27 09:00:00,10.822472,145.407384,296.804671,45.903086,70.524364,362.173979,274.485807,173.743433,33.597459,191.246421,28.718709,429.652904,316.775789,26.359884,86.228801,47.360407,289.372407,367.203047,144.697095,98.951254,53.161319,236.092995,139.009230,99.639939,28.771733,82.134087,113.111119,53.434011,234.594151
2012-07-27 10:00:00,14.426106,170.904655,369.293960,58.251547,94.168995,387.735589,407.804210,197.821651,41.094254,206.065890,44.561492,513.572589,388.198647,33.548394,108.295924,56.588201,321.862680,424.910637,174.140778,111.072812,90.566447,246.523727,229.355708,94.775391,31.287461,95.579426,88.165087,50.058705,310.121271
2012-07-27 11:00:00,14.874240,164.050915,425.479589,67.365782,91.450884,373.283067,561.758541,220.398787,45.549059,212.290177,38.497073,417.738842,393.022812,36.811962,122.550295,66.120344,345.942728,523.523996,263.090213,144.684113,77.698714,227.299342,234.670349,107.152708,32.892849,85.834620,74.079990,51.696947,398.702206
2012-07-27 12:00:00,14.836693,188.787080,462.889636,70.255719,89.157523,325.282725,628.441728,246.256129,37.500590,229.492767,41.563963,406.321339,365.542440,39.998621,123.023693,76.579385,350.289644,506.541390,324.701796,192.464043,61.489574,210.533489,127.532046,111.343372,36.479978,95.183402,89.951589,65.087396,354.768221
2012-07-27 13:00:00,14.119748,145.309081,374.788752,78.525108,82.029675,298.573709,715.416803,300.039221,35.334774,249.257145,45.552509,357.917002,366.222335,34.806189,134.800039,86.277699,304.132481,535.546843,492.783862,275.775845,65.066882,186.365747,172.749655,76.669591,41.271079,63.041035,82.118595,59.499077,274.879211
2012-07-27 14:00:00,17.856425,131.078995,356.604786,100.625569,79.660583,255.656487,901.333900,422.102431,43.927302,249.285673,58.929714,314.555181,336.544892,32.898992,113.458569,97.335817,234.419997,582.286985,632.047883,302.065745,46.117170,215.073662,123.615971,64.059037,42.629252,46.635438,88.716501,51.941346,263.718818
2012-07-27 15:00:00,17.832353,76.075900,304.683070,114.970012,82.826986,216.907659,1080.978244,393.999734,47.374872,282.625022,80.474108,265.262613,247.843777,33.640129,97.535406,81.952672,194.887277,519.863785,711.069553,312.162931,31.017923,183.570215,105.939845,60.971594,53.289758,55.743969,69.370717,36.609226,325.373988
2012-07-27 16:00:00,10.978424,125.218725,207.482919,120.361209,87.161431,213.368594,1011.149420,308.810146,44.591446,218.598059,68.044486,211.515232,267.681732,24.473835,115.293721,59.004218,182.343212,487.459798,829.921446,321.294232,28.096945,144.158357,80.573122,94.113308,80.555006,41.907995,51.771578,24.071678,240.818661
2012-07-27 17:00:00,6.864700,73.478333,87.467388,109.844454,124.015280,173.942338,922.885280,178.852063,27.094206,214.724667,49.737151,133.511792,301.177657,12.461177,78.341884,35.035006,93.509782,471.652866,789.131034,278.916492,16.423773,101.124833,34.685402,199.648855,91.365398,67.018573,63.399220,9.623422,239.856676
2012-07-27 18:00:00,1.652602,56.642582,181.994564,92.623129,80.321795,95.938834,871.225849,88.118759,30.413737,257.200311,49.788079,81.137465,335.563422,7.782308,81.212753,7.756707,76.113961,439.995719,696.448900,200.330797,2.627849,109.712033,22.628556,229.445052,69.495577,55.465014,45.749829,29.495161,84.753405
2012-07-27 19:00:00,0.307005,15.164079,213.088020,94.185777,73.573846,163.014713,846.032251,70.786007,77.713701,115.314272,56.791386,24.388140,211.226129,1.878392,132.482822,14.907421,142.492415,538.545566,665.117926,218.011750,2.223565,223.601637,17.806077,196.363293,65.708773,77.966385,70.532903,7.650866,63.748790
2012-07-27 20:00:00,0.953675,14.536600,60.664855,87.247599,89.917750,347.575012,752.893637,39.751097,56.078948,62.207228,62.736680,39.708894,144.744598,4.751228,153.569220,12.453150,299.499585,547.131386,610.199932,148.167986,3.099515,270.615315,18.918957,102.762987,50.387674,36.902629,70.303004,151.944769,44.322383
2012-07-27 21:00:00,3.181095,4.601514,116.980974,59.408156,48.506186,218.572512,671.154076,26.148562,25.665210,25.534845,61.042963,131.633421,63.746531,7.197873,111.697659,12.119854,297.375475,689.655999,645.970273,87.124696,3.413958,180.683228,21.812444,56.526691,53.478942,13.414160,92.695132,59.312088,82.797984
2012-07-27 22:00:00,5.826564,5.019833,85.235208,33.910349,23.333420,287.003460,533.253322,26.676816,6.902737,14.668953,41.617059,256.700804,62.063454,8.018683,53.077474,2.787566,254.362236,431.866751,530.242699,84.964579,11.162745,114.176074,27.080075,50.394743,45.074557,11.716858,122.076178,11.047279,81.100531
2012-07-27 23:00:00,8.622270,8.366388,83.930588,28.186351,14.504558,293.507788,417.594624,33.940306,2.385845,12.359951,38.678978,264.517515,83.101913,11.980670,33.557495,2.908765,247.281868,279.253799,363.174166,55.683001,6.266410,91.242573,50.969895,129.687171,52.609523,9.745798,147.732866,23.667632,60.731095
2012-07-28 00:00:00,18.642392,12.758742,110.240435,35.471439,28.010614,206.376898,337.523218,39.486970,1.019196,24.855726,67.610439,304.226409,82.681144,10.828379,16.025662,4.393447,184.797616,207.132910,256.283971,46.962531,7.726326,65.032857,11.425566,263.462308,56.879338,15.166214,96.097632,33.856870,25.084583
2012-07-28 01:00:00,15.598469,12.758742,58.707924,33.866985,11.876921,84.285247,247.164861,26.676816,1.505631,12.359951,60.697306,117.563340,54.068840,13.259240,13.796529,3.605657,183.735561,166.350264,180.535014,43.122324,16.800268,174.786042,33.163818,273.964150,65.631491,130.747000,31.450134,21.558281,15.277077
2012-07-28 02:00:00,6.185825,12.026683,25.657537,34.127167,14.819875,68.295441,162.367018,17.960629,2.131046,11.680833,31.558451,56.123988,36.186150,19.667873,6.566907,2.787566,156.122124,115.908571,119.935849,36.401962,5.031096,102.381702,7.864351,98.745504,47.238445,105.670733,13.839898,32.140788,13.579624
2012-07-28 03:00:00,4.160898,38.276227,52.402258,48.827433,13.453503,77.374398,143.739295,14.659043,4.818018,7.606124,16.660650,41.115902,29.243458,14.695658,6.024685,1.969476,106.913564,88.863238,81.219715,20.801121,4.177607,51.600378,7.938543,18.536808,32.265113,45.115380,15.403209,42.079763,13.579624
2012-07-28 04:00:00,6.610407,24.576266,62.404349,42.452982,8.303334,83.743219,123.999469,10.565076,1.992065,8.013595,12.858427,35.487870,27.560381,8.807924,8.073078,1.727079,55.226874,81.350645,49.447236,13.760742,3.526259,33.908820,8.680463,13.391610,21.638878,30.989448,35.036553,22.916846,9.053083
2012-07-28 05:00:00,4.407388,13.922914,75.039807,32.219168,6.816235,82.560916,145.963500,14.913954,4.053928,12.332370,19.763892,38.769797,37.950709,10.382582,8.133241,3.597981,40.155522,84.971010,53.822613,11.096499,4.000057,56.299791,12.866020,12.118701,28.728100,42.623702,43.082199,24.459359,20.222290
2012-07-28 06:00:00,6.349800,26.482642,149.645046,33.705461,17.817107,82.432923,162.225098,32.357849,8.067963,41.081676,45.252538,79.939714,88.936309,7.438886,24.857271,12.057099,74.251230,88.822198,86.945890,22.631589,12.602381,105.286859,34.017882,31.114553,38.142488,35.609680,44.052418,30.987801,61.051321
2012-07-28 07:00:00,10.525809,58.308636,250.553305,37.226999,38.893218,137.669453,161.540920,69.477172,16.765770,94.666995,44.263243,146.975504,163.221455,11.891183,51.163956,24.387360,147.209171,95.754965,149.135346,49.259553,25.424772,184.399440,65.396849,69.006510,33.139199,52.992745,45.834527,58.099847,145.546369
2012-07-28 08:00:00,14.382483,100.296464,353.723635,37.541645,61.963436,205.057037,168.927772,124.032004,26.311367,147.108097,51.565522,231.081591,255.970235,9.245647,74.578119,35.947423,238.064929,139.126540,214.420379,73.891170,34.308877,224.792674,100.435350,112.919748,52.733403,79.856103,61.796690,71.783321,239.756661
2012-07-28 09:00:00,16.819835,144.135787,417.511965,53.691941,83.523010,244.186187,245.205708,172.442706,35.650141,209.714077,61.867025,275.148923,326.739916,10.139961,96.315335,46.007813,325.410643,200.694603,279.925042,103.734019,45.849011,284.967799,140.748678,180.477613,58.203997,117.722638,70.373255,87.735294,313.364950
2012-07-28 10:00:00,19.116631,159.552303,418.853913,67.835674,97.584740,280.074663,445.490052,156.440541,41.505508,250.721917,54.829061,293.323234,356.089229,7.855967,113.712969,55.070851,351.482509,324.034439,354.352027,128.315015,55.911455,335.604408,187.661417,218.636891,56.397329,136.702137,83.206474,94.875981,337.660365
2012-07-28 11:00:00,19.052537,165.240119,428.018425,75.687155,121.754604,309.322233,599.949947,159.791524,49.474124,259.027917,52.966620,324.967075,415.845501,5.720820,126.242591,62.078503,340.480393,418.244497,416.800788,146.183248,67.925903,359.454248,230.804291,208.877007,51.416474,126.927454,94.181041,111.244426,340.854687
2012-07-28 12:00:00,20.088303,184.167833,429.696770,75.830331,131.429187,338.701984,686.684904,184.764788,56.395289,256.343480,57.438774,318.579186,452.148955,6.511284,133.039344,83.985541,313.566222,436.459858,464.116788,176.116038,75.656759,373.122784,257.732824,186.616351,57.129173,115.834604,106.270120,133.446937,326.211078
2012-07-28 13:00:00,18.159592,168.046406,324.511849,88.592087,124.514190,301.356755,791.720114,182.346174,58.147345,230.374246,56.132489,253.372779,503.341705,9.084219,115.836198,100.587140,281.575108,483.643823,544.912316,206.655677,83.242963,332.358033,268.026094,149.414215,62.226017,99.121015,117.311965,154.281901,267.099382
2012-07-28 14:00:00,16.225297,148.852316,274.655404,115.078614,120.139218,247.013902,916.739300,169.607442,51.950651,226.217644,57.771760,225.089236,483.212024,10.536069,109.785446,107.402253,275.026135,505.806231,623.533835,234.961637,60.669501,286.226734,268.757140,124.964135,84.752246,89.725734,100.229381,126.047281,257.609068
2012-07-28 15:00:00,20.089944,132.115378,225.279810,132.533331,108.096680,158.274329,1047.885376,150.574269,51.328079,211.403767,56.314148,168.271675,432.414784,14.597645,102.634485,108.805338,258.171100,450.430085,602.267764,200.023242,50.013936,250.224265,178.658088,95.596535,83.723598,75.450753,65.520461,67.846142,206.594923
2012-07-28 16:00:00,10.006010,115.307431,181.220415,148.474701,99.172575,117.537136,1094.200993,114.626744,40.230121,163.115381,44.500578,132.762347,327.877715,14.629479,66.260690,66.136219,234.051026,386.617304,608.041668,184.414617,55.510693,203.984255,195.656129,63.022906,119.269354,60.507671,44.952795,47.866999,165.265880
2012-07-28 17:00:00,8.201882,74.656152,123.963685,172.370062,72.686979,91.053499,1031.681990,65.909431,24.636462,92.086534,37.387471,75.159305,231.347151,8.978142,38.526369,56.938090,241.750859,269.317201,595.630005,185.760016,31.532877,180.794116,119.974346,32.129832,106.413907,35.502813,16.965716,38.663765,95.641877
2012-07-28 18:00:00,9.340792,18.721838,69.144888,196.376762,20.075149,28.727447,794.119298,31.931246,10.747886,68.321946,27.412715,30.797843,178.406133,4.060089,24.881949,23.815513,204.976667,166.354458,553.598628,144.487787,18.529707,235.735634,119.894251,90.598495,78.035205,22.451396,11.127094,94.062750,37.629178
2012-07-28 19:00:00,5.539155,18.615214,152.205729,196.393824,13.453503,34.960761,676.158539,22.714913,7.921933,82.716598,16.211296,27.202156,149.162675,4.340823,27.231576,18.997871,218.075348,217.650539,521.615735,136.407352,21.090176,315.827074,103.720398,218.283245,94.766695,115.033270,9.333885,193.094988,80.157502
2012-07-28 20:00:00,3.089647,19.556433,322.458708,178.701468,16.186246,23.578188,538.813836,25.884435,3.636677,62.343051,10.611659,23.762803,129.807292,4.167190,42.654770,8.423299,228.341882,317.031407,386.319681,93.845058,20.304067,350.063515,67.588900,375.669904,67.698777,225.193640,4.735912,206.430376,188.794492
2012-07-28 21:00:00,5.989865,15.373239,287.886264,214.779998,21.756837,39.703500,551.603019,23.507293,1.644612,40.475445,10.266002,18.134771,96.145758,3.188532,54.041424,3.332960,181.965469,467.283259,321.091412,50.802738,11.724251,374.307503,50.598935,400.409142,50.097868,231.982848,4.781892,121.126795,277.816471
2012-07-28 22:00:00,6.015993,17.046517,238.310684,176.403196,18.130698,63.688209,447.899427,58.107916,3.011261,35.042500,10.473396,24.388140,123.916524,1.673190,45.245384,2.605769,209.755915,387.005841,316.462309,43.282333,20.798193,320.905207,28.267147,404.638071,48.397670,250.105652,11.862770,156.520988,246.696499
2012-07-28 23:00:00,3.912681,19.347273,183.734058,142.666302,48.926608,171.551643,416.760547,83.992352,2.061556,24.040785,10.093174,32.830188,123.916524,1.231215,33.316508,2.151274,192.586022,279.253799,295.631346,32.881772,16.530745,317.465182,15.877085,361.150580,31.569578,226.014915,15.908986,140.218208,201.808298
2012-07-29 00:00:00,2.612809,20.602232,148.291867,150.992116,31.479096,176.971916,343.917810,88.218382,0.972869,22.818372,10.404265,72.226414,101.615757,1.278570,31.870583,1.151386,161.786419,193.824889,212.097080,35.601919,14.644084,339.415818,19.141533,319.988999,20.209167,185.334421,21.748411,137.751340,192.000792
2012-07-29 01:00:00,0.914483,31.269377,77.842358,127.228854,13.033081,115.180803,334.464935,87.293938,1.598285,29.745378,7.362486,52.840969,64.588069,1.073367,26.267626,1.181686,97.178057,142.309968,193.580668,22.081190,10.893222,283.392551,10.832030,303.073281,39.278428,196.777521,31.312195,115.621031,120.519161
2012-07-29 02:00:00,0.921015,34.720512,103.065022,115.694132,12.665212,100.275052,377.558921,77.389180,1.575121,39.932151,9.401861,35.644204,45.232687,0.868165,28.075032,1.424083,97.001048,116.337862,196.316047,11.920642,10.938142,237.689359,8.457887,236.820052,46.465627,175.971884,30.944357,124.737718,99.772514
2012-07-29 03:00:00,1.208424,37.021269,151.988292,133.126306,9.512047,99.326504,443.172990,82.935844,1.551958,45.908391,11.372103,28.765498,33.030381,0.836595,15.242453,1.939177,83.725357,121.918645,251.654868,8.240444,12.150996,157.913537,8.457887,226.106764,26.295101,118.373122,26.576283,141.505270,83.552408
2012-07-29 04:00:00,1.012463,27.295342,145.682626,104.723137,5.150169,124.937295,553.827225,95.481872,1.389813,32.190203,8.122931,30.016172,37.448457,0.599823,5.663204,1.514982,55.580892,107.752042,253.338179,7.600410,15.789557,148.576326,8.606271,156.329427,24.459661,104.575700,24.691114,104.180484,64.314607
2012-07-29 05:00:00,3.014941,18.926254,111.095768,68.644607,6.500148,142.959809,566.894433,86.271161,2.270109,29.467569,4.708369,46.347029,54.639507,1.048858,7.128636,3.219014,44.491815,104.326102,214.681006,4.174185,16.554679,153.900346,14.027153,116.304513,36.877707,76.095582,28.289003,79.320097,67.907070
2012-07-29 06:00:00,4.247615,53.773095,124.592781,74.068284,18.060470,133.469819,503.950582,83.242458,8.044007,49.116029,8.537243,94.204069,117.900968,4.118624,31.572881,11.309165,80.450011,115.120392,195.923458,13.673829,29.228107,190.367497,34.392932,116.109643,32.403188,73.973525,31.463006,78.174071,99.786074
2012-07-29 07:00:00,6.538313,106.550163,199.983858,85.421071,40.738028,153.484130,536.846183,112.636484,18.054152,95.244317,17.823516,153.676620,216.932509,8.464943,75.641120,26.065174,142.994054,179.766589,301.804931,36.663538,47.498653,228.201263,67.521494,109.758921,39.856115,69.492142,60.781526,68.248393,158.420662
2012-07-29 08:00:00,9.313347,136.742946,292.870325,87.942183,63.817305,184.885632,460.396786,155.561162,28.863011,152.020780,28.284610,206.379437,324.262131,12.863343,88.913338,39.303494,212.966184,265.492834,311.980001,63.798982,58.579474,240.570408,100.588652,96.141110,36.486663,83.954417,67.894031,79.722296,235.470582
2012-07-29 09:00:00,11.749021,176.993202,389.862143,120.654637,93.322686,210.972518,496.791435,202.103254,40.873497,208.574125,38.072557,277.395173,430.206853,18.586157,99.864307,50.183157,286.094463,345.332129,342.231280,91.468913,69.490612,299.231113,132.913632,111.454184,39.471960,96.810708,95.284302,76.137270,303.931629
2012-07-29 10:00:00,12.554360,206.696290,445.226125,126.140639,136.556252,243.402564,545.985589,241.004465,47.512884,264.581427,42.484072,319.723477,460.908619,23.210335,112.683854,59.486774,354.170505,406.418925,353.576605,114.102636,73.973212,371.316981,166.144291,133.341725,42.578720,106.322293,110.107043,78.133727,375.891687
2012-07-29 11:00:00,14.215686,225.003823,477.711298,147.655768,165.694532,261.740331,605.268565,270.312598,55.886175,322.438886,45.936241,368.295501,512.316162,27.778512,118.738095,69.427888,406.251360,454.070828,361.665396,127.101498,78.345830,439.126050,189.110569,152.446424,42.462407,116.755257,110.118979,75.687292,449.331899
2012-07-29 12:00:00,14.348419,240.479963,505.721340,157.116913,179.301072,281.437569,708.501985,281.843590,58.388033,326.099300,46.008798,414.386113,605.599045,29.351871,122.264953,79.122292,431.390127,486.352883,390.644099,135.058361,93.048533,480.867720,235.579345,150.774576,43.549124,118.384817,116.094262,73.881394,534.213103
2012-07-29 13:00:00,15.937765,229.533014,498.990814,188.982544,170.148899,291.714292,908.153596,272.079189,55.433896,303.817493,49.605222,427.096574,623.570850,29.339490,120.308507,78.421530,437.505281,520.334126,425.416016,129.057408,104.167281,485.288093,293.080361,139.896320,39.904331,120.183217,102.941851,68.997156,606.632365
2012-07-29 14:00:00,13.844214,223.808853,481.385566,201.048296,147.490632,288.944350,1192.656574,246.740423,50.657501,279.692351,47.484000,358.610678,556.170847,27.778237,103.695764,66.023608,406.886142,564.670178,560.305476,138.261743,82.664200,442.976455,256.083047,139.819197,39.102459,130.764273,87.730192,58.008533,542.650217
2012-07-29 15:00:00,11.695534,202.548125,414.633087,183.871218,141.000971,256.216234,1054.925672,210.901554,49.630756,247.517976,43.654549,311.424204,429.521227,23.044622,81.585421,67.933647,354.729317,485.455049,573.234576,132.553250,68.304810,395.761810,209.987197,143.952608,35.459742,133.053565,75.250904,46.707650,490.083001
2012-07-29 16:00:00,8.995548,145.835773,330.975164,153.112685,114.089121,185.391801,800.985574,157.045930,40.662776,193.728779,34.965219,227.186544,329.519831,18.077826,55.940947,67.819107,289.570404,358.014331,480.510246,117.271998,46.125475,304.862856,151.790648,121.619747,38.657763,117.475968,47.013427,29.022305,421.738434
2012-07-29 17:00:00,5.655423,93.752449,229.199585,144.206477,63.020171,125.489950,768.290924,90.465767,25.122557,121.141989,28.623980,141.793469,207.833700,10.438903,25.455157,51.686104,236.477146,245.854185,434.401921,105.576289,26.120834,210.784853,90.975168,68.256488,73.908589,76.571116,26.781752,11.882067,365.368038
2012-07-29 18:00:00,4.239283,52.031288,193.953586,181.355083,41.726881,98.513463,779.615248,35.018931,17.256843,64.865409,12.031087,76.916441,110.031141,3.030683,4.759501,45.600951,283.037729,123.421164,382.532233,84.484553,13.813054,163.155480,56.534294,23.822970,77.996565,41.666025,11.311013,3.360661,305.164324
2012-07-29 19:00:00,3.331331,58.983039,242.876856,214.606544,45.353021,107.050393,821.287963,45.165699,15.195287,76.468710,6.187254,49.714285,74.265760,1.578481,8.916534,31.572220,479.163935,185.453714,471.116430,110.005929,11.679331,252.104703,19.141533,38.624223,79.619480,40.789998,6.299223,4.218702,263.671029
2012-07-29 20:00:00,1.365193,57.832660,221.785490,210.096727,28.483589,115.180803,847.700406,46.486333,4.192602,86.383836,5.703335,49.088948,51.754609,1.247000,13.676035,15.543713,471.906557,296.425439,583.477383,156.968460,9.276084,318.775667,15.580317,196.010883,45.093877,100.524076,5.517567,7.078839,231.419423
2012-07-29 21:00:00,0.731587,28.968620,188.952540,185.032556,21.021099,99.868532,712.857934,53.617759,1.412976,64.652053,4.009617,56.749325,68.585376,1.404848,25.062689,6.362923,398.801753,365.112000,623.455999,114.486170,9.163782,197.228111,22.925324,254.088181,19.088582,178.490461,4.689932,13.943167,221.423311
2012-07-29 22:00:00,1.646070,12.549583,195.040769,166.993291,42.252409,67.075879,528.526885,82.803781,1.690939,51.477160,2.765253,57.374662,120.129601,1.610051,28.797994,2.878465,381.808869,266.375068,556.754834,61.123294,12.892184,169.544099,28.563915,163.448125,22.894706,91.818559,4.827871,32.426801,155.222645
2012-07-29 23:00:00,1.606878,11.817524,185.908426,131.218307,31.058674,29.404982,448.733504,78.313624,5.466597,61.528110,1.970243,42.835579,207.859975,1.278570,26.147133,1.333184,382.870924,110.757079,473.010154,43.202328,10.623699,167.414559,16.248045,129.405243,30.989965,54.806427,6.805000,25.955742,99.961120
2012-07-30 00:00:00,1.593813,19.242694,151.770855,115.910950,23.806394,35.096268,399.244927,65.899660,3.914639,39.524680,1.866546,39.552560,232.895742,1.452202,20.182695,1.514982,355.257487,55.807831,457.649949,35.841932,11.432268,133.669550,8.532079,140.611906,23.783446,43.418078,10.069560,33.141836,79.780290
2012-07-30 01:00:00,2.469104,11.712944,150.031361,124.019946,14.819875,46.072321,377.836947,52.297125,1.551958,38.438091,2.592425,28.140161,190.398054,1.136506,25.966392,1.333184,238.962435,46.363429,427.981607,22.241199,12.195916,97.795002,6.009551,128.418493,15.379060,34.438804,9.471824,39.755902,54.695707
2012-07-30 02:00:00,2.325400,3.764875,116.763538,126.361582,14.924980,38.483939,353.370684,55.202521,4.470565,34.906676,3.283738,25.013477,123.074985,1.010228,33.979223,1.090787,164.264548,40.997291,369.907407,10.880586,14.486862,80.594876,8.161119,111.925668,11.882063,24.364495,6.850979,38.254330,43.945172
2012-07-30 03:00:00,2.260080,5.333573,81.321346,129.266944,12.770318,20.055010,335.299013,60.617122,4.933836,24.855726,3.041778,26.576819,88.992682,1.104937,38.859218,0.878689,103.904407,31.123598,326.141343,7.280392,13.902895,65.851911,9.199806,86.270162,11.147886,17.794294,8.966047,51.089194,35.457907
2012-07-30 04:00:00,1.776710,9.307607,73.711060,139.847667,7.357385,13.957203,305.272235,50.316173,2.594317,16.706308,3.802223,29.703503,56.172686,1.262785,46.028593,1.030188,78.946108,33.699344,255.652730,7.520405,13.184167,44.884138,7.790159,64.773104,11.031964,13.468912,13.058243,31.854774,33.949060
2012-07-30 05:00:00,1.481529,13.888395,85.110482,117.949040,5.483786,22.462028,262.734301,42.953705,3.362562,13.960263,5.251333,43.017461,52.324249,1.892514,51.299373,2.035848,72.281397,43.436581,232.774634,6.709470,12.163864,42.620396,12.295523,44.519984,5.343723,9.033683,17.536811,22.319546,36.880019
2012-07-30 06:00:00,2.319228,35.245967,114.305731,90.176302,19.058972,49.564465,258.118336,61.473462,10.626912,45.130984,9.145976,75.841934,95.389816,5.383832,90.334329,7.803605,129.185971,82.532321,256.865768,15.666174,20.143837,74.252901,32.269840,42.316003,8.870881,18.581565,25.680100,26.374608,75.392739
2012-07-30 07:00:00,3.818206,75.615106,193.505669,77.295532,40.834589,93.446232,351.791313,102.975670,19.320727,101.265389,17.493150,122.429710,176.681665,11.945532,80.000839,16.252679,172.090638,159.493599,306.891188,38.001481,31.738767,132.576383,62.869610,66.211031,17.627175,40.979166,41.850852,37.019585,150.690585
2012-07-30 08:00:00,7.167279,119.960178,277.864002,88.639172,64.508265,154.501933,471.643642,152.329156,27.589016,163.588538,27.877398,167.561517,257.010560,18.980447,77.880723,25.552216,223.659863,248.837062,302.735489,65.876778,40.421607,205.218043,97.401555,86.563408,26.104880,64.590397,61.075957,51.178235,227.486881
2012-07-30 09:00:00,8.129647,160.258892,361.304033,114.007477,86.665320,216.743481,512.805412,203.758240,36.570767,211.381590,37.716584,250.641375,341.611010,24.570825,99.635765,38.583555,287.432841,328.678454,292.846917,87.467946,45.998051,276.185015,126.850029,112.799347,31.702856,85.260855,75.915956,63.515569,305.815845
2012-07-30 10:00:00,7.478774,189.258822,412.554773,93.949409,104.196925,275.125446,546.355784,244.662522,42.869862,256.384522,46.144332,308.691630,406.983511,29.810897,115.122737,53.719546,339.334836,393.233430,316.886927,106.605580,54.746814,333.434637,152.101451,129.656979,36.398476,99.731956,77.280860,69.082082,360.497472
2012-07-30 11:00:00,12.294228,203.717626,452.690595,81.316317,125.035465,305.043677,576.389804,277.632581,54.683934,329.399919,53.175930,381.530962,436.043453,32.106205,122.433333,64.530934,381.270333,444.740564,338.168912,120.071665,62.270215,378.953672,190.748073,138.823742,38.490313,109.534875,92.717080,71.499801,419.592318
2012-07-30 12:00:00,14.120692,214.950729,476.095621,92.034216,148.180898,326.454936,624.291336,298.793698,56.998672,381.918647,56.841182,384.177850,448.432214,33.194409,127.279736,69.338068,409.514975,474.443727,347.808270,124.728945,70.391766,412.198219,244.399390,140.806539,39.082586,114.204624,110.238612,69.843771,474.110475
2012-07-30 13:00:00,12.849222,220.132722,462.076942,101.749394,161.420559,328.152745,745.775778,304.291979,55.103238,387.043643,57.667762,364.087734,489.238454,31.679002,138.425950,73.045047,412.068946,493.861880,374.059407,121.887379,70.644941,396.172087,256.319500,135.828275,36.630132,110.939162,111.400264,64.542314,495.064285
2012-07-30 14:00:00,14.639415,208.275424,450.906336,114.124475,166.390001,327.663118,853.712085,310.085628,49.225047,386.450681,56.498832,340.584118,532.582815,28.301669,124.011480,83.514384,439.916951,524.995660,432.094748,130.539447,59.172893,347.365291,240.222840,130.949660,32.260574,104.748937,95.959408,56.073924,396.688346
2012-07-30 15:00:00,15.823398,184.872085,439.113309,112.463061,146.307809,276.852463,774.675751,309.593591,39.299959,391.097309,56.277540,302.591753,422.154684,23.402617,109.503508,74.535077,450.823455,458.161218,406.734411,131.914435,59.060386,287.843008,216.026051,111.463530,26.051853,86.618261,71.031427,45.727060,318.540354
2012-07-30 16:00:00,14.149983,143.428393,392.838576,105.247360,132.294009,239.303332,649.697643,251.383283,33.544746,326.333979,43.563668,207.832590,310.643356,17.832176,85.669383,68.080915,449.941614,411.284462,446.441937,131.217256,46.950548,228.540091,177.689553,74.497776,19.851289,63.468464,44.568047,33.232748,254.797745
2012-07-30 17:00:00,8.233288,97.148484,318.920697,113.869852,90.918418,183.640418,616.625511,159.981183,16.126097,192.702944,27.640714,138.656829,259.616350,9.918082,47.494236,48.469120,466.674598,380.508813,537.895037,131.087585,23.462123,193.414515,115.221348,40.108776,64.589011,39.839238,24.094196,16.451250,211.082895
2012-07-30 18:00:00,3.703657,46.225829,242.007109,131.723415,77.830619,140.656087,532.518701,107.235518,10.701559,158.213122,11.588595,115.061992,198.182284,3.188532,32.111571,27.693867,511.025593,347.296423,535.292630,112.726076,9.657908,222.618773,64.027685,10.008466,90.825328,16.644509,11.035135,9.080934,223.875187
2012-07-30 19:00:00,6.140101,67.349427,246.138407,128.616490,58.280997,165.589343,359.765275,88.482509,6.833246,170.730317,6.878567,101.773583,166.834980,1.483772,50.004885,14.846821,549.436592,340.427767,409.465196,129.446977,4.559431,338.432954,32.347706,86.340644,83.580168,52.671112,5.655507,33.356346,333.643813
2012-07-30 20:00:00,7.276673,64.630351,199.824378,107.628499,21.441521,188.083476,371.164330,43.052684,8.871639,137.996820,6.947698,121.784364,166.834980,0.757671,79.947569,8.968692,469.605437,377.561439,350.338926,114.566175,3.144435,356.124512,16.322237,242.881518,70.867327,180.461521,4.689932,61.171176,306.673171
2012-07-30 21:00:00,6.368722,30.014419,167.861175,85.513054,20.390466,192.961722,398.688876,19.941580,9.358073,129.575754,7.950103,126.318057,207.859975,0.631392,76.995474,4.999440,442.169010,358.028698,319.197688,87.524717,4.851414,339.907251,26.931691,348.886684,61.168473,217.418902,3.356520,43.402576,311.954136
2012-07-30 22:00:00,3.840829,21.961770,177.863266,61.706428,41.043696,150.683592,309.998672,12.017774,8.477858,101.731908,8.088365,104.587599,264.663815,0.947089,45.787606,2.817866,447.479286,190.175915,260.913074,42.802307,6.356251,286.013523,23.222092,306.033532,53.826710,196.558514,3.310540,16.267028,252.166070
2012-07-30 23:00:00,2.573617,23.216728,171.557600,55.852339,45.878548,94.448259,267.460738,25.488245,6.207831,56.910106,8.364891,57.530996,209.122283,0.962873,33.677989,1.363484,366.586076,105.605587,207.888804,25.441371,4.806494,207.875808,15.506125,267.127380,39.239788,146.186973,2.482905,22.595081,174.460445
2012-07-31 00:00:00,1.809370,25.622065,111.327619,48.480524,40.833485,75.883823,256.061684,30.374593,6.740592,49.439806,6.394648,37.676549,145.165367,0.694532,17.049858,1.272585,314.722378,75.125926,189.161979,23.601272,3.301657,147.265840,11.648142,220.820602,38.853379,103.371163,2.436926,19.913703,86.947314
2012-07-31 01:00:00,1.959607,14.222860,66.100774,44.534435,20.180255,73.580207,258.285889,23.639357,4.030457,29.473730,4.113314,29.547169,82.681144,0.631392,8.555053,1.363484,234.183186,67.827979,221.565699,14.640789,3.391498,101.071216,9.348190,182.125897,38.621534,71.286681,3.034662,24.203908,71.858843
2012-07-31 02:00:00,1.326001,14.118281,88.279323,39.070619,11.771815,59.351990,273.577304,20.205707,1.968902,16.977955,3.594829,24.231805,56.172686,1.452202,14.459244,1.363484,115.055987,89.292529,238.398801,14.960806,3.593640,70.766232,9.496574,186.848202,25.058594,23.433717,3.540439,26.849535,66.200666
2012-07-31 03:00:00,1.110444,15.373239,64.143843,34.170531,9.091625,55.693306,247.998938,18.224756,3.937803,13.718188,4.458971,20.479784,35.765380,1.262785,22.291334,0.908989,61.599205,102.600550,168.962257,10.560569,6.221490,52.419431,5.564399,167.958983,18.083920,17.465784,2.298986,12.513099,52.621042
2012-07-31 04:00:00,1.972671,21.125131,50.445327,27.882806,7.672701,43.497692,230.483318,19.149200,5.999359,16.298837,4.044183,17.196765,22.721536,0.931304,21.387632,0.636292,46.907441,88.648592,114.885918,6.880371,5.615063,45.047949,6.825663,128.982350,16.403043,13.414160,2.390946,12.370092,33.194636
2012-07-31 05:00:00,5.900075,29.818541,76.591908,23.589808,8.750344,41.614125,211.855595,20.788519,6.196047,23.897473,3.447194,31.402178,27.988051,2.547468,30.152434,2.319730,49.504771,62.859377,95.740221,4.594020,7.753802,38.988324,11.354791,122.613527,11.007561,10.584267,6.790063,11.873535,36.280771
2012-07-31 06:00:00,6.141104,51.017966,146.700621,24.708479,22.202822,59.076464,237.367121,48.993144,10.518740,48.731969,6.621208,124.401336,80.873280,6.401991,42.488829,12.243824,96.320684,83.458607,114.567099,13.188763,15.010957,71.363179,32.527881,95.258876,11.475054,23.902182,19.142292,33.116787,84.597312
2012-07-31 07:00:00,6.927016,99.631400,234.164218,32.468908,52.948895,116.550254,295.916689,104.717193,21.618590,104.215312,15.253655,150.765492,171.495604,12.287819,52.541603,22.778520,170.402565,144.066684,178.128858,35.862743,22.992780,157.452979,64.683871,98.866157,17.741587,57.137138,35.909276,39.458736,167.248945
2012-07-31 08:00:00,9.899455,151.018863,311.348201,48.937005,76.046802,133.646230,393.570161,163.672236,29.857087,170.617151,25.347490,188.860100,263.155170,19.170173,75.105164,34.366006,234.028551,235.014221,295.666088,65.837558,31.569745,233.054663,95.257339,105.705437,24.077677,73.536010,51.723889,48.150168,245.084876
2012-07-31 09:00:00,13.539984,186.683077,400.591501,64.873405,116.371815,181.659452,517.683050,228.620544,40.268690,231.608507,34.044094,239.640915,364.904534,25.844416,100.676820,51.545879,300.185533,329.303517,311.891457,87.628361,43.053345,281.762009,124.243420,113.202517,29.420875,88.967043,67.740601,55.913204,323.826325
2012-07-31 10:00:00,16.283179,243.295664,462.211684,81.301255,196.724380,232.754542,597.389204,325.413651,60.960900,311.702752,41.086036,269.769232,479.406461,33.470021,119.076116,66.569086,350.100405,440.081271,353.289625,102.084269,56.113159,346.407348,156.228969,128.718922,35.796900,109.085934,81.290848,73.305475,414.563265
2012-07-31 11:00:00,16.734371,282.085888,485.020087,87.212056,304.661966,271.622988,741.532308,459.435656,73.782982,406.613148,48.668174,295.991378,567.729526,35.208366,136.026208,72.713781,359.006205,549.225441,415.105741,112.075298,58.479244,444.864682,170.093034,142.453844,48.318249,124.236445,93.785178,71.346715,611.841207
2012-07-31 12:00:00,18.830057,299.284786,513.351201,97.278523,287.517301,304.742274,733.398472,588.559608,74.004903,526.431494,51.183635,326.878257,588.988647,36.469355,147.919138,81.199455,365.868431,541.899634,399.975235,132.282026,61.475877,487.475476,180.308593,156.443249,59.057832,142.330861,106.498282,71.253880,723.698317
2012-07-31 13:00:00,18.119548,296.010261,543.765640,101.945368,295.469819,312.244220,705.253595,608.451515,88.524777,633.582130,45.761213,319.118610,654.514563,40.060581,194.510091,88.543723,421.109879,533.016335,410.860299,128.568928,67.532417,509.347692,196.374290,242.517851,73.897349,172.456624,110.851757,69.744275,721.966380
2012-07-31 14:00:00,16.923836,279.130575,607.894611,110.431056,334.001323,285.685529,731.944108,563.000030,108.693373,556.788125,43.403648,312.404644,829.521358,43.065830,251.929753,106.081100,499.103618,558.607378,471.285918,126.795176,63.851960,609.066353,186.579134,288.940164,76.850138,212.286652,96.486729,71.507211,701.541135
2012-07-31 15:00:00,13.663364,294.075057,722.184859,127.875897,321.842456,272.012550,730.703491,537.169413,91.501559,609.652144,43.593076,322.909260,808.640425,39.384544,226.777680,100.407413,509.237606,594.875723,483.350729,112.573205,47.033666,609.803782,146.829054,303.546200,65.177161,216.549946,77.901405,81.270946,710.306106
2012-07-31 16:00:00,9.482094,463.522009,754.265501,126.335008,271.582810,271.257496,656.052808,513.049722,80.232177,617.443378,32.354159,267.598003,680.952388,30.329328,225.534651,62.768329,489.692967,582.737687,452.414277,94.159734,29.711592,544.415634,105.426195,382.395814,57.389086,201.886392,47.521292,89.602093,640.332131
2012-07-31 17:00:00,5.174050,578.430601,726.615675,106.629011,324.857871,290.789166,656.872184,387.439319,93.323120,500.599027,20.552701,223.343431,852.517417,12.182007,298.312550,35.313412,547.596589,419.745652,395.036941,57.937633,17.247828,498.316340,59.799209,418.526452,66.716550,215.618287,21.582104,97.685299,707.590194
2012-07-31 18:00:00,2.403784,519.029825,656.006690,99.253460,307.013149,353.808326,670.503340,334.120519,85.195527,390.357146,9.170519,227.309969,778.212600,6.092937,293.884132,12.089554,579.351148,275.390180,406.940230,55.122971,10.241875,453.591893,32.050938,448.689420,91.849311,271.075544,12.736385,122.878629,791.578905
2012-07-31 19:00:00,2.135971,434.424722,425.741167,116.691495,251.885317,376.573473,632.508502,226.356747,98.723038,327.606624,4.666365,215.897570,586.973007,11.775468,251.530597,6.423523,621.302331,272.385143,473.430982,112.086041,7.524184,394.620032,12.167486,369.678921,97.104467,268.337960,7.448716,127.597854,688.977303
2012-07-31 20:00:00,3.475036,378.683659,456.834623,107.715226,168.116238,390.395169,616.939062,94.425364,55.360878,218.947710,2.938081,247.633418,480.728789,19.588949,225.021983,3.120862,496.510837,301.147640,464.383190,102.565528,5.929506,402.482947,12.761022,316.887784,63.197117,180.352018,5.471588,55.665413,593.542725
2012-07-31 21:00:00,6.355658,298.261749,395.952331,100.560229,102.004882,322.641756,562.446022,58.372043,32.220494,111.375386,2.834384,196.668460,405.411106,31.285493,165.076368,1.666480,424.822107,390.869460,473.430982,90.404873,9.725289,235.396009,14.096478,303.143763,47.933980,149.691080,18.116013,61.707452,519.986429
2012-07-31 22:00:00,6.375254,144.947680,363.336818,80.266056,54.549752,181.443642,527.970833,49.655856,15.218451,83.939011,6.947698,137.574121,261.928815,33.542720,116.758395,1.636180,325.165921,312.094560,438.923123,57.443096,11.454728,141.532465,7.567583,186.848202,38.215805,113.226464,18.161993,34.214387,345.903196
2012-07-31 23:00:00,3.612208,74.670017,177.645829,81.913874,27.169770,128.053952,467.917279,41.864113,18.901455,58.132519,17.697620,106.463610,156.946904,20.993797,64.705116,1.696780,171.698935,259.506412,359.807546,69.763760,13.094326,107.951267,10.757838,115.661222,23.145872,69.808386,16.782601,27.242803,161.258033
2012-08-01 00:00:00,2.495233,28.654881,127.635375,89.806052,22.334918,91.738122,501.280365,35.525067,21.565262,46.315862,31.454754,85.202155,109.189602,11.380848,29.641450,3.363260,95.761983,200.693545,476.166361,69.123726,20.596050,84.198712,9.125614,80.490625,31.125208,56.229970,22.622026,21.844295,106.185114
2012-08-01 01:00:00,2.390720,12.026683,202.216182,104.419591,12.980529,71.547605,590.526619,32.091417,12.114535,37.215678,49.670859,84.576818,117.394601,8.508012,21.628619,4.969140,78.238071,178.799703,555.071524,35.521915,22.864536,53.074674,7.270815,55.680905,13.717503,28.854133,29.013208,12.441595,106.939538
2012-08-01 02:00:00,1.802838,12.131263,285.929333,93.708778,9.406942,46.614349,712.023857,32.091417,4.609546,30.152848,63.497125,102.242586,135.698061,7.829266,12.832579,6.059927,56.996966,212.928338,533.819733,11.520621,18.170343,28.994498,6.380511,42.782670,6.259818,14.892456,31.266215,11.583554,90.153614
2012-08-01 03:00:00,1.776710,11.817524,350.725486,74.498695,4.256773,43.768705,779.306080,39.751097,2.710135,25.806492,67.575873,143.827490,128.544985,5.950873,7.229622,5.514534,37.702962,229.670688,580.110763,9.440509,7.546644,31.124037,5.193439,46.306778,6.781470,18.287060,36.369965,7.329101,54.318495
2012-08-01 04:00:00,1.051656,14.118281,403.127744,64.525063,4.992511,52.305635,762.068485,42.524430,2.779626,20.101899,84.029129,166.339619,98.249604,4.830152,5.723451,6.999216,52.748745,175.365375,451.547950,36.001940,4.806494,42.263167,4.599903,46.729671,3.129909,16.863516,34.760674,7.400604,38.098389
2012-08-01 05:00:00,1.188969,17.111833,459.424139,58.280702,13.532388,59.307859,675.602488,33.642265,4.682544,20.501219,113.891215,176.456394,97.833680,5.596040,12.097971,7.975465,57.675111,123.530059,532.557251,32.646799,5.286937,66.371350,9.426162,48.747881,4.393409,25.266618,28.853963,6.318822,48.476978
2012-08-01 06:00:00,2.741840,33.607208,438.430038,61.440998,25.312492,66.847490,632.384149,51.568704,10.641977,42.640662,130.439630,189.929859,142.477646,7.259140,27.586499,22.586148,92.716021,156.971022,468.689561,37.544254,13.544943,127.909315,30.319621,65.868505,11.523308,36.769896,45.255420,11.820393,100.730025
2012-08-01 07:00:00,6.251638,77.276488,423.192778,69.708705,44.279232,110.533406,691.803707,111.082873,19.363741,98.692038,191.769535,221.414545,249.089199,12.318970,58.142500,37.241257,171.839638,237.610931,445.978038,51.370777,25.847207,231.591335,65.620512,108.631896,21.480043,65.080677,64.586614,24.424680,177.419580
2012-08-01 08:00:00,9.285277,126.702113,384.012742,74.744466,68.893394,165.240686,807.559993,175.126551,30.042283,161.949176,244.242733,265.363991,358.001330,19.446941,96.157465,45.671048,266.294007,372.418049,440.077271,66.200046,36.944030,284.463567,98.644854,130.793888,28.901218,91.805189,98.169206,43.037024,245.454454
2012-08-01 09:00:00,11.828171,190.854229,479.815561,89.871097,120.770953,218.130328,1135.549617,218.904342,45.896980,247.865166,229.812388,351.580742,634.334668,26.602770,111.696991,64.921340,341.772321,503.678048,641.747594,83.720037,47.458845,393.688744,132.107305,186.401411,34.135909,121.140128,112.986970,57.085849,372.989944
2012-08-01 10:00:00,15.082731,227.026819,682.328388,127.230124,172.218480,256.218052,1272.665695,255.568216,66.183770,350.306712,202.758880,471.008994,847.364999,29.654481,143.542601,76.379825,411.043947,565.308273,720.109567,107.528911,65.510572,496.844007,174.060882,208.971491,38.397243,147.322930,123.600533,66.488025,486.274040
2012-08-01 11:00:00,18.977754,248.335713,801.208483,149.113953,256.646101,272.455355,1149.452288,285.767524,97.444602,463.171230,200.511992,458.679008,1056.389946,30.720755,176.582008,82.684835,518.173802,559.440500,567.430501,126.971158,78.997334,574.606320,225.417839,223.241497,40.562749,162.611868,103.819971,73.616886,579.446139
2012-08-01 12:00:00,25.004527,245.032873,1100.438937,178.988199,310.124298,293.243091,1044.506732,293.433471,150.109586,500.343213,212.449633,492.004838,1323.099027,31.444311,243.754807,89.755391,657.546260,521.138037,513.477677,126.787740,91.148220,639.355223,254.709074,282.093805,39.117048,208.722139,101.325141,101.783595,582.661653
2012-08-01 13:00:00,31.015405,229.886746,1264.689720,179.824790,369.823154,305.310716,1218.385836,283.409459,167.825690,515.994210,223.073652,490.823927,1532.708290,34.547244,412.086438,121.123865,788.672533,572.073129,563.670716,132.935391,97.057726,716.783509,272.122290,366.186791,0.000000,224.990379,88.360940,0.000000,618.794090
2012-08-01 14:00:00,23.983221,232.428481,1259.391727,173.273333,134.991871,289.729474,1412.526943,287.854549,0.000000,539.349052,215.390583,497.635971,1581.245613,36.833529,390.425992,124.072634,906.713216,686.452367,700.711537,163.554811,79.744116,665.882611,230.485259,386.260925,0.000000,220.246583,84.014046,0.000000,631.451213
2012-08-01 15:00:00,19.043858,260.556812,1131.012997,198.446006,344.809034,227.537641,1360.009796,273.511516,142.555601,532.963918,204.319419,475.065789,1595.257104,24.857826,328.301357,115.869488,990.069726,645.298244,772.372625,128.399285,94.014603,253.084517,276.607149,353.932828,0.000000,241.228013,95.041752,0.000000,623.558454
2012-08-01 16:00:00,8.619102,238.678894,932.927806,196.074139,298.813935,187.322505,1182.433342,244.369544,129.471477,491.987828,207.549407,413.045340,1454.149965,16.424442,391.031864,93.288879,1008.982160,545.471753,683.756254,132.310899,100.270604,569.552749,266.788590,269.843382,29.337808,230.705642,77.788687,32.083055,577.473330
2012-08-01 17:00:00,2.121152,194.604504,767.167099,207.682457,232.960719,156.036646,1069.598972,215.273466,144.854593,354.473546,187.145523,272.253443,1453.195519,8.566922,430.494727,67.268933,793.222624,514.300665,602.643517,117.549766,67.046296,420.623189,167.439719,137.973081,48.820496,171.665606,68.238556,11.207724,479.850890
2012-08-01 18:00:00,0.698926,136.581292,782.337445,177.785817,194.287506,135.100307,1069.259272,207.603738,126.542458,236.333136,153.646566,256.700804,1425.776369,3.283240,287.377473,53.297058,514.034749,431.294712,536.160831,112.646071,37.553540,340.071061,90.885184,82.252679,140.768633,120.125175,74.165301,3.003144,437.377051
2012-08-01 19:00:00,3.213755,151.222472,453.138198,163.220657,110.255664,139.707539,1085.412392,256.335149,78.825551,219.491005,98.892365,210.894875,737.187605,4.372392,156.400822,24.936600,227.987864,498.621502,575.692074,103.285567,12.622661,414.932562,39.395945,154.003516,154.621379,71.341433,82.441652,6.900080,322.516066
2012-08-01 20:00:00,2.488701,110.227168,266.360025,117.168495,53.130827,117.890940,1092.085009,281.427204,44.404520,220.305947,39.646817,122.097033,287.385350,1.925747,103.142607,13.089442,124.260466,518.583534,600.941726,81.524394,15.048368,451.134732,29.305835,225.331460,144.381552,171.756005,85.798172,13.442643,231.608028
2012-08-01 21:00:00,4.689992,111.482126,411.825214,82.000601,45.668337,87.537410,1109.044578,247.222772,14.199254,163.667488,30.244956,89.266845,170.201134,0.868165,75.188068,8.817194,60.714159,579.542856,646.391100,104.165614,20.506209,401.008650,35.686346,209.472975,98.476217,219.006701,62.348511,39.827405,222.743552
2012-08-01 22:00:00,3.174563,100.082922,554.681163,89.068871,38.363505,107.050393,1013.959783,218.829131,11.489119,132.971345,22.191156,69.881400,106.454603,0.473544,65.066598,4.666144,43.367257,441.096507,672.061580,58.403148,21.157557,308.455592,23.741436,194.248829,67.524893,171.810757,55.129694,96.779880,141.265809
2012-08-01 23:00:00,1.606878,91.925693,415.304202,115.650768,34.737366,266.948450,829.906760,226.224684,5.026490,146.553709,21.154186,96.145551,68.585376,0.789240,65.307585,3.151162,74.343869,280.756317,590.631451,58.163135,44.403917,246.698949,19.438301,129.898618,39.877362,162.283965,34.392837,101.999630,99.772514
2012-08-02 00:00:00,1.136572,32.419755,265.490278,132.128943,19.444516,215.997883,877.449157,201.925010,5.142307,183.633563,22.986167,247.477084,51.123455,0.836595,27.412317,3.999552,98.771140,222.587386,653.334755,66.003557,60.103632,208.203429,23.222092,87.397876,26.314422,112.514693,10.667297,59.848363,63.182972
2012-08-02 01:00:00,1.672198,14.118281,151.553418,108.886044,14.767322,159.898056,927.493786,174.984066,3.428205,143.158118,18.112408,320.485169,18.093075,1.120721,11.748136,7.635508,109.745711,260.794285,823.349080,78.324221,30.905306,153.326837,11.128798,83.098465,53.923312,64.825983,5.149730,31.282747,23.764342
2012-08-02 02:00:00,2.560553,14.432020,113.284549,89.545870,9.249284,104.611271,892.184520,137.213921,1.806757,79.864301,17.248266,192.916438,18.093075,2.241443,10.844433,15.755810,100.541232,315.314243,837.025975,31.361690,11.634410,96.156895,8.977230,66.535158,64.646149,56.832239,14.759493,28.208100,14.522653
2012-08-02 03:00:00,1.574217,14.954919,90.888564,102.251410,6.621646,56.641854,794.875520,120.441863,0.602252,36.400736,21.361580,104.743933,33.871919,2.225658,16.929365,11.301764,70.095648,231.387852,703.413232,20.961130,10.893222,108.934131,5.861167,65.055032,60.492258,55.791957,34.024999,34.679159,10.561930
2012-08-02 04:00:00,2.194760,9.098447,89.149070,107.628499,4.572089,131.848143,866.606154,122.158688,0.926542,30.017025,23.504652,151.331533,54.489609,1.531127,10.000977,5.332736,50.447625,167.423492,517.617873,17.120923,13.116787,98.286434,9.793342,73.371927,62.636825,55.518199,24.139357,32.963077,8.298659
2012-08-02 05:00:00,1.922840,11.219820,79.995939,98.695594,7.908987,233.294008,836.301351,113.672068,2.165363,25.684601,20.666813,257.104946,61.365647,2.056828,5.832004,6.525417,54.311071,154.402014,553.388214,23.069976,13.458487,102.818036,12.849607,54.362500,58.190997,34.136122,22.751399,24.922734,16.632328
2012-08-02 06:00:00,3.703333,32.173523,139.635520,107.712668,23.682844,141.598726,756.740757,118.913965,8.082462,51.897428,19.814398,211.381018,93.209333,4.170109,17.705427,14.685873,93.246183,117.506956,636.751202,37.511639,22.461444,148.267112,28.444888,56.668001,62.103997,38.291901,26.633398,29.884438,65.077063
2012-08-02 07:00:00,5.827927,72.996523,231.057892,131.750879,48.255125,128.942363,829.159211,172.037756,17.098045,108.060552,26.797066,226.047534,177.379179,8.772918,42.949615,23.293169,149.654195,161.830583,634.580314,75.537119,30.788352,180.424546,58.951154,91.558589,46.973394,56.125435,42.567999,41.213937,146.918467
2012-08-02 08:00:00,9.067213,119.942663,307.164250,165.001138,65.459349,172.328273,775.193983,273.766333,28.047243,164.185290,41.636923,254.800815,264.500574,14.313452,68.814014,35.904162,212.597960,259.649923,499.964165,85.189681,37.277062,268.529115,97.005485,120.920189,58.716439,79.773078,57.055569,51.240333,231.548817
2012-08-02 09:00:00,11.515472,162.287070,367.308504,234.551799,84.071275,213.138480,851.896331,303.985180,37.362174,211.842518,47.481343,291.718192,409.356462,17.674196,98.543880,43.776698,265.721972,340.065450,539.367464,99.184320,49.210855,308.047629,121.814862,142.468893,51.995116,91.858031,69.135976,66.424780,305.765568
2012-08-02 10:00:00,12.461977,200.568261,430.483974,236.651268,98.993873,249.073342,886.458092,313.706176,48.090518,251.077258,40.791398,345.402390,611.765675,22.773383,122.941710,52.003419,324.630098,405.487396,549.711857,121.588922,58.604209,359.860633,145.593836,146.835247,52.791905,103.210961,83.338741,75.589717,364.160744
2012-08-02 11:00:00,12.788711,214.890375,487.620528,235.110712,120.420579,267.017043,829.987685,303.602725,63.600025,279.524397,37.493606,374.325543,701.259436,26.575837,136.730462,58.997730,378.822836,449.846670,537.911656,125.623420,64.423734,391.256281,170.963820,144.695305,56.075799,109.758696,87.374305,71.666010,399.494012
2012-08-02 12:00:00,12.919998,224.893332,542.487423,254.210184,142.611774,277.563920,818.334200,307.656787,72.469934,291.972497,45.975093,385.179598,777.396783,29.328717,132.626823,70.392000,472.460834,457.689844,530.822142,123.721504,64.912343,412.842831,188.964722,143.091774,48.920958,118.791309,88.111139,69.805524,425.314329
2012-08-02 13:00:00,12.614315,222.578563,646.218714,284.593902,157.771022,281.003024,931.682812,286.559628,77.815799,312.871139,62.878427,427.361880,1081.910344,29.885415,157.755393,85.351922,515.098065,493.203264,592.549655,138.201654,60.254465,399.620114,178.824235,138.865894,50.731941,121.585746,90.362750,65.021856,459.255885
2012-08-02 14:00:00,13.417626,207.685894,654.764143,293.575977,149.504434,260.035117,1015.415311,261.994351,83.653918,363.210053,68.467337,432.726283,1112.726031,29.523367,227.666332,99.767696,569.531420,577.425333,635.484385,142.028611,63.518975,354.976488,190.772147,131.577703,51.775526,125.460124,103.679140,58.514346,397.868812
2012-08-02 15:00:00,13.559403,224.349558,605.672747,317.306891,171.854092,210.257514,1015.411365,254.784680,118.561027,451.455136,77.431258,406.629058,1177.156563,29.608074,358.515888,95.294217,716.175209,542.072930,594.712706,144.092181,59.977715,356.048168,197.706792,117.070133,87.865221,131.163696,86.345691,44.568186,425.959897
2012-08-02 16:00:00,9.076726,228.984933,597.754889,326.426786,154.615174,152.793390,951.199832,226.177412,96.458977,451.977482,66.592618,310.453492,1171.396159,20.459008,371.613375,69.444102,690.456246,495.482717,572.484813,147.349393,33.809436,325.307188,126.683831,86.562374,149.630023,91.477022,55.959672,28.324186,485.049075
2012-08-02 17:00:00,4.279003,200.092136,519.578406,326.409678,88.316415,72.625644,971.985575,239.039725,82.779713,453.959387,53.909996,177.828915,1109.565985,14.817629,361.229853,27.813882,594.764788,448.971292,522.020672,119.881942,16.469242,331.523987,72.917677,46.250807,153.688444,47.267393,26.095182,15.157852,374.826235
2012-08-02 18:00:00,1.267212,109.808849,416.826260,315.310235,71.261525,30.489036,1042.444234,262.806258,87.697190,444.686603,37.589367,88.797842,946.941041,6.029797,311.114731,13.301540,434.734623,379.922539,546.023732,85.604614,10.286795,414.604940,71.595268,31.294078,135.378233,22.229180,8.966047,8.580410,396.260967
2012-08-02 19:00:00,0.986335,77.702833,438.135062,291.533601,97.275135,31.708598,1180.497187,234.676744,42.041838,297.589599,24.265096,34.393530,468.316098,3.046468,224.058034,9.150490,312.952285,419.417312,708.883990,112.166045,5.368000,510.598024,27.154267,274.668971,116.502176,145.091939,7.218817,33.106084,466.988175
2012-08-02 20:00:00,0.777311,44.132699,609.475225,266.642885,80.983783,27.236872,1146.021998,246.034201,26.174808,197.759222,10.093174,16.884097,299.798041,0.962873,210.562739,4.999440,210.463952,441.311153,643.234894,89.924847,6.199029,490.121684,17.138349,485.904000,104.040500,344.497540,9.333885,102.714664,419.459491
2012-08-02 21:00:00,1.025528,25.308325,570.771482,253.937345,123.709167,28.049913,1089.582778,211.697705,23.812127,149.134358,4.873759,15.477089,210.805360,0.505114,172.607224,2.333072,77.176016,469.215068,620.720620,80.884359,7.434343,440.650845,20.180221,464.688870,87.193088,323.089635,6.299223,124.773469,369.101720
2012-08-02 22:00:00,1.920415,14.222860,434.873510,229.610355,102.004882,94.854779,820.731911,180.398668,34.675830,101.731908,3.110910,20.636118,98.670373,0.489329,117.240369,1.848278,39.473054,333.559111,558.227731,75.764083,6.266410,413.130644,11.573950,430.434541,79.445597,301.517475,8.276351,139.074153,269.329206
2012-08-02 23:00:00,2.299272,21.229711,358.988083,218.682724,67.687938,110.167051,630.840348,159.664707,17.905422,98.879611,4.666365,36.738544,50.071533,0.473544,82.538184,2.090675,33.100722,162.272000,518.459528,61.443312,6.041808,361.038834,9.051422,333.944466,63.197117,283.832684,10.575337,161.633483,187.097039
2012-08-03 00:00:00,1.430513,33.883873,276.579553,215.517179,57.177389,86.588863,563.558125,142.100268,12.647297,111.239562,6.913133,63.159028,28.612304,0.552468,45.667112,2.878465,22.126151,145.315005,489.212014,46.562510,8.175531,270.615315,7.938543,273.470775,66.056541,233.132633,19.587364,119.410713,119.953344
2012-08-03 01:00:00,0.796907,33.674714,180.689944,212.871999,51.659350,59.080977,625.279833,132.987891,7.667134,105.127499,5.876163,54.247977,26.718843,0.520899,29.159475,3.787454,20.356059,162.486645,475.745533,57.923122,9.321004,252.596135,7.048239,191.429542,77.107825,189.878810,21.794391,111.152068,87.701737
2012-08-03 02:00:00,0.659734,27.086183,207.217228,184.859102,29.376986,68.024427,638.069016,146.458362,4.238929,86.791307,5.565072,66.285713,32.819996,0.489329,14.158010,3.757155,25.666336,172.789629,480.795464,71.043829,9.118862,235.068388,5.861167,156.681838,84.507549,152.702422,28.737330,73.541268,75.253749
2012-08-03 03:00:00,0.555222,23.635047,200.041815,158.884295,21.021099,78.187439,663.091331,160.721214,4.215766,58.404166,4.873759,101.460914,43.339226,0.615608,14.820725,3.393559,33.100722,189.102688,516.776218,66.803601,8.737038,195.917625,4.822479,121.722688,82.015213,139.069255,29.794864,71.825186,65.823454
2012-08-03 04:00:00,0.378857,21.648030,221.568054,144.877846,24.594686,63.281688,670.598025,181.455175,3.196570,49.711453,5.046587,80.981131,50.071533,0.536684,20.001954,2.484570,33.100722,196.185989,509.411736,34.801876,11.342427,165.121209,4.154751,134.761887,80.450259,120.179927,41.059897,67.928250,51.866619
2012-08-03 05:00:00,1.857360,18.959241,259.637239,115.347223,35.008601,59.720392,619.441293,183.379450,3.447004,48.502310,6.856553,68.888490,53.370005,1.186559,11.123343,3.773521,37.376613,188.458751,503.940978,34.843819,11.718640,148.713274,9.947318,143.298836,76.104174,98.113321,93.447720,76.710397,61.930250
2012-08-03 06:00:00,4.405997,31.386875,285.488544,106.530688,36.740790,98.479315,531.707698,183.779880,7.181945,66.223173,13.277045,98.371281,104.950497,4.061135,21.759792,11.647092,76.371882,146.450247,589.305831,69.666768,20.390383,168.662748,29.843922,139.072760,69.184698,84.638525,100.609683,81.148548,105.402528
2012-08-03 07:00:00,6.122132,79.045661,253.991931,111.787553,49.585006,131.079441,586.814214,189.449948,17.725304,117.696069,23.429209,157.738085,196.682882,8.964649,46.540126,24.201524,151.371914,187.597480,570.762909,64.353199,36.292085,201.029032,61.358951,124.168564,56.810633,83.719745,83.843084,66.749715,166.653382
2012-08-03 08:00:00,8.815883,124.497251,315.735780,104.004667,69.934877,192.712065,556.899339,205.020536,27.060133,162.113908,32.124183,209.754489,284.981434,14.803552,67.917458,39.813809,229.167283,284.741128,463.277283,78.035869,48.023422,265.474554,97.046024,138.553566,71.813020,94.045193,97.297210,63.516467,250.847029
2012-08-03 09:00:00,11.064188,164.768087,371.358775,135.970273,88.941078,252.664705,657.423242,252.952197,35.178093,209.002354,38.151472,273.407178,405.985612,20.187847,95.951499,56.989876,331.353854,369.736109,438.883854,91.434733,57.914946,323.334268,130.999965,150.683335,60.790467,102.937279,103.529968,62.172821,342.205462
2012-08-03 10:00:00,13.471223,196.908477,431.986912,142.032164,98.246253,329.050288,833.595298,287.538905,40.823485,249.050045,44.284986,358.440553,525.959594,24.615238,117.163394,69.751563,410.046125,438.833541,459.483473,111.183261,62.340495,357.847236,169.248654,150.251639,59.681006,109.617442,105.446303,68.420538,390.699290
2012-08-03 11:00:00,14.220445,219.609896,470.642404,154.719658,104.244234,391.044338,875.201910,288.899630,47.555963,285.375619,52.624986,431.467989,605.611378,25.216196,131.065870,72.254697,441.073260,504.650026,561.746257,130.708703,63.030493,374.349939,187.652668,151.408767,59.957007,114.411519,121.738304,71.445338,395.349289
2012-08-03 12:00:00,14.519505,235.991203,489.868031,205.534399,110.415130,390.191998,969.932558,284.173731,54.835912,308.985995,61.901895,468.280789,618.695890,27.247931,131.038248,91.666721,480.607334,509.593913,649.602533,165.011837,68.992068,375.895110,198.805230,147.858198,48.667595,114.071088,142.594337,70.967891,389.763501
2012-08-03 13:00:00,15.349236,222.065516,491.498426,245.528298,109.529984,409.494206,1105.159061,292.463592,52.625757,313.267994,68.000274,478.225409,565.348053,30.734689,128.393231,90.751092,476.491652,553.618109,741.783037,192.744721,67.003167,350.390591,194.206828,135.125519,38.645146,105.283540,147.258434,66.751136,375.733223
2012-08-03 14:00:00,13.935717,211.197894,517.362777,278.888757,105.432922,366.798499,1330.710048,297.571580,49.071905,329.780186,77.019604,413.599974,539.799168,33.886550,120.023921,92.563508,469.590019,722.010873,855.505374,251.332689,55.318648,326.533894,162.518150,119.448919,33.892132,95.468661,120.256046,61.095156,357.156000
2012-08-03 15:00:00,13.997791,242.958642,541.821602,300.766640,110.528446,327.130436,1292.793631,295.427782,55.063941,368.178657,82.106042,359.559554,464.049258,30.638680,115.708934,92.417359,523.119180,650.811622,808.356452,223.018721,41.378401,300.098976,118.556833,104.237560,28.091432,86.590216,88.425202,48.322988,362.772318
2012-08-03 16:00:00,9.733379,232.745721,435.964949,311.555352,124.663776,253.623140,1227.285396,289.405944,51.751860,375.613886,71.525155,249.656974,402.291318,21.951163,101.262932,58.147941,570.089118,582.009270,727.972765,187.977968,29.178063,267.765957,76.846955,83.398694,21.857189,84.865595,53.481515,32.931042,376.564496
2012-08-03 17:00:00,5.262472,175.321671,300.652823,293.183790,98.063795,165.224589,1177.635948,316.842052,36.532729,337.735865,54.016239,161.099806,406.877342,12.629500,86.080725,34.661895,561.427765,595.567879,822.512213,179.294847,12.849051,180.793087,33.398924,47.787544,13.241032,44.052977,31.403700,19.221571,280.895897
2012-08-03 18:00:00,2.436444,127.273685,232.439891,300.890267,81.141442,114.638776,1219.226646,358.024003,28.815453,341.324811,29.068230,95.520214,347.976113,5.224772,88.020647,19.240268,620.948313,531.676909,731.819091,154.248314,6.513473,174.622231,16.915773,25.021166,34.641526,28.799381,13.012263,18.698145,248.016741
2012-08-03 19:00:00,1.319469,91.611954,208.521848,284.595422,67.740491,119.381515,1108.488527,357.627813,31.479261,347.165228,23.331823,61.126683,312.421117,4.009342,135.374671,9.665584,578.643111,596.070560,634.397515,122.806619,5.839665,249.647542,11.722334,9.303645,83.715411,26.171301,6.942939,20.092461,244.999046
2012-08-03 20:00:00,0.986335,48.420473,132.853857,265.385340,65.375618,93.499711,1175.492724,403.321765,43.362160,281.154938,23.020732,36.582210,277.707659,2.541354,116.216173,3.817754,432.610512,666.688930,670.799097,108.085826,4.289908,284.375415,10.312686,179.870468,60.975268,63.292937,5.609527,22.130309,251.600252
2012-08-03 21:00:00,0.751183,28.131981,100.020907,267.033157,67.425175,65.991825,1118.775478,312.065924,40.721516,278.302642,18.354368,19.072776,278.128429,1.373278,183.632398,2.514870,363.222901,591.563005,804.411841,113.766132,3.885623,231.628363,12.835214,239.498374,36.341724,113.226464,5.977365,14.979967,243.678805
2012-08-03 22:00:00,0.816503,30.955637,114.154296,245.568166,47.455131,47.156376,848.256457,219.621511,15.774376,221.935830,13.964528,16.258760,281.915351,0.662962,174.294136,1.787678,351.009266,330.768719,685.317648,81.924415,6.154109,209.186294,12.909406,222.653138,41.963968,111.638666,5.839425,9.545707,159.183368
2012-08-03 23:00:00,0.365793,69.650184,151.118545,217.208361,31.689307,27.236872,777.915951,219.225321,9.126438,225.738892,14.966933,17.978436,278.759582,0.489329,103.925816,1.605881,281.267637,232.890370,599.048002,53.362876,6.895297,198.538597,6.157935,169.580073,41.712802,101.016841,5.563547,11.655058,104.487661
2012-08-04 00:00:00,0.378857,97.468426,141.986201,215.560543,19.181753,24.391229,862.157743,214.999291,10.724722,212.292352,20.532004,16.884097,165.151903,0.441975,57.776729,1.363484,170.990898,206.274328,635.659998,67.763652,6.019347,191.494735,4.080559,113.617239,51.430977,84.208076,5.655507,18.912655,64.314607
2012-08-04 01:00:00,0.581350,88.474558,119.807652,223.149176,16.764326,21.410079,806.274574,171.418353,6.740592,191.239687,20.013519,14.382749,69.216530,0.662962,53.499202,1.454382,90.451707,159.910899,572.535867,59.043182,6.378711,154.473512,4.525711,108.753970,44.127856,78.732909,3.770338,20.735992,58.090613
2012-08-04 02:00:00,0.529094,53.858626,103.065022,199.516005,12.507554,17.886901,751.781534,155.834867,1.806757,161.494310,23.193561,11.725067,51.333840,0.931304,46.390074,2.514870,63.546307,130.719111,627.243447,39.042104,6.962678,148.903947,5.119247,113.828686,31.395694,91.271043,2.482905,11.941071,40.550266
2012-08-04 03:00:00,0.535626,37.125849,126.113318,163.350747,8.933967,15.176765,747.889174,139.987253,2.084719,121.426336,25.751420,10.474393,36.606919,1.247000,25.122936,1.999776,69.033592,136.085249,679.215648,19.441048,5.570142,154.964944,4.822479,92.402110,42.176493,73.750506,3.218581,16.803304,34.137665
2012-08-04 04:00:00,0.457242,29.282360,91.975747,136.031668,7.777807,19.783997,690.059825,128.629797,1.806757,68.319292,28.447541,11.881401,25.035766,1.294354,20.423682,1.514982,64.077334,146.388233,615.670690,12.000647,4.694193,115.650371,4.748287,61.671889,54.502925,48.783743,4.414054,14.586698,27.347854
2012-08-04 05:00:00,1.176872,31.036426,79.774253,119.249948,7.259981,19.129548,720.920680,115.695966,1.582056,38.654100,29.158130,20.185400,29.663934,1.447202,23.091991,2.273319,83.692871,170.428529,549.179939,5.680306,5.435757,125.230269,10.325630,48.899272,51.766624,37.639427,10.453848,15.971958,27.096730
2012-08-04 06:00:00,3.434882,58.174279,137.447344,111.628362,17.407870,48.458183,706.612244,120.144192,6.463196,53.089131,34.015683,59.446750,84.424125,5.110533,23.244900,8.570759,131.004978,172.669802,576.178582,13.774053,16.365437,155.223867,32.042915,60.716077,56.815917,43.125981,23.024394,30.602665,64.310662
2012-08-04 07:00:00,6.134007,100.389804,209.075537,124.390707,39.017026,101.501478,677.765794,160.237938,16.565995,103.518943,34.731879,122.865597,175.327305,10.225153,50.002995,19.105645,192.964755,190.815066,499.508367,38.182868,29.296477,183.835536,62.556430,74.547697,57.489328,61.047737,43.608622,42.550522,140.046132
2012-08-04 08:00:00,10.052623,132.171354,298.005353,139.723800,61.544628,156.608515,674.479103,226.060924,26.730154,164.736736,40.144819,185.224008,273.906660,11.836526,77.765022,34.009769,261.026347,265.565780,420.481693,70.300709,37.230386,262.720864,95.297154,98.959462,65.268356,87.131963,62.398946,55.263236,225.835098
2012-08-04 09:00:00,13.179606,167.301795,375.360340,193.432446,83.335867,206.916441,848.395766,269.154345,36.485419,223.582969,50.718725,265.823215,441.822491,15.602784,123.632720,46.273764,347.698857,350.991101,416.388302,92.311305,52.838710,328.632337,132.113570,131.223078,60.807523,104.178839,77.521311,62.617185,330.796451
2012-08-04 10:00:00,15.418996,206.158430,429.874756,226.457322,104.635977,247.902207,1081.908912,294.349527,54.445121,278.440082,53.244528,309.846435,551.526974,19.246663,164.729606,55.086328,461.945522,443.348436,480.494392,109.885350,70.854716,361.839049,169.445291,126.563239,53.795907,104.074150,93.411313,69.244100,408.180410
2012-08-04 11:00:00,16.379263,237.073200,457.940183,220.990793,145.567013,275.560309,1216.520027,337.777943,68.452764,343.987170,54.520315,320.430587,594.479493,24.383533,164.018164,67.138268,543.898936,545.947491,572.013220,126.849090,74.657129,409.890121,182.126633,127.463277,54.526268,110.821750,110.683018,73.925628,499.060415
2012-08-04 12:00:00,15.299131,264.698629,475.387775,239.818478,173.463207,301.322820,1217.901351,382.048873,71.717434,390.179814,59.956313,326.618056,621.841823,28.995925,170.088507,88.106207,530.780985,561.268357,650.018332,141.477767,79.286198,426.267764,186.290548,131.244425,51.003290,115.062464,111.638747,72.912081,529.243806
2012-08-04 13:00:00,15.426654,264.214774,476.565543,242.546045,178.386698,304.160734,1239.732789,341.651558,76.431256,391.641079,68.407485,320.095674,725.825689,26.860382,181.796240,118.473652,488.967529,596.243590,771.503355,163.645688,85.253258,406.376133,194.372815,150.568734,37.853885,119.649187,110.827899,65.736940,518.174362
2012-08-04 14:00:00,15.613352,234.732960,528.892842,260.946056,188.023836,298.999451,1370.960971,291.818572,82.925373,340.429594,99.138064,322.768746,798.899609,19.571512,170.805457,123.545171,451.738029,673.486011,888.154719,192.165243,77.189838,360.056561,187.536382,193.044588,0.000000,118.686199,99.403720,0.000000,525.877059
2012-08-04 15:00:00,15.030753,215.508218,567.989576,259.509530,173.942815,268.888055,1465.911222,235.633545,79.728900,307.917033,108.947978,271.302305,698.211418,13.309073,122.606168,88.673229,450.130983,632.977921,853.054431,205.278735,66.800756,338.536994,171.329288,221.010953,25.232791,139.416909,82.063902,48.740607,495.205368
2012-08-04 16:00:00,15.442909,222.565423,473.680439,257.695088,182.756711,273.810865,1319.698932,206.099253,73.842238,328.696532,102.290987,211.828129,565.411901,11.833111,91.621670,73.963378,470.333372,562.773558,805.928972,234.755232,47.967199,335.946424,121.447781,253.302207,20.935458,170.180243,67.907568,34.146825,513.486708
2012-08-04 17:00:00,11.330114,198.553871,362.325656,237.899674,113.821147,216.330098,1320.472852,163.626336,60.232918,305.343111,75.536649,151.556155,522.518396,7.056306,93.489910,51.775523,435.929099,559.045340,780.858111,308.500246,31.565086,268.620898,79.689651,170.265566,37.771031,111.241382,37.929460,21.532234,357.314053
2012-08-04 18:00:00,6.309934,113.364564,275.927242,207.158241,63.746482,154.206769,1456.104555,131.006939,51.191439,323.260267,45.357086,103.180591,401.834568,1.878392,126.458137,32.572108,432.079485,769.289481,864.169352,351.458943,16.081540,218.359694,50.673127,153.937412,91.617466,68.384842,19.173547,17.053566,229.156152
2012-08-04 19:00:00,4.918613,72.369260,215.479824,195.049552,56.862072,138.216964,1538.594308,186.341523,46.998837,335.076924,28.551238,87.234500,263.191123,1.373278,205.682745,12.665248,454.382645,962.899724,989.996786,292.335756,6.603314,232.119795,30.789675,143.783603,99.306996,73.312493,13.288141,31.676015,162.201062
2012-08-04 20:00:00,1.580749,78.225732,149.379051,154.634660,91.862202,158.000961,1463.527365,253.429754,43.524305,257.793272,19.080247,84.107815,234.578818,0.962873,176.282282,5.787230,391.367366,989.086475,1031.869126,201.610866,10.511398,299.773623,18.028653,107.767220,97.722721,98.553015,7.448716,36.216483,170.311115
2012-08-04 21:00:00,1.691794,116.815699,131.331800,114.002951,61.223950,145.534332,1511.625814,327.781474,23.511000,228.047894,24.610753,67.067384,253.723816,1.073367,184.897581,2.878465,322.510783,1002.609142,1169.058904,150.648119,11.611950,224.748312,17.360925,50.958601,59.680800,101.673861,8.138412,19.448930,197.658969
2012-08-04 22:00:00,1.469705,148.817135,232.439891,78.141239,20.337913,126.834390,1417.931148,272.711017,4.864345,262.411276,25.855117,62.064689,276.234967,0.552468,177.908947,1.908877,235.953279,918.897396,1258.905584,160.168633,9.657908,160.043077,15.506125,39.399527,54.676809,46.265166,10.391419,16.982062,133.532968
2012-08-04 23:00:00,0.894887,125.914147,264.185658,65.912699,14.136689,68.837468,1165.205772,220.281829,5.119144,278.166818,30.141259,53.622640,225.532281,0.584038,126.277397,1.636180,120.897291,748.468867,1213.456209,170.249176,11.140285,113.520831,15.431933,63.504425,47.064561,30.003918,9.287905,34.250139,83.175196
2012-08-05 00:00:00,1.430513,80.526489,184.386368,52.556705,11.403946,44.310732,839.081608,216.451989,1.667775,251.545384,32.733684,39.865228,98.039219,0.457759,104.166803,1.030188,61.599205,563.444444,1033.131609,185.610004,10.354176,58.808050,12.390062,62.376710,34.409681,37.833408,11.908750,26.098749,66.012060
2012-08-05 01:00:00,3.037390,40.472404,108.935814,41.412255,10.195233,47.291883,720.086602,223.715478,0.926542,220.441770,30.244956,32.673854,72.161915,1.183861,100.973720,0.908989,90.805725,578.469629,853.017422,118.166369,9.163782,67.490018,11.425566,49.126064,26.121218,36.026602,22.851925,20.199716,53.941284
2012-08-05 02:00:00,5.493431,17.987735,89.801380,35.861712,8.513545,28.862954,635.288759,218.961194,1.505631,222.479125,31.351057,24.388140,42.497687,0.520899,38.919465,0.848390,73.458823,583.835767,743.391848,95.445144,13.363849,83.215847,16.989965,29.320578,26.140538,42.432548,31.588073,19.162917,50.923589
2012-08-05 03:00:00,6.473234,13.804541,91.540874,69.338425,18.130698,21.681092,659.476996,231.375158,6.138340,197.487575,35.671765,18.603773,34.923842,0.883949,34.943173,1.333184,75.582933,463.848931,570.221316,105.285675,19.315816,75.352933,16.396429,19.100665,30.951324,28.470871,22.759965,20.950502,23.952948
2012-08-05 04:00:00,9.086043,7.843489,116.763538,148.000027,20.758335,22.494133,575.791256,251.316738,1.783593,132.699698,43.656434,16.258760,48.178071,0.710316,59.584134,1.848278,87.442550,469.644359,547.075801,109.765916,23.134059,47.668920,47.631256,10.431359,29.792099,15.385221,22.438107,28.172348,19.615012
2012-08-05 05:00:00,8.157256,11.287837,109.562027,134.990942,13.364644,17.200240,468.751356,238.139608,5.041070,98.891554,45.351764,26.069596,77.246087,0.890085,52.090612,2.848568,131.720794,396.235597,549.390352,67.923661,22.187233,39.365215,61.344503,7.238119,35.279639,11.001801,26.644619,24.179732,21.280615
2012-08-05 06:00:00,6.671228,35.426883,166.655640,99.245197,20.096605,45.984594,450.462165,182.548547,8.930170,104.724862,49.734906,62.841178,155.791041,1.929833,109.137022,9.452261,244.763474,280.842747,517.252946,56.715397,32.616941,72.606220,65.775521,8.971203,34.768599,18.535066,43.936020,32.827954,67.736235
2012-08-05 07:00:00,8.186461,78.425991,211.578715,120.481393,40.437234,96.060270,459.997101,154.328720,18.435502,136.822464,65.108968,126.785559,304.517831,3.847396,148.840159,23.581830,311.829466,349.657231,571.994093,109.272521,33.066288,121.152384,70.466961,29.427556,28.828371,29.953599,73.391324,37.835713,141.211198
2012-08-05 08:00:00,11.509136,127.155754,302.039085,134.151568,64.036831,170.031317,622.970568,165.400487,30.122620,210.722659,72.969044,205.375836,401.061756,4.322890,159.254919,35.107703,342.869082,580.183960,658.071529,118.044629,32.689276,163.775755,72.540144,22.224211,40.938073,40.234803,107.875906,54.868296,233.358802
2012-08-05 09:00:00,13.771750,164.904267,397.704736,192.099686,84.911349,255.491454,724.883126,166.610717,47.079113,267.285292,79.935780,295.353218,822.927203,8.062810,178.595588,47.989658,467.512229,756.982506,786.082775,142.721378,46.513915,224.303536,85.764543,25.915646,43.328158,50.246412,120.057190,66.597127,312.425343
2012-08-05 10:00:00,16.629162,188.623315,544.046047,199.552732,109.033502,337.016310,740.350334,185.010297,66.146786,354.791736,75.388164,375.605880,1285.700486,23.567756,178.564940,58.757067,515.443190,859.866908,776.724000,170.767819,54.849521,235.320694,147.769321,36.992559,46.384548,48.705495,131.643744,81.795919,357.999925
2012-08-05 11:00:00,17.105188,217.301330,0.000000,218.014672,177.122169,352.140783,855.027571,319.192567,0.000000,475.903393,84.564637,417.627763,1139.315096,7.120888,209.927063,70.994102,515.442204,890.787092,791.054771,215.531522,66.199174,210.871854,80.295102,83.690015,0.000000,77.399308,138.864767,0.000000,385.055329
2012-08-05 12:00:00,16.423893,228.503050,0.000000,226.851106,0.000000,361.621215,888.725155,405.673205,0.000000,0.000000,93.525792,488.484043,1035.395385,5.056592,0.000000,95.323568,525.686010,727.262415,856.181043,305.076506,65.481182,308.627077,0.000000,117.263625,0.000000,156.533094,134.171940,0.000000,170.000179
2012-08-05 13:00:00,14.709385,238.410612,295.647064,249.516022,0.000000,405.811903,1219.854735,0.000000,0.000000,0.000000,100.738179,531.875300,0.000000,5.754615,0.000000,112.866781,573.022446,771.785404,1056.038913,410.586790,66.011075,261.408778,177.074432,98.977662,0.000000,130.287020,118.043473,0.000000,597.357506
2012-08-05 14:00:00,12.870805,0.000000,292.973786,0.000000,0.000000,411.361025,1604.625712,0.000000,0.000000,0.000000,91.203168,481.881742,0.000000,7.634065,0.000000,107.386352,799.156466,1061.174127,1324.139298,529.472750,81.545889,200.707012,170.687656,110.643664,0.000000,104.486181,90.960475,0.000000,628.339145
2012-08-05 15:00:00,9.357772,0.000000,819.296847,0.000000,0.000000,378.143709,1727.092917,0.000000,0.000000,0.000000,86.705720,386.592475,0.000000,8.510954,0.000000,90.013750,1020.886129,1080.056189,1336.686142,559.755305,71.933621,188.244018,130.795612,93.632084,0.000000,88.972543,80.420676,0.000000,635.811251
2012-08-05 16:00:00,5.730662,0.000000,806.379461,293.696689,0.000000,363.399991,1664.461619,0.000000,0.000000,0.000000,63.147411,302.435521,1296.971829,10.091682,0.000000,85.510394,1148.796462,958.911642,1172.842522,552.877635,39.605512,0.000000,84.844727,76.202234,0.000000,0.000000,54.993403,0.000000,435.520481
2012-08-05 17:00:00,4.900416,0.000000,979.689753,282.696942,0.000000,340.503529,1869.353128,0.000000,0.000000,0.000000,45.950585,286.833159,1310.586919,2.806568,0.000000,63.399693,1057.973436,949.519361,1080.593504,440.442130,32.757204,0.000000,60.320365,80.843873,0.000000,0.000000,39.624340,0.000000,357.376833
2012-08-05 18:00:00,7.773107,0.000000,1061.743676,250.414132,0.000000,329.688111,1881.998009,293.650308,0.000000,279.117583,0.000000,248.258755,1110.199484,1.310139,479.263689,34.511284,974.966735,1013.629009,1100.253601,335.378076,4.267448,0.000000,54.456919,0.000000,0.000000,0.000000,33.013445,0.000000,328.740060
2012-08-05 19:00:00,6.205421,78.016573,735.805980,223.365994,91.179016,214.371801,1766.853420,293.444978,79.566785,211.477410,0.000000,177.595684,1045.611414,0.000000,284.726611,14.301428,741.845604,1268.984210,1223.766484,316.097037,2.156184,0.000000,13.131982,0.000000,-0.000000,0.000000,17.380337,71.539173,207.277869
2012-08-05 20:00:00,3.520760,62.643334,582.947941,172.934107,71.366631,105.695325,1533.867871,354.194163,45.562697,205.093699,32.076936,98.177896,764.958371,3.583152,323.585829,4.363147,567.491531,1379.311998,1247.122412,263.374195,3.256736,337.941522,55.569798,266.915934,77.165786,273.429866,20.506959,104.037477,251.411647
2012-08-05 21:00:00,0.352729,153.627808,427.480661,121.765038,52.237431,123.446720,1235.268253,387.474152,28.190037,247.470675,30.452350,147.735846,394.260722,2.462430,134.651709,7.241613,662.368468,1090.613798,1261.430549,195.930560,3.301657,317.137560,19.438301,179.306611,86.883961,234.994190,21.748411,145.688220,200.299451
2012-08-05 22:00:00,0.339665,130.724820,336.157224,114.870223,44.039202,283.886803,982.264852,299.916087,9.427564,219.626828,26.822955,194.948783,202.810745,2.541354,56.210311,15.816410,427.831263,727.004317,1094.993257,152.248206,4.581891,266.683857,16.989965,187.905434,61.168473,187.688743,47.405100,90.022807,154.468221
2012-08-05 23:00:00,0.568286,94.331030,331.591052,112.008224,40.991143,472.241293,803.494317,248.807533,15.843866,183.361916,23.573783,263.423176,128.124216,2.336152,40.305142,15.422514,322.687792,507.207322,869.429696,112.566067,12.420519,261.114293,15.654509,156.470392,32.265113,169.949200,55.635471,177.793256,241.226929
2012-08-06 00:00:00,6.133569,69.127285,212.000836,80.135965,51.817009,552.054814,668.929871,178.417716,11.720755,170.458670,20.601136,414.285706,69.847684,3.456873,16.387143,31.481321,329.414142,459.556021,821.876184,111.526011,10.983063,243.914167,6.974047,102.128648,24.305097,117.497095,43.312904,206.287369,211.804410
2012-08-06 01:00:00,6.362190,54.172365,161.338072,77.881057,22.545129,478.881127,594.975031,131.931383,6.462630,151.850831,19.564166,435.078159,54.910378,2.399291,12.169864,20.603752,350.478238,442.384380,736.027366,71.443851,9.410845,156.275430,5.119247,77.882785,30.062585,109.339095,47.451079,127.955372,122.216614
2012-08-06 02:00:00,1.580749,48.838793,139.594397,100.473502,6.463988,366.545968,734.543940,100.368219,4.609546,139.490880,22.018328,277.024253,56.172686,3.046468,30.605400,6.908317,297.906502,359.960508,652.072272,47.922583,6.176569,85.673008,4.599903,43.839903,68.761400,74.900292,58.762092,137.715588,62.994366
2012-08-06 03:00:00,4.787972,31.478537,156.119590,109.232953,7.672701,352.859778,859.655511,115.159325,4.632709,80.000125,22.087459,306.258754,61.853070,4.861721,23.074543,6.302324,164.972585,355.452952,670.167856,60.723273,5.525222,69.947179,5.638591,34.888668,84.507549,55.572950,58.946011,138.073106,68.463937
2012-08-06 04:00:00,6.420978,43.818960,173.731967,108.886044,24.594686,389.175608,853.816971,150.024075,16.909389,46.180038,23.677480,316.107811,47.336533,4.135620,22.954050,4.484346,133.641954,269.809397,535.292630,45.362445,9.455766,76.171986,14.022286,19.171147,48.243107,74.462278,90.396145,117.444369,68.463937
2012-08-06 05:00:00,7.173182,37.205616,193.382302,85.382963,40.419994,398.924046,955.296357,134.425567,10.191023,47.368898,28.332814,380.200527,38.183996,4.290494,30.421632,4.474747,126.085280,211.640465,470.906016,47.202544,18.063779,71.520585,38.761404,10.719830,46.623777,34.252656,87.422751,144.618064,67.070122
2012-08-06 06:00:00,8.052365,28.546871,248.732173,68.755155,68.661834,374.715459,1056.489650,123.712485,21.307490,90.376369,38.256275,423.283050,89.346801,5.784246,51.099714,14.458699,179.978968,190.661978,414.448076,44.945436,27.873611,59.195802,49.366252,19.145572,44.345909,33.550474,27.541279,132.983065,55.657955
2012-08-06 07:00:00,7.041083,59.900322,386.972033,95.025469,93.167040,519.948708,1004.876234,185.255068,29.157476,130.156964,51.054220,452.365405,181.594064,13.235415,53.653080,28.494071,271.363160,203.981388,553.147113,68.910315,26.410295,103.677334,69.628846,45.374379,37.947154,50.774252,14.923146,168.826611,112.249070
2012-08-06 08:00:00,12.666029,113.583653,471.508958,101.527120,95.969171,597.126070,1102.218022,229.123543,35.908010,177.896653,58.988035,451.830626,272.854444,20.626374,75.789237,39.760209,319.204569,310.941510,686.578269,79.153551,31.025338,173.694022,101.244886,74.937687,54.196457,64.307239,30.725585,172.511532,214.410687
2012-08-06 09:00:00,21.660401,164.278029,469.581620,135.725270,95.493008,484.837184,1327.462700,257.347062,40.909592,221.472348,63.005998,426.908267,372.800343,26.631079,100.675559,49.666985,380.171340,368.726092,578.321122,93.019233,43.782197,245.327211,157.678534,101.270128,68.668618,82.388092,52.378579,140.387983,303.646416
2012-08-06 10:00:00,22.365121,197.965369,489.253503,172.174065,102.477831,508.185481,1164.404433,264.763721,46.002793,254.513985,63.814869,487.622655,424.429430,30.224265,111.616102,56.719612,398.050756,415.375470,487.225400,111.144326,53.171806,287.308027,210.347287,114.862266,65.937184,101.873232,82.398969,160.382146,362.911312
2012-08-06 11:00:00,18.859617,221.554075,510.118784,177.053533,117.751134,514.344705,969.092452,280.765886,50.303211,284.231876,65.022368,522.165764,445.901139,33.485806,122.689792,64.601239,389.910805,435.667935,431.341420,120.022184,56.784192,330.351841,237.700056,127.017562,72.574068,115.268060,98.986066,223.792981,420.213941
2012-08-06 12:00:00,20.588128,229.918639,490.439164,175.399297,122.838555,487.135750,853.818002,281.200968,51.229721,287.307860,66.820360,617.366326,439.971025,34.854370,117.732481,84.321967,370.356908,442.194627,395.097723,124.512505,63.212824,347.774765,257.829849,145.717222,66.214884,118.892101,149.157378,216.135952,459.860531
2012-08-06 13:00:00,18.227565,214.516938,450.116252,189.585138,117.169239,505.312887,852.935216,267.540372,47.947674,271.304650,77.251037,706.457765,401.187878,36.349994,109.802222,118.106969,345.053359,434.456453,418.389374,125.984222,72.995759,353.760314,263.793475,150.307170,65.420373,121.042432,109.910375,187.887710,452.983193
2012-08-06 14:00:00,14.162054,196.481765,382.070836,193.754294,100.295295,430.292251,906.652995,238.530465,40.936877,242.203984,106.726011,583.260273,354.752339,32.761456,97.352691,157.448264,299.193270,390.344927,469.929551,121.272847,65.952299,324.327422,228.358646,141.556167,51.797206,108.353225,135.846869,144.298292,415.956025
2012-08-06 15:00:00,13.327837,171.702541,294.221225,183.236020,94.522045,330.113411,1022.771630,199.112334,33.256504,224.177351,105.163181,428.721705,284.401224,27.328375,80.995775,140.240015,245.913616,308.041329,450.643827,117.386957,55.175343,273.863998,208.866706,130.591837,44.265650,102.691679,164.406289,93.763362,368.302959
2012-08-06 16:00:00,11.377397,116.875327,201.494232,165.526362,79.217935,186.884846,1033.351530,141.925449,21.275114,166.410598,81.514220,223.205278,210.728733,17.405028,58.239534,100.508967,202.405906,212.280520,421.259070,92.137029,47.527101,194.751414,217.199142,91.104071,43.671933,75.155330,167.259912,63.006663,279.069994
2012-08-06 17:00:00,6.097837,69.138598,126.160358,223.934783,44.886906,83.798408,958.933938,77.788322,8.320095,79.017229,49.775720,100.795427,118.860838,7.809306,31.367378,74.460096,135.342136,106.722708,357.352198,64.564375,34.874705,91.493609,203.642509,38.722053,55.363083,32.776272,169.196372,42.096678,176.758466
2012-08-06 18:00:00,4.964337,40.263245,87.844449,291.744559,22.124707,59.487497,749.001277,24.959991,1.181341,25.263197,27.099691,57.843665,83.733067,2.793911,13.073566,46.509940,160.193336,13.522667,267.015074,33.921828,32.185540,94.846409,140.742200,3.171697,55.024577,8.103248,147.962765,19.699192,161.446639
2012-08-06 19:00:00,5.290938,40.681564,195.040769,262.176432,27.169770,119.788035,822.678091,32.619671,1.227668,28.251317,12.651033,96.145551,114.238833,1.594266,9.579249,37.510948,465.711235,19.318095,275.642038,40.002156,9.725289,184.614685,62.988997,1.832536,59.642159,6.898711,107.086787,10.546755,171.819963
2012-08-06 20:00:00,4.017194,46.956355,257.879992,213.262271,33.633758,106.508366,1094.309215,56.391092,2.131046,27.164728,6.740304,112.247976,194.184977,0.520899,11.386655,30.269336,863.804951,45.934138,301.733346,46.562510,6.805456,303.541270,31.160635,111.432292,32.651522,15.713731,93.706686,7.615114,182.004680
2012-08-06 21:00:00,3.677529,33.465554,191.779218,212.178181,26.276374,90.383054,1173.824570,61.937756,1.111850,28.115494,4.182445,85.827492,383.110339,0.505114,20.483929,20.421954,839.908707,214.645502,446.918847,26.881449,7.883548,288.470684,20.699564,258.176146,18.354406,148.650798,68.509795,8.365900,295.922636
2012-08-06 22:00:00,5.160298,29.700679,149.161614,185.683011,70.683445,102.578668,1013.403732,58.107916,3.405041,29.202083,3.110910,80.355794,522.384938,0.899734,47.715505,19.452366,735.119254,207.562201,535.923871,11.440617,7.456803,236.051252,23.667244,294.403976,28.420348,173.946072,44.462397,13.228133,298.940330
2012-08-06 23:00:00,2.077183,22.589249,127.417939,179.351922,111.201613,117.213406,883.287697,74.747911,8.894802,35.042500,2.661556,82.388139,438.651871,1.231215,178.812650,17.604088,678.653316,141.451386,568.958833,20.241091,7.928469,212.462508,18.770573,230.265211,25.387041,103.097404,43.680742,14.086174,192.000792
2012-08-07 00:00:00,2.057587,17.987735,102.847585,150.081481,77.672960,98.784477,883.843749,83.860288,16.585100,28.658788,3.076344,63.628031,354.498035,1.073367,183.752891,20.573452,601.831318,62.676487,586.844003,27.841501,7.726326,198.538597,11.573950,208.415742,19.687515,71.012923,33.289323,10.689761,116.747044
2012-08-07 01:00:00,2.051055,15.268659,85.670082,122.198674,64.061799,68.159934,698.956648,80.822829,41.138460,36.944031,2.696122,42.835579,328.410346,1.152291,260.326637,9.514085,479.694962,27.474624,486.476635,18.080975,7.456803,162.991670,6.157935,204.045849,11.051284,63.840453,44.554356,19.055662,123.348250
2012-08-07 02:00:00,0.829567,28.236561,56.750993,110.100225,53.130827,55.693306,695.620339,79.106004,49.662645,94.261607,2.523293,38.458220,335.142653,0.883949,341.479144,8.938392,353.133376,13.737312,413.252643,15.600841,5.839665,159.224023,4.080559,201.931384,6.530304,72.326963,44.922194,13.549898,104.110449
2012-08-07 03:00:00,0.705458,41.831942,53.054568,114.263132,33.843969,36.315830,623.889705,66.295850,40.953151,128.217518,3.422001,32.361185,291.803427,1.010228,340.635688,10.059479,352.425339,14.381249,325.089274,26.481427,3.683481,176.424149,3.932175,225.824836,5.274477,59.788829,34.990573,12.334340,112.786320
2012-08-07 04:00:00,0.261281,25.517485,55.228936,101.644320,32.950572,25.068763,530.195039,52.561252,28.421672,166.791432,4.044183,45.024258,215.854590,1.136506,289.124631,4.241949,331.715262,15.454476,257.125626,25.921397,2.223565,144.317247,3.783791,216.380226,1.410391,54.915930,32.001891,18.161869,84.684043
2012-08-07 05:00:00,0.595426,45.659069,77.088993,76.840330,22.955135,25.858181,405.639518,51.201542,8.079148,247.798434,3.409312,58.453383,212.310939,2.494518,217.708613,5.817636,348.554483,14.166603,189.793220,20.801121,2.830149,131.046750,8.865554,190.592019,2.293293,51.564157,46.396329,31.106208,77.548344
2012-08-07 06:00:00,2.860351,105.320236,115.920043,60.711886,33.733144,63.684125,375.935441,64.500599,10.555045,308.593494,7.767701,111.782121,255.370340,5.810661,221.044220,12.952027,630.203440,51.996789,156.736476,25.391768,10.156439,164.477172,30.895657,195.678638,6.762595,76.715197,54.882903,31.331646,129.470772
2012-08-07 07:00:00,6.399495,143.143407,183.681412,68.665769,51.928683,119.389453,497.379848,110.960670,19.296093,354.071384,18.361734,155.996340,291.501000,13.065505,262.484721,25.996623,819.295480,136.394567,194.400576,44.163378,21.155349,232.605063,68.584205,167.170009,13.169832,101.475220,74.170202,29.701113,211.714526
2012-08-07 08:00:00,9.232861,200.915350,272.298350,62.753782,81.170053,177.205875,539.458061,166.992069,28.724595,483.207632,31.819010,206.346347,573.415624,18.858960,361.603318,42.122416,721.803184,240.548570,231.076885,67.424436,31.181933,274.723859,97.945751,112.862303,21.728149,90.472350,72.204095,49.939425,291.323985
2012-08-07 09:00:00,10.902939,240.122361,361.443022,67.849565,107.264640,247.813197,481.752933,212.748231,49.070273,463.840205,48.406975,294.176774,709.135126,23.925102,416.099348,57.671649,715.066958,344.644904,323.826921,95.115744,41.486754,331.766119,122.132754,128.655767,30.939935,103.546654,95.081514,67.828627,364.788154
2012-08-07 10:00:00,14.231052,243.135474,467.746989,78.662912,133.504195,317.633570,509.265853,254.160584,58.473962,460.971607,66.702216,342.733687,806.759452,29.851499,412.092702,76.657195,914.215419,457.460217,336.189945,109.287034,51.487601,362.283157,150.854840,137.269052,39.837701,110.485713,106.950085,90.776984,396.528567
2012-08-07 11:00:00,18.370235,257.361473,573.949292,84.269802,148.657724,343.491642,567.835807,280.811781,66.485673,469.876918,79.273207,362.570052,847.574946,34.715699,423.210412,106.121529,1068.701230,490.298435,361.733298,125.222970,53.006153,372.875871,163.522307,144.382783,48.574538,118.695943,117.648657,104.941721,449.742279
2012-08-07 12:00:00,19.309784,281.785066,589.778324,91.141215,138.176660,357.215413,602.806758,305.116432,60.029557,477.514415,86.720326,370.173645,856.213046,37.140986,384.826904,105.458595,1074.455698,480.939263,385.037814,174.243931,56.938264,375.571718,172.023010,143.981679,61.333247,112.576402,119.200269,101.129486,470.488005
2012-08-07 13:00:00,22.510320,300.352259,571.440954,95.099064,127.771178,318.042774,568.529744,310.193824,53.769661,432.179934,87.181333,354.536489,878.777049,40.794305,308.396817,120.482118,1121.300264,449.414533,347.642836,213.140516,63.319874,369.729287,196.169472,135.561249,73.297350,106.620543,100.554847,96.512601,436.268604
2012-08-07 14:00:00,17.955513,274.855208,537.533867,102.494553,116.325790,283.821397,544.032383,265.975792,45.335834,354.884812,90.448324,331.435416,852.610664,41.228558,261.647321,131.752693,1203.307899,394.616117,295.136338,201.152508,56.688833,327.547622,177.870455,119.744718,85.108791,95.848446,92.718245,86.230579,418.414217
2012-08-07 15:00:00,11.890391,247.391281,468.581832,109.254634,92.866286,258.384772,470.677620,219.100916,37.597834,283.506407,86.224139,341.735547,819.165821,39.864455,286.187926,118.785654,1088.918069,323.235025,246.328697,172.994485,47.772927,258.164460,172.046253,95.945307,82.425435,75.397721,74.464738,69.269125,376.797199
2012-08-07 16:00:00,7.638364,201.811320,547.103050,107.741931,70.896081,283.949503,372.180268,159.807466,30.231340,215.918173,86.226263,280.000874,809.500456,38.203536,246.234384,89.382298,1061.684584,228.736625,197.317338,140.887353,31.326066,191.081733,127.905643,63.721334,67.284758,48.286662,45.614002,59.557633,347.693975
2012-08-07 17:00:00,5.702633,140.123142,673.582653,102.907849,47.996319,239.704489,306.992522,89.754118,27.613519,153.073340,73.793635,180.972284,808.954447,25.416683,301.480449,63.490740,1050.621069,121.047037,141.828697,92.144546,14.101857,138.872174,67.905550,29.118478,39.670244,21.335922,21.645108,56.902128,346.394259
2012-08-07 18:00:00,3.840829,100.187502,731.457244,103.426685,34.789919,162.066165,235.209755,32.619671,38.335671,112.190328,54.530757,120.533690,698.266456,19.778366,356.721596,50.176196,957.619833,31.123598,86.900887,65.283519,9.253623,141.041033,53.714999,7.682555,24.826749,6.570201,9.931621,77.259446,435.868203
2012-08-07 19:00:00,1.567685,97.782165,602.517249,127.098763,48.506186,146.211867,390.348104,25.224118,56.241093,129.575754,54.786577,83.951481,647.774154,8.681645,367.264795,22.118734,860.795794,56.666413,138.662674,131.687098,3.571180,220.980666,24.112396,28.051899,20.112565,30.989448,13.747939,106.468594,534.697688
2012-08-07 20:00:00,0.770779,89.938676,366.163496,124.670401,89.076907,158.678495,409.531878,16.639994,100.043360,160.136073,48.149970,65.973045,517.966862,2.351937,410.401539,10.241277,677.945279,132.650920,231.875974,167.289016,1.841741,236.215063,15.283549,118.832919,18.161202,101.345351,7.862533,94.992295,598.446478
2012-08-07 21:00:00,1.358661,58.878459,291.147815,130.784671,161.074170,131.712636,326.124164,21.526342,120.519936,284.686353,46.214293,61.283018,452.958023,0.994443,427.873126,3.332960,567.137513,247.056973,244.290387,79.844303,1.594678,273.236286,17.657693,223.710371,18.064599,139.507268,7.770574,56.094434,632.395537
2012-08-07 22:00:00,1.502365,41.727363,258.967175,139.977758,160.128221,107.321407,238.268038,32.091417,124.110286,365.365596,45.453848,70.194069,360.388803,0.757671,401.545253,4.060151,497.749902,227.309587,200.524322,57.043074,1.370075,319.758532,10.386878,202.072348,20.711498,142.409107,10.759256,34.965173,507.349834
2012-08-07 23:00:00,3.566484,177.785755,174.601714,110.100225,91.704544,80.220042,194.061949,47.278714,118.087764,354.092234,54.648315,64.409702,261.508046,1.089152,361.179863,6.332624,424.114070,175.365375,185.164117,57.683109,1.864201,388.722846,6.899855,253.242395,32.728804,189.112286,9.287905,25.669728,416.064585
2012-08-08 00:00:00,4.017194,248.377158,173.297094,74.108422,34.369497,60.436045,174.322123,79.238068,88.693222,334.533629,48.806718,63.628031,204.283437,0.694532,402.027227,3.817754,305.163880,222.372740,116.990056,57.843118,2.201105,369.720802,6.009551,258.176146,32.419677,186.976971,6.805000,27.957838,254.052129
2012-08-08 01:00:00,3.141903,197.028449,176.776082,61.576337,26.801901,60.707059,156.250452,85.048859,17.627459,346.214462,38.782675,70.506737,237.734587,0.994443,368.168498,6.029627,234.183186,256.716021,86.269646,29.761604,2.425707,265.045750,5.045055,209.402493,20.209167,132.280047,9.379865,38.111323,123.725461
2012-08-08 02:00:00,1.639538,148.189656,126.983065,51.646069,27.169770,57.996922,143.183243,86.369494,2.478500,435.314771,31.869542,92.549863,238.365741,1.231215,360.818382,5.575133,263.035688,317.889989,64.176200,27.841501,2.358326,170.854584,5.712783,201.508491,8.655551,85.303110,13.793918,43.724342,95.245973
2012-08-08 03:00:00,1.077784,102.383679,81.103910,41.195437,21.967048,42.549144,93.138615,119.781546,1.042360,380.713667,26.857521,95.520214,233.947665,0.947089,368.469732,6.302324,202.321528,349.442878,40.820271,12.800690,2.178644,113.848453,5.490207,166.267412,5.158554,51.959340,14.299695,33.141836,84.872649
2012-08-08 04:00:00,0.738119,111.482126,67.405394,43.320254,9.144178,48.646951,66.170120,148.175187,1.505631,414.397931,25.060106,91.924527,193.764208,0.978658,324.308791,5.393335,132.402890,303.723386,33.876617,8.160440,1.684519,88.130169,5.193439,156.047499,3.284473,41.118508,26.622263,27.779079,80.534713
2012-08-08 05:00:00,1.920205,128.345683,62.663210,27.535897,7.460363,40.369438,68.394326,167.393321,5.909307,355.324599,19.731076,71.502314,143.127588,1.328391,244.186662,6.408553,81.830383,214.216211,32.614134,7.680414,3.005411,78.540212,12.128190,123.632248,2.746898,39.235058,37.961307,25.111373,66.604596
2012-08-08 06:00:00,3.612245,134.208578,102.611487,13.845211,20.278101,67.382431,92.507439,172.344458,11.422830,249.595894,21.957332,79.377078,176.538368,5.854909,191.601337,10.448554,120.226686,177.628966,67.351980,21.902283,9.382524,112.923663,33.720493,112.352103,7.679702,47.264489,45.671437,28.611148,113.180119
2012-08-08 07:00:00,6.103758,169.440533,207.001921,31.464723,49.604480,111.610373,180.285621,143.253915,20.838821,203.138618,30.769864,129.727618,240.197257,12.863254,104.905112,24.063326,162.251863,254.826159,127.641567,40.663062,18.902271,197.482695,63.474225,107.392285,16.338733,90.722151,77.056153,36.565915,225.913009
2012-08-08 08:00:00,8.335084,166.837934,295.177613,44.781167,80.174962,161.333966,321.053421,180.989043,30.058398,223.630075,42.082457,187.524884,328.843024,19.873836,148.061828,36.981945,171.698452,277.909769,192.649124,62.580385,29.014495,288.239672,92.097475,88.867627,24.887342,92.876763,74.723830,45.668929,281.087410
2012-08-08 09:00:00,12.126296,203.707115,379.133847,58.544774,116.271403,212.265309,437.020937,251.353888,47.833375,271.273181,52.607936,246.504231,482.671602,25.697880,182.371926,45.658891,260.282119,343.108832,262.162546,92.166944,38.362475,346.314865,120.241765,74.479085,39.051023,106.068746,72.888131,62.082482,347.794276
2012-08-08 10:00:00,14.061739,261.068766,474.590708,73.693157,137.929554,257.193122,555.727550,311.610947,51.781540,333.985317,61.423573,279.462436,475.315339,30.332071,172.478032,52.009742,301.288721,424.366014,318.360651,108.335091,47.265465,366.348017,143.081559,90.147816,49.323680,105.835335,85.164844,80.929795,400.875057
2012-08-08 11:00:00,14.446454,295.150853,468.661044,81.297542,150.149187,289.276241,632.643688,339.827368,51.225486,384.706206,67.023055,322.791473,473.954375,32.104784,144.912555,58.981196,296.778506,475.444906,374.313408,121.440090,51.878453,379.422927,153.630024,123.572888,55.452920,105.899830,88.141602,84.299612,483.951675
2012-08-08 12:00:00,17.628420,376.454137,498.701608,87.078926,152.588581,330.201772,687.222608,329.446150,49.297674,387.555659,67.854061,334.195796,481.686484,32.992071,137.191499,62.807915,364.320429,512.483014,396.239200,138.698140,57.240497,389.289636,161.214847,122.829210,58.167204,109.401645,95.616839,78.780651,510.365712
2012-08-08 13:00:00,20.052707,386.437463,535.520341,89.173907,171.188366,360.157050,720.454359,303.680598,43.870485,351.809208,63.653558,358.939421,522.306564,32.244963,130.488122,66.417673,492.237068,576.010292,364.931412,126.205660,62.765405,371.131793,174.251824,125.178976,61.173506,112.892379,92.572557,78.113718,516.323972
2012-08-08 14:00:00,21.006232,300.970907,540.051004,85.838024,136.981477,381.558219,694.659038,310.940031,41.276442,327.165510,58.278785,370.534338,599.881363,33.211945,114.620581,68.620284,414.709749,575.875631,353.485218,134.410664,56.922777,353.443204,166.687605,120.103276,62.587200,115.716579,82.354969,75.288460,474.704322
2012-08-08 15:00:00,17.954752,304.137639,548.273235,82.667837,112.168767,352.644374,611.068809,384.594845,34.237115,346.911309,47.051677,384.462460,669.328681,34.236074,105.996620,51.121726,264.344805,558.411751,281.541843,112.173081,43.883683,283.213325,140.061896,102.091321,59.126254,97.336293,61.258248,64.572627,378.151133
2012-08-08 16:00:00,14.308110,380.188137,667.358472,75.801293,86.935341,270.603907,459.996967,370.931575,24.619393,346.893678,42.843955,285.861681,486.324618,38.161645,85.026343,34.548374,308.886765,415.631744,217.399138,84.296505,33.577639,206.245256,117.784882,68.159743,56.615419,55.986245,35.259181,57.845269,298.715277
2012-08-08 17:00:00,9.901406,416.644688,625.488465,68.149018,73.456200,195.578118,331.349787,251.984062,12.027652,197.009302,23.549827,148.560511,276.468993,28.306944,54.898418,19.956867,337.931340,268.033821,151.841095,53.959201,23.130110,159.582628,105.704012,42.163284,39.762950,49.684108,12.888228,56.382593,283.768813
2012-08-08 18:00:00,2.286208,415.600348,429.872465,80.947347,75.465745,62.604154,251.156677,182.247556,5.999359,101.460260,7.015566,89.892182,176.512671,16.668759,40.787117,11.513861,325.342930,167.208846,85.007163,42.642298,11.903933,159.879266,61.950309,23.188630,18.991980,52.725863,3.632399,79.261542,349.486707
2012-08-08 19:00:00,0.744651,321.373897,388.124608,82.130692,59.542263,59.080977,253.281427,137.345984,4.447401,78.913536,4.770062,91.142855,272.658429,7.971329,36.027616,8.877793,425.353135,248.988783,121.829573,94.485092,6.199029,215.902533,30.567099,15.224146,25.928013,67.508816,3.402500,62.172224,367.404267
2012-08-08 20:00:00,0.418049,214.597865,433.134016,75.496058,38.783927,94.448259,210.743492,44.109191,5.651906,44.414331,5.565072,116.625335,288.437273,5.256342,72.115479,5.756931,428.716310,298.142603,176.537153,108.725860,3.548720,160.862130,9.273998,25.303095,24.730147,36.519367,5.149730,30.353202,261.219153
2012-08-08 21:00:00,0.463774,112.632505,340.071085,98.088503,25.330424,65.856318,165.425301,24.431738,12.948423,38.030620,4.389839,57.061994,205.966514,1.341709,164.895627,3.817754,450.842461,296.210793,180.324601,89.444821,6.041808,156.930673,5.045055,103.608773,17.388384,68.603849,3.126622,24.668680,190.114733
2012-08-08 22:00:00,0.424581,62.015855,270.926197,83.388237,14.557111,51.763608,143.739295,21.130151,23.418346,31.782732,2.592425,44.555255,151.687290,2.288797,266.893544,3.423859,469.959456,242.334772,153.602052,45.762466,7.748787,138.583872,5.193439,143.783603,9.582932,84.262828,2.620844,26.027245,92.794096
2012-08-08 23:00:00,0.359261,16.732777,158.293958,63.267518,18.393462,35.773802,158.752683,23.639357,29.093415,30.560319,2.246768,28.140161,170.832287,1.389063,286.835251,1.969476,611.920843,131.577693,155.706190,27.681492,6.738075,99.105488,6.974047,139.272745,5.776808,79.882694,3.218581,30.603464,59.976672
2012-08-09 00:00:00,0.685862,9.725927,68.927451,53.033704,21.546626,24.391229,139.012858,25.092055,35.579208,41.290387,3.007213,16.258760,224.690743,1.104937,329.791255,4.302548,630.860829,59.886095,103.523575,22.481212,6.648234,84.198712,8.235311,80.984000,6.762150,42.542052,2.988682,41.007212,52.998254
2012-08-09 01:00:00,0.725054,19.033534,56.098683,30.744805,22.177259,34.283227,92.026512,28.393641,38.266180,40.475445,4.147880,17.196765,308.423810,1.120721,272.195266,4.817642,629.975783,36.919026,84.586335,29.921613,6.243950,63.230939,8.161119,36.016383,4.578941,16.370751,4.597973,35.823214,41.681901
2012-08-09 02:00:00,0.979803,22.798409,76.755175,28.663351,28.483589,50.002019,67.282223,38.034273,51.145112,51.341337,2.938081,27.983827,352.604574,1.026013,229.058522,3.787454,451.019470,29.621079,88.794611,14.960806,5.615063,39.314574,8.086927,44.121831,3.980008,5.639423,3.908277,32.784318,38.664207
2012-08-09 03:00:00,2.462572,16.732777,166.773991,21.898627,19.391964,63.823716,60.887632,34.864750,39.354867,56.910106,3.249172,61.283018,355.970727,1.183861,217.551374,7.029515,344.813943,40.568000,128.352399,18.320987,6.962678,36.529791,11.351374,49.971850,4.231174,11.224093,3.770338,6.864328,34.514877
2012-08-09 04:00:00,0.823035,13.595381,243.964039,12.055086,33.528653,37.535391,64.223940,28.393641,19.526870,74.703003,3.214607,75.040430,595.178006,1.909962,247.072330,16.301204,411.192398,43.787682,83.744680,12.160655,8.669657,39.314574,9.867534,37.989883,2.801462,12.702389,7.724594,5.613019,34.326271
2012-08-09 05:00:00,1.356199,17.298880,653.401395,4.986816,51.209883,45.124203,71.730635,28.108686,9.893324,53.229408,3.058635,451.323992,513.573450,3.277700,324.113462,78.010333,478.297912,34.557926,84.586335,16.880910,5.397153,44.493416,10.470390,28.046292,2.550364,12.771392,16.468506,7.825333,62.453424
2012-08-09 06:00:00,4.130080,35.575835,656.294838,8.187825,42.452279,81.447117,81.604667,73.250056,11.826212,77.774343,7.252624,575.414844,521.956244,7.077807,219.933416,79.329161,356.933704,57.087168,120.187630,17.163029,9.876540,73.276666,32.669017,38.990947,6.384761,25.445010,32.000401,14.816327,83.183491
2012-08-09 07:00:00,5.954720,81.881870,616.285567,22.892579,57.122933,138.517929,151.934805,142.850628,15.417678,121.493349,15.681572,528.523920,494.182254,14.133276,135.992276,40.817247,281.206994,100.395683,202.503313,38.614996,21.197527,131.677653,60.931195,58.641453,14.856682,47.673007,49.951044,30.521881,162.745041
2012-08-09 08:00:00,7.888855,132.287976,653.638262,41.812325,72.625812,133.954718,253.865406,211.791805,25.435436,196.715763,27.960299,510.010985,418.047263,18.907625,93.565841,29.746505,246.675752,199.173063,204.958732,53.692508,32.941607,200.481592,93.694596,87.117723,22.377507,68.999530,56.025483,47.234894,255.951891
2012-08-09 09:00:00,14.132092,164.985347,590.220476,60.073261,90.506694,171.958367,351.984279,284.923531,29.947463,241.829212,37.845081,403.313177,459.862711,24.155639,88.443556,42.536209,268.978548,295.436409,268.825917,79.020997,42.434645,255.304005,125.281383,108.697708,30.332575,84.785780,75.826894,58.663915,329.535041
2012-08-09 10:00:00,12.697107,206.308695,563.722934,69.580396,118.356828,236.183553,427.847563,373.385675,33.516734,290.421755,46.703712,343.744400,493.726118,28.492948,96.396981,55.574653,302.518153,322.665534,319.480898,94.340899,48.709677,308.344617,143.247909,128.653456,35.984320,101.519237,86.972530,67.453895,381.319798
2012-08-09 11:00:00,16.249885,239.531519,578.096368,81.774542,120.059419,257.460592,453.161174,396.074323,39.209536,322.864081,53.568401,396.836098,588.210233,31.171299,96.283004,63.188616,353.418123,392.438657,319.028232,109.943874,54.776155,365.139958,150.175204,140.641228,39.144592,109.069505,100.052088,76.059853,444.087392
2012-08-09 12:00:00,14.954261,238.138484,664.222263,89.440352,187.714535,285.888034,481.186990,379.812088,48.169982,309.646725,60.709541,392.953849,691.233057,32.001736,92.516126,74.456380,362.969950,439.235722,334.382292,121.976954,59.929960,413.728642,167.385933,151.694335,43.617224,117.599381,102.340765,83.744724,520.209938
2012-08-09 13:00:00,13.711216,226.166607,759.009666,86.325915,192.139894,251.224381,488.896370,431.453964,49.446515,298.805856,60.331389,382.342575,904.473914,31.746448,103.423117,68.674541,322.980439,461.678833,357.129889,118.360076,57.289963,456.864817,163.169467,148.044805,41.429162,135.294640,109.147727,71.710145,631.738005
2012-08-09 14:00:00,14.247394,211.209132,872.943640,83.292656,221.535032,209.609507,464.626547,358.057836,54.304118,327.383888,53.501266,317.640979,1000.446574,29.684927,83.474599,66.581645,314.107865,437.768100,356.236522,110.383705,60.193572,433.026752,158.055033,147.362116,32.558227,139.461384,80.233300,59.267677,683.418779
2012-08-09 15:00:00,15.736795,232.434901,930.713078,72.878497,145.702039,165.553363,411.229607,332.472269,33.114224,357.618439,46.148462,309.634920,729.495442,25.434286,163.630699,83.179755,252.822034,395.970041,335.255475,96.313918,52.739448,366.648081,146.060108,134.868279,26.053134,135.909784,60.089877,46.621601,710.666993
2012-08-09 16:00:00,8.198226,240.315316,768.053842,61.034935,161.412814,121.240594,341.948810,290.730172,58.902186,320.572705,37.608562,199.402681,638.661998,15.124525,55.307072,47.670505,206.092585,378.251971,284.572543,74.935939,32.423326,309.386568,107.149489,101.698478,17.029617,105.625802,35.916332,33.697221,665.018834
2012-08-09 17:00:00,4.014833,165.045259,412.640490,45.963427,157.570924,78.356552,237.111128,176.033388,42.262482,176.125351,24.835252,216.896600,582.983925,5.868876,36.885283,15.249238,224.614563,238.975343,156.778972,41.877392,14.411112,206.539034,57.353876,51.971420,6.875686,63.372562,11.809963,18.146400,657.659516
2012-08-09 18:00:00,2.802238,140.137007,230.482961,32.636704,40.202852,49.188978,143.183243,123.743449,12.878932,82.580774,8.277199,92.080861,162.416904,1.168076,7.651350,3.969252,221.261514,152.612952,69.857372,12.960699,8.040770,120.728503,30.789675,19.030183,2.067286,25.952294,4.551993,5.899032,420.591127
2012-08-09 19:00:00,1.724454,57.414341,135.028225,46.442434,10.510549,45.394787,147.353629,90.991715,3.868312,35.585794,4.839193,39.865228,90.675758,1.357494,8.675546,1.787678,300.561641,168.496719,71.119854,21.521160,5.525222,114.503696,20.106029,15.294628,15.243817,8.760268,4.092196,6.542563,203.317146
2012-08-09 20:00:00,1.365193,23.112148,35.442191,39.330801,8.671203,31.573091,173.488046,45.826016,1.389813,18.064544,4.147880,46.743934,91.938066,1.199646,9.940730,3.090563,230.820011,96.590476,41.241099,21.361151,5.615063,108.115077,9.496574,26.994667,22.701502,4.051624,7.218817,7.865376,78.648655
2012-08-09 21:00:00,1.567685,17.569416,92.193184,20.120719,8.618651,67.346893,160.976889,30.110466,1.551958,18.879486,4.631799,80.512128,89.203066,1.183861,43.678966,5.847830,278.789508,88.004656,40.399444,19.921074,4.716653,75.680554,13.799710,62.235746,17.195180,14.892456,9.655743,6.471060,44.699595
2012-08-09 22:00:00,2.638937,23.739627,125.243571,15.090539,7.042068,93.499711,131.228138,18.488882,1.806757,28.387141,6.221820,131.320752,107.927295,0.757671,82.297197,8.908093,306.048926,66.325460,34.087031,23.601272,3.593640,47.996542,11.202990,81.829786,9.254485,15.549476,16.690641,2.752882,42.059113
2012-08-09 23:00:00,4.644268,19.661013,185.038679,12.878994,3.363376,61.655606,105.927797,16.375867,2.270028,31.375261,4.009617,184.943393,109.189602,0.536684,105.672974,6.787118,210.640961,47.436656,35.770341,15.920858,4.536971,41.771734,16.767389,66.958050,4.559621,7.227221,10.483378,2.645627,28.479489
2012-08-10 00:00:00,2.240484,18.196895,300.715032,6.677997,8.986520,69.786016,98.421103,14.659043,5.814050,33.276792,9.263598,173.061991,113.397294,0.378835,51.029082,5.969028,202.144519,43.573037,20.199722,11.040595,6.872837,46.194624,18.473805,53.848369,3.999328,8.924523,14.069797,7.043087,23.387130
2012-08-10 01:00:00,1.469705,17.569416,264.837968,3.165544,6.674199,48.511444,83.685740,13.338408,1.829920,34.499205,20.393742,201.671155,108.558449,0.410405,47.293777,21.391542,227.987864,71.476952,18.937239,8.240444,7.299582,46.194624,20.699564,35.100115,3.574279,9.472040,29.610945,5.648770,20.746648
2012-08-10 02:00:00,3.886553,20.706811,290.278068,2.948726,5.728249,33.741200,97.587026,13.602535,2.432172,27.028905,25.993379,177.908352,76.790375,0.820810,35.545641,32.269111,174.708091,65.037587,19.358067,5.600302,8.849339,42.590788,17.435117,29.109131,2.859423,10.786080,39.128749,4.468964,25.084583
2012-08-10 03:00:00,0.855695,19.347273,318.109973,2.601817,5.570591,69.379496,145.407449,23.111103,1.667775,21.867606,33.079340,146.797841,73.213837,0.947089,19.218745,15.392215,140.368304,47.865947,36.191168,5.360289,15.969239,37.676466,22.109212,22.906701,1.816120,7.500980,56.187228,0.858041,22.066889
2012-08-10 04:00:00,4.134770,17.569416,334.635166,2.168181,6.253777,127.647431,149.299809,54.806330,1.459303,20.509370,34.842189,220.118594,77.421529,0.741886,19.519979,11.665360,137.713166,67.827979,75.328130,11.120599,19.967163,45.211760,21.886636,15.365111,0.714856,8.431758,97.706922,3.432164,28.856701
2012-08-10 05:00:00,1.301308,14.997613,399.358183,2.341635,6.934066,149.916614,97.309000,80.602938,2.218431,18.480641,29.657340,508.664751,144.000251,1.065029,27.428293,34.384525,123.602827,62.247196,120.356676,17.920966,17.124837,39.332178,20.917947,10.343122,1.970468,7.825134,42.623906,6.197845,33.532627
2012-08-10 06:00:00,4.706999,31.877955,376.340995,7.489108,18.530437,167.660275,76.451519,155.162017,7.024051,49.927179,30.339978,602.413024,157.023545,4.570281,32.232738,68.069389,128.950163,57.166405,149.005375,26.301362,21.031103,88.670873,37.525874,24.446981,5.946014,18.444896,31.546742,12.657103,81.828898
2012-08-10 07:00:00,8.743087,71.342585,339.729838,22.712055,38.831753,181.507415,169.614161,189.526071,16.909714,99.764410,43.950412,516.212218,203.295388,11.323272,58.252861,63.597477,164.603627,125.334856,200.364252,41.436688,26.804189,155.752227,64.625470,50.957865,13.953772,44.696739,42.312040,26.527993,156.549870
2012-08-10 08:00:00,8.813344,112.053488,375.843007,33.287103,64.214549,225.870865,324.573331,232.761047,30.979962,158.170283,56.406228,379.150041,271.148609,18.836324,75.202870,54.706322,231.212583,221.455155,216.549946,67.336729,34.130683,231.704967,92.640221,78.821338,21.445286,69.297054,54.718941,43.958710,226.483965
2012-08-10 09:00:00,10.904785,137.783053,403.048247,45.641424,81.753196,237.701939,409.481081,320.858243,37.837294,218.125190,62.204685,379.249235,372.841890,24.007672,94.984481,73.462623,323.092104,301.457419,248.656665,95.952345,41.388543,303.693669,120.342361,101.286408,28.411211,82.165609,64.356747,54.554090,293.206757
2012-08-10 10:00:00,11.898300,170.632878,439.736339,58.761476,109.747639,272.507434,522.431780,427.227564,45.918737,296.156679,74.749154,398.292881,439.413714,27.214709,114.948723,80.530368,469.331608,371.045554,283.186905,115.623592,49.205699,375.228318,149.139829,121.176593,33.083141,94.608032,76.553778,61.828602,387.716999
2012-08-10 11:00:00,12.669402,232.549189,488.760665,66.342575,180.769466,289.022837,580.091060,497.717374,52.829880,369.516801,103.117900,373.745156,522.535740,29.875887,143.705138,80.446171,636.391741,413.571429,309.755780,131.185721,61.802483,434.327067,162.965167,143.263478,35.805232,122.028611,81.874575,66.524600,621.858506
2012-08-10 12:00:00,15.497959,271.727446,644.057241,71.991775,199.678515,297.374331,639.065909,454.760720,75.437632,381.326633,124.114805,380.498790,717.146183,30.719157,172.204630,78.747679,797.101773,431.995743,315.895787,145.588408,75.045771,532.415169,176.172532,174.236575,35.824175,160.592780,83.702760,71.176389,661.621443
2012-08-10 13:00:00,20.661895,317.998959,739.694360,77.041419,214.072173,314.586922,739.401313,469.993266,67.291094,447.259485,121.911489,438.279018,820.028797,31.975157,162.762103,76.381050,641.622463,444.036710,325.363003,165.365526,78.023831,806.020112,205.398168,402.897272,34.406449,284.080808,82.326025,67.056310,644.713505
2012-08-10 14:00:00,19.073815,401.116370,729.339786,98.530944,115.709567,256.892692,941.169910,421.130066,53.175037,457.291667,105.549854,419.995533,718.344035,33.446867,149.107635,63.911089,522.489579,523.945947,360.469112,165.397287,75.979680,827.844885,223.330883,410.253681,37.270618,345.661312,74.415184,72.223742,901.784246
2012-08-10 15:00:00,13.432213,424.904455,713.433974,104.223648,143.374240,168.616870,1001.824539,400.573969,39.975597,356.455076,102.655948,346.789492,736.099726,22.582236,151.074465,43.181233,460.294988,687.247133,428.691765,164.250199,71.695602,836.464434,247.004959,412.291317,41.232787,302.077259,56.249120,93.519413,815.426702
2012-08-10 16:00:00,12.521363,257.929687,783.039528,83.998862,98.907427,141.634802,758.026221,348.316100,42.719450,242.462264,78.974308,204.656995,545.346818,14.146428,110.136204,36.501970,356.092267,705.635942,464.498674,136.716237,46.457880,655.069946,183.322449,419.024255,28.334924,228.909839,37.108793,121.155835,736.508098
2012-08-10 17:00:00,6.672176,154.718199,418.736155,77.134279,111.480625,129.959528,721.929204,250.140887,21.736266,148.895033,47.758343,235.859058,360.561901,5.994615,73.062696,22.631904,293.990686,640.903765,570.450486,92.590798,25.390194,640.413396,87.102688,417.360324,50.798554,232.715099,14.856901,139.803184,784.418334
2012-08-10 18:00:00,3.370524,204.244459,360.075267,78.748174,69.159415,163.556740,521.386872,172.606924,15.589067,143.973060,19.307008,251.698108,213.961128,6.787468,21.387632,7.453710,490.846543,500.553312,638.395377,53.922906,22.258109,514.693292,52.453735,326.191429,33.945991,113.171713,7.218817,88.270973,496.410693
2012-08-10 19:00:00,2.815302,172.556762,699.711478,94.662777,17.552618,203.666761,508.787059,118.592975,21.264136,95.619844,10.819053,110.684634,232.054203,9.660303,22.231088,2.272473,159.131281,380.351830,677.111511,81.364385,19.922243,231.792173,55.866566,253.312877,7.090597,85.357862,5.563547,173.610306,221.611917
2012-08-10 20:00:00,0.535626,131.561459,617.955258,96.484049,4.099114,202.582707,695.898365,88.218382,6.972228,45.772567,6.913133,211.989214,218.589589,17.710556,23.797506,3.060263,97.355066,344.720677,672.482408,103.605584,26.300954,205.746268,34.276698,146.250479,9.370407,97.074720,7.954493,128.992171,215.010710
2012-08-10 21:00:00,1.084316,62.747914,335.070040,96.917685,7.462490,285.106364,842.417917,55.202521,3.914639,39.524680,7.846406,376.296489,133.173446,11.254569,12.290357,22.270232,82.840311,288.698201,632.293378,57.283087,22.168268,90.095898,24.780124,115.167847,14.355077,71.888950,5.655507,47.728533,49.037530
2012-08-10 22:00:00,2.325400,22.275509,184.821242,101.470865,9.617153,159.085015,865.216026,26.280626,7.342844,37.215678,8.883376,329.552554,87.309605,8.729000,14.398997,6.696219,102.488333,184.809778,572.956695,36.161949,29.602611,49.307028,23.147900,63.081532,9.080601,42.761058,5.057770,20.986254,24.895977
2012-08-10 23:00:00,3.795105,10.457986,83.713151,104.593046,3.731245,109.218503,757.342048,19.809517,3.127079,39.253032,10.680790,284.997299,53.648071,8.066038,10.302211,5.150938,101.603287,119.772190,536.134285,27.841501,40.024168,20.476340,26.412347,12.616306,7.902055,17.575288,7.908513,10.832768,44.133777
2012-08-11 00:00:00,5.186426,8.261809,113.936860,105.850591,3.731245,46.614349,751.781534,26.544753,1.204504,29.881201,23.850308,121.471696,42.076918,9.407747,10.422705,3.060263,52.925754,111.186370,566.854695,12.560677,37.463699,21.786826,27.821995,6.554841,4.888068,3.942121,6.023344,24.954694,42.813536
2012-08-11 01:00:00,1.371725,11.085465,165.904244,103.118683,4.939958,34.418734,728.149348,30.638720,1.412976,19.286957,49.428900,61.595686,44.180764,8.839493,11.627642,3.969252,37.348944,140.163513,526.455252,5.200280,29.827214,27.192580,25.744620,4.933751,6.240498,6.241691,4.184155,18.948407,40.738871
2012-08-11 02:00:00,1.469705,10.876305,240.485051,85.296236,8.198229,40.381035,743.996814,31.431100,2.061556,15.755542,72.968117,65.504042,54.279224,6.803253,7.591103,13.089442,25.489326,172.360338,518.669942,6.000323,18.058042,25.226851,16.173853,4.792787,8.926037,10.074308,2.942703,18.912655,38.286995
2012-08-11 03:00:00,1.998799,9.830506,273.535438,58.931156,3.888903,42.549144,773.745565,22.318722,4.586382,17.928721,74.177915,71.913745,52.175378,5.824595,10.784186,10.544273,30.976612,178.155767,609.568691,7.440401,9.231163,27.847823,11.796526,11.347628,10.162545,13.578415,8.782128,4.862233,34.137665
2012-08-11 04:00:00,1.143104,13.490801,327.677190,44.187526,8.828862,37.264377,762.346511,22.582849,10.377269,19.286957,64.292135,85.202155,56.593455,6.755899,13.676035,6.211425,40.712119,154.759407,673.744890,13.200711,5.862126,26.537337,6.603087,18.254879,3.999328,12.209624,12.782364,8.401652,27.913671
2012-08-11 05:00:00,1.771997,15.119197,367.721666,37.336075,10.086717,39.435385,796.265648,23.111103,6.854907,20.653819,66.849994,129.699280,78.359231,6.808056,15.710133,7.730847,41.763551,159.266963,750.756330,19.601056,4.723016,31.140842,10.012450,25.449568,5.361344,12.770857,8.861814,9.159598,37.838053
2012-08-11 06:00:00,3.998195,31.474086,393.221856,41.613623,24.346446,63.456921,820.055280,36.383066,12.316073,44.556505,73.618213,156.739386,130.059082,8.889492,26.187578,15.470703,76.847323,215.967079,815.071141,28.325164,10.320839,67.591760,27.493284,37.107062,8.691712,24.430366,18.143129,13.143731,102.666624
2012-08-11 07:00:00,4.726632,64.745661,494.073518,62.649738,38.942469,104.051520,933.413346,60.220197,15.634086,89.475555,93.544902,196.496606,212.668293,11.152525,47.534009,29.650278,138.503726,265.945035,806.337187,58.674518,20.352485,135.723080,50.704453,66.012815,18.544335,42.111986,36.551018,27.655881,180.738937
2012-08-11 08:00:00,7.080416,91.020749,542.766912,79.926031,59.349807,152.054219,909.298842,135.701233,21.019409,148.140470,109.784930,265.233510,286.668180,19.413653,66.246438,40.307463,212.130300,292.048509,826.329051,116.964662,30.029751,196.396039,88.402683,95.540365,28.184124,59.968025,46.844357,43.599621,245.685175
2012-08-11 09:00:00,10.192375,144.508640,583.567640,93.888627,83.709455,211.656281,859.531889,194.502462,32.111420,201.137093,118.318655,358.730190,356.763250,27.437624,93.386699,50.994143,283.565318,404.582373,741.039695,129.705650,36.641185,248.346219,117.920068,144.268032,39.454446,93.104443,61.261970,55.242728,357.813418
2012-08-11 10:00:00,12.665126,184.740358,828.412047,108.124141,121.296149,279.175401,980.111337,288.453119,41.791148,320.621521,149.857840,400.385846,539.854223,35.385061,110.381524,66.051730,343.609119,573.900533,906.376602,127.112410,50.789655,362.124260,144.109840,199.794498,39.277758,132.408887,81.273472,60.759394,496.342667
2012-08-11 11:00:00,13.278079,266.805843,845.059389,120.031376,152.227088,262.778542,961.838193,367.443189,62.888113,575.702965,155.452494,368.988265,674.233014,41.254862,126.579224,86.587948,387.735550,640.304784,966.533158,138.702306,57.870214,448.372838,159.637711,276.204339,35.727356,173.920247,96.841727,62.009032,568.035149
2012-08-11 12:00:00,13.801840,327.499015,885.863300,136.360918,208.847011,230.919515,1023.762067,465.925657,69.163284,702.379410,150.387035,356.010645,735.728298,39.151814,142.831706,82.537819,467.160062,587.994193,894.670573,132.717854,95.812662,590.110724,201.430424,301.404195,0.000000,202.940966,90.621607,66.938552,909.601201
2012-08-11 13:00:00,16.399392,312.636561,1029.188534,167.638729,0.000000,216.476978,1157.186044,575.292162,0.000000,0.000000,201.596621,367.532015,1072.959381,38.901152,0.000000,76.428878,520.470220,591.194252,820.680088,151.482085,118.909432,623.827382,286.314133,352.010335,0.000000,224.067776,87.177406,0.000000,1280.257305
2012-08-11 14:00:00,15.683682,295.210038,356.829338,200.083653,0.000000,223.708555,1364.266017,0.000000,0.000000,0.000000,232.010044,532.019370,0.000000,42.320915,0.000000,84.504546,536.108912,810.826178,991.014350,221.874946,81.088956,639.399800,364.329932,424.866556,0.000000,272.518118,75.046040,0.000000,1551.401362
2012-08-11 15:00:00,10.241587,0.000000,1502.914212,214.327772,0.000000,176.206542,1497.498674,0.000000,0.000000,0.000000,205.898841,458.394608,0.000000,38.422728,0.000000,56.560140,768.680854,879.882559,1263.312654,307.616016,90.468516,756.213759,283.477284,547.707857,0.000000,335.321193,60.458166,0.000000,1483.872552
2012-08-11 16:00:00,9.080970,0.000000,1502.691764,203.862970,0.000000,171.531022,1599.441033,0.000000,0.000000,0.000000,180.278693,399.058710,984.227279,24.643723,0.000000,36.290233,753.226946,999.044060,1344.409659,401.823357,89.845615,610.961537,267.465378,539.708056,0.000000,365.994242,37.905499,0.000000,1607.965350
2012-08-11 17:00:00,9.098733,0.000000,1726.003010,165.713584,0.000000,217.303771,1542.414231,0.000000,0.000000,0.000000,142.845122,344.328906,0.000000,16.563090,0.000000,13.282024,553.066581,1109.725491,1537.017574,386.580634,54.786384,855.784603,212.156466,377.344459,0.000000,317.174354,24.424392,0.000000,1553.177507
2012-08-11 18:00:00,7.368121,377.219541,386.961034,164.241709,0.000000,297.030965,1383.733985,410.321128,0.000000,0.000000,120.925662,371.293793,1590.507503,10.275911,0.000000,3.696555,764.148765,872.963258,1454.169562,370.499969,85.079432,723.388154,350.557140,225.401943,0.000000,298.670388,13.196182,0.000000,1102.778618
2012-08-11 19:00:00,4.912081,319.596040,1584.026762,151.816025,248.837258,322.506249,1275.581981,260.693243,135.900531,540.985564,111.577963,347.687325,1280.611002,4.325038,206.285213,1.969476,685.910693,738.595174,1254.276481,271.134613,0.000000,605.444433,0.000000,302.579906,17.360320,272.170577,6.437162,0.000000,574.304924
2012-08-11 20:00:00,3.076583,284.561788,1059.786745,137.506031,197.650882,258.953547,1310.891247,289.086884,132.912434,369.847776,90.354646,272.021558,651.561076,2.020456,97.961377,1.939177,405.528103,632.345650,985.367683,122.326593,32.185540,499.950327,58.314902,291.584689,145.193010,321.282830,14.299695,132.960611,427.192333
2012-08-11 21:00:00,4.729184,268.351910,760.158896,113.092315,172.057694,194.858818,1418.209173,253.958007,109.123471,264.312807,62.425589,223.245279,322.729962,1.862608,81.092260,3.969252,152.581940,766.928380,1075.003949,70.003773,14.621624,445.073735,47.408680,197.561490,140.691351,286.077503,7.356756,216.226344,252.166070
2012-08-11 22:00:00,10.085443,149.235455,693.405812,70.205697,72.943213,170.061068,1146.300024,217.640560,41.555404,209.440055,63.082337,211.989214,229.319204,2.130949,71.272023,8.180902,120.720282,743.961311,982.001063,63.283411,12.442979,397.896247,63.805109,170.214413,135.841924,256.183088,10.943175,253.050606,165.595968
2012-08-11 23:00:00,2.351528,103.743217,586.426929,65.522426,30.322935,254.481821,1080.407929,217.904687,27.147677,284.414706,95.366667,162.431264,172.725749,0.741886,86.333735,9.726183,176.655193,559.151534,791.997429,70.083777,11.544569,353.667351,46.221608,168.311394,107.209051,197.379789,38.668951,260.951734,144.283503
2012-08-12 00:00:00,0.901419,79.376111,477.056241,87.898053,36.524159,307.193977,957.520563,249.335787,20.916683,264.720277,104.872225,105.838273,147.479598,0.694532,83.562380,31.360122,254.362236,517.724952,637.132894,92.404980,14.307180,310.748942,15.209357,155.413159,89.067169,152.811925,25.472769,273.893853,182.381892
2012-08-12 01:00:00,0.280877,66.721948,360.292703,95.920322,28.378483,270.471627,813.781268,221.866590,9.149601,232.665898,102.348931,100.210241,107.716910,0.489329,50.848341,47.267431,227.102818,344.506031,609.779104,135.447300,14.419481,238.344602,14.838397,134.268512,81.377639,116.621068,11.954729,227.273623,185.399586
2012-08-12 02:00:00,0.894887,24.367106,299.627849,94.532686,27.327429,269.794093,731.763682,181.455175,3.544023,190.968040,96.887556,121.628030,99.932680,0.599823,26.388120,58.054101,152.581940,223.660614,522.878217,135.447300,12.869724,171.837449,21.738252,93.741271,71.601503,109.010585,12.736385,214.260000,127.686185
2012-08-12 03:00:00,0.633606,32.001436,256.357934,104.896591,15.397955,243.912289,742.884711,183.832317,0.579089,115.450095,78.844280,129.913744,116.553063,0.899734,21.146644,47.994622,143.023443,173.433566,481.847532,98.005282,10.129573,165.285020,26.115579,58.429709,79.967248,98.607767,8.782128,184.729088,74.122113
2012-08-12 04:00:00,0.581350,24.262527,218.089065,119.206585,13.190740,192.148681,792.929340,171.814544,1.204504,85.297247,61.665145,102.711588,123.706139,0.868165,29.761944,74.022009,140.014286,166.350264,486.266222,66.483583,11.387347,136.781954,33.534778,52.156797,78.595498,76.871352,8.000473,178.722800,51.489407
2012-08-12 05:00:00,1.335381,27.494650,224.940675,100.733684,11.725167,184.557184,859.377486,170.361846,2.461479,76.748983,48.115404,122.350225,151.155383,0.796301,37.800547,63.557851,138.229248,176.438603,451.337536,57.283087,7.392244,125.086692,30.130179,61.066322,74.982362,81.465870,9.189347,182.883147,48.277316
2012-08-12 06:00:00,4.134200,37.052359,234.921525,65.033992,19.633275,151.877059,967.885847,149.693319,7.734589,99.458639,36.606284,171.047067,234.954079,4.144499,55.388003,43.348334,144.598617,205.525542,542.930411,63.496763,12.359033,211.965478,39.309847,87.242797,84.618726,71.271895,18.863980,181.580966,88.100405
2012-08-12 07:00:00,5.630157,82.657644,366.525087,57.997629,39.088869,220.315949,912.382587,170.512253,17.660468,149.096258,56.604477,261.257223,352.481259,9.462834,78.158118,41.396810,211.801225,262.853871,626.343994,77.312800,19.926226,224.319646,60.282261,61.544550,100.819222,85.068669,31.395151,196.782503,153.908992
2012-08-12 08:00:00,8.249634,133.550451,465.203140,100.138027,68.497140,291.572027,892.329210,259.919854,28.545946,206.321518,66.844655,367.801183,448.520876,16.174044,81.387821,46.257925,297.251100,405.768687,657.932089,79.890111,27.150780,302.856320,82.547262,83.097583,112.544875,132.155721,43.847912,183.572557,262.654310
2012-08-12 09:00:00,10.343870,180.313412,488.571904,145.697731,89.928981,265.172888,1316.508444,295.561044,39.531676,275.595273,74.009861,410.014800,659.216277,21.200862,111.942266,53.301777,480.325692,520.231216,756.902887,110.275209,36.089976,376.365959,101.812329,121.377806,113.266568,174.156829,55.961787,148.606885,337.445829
2012-08-12 10:00:00,11.342540,207.305598,605.215725,136.283842,101.832748,299.372254,1459.424633,277.642995,49.497094,299.219583,91.477643,430.294341,761.541298,23.439639,123.417421,56.779787,566.687293,602.799338,782.881612,144.503990,48.917508,405.370063,127.525730,114.983605,111.703407,155.478332,69.949478,154.799864,383.562012
2012-08-12 11:00:00,13.301112,243.295300,375.308510,119.213809,114.228926,324.370148,1261.667934,291.887324,57.050431,319.089739,96.394258,443.625210,857.700713,25.063018,126.138872,66.882888,674.081611,636.078381,749.089122,174.156084,0.000000,419.249622,0.000000,126.108228,107.977504,147.339971,77.466404,0.000000,417.140179
2012-08-12 12:00:00,14.717440,262.396194,0.000000,128.750518,122.886891,311.942926,1075.335186,316.502273,0.000000,348.106332,83.503061,467.806149,869.982446,28.208117,125.301386,84.519538,795.829854,601.676534,635.323739,223.442155,70.153763,437.796015,174.107185,144.736964,0.000000,139.656053,77.594612,0.000000,434.974952
2012-08-12 13:00:00,18.865848,257.707031,0.000000,157.375885,0.000000,300.128922,1218.390607,70.334979,0.000000,0.000000,88.918657,486.476408,0.000000,30.538519,0.000000,120.115498,923.037220,733.101593,697.261666,261.289762,73.752308,424.428465,0.000000,138.404685,0.000000,125.584299,85.746110,0.000000,0.000000
2012-08-12 14:00:00,16.490403,246.384017,0.000000,184.547835,0.000000,299.381275,1414.378438,0.000000,0.000000,0.000000,103.920869,464.184712,0.000000,30.778628,0.000000,126.230505,915.152589,1023.770395,921.064774,298.738343,68.476296,405.414987,0.000000,122.623911,0.000000,120.483682,86.599685,0.000000,0.000000
2012-08-12 15:00:00,11.945884,237.124283,0.000000,208.157612,0.000000,252.777989,1367.201293,0.000000,0.000000,0.000000,106.245490,388.016676,0.000000,28.746970,0.000000,115.329761,887.092981,1026.148118,928.039416,288.484378,59.065167,381.826123,221.992570,99.346993,0.000000,110.929609,57.542911,0.000000,0.000000
2012-08-12 16:00:00,9.180386,182.194022,358.503899,197.012922,0.000000,175.247151,1303.925809,0.000000,0.000000,0.000000,99.326915,289.225406,556.823424,22.456673,0.000000,87.105977,823.523692,917.938918,813.204034,317.688652,39.819614,309.898578,160.394485,66.574164,0.000000,80.810227,43.843023,0.000000,497.916260
2012-08-12 17:00:00,7.297062,112.094208,313.965931,192.520408,111.923271,76.342311,1407.182220,257.602242,29.512138,284.096331,67.328839,165.265138,486.770780,0.000000,71.706112,69.513073,751.197450,904.896463,742.383966,288.002865,25.528607,226.207524,121.107470,34.033539,0.000000,44.148229,33.211731,81.776885,400.042960
2012-08-12 18:00:00,4.618140,50.407491,247.877901,187.288154,72.627897,40.245528,1393.742910,228.998016,21.681080,248.693088,38.928239,90.830187,383.110339,3.567367,83.020159,35.026378,689.096859,840.981078,855.752801,247.853359,20.528670,221.308287,101.123679,11.206663,81.223076,29.675408,20.323040,47.371016,300.071965
2012-08-12 19:00:00,5.186426,45.178498,233.092202,155.935569,35.946079,41.058569,1242.218896,245.770074,17.882258,281.290762,32.802815,52.215632,229.108819,1.767899,133.627512,14.665023,441.460973,795.476232,878.056661,181.049758,10.601239,304.524134,40.583017,19.241629,74.151800,37.012132,19.633344,30.817974,239.718082
2012-08-12 20:00:00,4.278475,42.354842,202.651056,125.927946,20.180255,55.286785,1034.255661,358.024003,18.716146,223.701538,27.064915,40.959568,163.048058,1.736329,130.494676,7.484010,216.836284,835.829586,824.821977,128.486925,4.716653,311.567996,23.964012,59.698388,56.454288,63.621447,30.622499,63.352031,236.323176
2012-08-12 21:00:00,4.304603,23.948787,192.431528,120.550857,15.660719,53.660704,889.126237,300.576404,38.428325,152.122479,47.458657,28.921832,153.159982,1.041797,121.216661,3.817754,133.287936,890.134898,867.325558,139.767533,7.614025,256.363782,29.750987,194.530757,52.107192,106.820518,27.449898,93.812488,221.423311
2012-08-12 22:00:00,3.128839,35.138832,147.856994,101.297411,25.067660,34.960761,729.261451,252.109119,52.511762,152.122479,68.370883,34.706199,152.108059,0.584038,117.300616,2.636068,103.550389,558.507597,721.929643,147.127930,12.937105,196.736679,15.654509,248.520091,48.726117,133.813094,22.300168,69.966097,154.468221
2012-08-12 23:00:00,1.188828,87.533339,108.283504,87.160871,35.052682,28.591941,764.570717,229.922460,28.027892,167.742197,101.934143,29.547169,136.539599,0.552468,81.212753,2.363372,94.699928,418.129439,649.968134,97.445252,9.635448,155.128755,8.457887,150.620373,41.712802,101.783364,17.104459,54.128090,94.302943
2012-08-13 00:00:00,0.653202,110.540908,65.013590,89.892779,41.674329,25.339777,897.188983,189.775172,15.728049,164.889901,116.348025,27.514824,83.733067,1.168076,42.835510,1.636180,82.486292,472.005460,728.452470,95.605153,8.310293,142.842951,5.267631,117.141347,51.913988,78.075889,21.564492,45.547679,53.186860
2012-08-13 01:00:00,0.986335,79.480691,48.923270,80.352783,23.280867,15.854299,758.454151,157.947882,4.956999,121.426336,119.182409,32.673854,34.292688,1.057582,35.063666,1.514982,99.656186,535.540528,816.405426,91.204916,8.871799,97.303570,4.822479,96.419593,39.471633,43.363327,35.726249,25.061949,38.286995
2012-08-13 02:00:00,0.947143,71.009722,40.443236,75.886331,13.085634,15.447778,652.804379,124.007576,3.335551,99.287082,106.980730,36.738544,15.568460,0.868165,63.138698,2.120974,82.486292,506.992677,752.439640,80.084316,8.602276,77.810094,5.416015,92.965967,18.006638,19.546348,37.243580,12.334340,32.251607
2012-08-13 03:00:00,0.849163,64.107452,45.879155,60.188701,12.612659,11.382573,564.392202,138.798682,1.714102,73.616414,95.228404,30.954177,16.199613,1.515342,54.101671,2.030076,77.530035,442.384380,644.918204,68.003665,7.187280,55.040403,4.599903,77.036999,17.040617,12.592885,30.070742,8.222893,19.237800
2012-08-13 04:00:00,1.280276,52.708247,50.010454,56.069158,10.668208,10.298519,468.195304,149.231694,1.968902,54.872751,98.373880,31.579514,28.612304,1.404848,46.992543,2.211873,69.387611,383.142222,509.201322,65.923553,9.747749,35.710738,4.525711,44.544724,21.329752,9.253033,16.138885,10.975775,12.447989
2012-08-13 05:00:00,1.420202,43.844138,79.038488,45.965435,8.887062,15.191689,439.558656,129.818368,1.882277,45.755791,100.655214,42.729553,67.911500,2.109315,51.154873,3.332474,55.630426,310.592042,405.046506,58.963178,10.097991,26.827693,7.832044,20.268957,14.747931,4.193451,13.767515,16.041017,14.766801
2012-08-13 06:00:00,3.633199,71.288067,162.492477,34.759924,16.288529,59.130259,401.129299,128.824714,6.626618,67.382839,108.508600,102.033707,129.211377,4.963976,75.181594,9.241242,77.220611,245.444363,335.536204,65.731844,17.814977,53.745353,27.489660,23.423785,16.751472,14.566430,27.511876,18.169029,60.198712
2012-08-13 07:00:00,6.979801,92.817361,246.802710,40.651182,36.757331,127.081023,393.789288,165.111383,16.981355,121.079054,140.035281,154.366284,217.950518,11.908488,71.707627,19.972557,146.618480,290.408781,392.944828,79.406873,27.721297,124.903342,53.305522,46.618909,20.290684,39.240447,50.303825,31.778030,140.572332
2012-08-13 08:00:00,10.566601,131.381130,342.801876,54.188460,62.472717,177.295640,492.038238,207.563655,27.816432,181.672512,162.981367,214.052207,335.398126,18.068100,88.543238,33.103528,206.261326,405.272741,496.070532,105.185312,36.806776,195.892491,79.079136,78.699408,30.254484,64.542484,54.044185,43.770421,229.560887
2012-08-13 09:00:00,12.412894,172.393221,440.124325,84.969357,85.590941,224.235653,791.188788,233.344323,37.229821,236.719665,153.186239,308.259222,519.862548,24.907406,146.855295,45.650962,286.765319,446.957862,475.847936,118.672696,46.131998,273.302723,118.559009,108.079207,34.719067,91.644450,65.774241,56.859763,312.595522
2012-08-13 10:00:00,14.016489,201.843800,491.282811,105.543091,100.421086,283.523001,1098.932544,254.096165,45.129237,275.443148,147.973713,368.259212,736.044244,30.233078,177.767521,55.377547,346.905345,554.062227,656.724726,142.966290,54.230510,356.423809,150.561903,134.469587,36.138385,115.245288,78.155422,65.054289,396.881562
2012-08-13 11:00:00,14.902342,233.511209,497.071060,104.583285,111.291180,327.940785,1007.220925,272.830651,51.215399,318.291574,135.106876,384.349777,727.521982,33.525703,164.730952,61.917364,392.419319,564.727400,622.630447,191.417142,55.799750,433.810031,162.394308,151.242473,37.920597,133.721323,97.628594,69.511427,466.829999
2012-08-13 12:00:00,14.877672,243.968537,486.198160,112.051548,116.188928,347.577249,824.930220,285.688083,52.380058,336.513836,141.342035,369.380165,647.907344,33.141404,143.874485,69.094487,401.862693,486.106483,531.591706,209.636686,60.648061,438.882334,180.221613,164.397552,38.451956,138.465500,108.232886,69.510554,493.561757
2012-08-13 13:00:00,15.411922,233.126168,472.360502,126.473842,108.594890,371.901799,868.692031,276.275820,48.190867,320.348738,154.016310,354.702271,580.707597,32.906956,130.959377,75.017378,380.608492,502.689906,676.529063,212.825743,67.637007,411.273310,201.726726,176.779442,38.127512,141.412348,95.242276,65.025049,453.151793
2012-08-13 14:00:00,17.270444,227.046085,432.879266,137.790367,99.542650,338.706494,1040.664166,246.686972,45.121413,292.141777,138.015450,319.016419,515.789045,31.318903,119.933908,91.149300,339.445386,543.435252,747.872724,237.807266,51.275928,363.384905,186.362098,173.987206,36.271901,133.100600,81.308090,55.864528,399.451232
2012-08-13 15:00:00,17.071292,208.751834,368.450613,146.342209,90.878999,241.075869,1201.543683,220.936901,39.934265,256.521576,99.657869,261.911204,466.348808,24.816652,103.592759,92.506799,295.035215,516.151752,705.841635,229.895962,42.409205,298.007503,171.769728,163.939833,26.494146,111.104180,70.260198,44.938252,352.402021
2012-08-13 16:00:00,12.260984,170.790877,284.787682,121.401548,71.481752,174.120254,1179.661630,182.529660,27.937923,236.931692,69.689144,186.552038,386.194327,16.192065,75.499016,73.320087,234.598236,519.412320,775.459491,279.359983,30.153289,203.609653,127.161652,139.151212,16.759387,90.578988,45.685576,28.795520,255.380409
2012-08-13 17:00:00,11.528591,98.984142,181.363802,117.244741,45.067375,115.389860,979.480472,115.163106,17.417226,146.207280,56.383469,110.848180,380.279914,8.283258,57.631473,42.863878,176.859257,468.788778,716.802066,275.135379,24.898294,99.547998,94.471821,80.810427,6.225075,48.325824,20.972437,10.910309,143.315997
2012-08-13 18:00:00,9.366920,28.445721,204.390550,120.117663,35.367999,80.897576,910.812243,97.198697,15.357432,136.231113,42.565027,59.719675,267.398814,2.746557,42.895757,23.148921,145.855590,423.495576,596.733451,228.972341,19.293356,44.392706,86.136897,55.892352,1.062623,26.226052,6.759020,3.038895,83.929619
2012-08-13 19:00:00,5.160298,14.222860,194.388459,97.351322,48.190869,121.278610,921.377220,124.139640,18.994109,186.757507,38.022230,50.652290,211.015744,2.052025,73.380663,11.513861,129.747752,678.923724,701.519508,220.411880,5.592603,63.886182,30.715483,69.495408,7.612248,25.021516,2.712804,4.397460,117.312861
2012-08-13 20:00:00,3.919213,11.712944,118.937905,63.614427,35.578210,127.918445,913.592500,89.803144,9.636036,202.648873,42.100979,44.555255,142.219983,1.373278,79.284854,7.787006,100.541232,945.942729,820.403288,162.248745,2.695230,55.368024,27.451035,79.080982,30.275109,16.206496,2.896723,13.371140,94.868761
2012-08-13 21:00:00,4.761844,6.588531,104.152206,34.604167,16.186246,96.074340,826.014400,64.579025,12.485152,203.192168,51.330011,61.439352,136.749984,0.915519,89.647312,3.151162,91.513762,917.609523,946.861963,80.644346,2.268485,48.160353,30.270331,87.961734,17.658870,19.820106,2.298986,38.933613,70.915813
2012-08-13 22:00:00,3.573016,12.131263,103.065022,28.229715,11.561604,84.285247,617.495113,92.972666,23.719472,186.350036,62.840377,59.563341,130.017677,1.720544,104.528284,1.666480,102.311324,551.853587,865.221421,72.723920,4.155146,43.737463,27.451035,92.190663,11.978665,24.090737,2.758784,31.211243,52.809648
2012-08-13 23:00:00,2.906750,20.183912,132.636421,26.104898,8.250781,63.010675,421.208959,85.973304,9.543381,130.119049,75.767935,50.183287,119.919217,3.172747,65.187091,1.575581,86.911523,259.721058,633.135033,74.324006,5.547682,47.832731,13.725518,109.035899,4.463019,37.285891,2.207027,22.273316,42.813536
2012-08-14 00:00:00,2.638937,33.674714,159.816015,24.457080,7.830359,58.945470,321.119701,74.747911,9.520218,90.322722,142.237707,37.676549,92.358835,2.872835,35.244407,1.424083,74.166859,179.872931,510.463805,58.323143,5.323080,58.316617,8.977230,94.516574,2.627578,56.065715,2.528885,30.817974,25.650401
2012-08-14 01:00:00,1.802838,72.996739,179.602760,22.722536,13.138187,59.623004,309.164595,43.845064,13.874965,92.495900,173.312239,26.889487,62.063454,2.809696,40.425636,1.393783,82.840311,151.325079,453.020846,30.241630,5.974427,56.678510,6.528895,56.033316,0.637574,49.824024,2.482905,54.020834,13.956836
2012-08-14 02:00:00,0.646670,38.171647,217.871629,25.627898,21.599179,51.086074,297.487515,28.525704,29.927303,104.312557,159.624236,26.264150,54.699994,2.746557,58.439444,2.272473,87.796569,136.299894,378.323958,39.762143,6.041808,59.627103,5.490207,50.888118,1.313789,36.683622,2.528885,61.421438,20.180830
2012-08-14 03:00:00,0.862227,21.543450,254.618440,39.027256,30.060171,72.360646,301.935927,19.941580,41.740712,101.052789,140.889646,59.876010,63.536146,3.630506,60.608331,2.605769,98.594131,125.996910,319.408102,34.801876,6.603314,77.810094,7.419199,59.064049,3.361754,29.127891,3.034662,23.846391,40.173054
2012-08-14 04:00:00,1.254148,10.771725,256.357934,46.095526,17.132196,64.501250,241.604347,16.507931,25.804192,58.132519,135.428272,84.107815,73.634607,7.939759,46.992543,6.453822,126.207568,125.352973,269.119211,23.601272,5.031096,82.888226,7.864351,57.724888,5.931371,24.693006,2.253007,10.975775,37.721177
2012-08-14 05:00:00,0.993082,9.348257,297.339680,44.491072,14.535584,55.747852,197.676284,20.601898,13.911577,46.681154,116.555419,153.031021,129.094070,6.026283,29.475214,22.602450,99.230524,117.196444,265.542177,24.561324,5.575628,96.635295,12.791206,56.025987,4.388285,36.523112,5.785920,14.062348,36.137836
2012-08-14 06:00:00,3.372169,28.144535,453.964854,57.050188,22.139230,93.771903,187.903918,50.287328,14.860523,68.034565,91.377132,291.560034,178.938778,8.369849,25.977744,49.026883,114.253829,115.106011,226.591052,38.298128,13.153433,162.813458,29.211660,76.457994,7.381442,48.947005,15.325857,23.393544,76.888950
2012-08-14 07:00:00,6.946744,71.527442,516.533536,70.455514,42.427564,139.314218,206.097814,113.162342,25.118161,130.147865,64.323778,331.278501,241.687713,12.008815,50.909725,61.945059,203.034392,152.202840,223.819381,54.509600,28.386813,261.079322,60.530310,91.619185,16.056557,63.903803,34.464909,37.862508,145.556766
2012-08-14 08:00:00,8.588329,116.577206,554.012171,78.812561,67.665097,189.595730,283.988603,182.624492,34.511974,207.288396,47.256357,384.457583,305.802314,20.966336,78.506399,56.227584,241.488260,245.021823,250.695662,72.305857,37.182723,282.905821,92.927462,105.055014,23.897066,78.206714,50.521929,53.615689,229.375966
2012-08-14 09:00:00,11.897183,163.546261,606.697115,103.759718,92.376479,239.927279,405.798172,276.789971,43.014791,287.875702,37.718377,388.922301,420.684492,25.920167,106.183962,50.459153,282.563791,346.688304,344.437690,96.938692,43.848873,335.724439,120.866416,137.082885,31.127949,95.762478,72.834273,62.239435,313.503278
2012-08-14 10:00:00,14.062724,196.652537,611.130369,126.747854,136.294698,277.070643,489.646086,374.036408,60.859921,350.551631,69.736709,430.417813,509.885213,29.728526,133.939851,57.753436,323.472810,415.338022,350.066357,119.367335,52.439285,395.118005,150.011443,164.581159,35.318473,108.879039,109.198226,72.994712,362.881567
2012-08-14 11:00:00,16.564270,214.197579,541.682315,132.660375,212.395918,334.974040,568.109322,424.776420,84.617008,404.562334,99.265002,485.572559,561.434432,31.412973,178.898169,68.493378,349.493042,444.848411,352.402162,135.301097,58.857714,459.181488,169.478634,220.867139,37.803946,118.319711,125.289975,73.491543,431.885131
2012-08-14 12:00:00,17.835275,235.564199,520.225723,162.909119,277.498357,418.530857,674.956816,558.236348,103.382423,496.493329,91.804068,484.906843,571.932814,32.709178,212.582927,82.881519,360.358542,473.735233,426.676830,143.686716,58.983745,528.547500,177.859066,237.280333,42.173882,125.354289,137.091823,70.171574,559.396530
2012-08-14 13:00:00,22.583667,278.336265,525.305062,165.295497,333.159197,535.657720,803.091018,699.269510,107.272072,562.755077,94.396310,542.078113,579.526330,0.000000,219.971007,99.555748,361.288055,526.385392,527.753674,158.308626,61.105431,0.000000,186.783383,285.318179,47.743018,147.182899,153.129709,66.168630,710.302560
2012-08-14 14:00:00,23.567496,327.922588,537.660718,209.005737,331.836575,516.072154,948.131830,738.306837,80.900203,516.631149,0.000000,564.690403,553.818005,31.899801,196.737668,105.551776,354.528597,655.317235,651.240551,164.563694,57.199823,0.000000,182.992343,0.000000,0.000000,0.000000,153.882284,0.000000,863.641906
2012-08-14 15:00:00,21.721062,422.202677,556.325073,211.534377,307.271666,482.500931,1010.266762,745.726533,79.535833,607.311106,0.000000,470.793364,450.350329,0.000000,193.982919,102.201646,335.068078,683.772813,829.778141,216.364341,58.169641,0.000000,191.410465,0.000000,55.376864,0.000000,145.693126,57.143881,925.954364
2012-08-14 16:00:00,17.375462,481.536016,581.895358,207.706953,251.332730,462.514538,1031.825034,722.214720,67.052943,579.070403,0.000000,376.631579,399.794744,0.000000,169.147216,65.749365,358.535194,654.232763,952.363262,310.927099,52.085795,0.000000,166.719856,0.000000,55.337723,0.000000,113.525711,74.094733,863.151361
2012-08-14 17:00:00,14.283819,508.698242,582.815326,216.394110,171.902018,498.509751,976.909927,625.135643,49.717265,436.552730,85.089937,311.176907,344.963344,0.000000,134.079722,41.555327,408.765781,665.342646,890.006969,295.590065,41.286864,0.000000,112.065211,0.000000,72.522130,0.000000,72.506793,103.506017,852.214978
2012-08-14 18:00:00,10.954202,614.197494,594.906962,233.984181,169.062188,507.337561,782.086337,657.808027,72.015468,425.535469,92.144026,219.493257,335.353037,0.000000,107.841861,11.574461,403.226983,689.655999,759.804122,254.333708,23.515883,0.000000,82.427298,0.000000,104.909920,0.000000,53.014626,204.571287,952.836938
2012-08-14 19:00:00,14.808095,572.679291,452.703324,260.615342,122.132584,478.474607,677.548668,619.773754,64.394661,485.433695,125.888148,161.962261,246.570740,0.000000,98.744586,7.999104,404.466048,753.835004,709.936059,219.451828,9.927431,0.000000,32.273514,409.571822,73.746071,290.512389,42.945066,168.426308,708.969527
2012-08-14 20:00:00,25.840681,369.062312,424.001673,244.353985,65.007748,485.791976,588.302413,538.290608,38.335671,288.896886,113.098853,176.970347,247.833047,2.572924,90.912496,9.059591,341.804787,723.999280,702.150749,142.727693,8.220452,327.457636,27.599419,343.671004,72.374320,224.208110,32.553647,86.805153,310.068077
2012-08-14 21:00:00,21.993319,266.574053,383.993310,228.396174,39.572219,352.859778,559.665765,604.190267,14.268745,252.088679,166.157147,139.293798,348.817651,0.000000,41.208845,5.756931,274.541287,732.155809,697.942474,136.487356,19.675180,221.704852,33.386394,323.019732,96.988545,193.218662,54.945775,59.526598,127.308973
2012-08-14 22:00:00,12.430439,244.193964,431.394522,215.430452,71.734500,242.150700,498.500107,512.934426,26.522262,299.491130,247.766680,117.250672,406.042259,0.000000,40.305142,2.999664,233.121131,524.808253,503.309737,136.967382,19.225975,0.000000,21.738252,0.000000,91.443582,212.002212,33.059424,54.664365,158.617550
2012-08-14 23:00:00,6.545086,227.356607,549.245244,181.433376,70.893656,175.752355,533.531347,506.991571,35.834008,383.701788,301.447156,133.978434,339.981498,0.000000,40.847364,2.272473,256.663356,383.571513,284.269003,132.167123,21.966126,0.000000,17.583501,0.000000,84.623471,0.000000,22.208209,51.410960,194.264063
2012-08-15 00:00:00,7.002328,220.454336,631.653774,180.869649,68.371124,145.940853,552.715122,667.184531,35.046447,568.829411,289.522002,161.024256,280.653044,0.000000,83.321393,2.181574,310.297147,353.521142,190.845289,76.244109,35.352435,0.000000,23.964012,0.000000,64.085857,0.000000,35.036553,63.244776,258.012853
2012-08-15 01:00:00,6.610407,233.735978,763.420448,162.396748,77.252538,137.945950,524.356499,646.450570,53.855247,585.399895,0.000000,170.560644,201.969207,0.000000,138.146026,2.151274,354.903468,401.816380,229.351009,106.245726,40.091548,0.000000,21.515676,0.000000,41.577559,0.000000,44.370438,47.442520,253.297705
2012-08-15 02:00:00,4.056386,183.433067,711.453063,134.297124,159.234824,127.376418,511.011265,575.268373,92.492044,514.771602,244.517507,165.401614,225.742665,0.000000,173.450680,7.302212,376.498592,433.583915,198.420185,98.485308,31.736335,0.000000,20.625372,0.000000,47.315726,0.000000,49.474187,37.324786,275.930412
2012-08-15 03:00:00,3.318267,111.795866,586.426929,90.846779,191.502211,106.372859,491.827490,521.914740,86.307377,471.715507,262.215127,116.312666,299.377272,0.000000,178.933143,16.089106,368.533178,434.657142,0.000000,111.205994,28.906343,829.537502,15.580317,521.497490,45.886015,336.503796,53.566383,37.253282,333.077995
2012-08-15 04:00:00,0.000000,74.565437,471.185449,68.210970,212.943732,0.000000,472.643716,547.667112,69.282170,423.090644,302.034772,0.000000,382.899955,0.000000,181.644252,0.000000,357.735616,407.826455,142.660536,74.083993,40.171209,0.000000,13.577134,517.902900,36.129199,308.361435,0.000000,37.074524,387.773702
2012-08-15 05:00:00,6.391974,64.791563,516.079993,46.876071,168.909407,51.543597,409.809904,549.780127,50.332319,322.763132,318.107806,118.554346,444.740398,67.970547,109.201977,46.907684,375.039656,324.114709,154.233293,62.163350,64.949357,631.748457,19.876360,485.669289,26.600494,224.994845,66.261539,30.960757,326.152356
2012-08-15 06:00:00,5.095023,113.614447,563.446916,37.786943,128.205197,63.471417,356.148165,512.128959,35.259736,309.452984,311.852117,164.330612,401.985790,53.467578,85.331276,63.167107,335.839716,278.668580,135.516536,46.238368,59.189315,526.225432,0.000000,512.303528,43.963208,261.903091,68.102362,27.296293,340.225674
2012-08-15 07:00:00,7.096028,71.288140,633.747879,34.856426,98.756921,119.367442,358.353242,447.422663,41.829052,275.571668,314.111474,253.384768,415.481829,18.856338,129.970913,64.931127,370.047339,240.262615,160.250937,58.813616,0.000000,843.629341,0.000000,403.758151,23.979361,417.369804,87.939796,34.979293,376.687159
2012-08-15 08:00:00,10.459126,83.544563,0.000000,48.524585,149.005784,193.689281,265.751810,317.306070,67.315663,161.594022,326.122956,385.665466,553.225897,4.925411,140.008300,76.480258,399.333291,323.233664,196.133090,62.881990,0.000000,1013.423785,0.000000,455.886815,0.000000,390.575335,119.104110,0.000000,439.110841
2012-08-15 09:00:00,0.000000,48.751801,0.000000,71.492559,116.868109,0.000000,221.239330,353.700562,71.406689,176.612534,351.832042,0.000000,755.772969,13.322093,160.836474,106.370458,548.349606,310.848934,271.993860,89.042203,0.000000,1157.059614,0.000000,473.922675,32.707559,359.769934,0.000000,0.000000,468.149169
2012-08-15 10:00:00,0.000000,68.175266,0.000000,81.721752,104.932766,0.000000,169.711406,372.281142,61.785555,244.404455,348.532922,0.000000,792.318376,29.551566,171.981511,0.000000,710.063767,296.220237,330.355617,118.438801,0.000000,1034.759880,0.000000,511.262137,32.076671,281.001493,0.000000,0.000000,0.000000
2012-08-15 11:00:00,0.000000,83.123033,0.000000,92.335590,171.051822,0.000000,137.879847,312.164536,74.888330,174.666739,351.441568,0.000000,950.008897,30.127662,268.463370,0.000000,0.000000,266.899180,364.731872,129.633248,0.000000,959.524122,0.000000,553.705431,36.998108,312.336989,0.000000,0.000000,0.000000
2012-08-15 12:00:00,0.000000,136.637050,0.000000,96.182635,293.050696,0.000000,131.274546,256.196270,114.260638,133.537294,352.408756,0.000000,0.000000,35.101033,393.899246,0.000000,0.000000,251.633288,360.622233,128.317373,0.000000,1143.884239,0.000000,579.651033,116.410092,340.728771,0.000000,0.000000,0.000000
2012-08-15 13:00:00,0.000000,264.976240,0.000000,91.939822,320.104546,0.000000,140.606364,388.042869,81.033703,241.119573,348.934353,0.000000,0.000000,36.503778,328.758318,0.000000,0.000000,309.025277,412.723517,135.358281,0.000000,1139.504445,0.000000,575.693015,0.000000,366.161249,0.000000,0.000000,0.000000
2012-08-15 14:00:00,0.000000,301.695010,0.000000,91.157416,251.888956,0.000000,153.135609,482.909767,83.947915,331.489592,339.597336,0.000000,0.000000,48.320266,227.109353,0.000000,0.000000,342.445270,478.472918,129.429406,0.000000,1099.350584,0.000000,544.461400,51.883397,389.673024,0.000000,0.000000,0.000000
2012-08-15 15:00:00,17.806936,6.655573,0.000000,81.061577,0.000000,215.401083,169.507983,258.264916,0.000000,0.000000,316.370858,388.354638,0.000000,68.625479,0.000000,139.520795,573.517644,302.512065,498.917965,119.328093,82.749619,1002.252776,14.804737,510.564350,0.000000,313.335204,223.832252,0.000000,0.000000
2012-08-15 16:00:00,12.313760,253.997106,0.000000,60.290164,229.707219,166.631300,150.678096,377.054969,75.058397,391.654061,293.191195,330.829688,618.691175,65.465697,142.953794,138.094153,494.487780,262.431620,516.712288,124.052613,71.012185,830.460477,0.000000,398.102908,0.000000,266.759639,203.529348,0.000000,526.363107
2012-08-15 17:00:00,8.662806,213.731524,590.896902,42.989283,216.657302,106.312298,123.229411,260.520079,80.716492,374.365596,250.212130,241.310846,493.246162,56.113798,110.044256,133.412931,402.040296,185.923151,542.490597,127.965913,48.440070,697.232055,228.866801,318.819282,9.328531,192.603785,134.663857,179.555892,431.041449
2012-08-15 18:00:00,3.377056,220.977236,534.024671,34.535749,222.823648,80.220042,86.465997,166.003752,68.332464,251.681208,195.943469,169.309970,304.005733,25.271480,51.872538,105.291232,375.436537,111.186370,360.017960,112.886084,25.425004,521.900964,222.279194,256.907467,2.840103,160.039147,60.509322,98.853479,447.373163
2012-08-15 19:00:00,1.626474,178.622394,541.852394,50.215069,151.194254,102.172148,74.788917,121.630434,29.278724,214.465530,111.543398,129.913744,207.859975,18.278810,66.271535,54.963538,260.026531,107.966688,304.889552,96.325192,10.084653,302.394595,90.069072,170.919234,1.294469,95.870183,24.369256,80.405597,441.337774
2012-08-15 20:00:00,1.064720,116.083640,373.773782,58.150611,77.199986,167.215425,77.291149,57.711726,21.449445,116.129214,111.474266,97.239890,131.700754,12.485784,71.272023,30.511733,181.257432,82.638518,254.390247,81.284381,6.985138,175.441285,60.763238,121.370277,1.371750,64.168963,29.840843,72.826234,216.708163
2012-08-15 21:00:00,2.658533,88.683718,229.178340,60.275428,45.090257,182.663203,75.622995,20.073644,25.896846,54.601104,124.298128,95.207545,95.935373,6.487557,58.800925,15.240717,92.929836,52.802794,155.495776,47.762574,5.884586,107.787456,31.457403,87.820769,2.144567,46.757931,26.714222,35.644455,102.224390
2012-08-15 22:00:00,12.391246,68.186066,105.021953,59.581611,31.216332,153.529235,77.013123,16.639994,20.546066,37.351501,151.674134,142.733151,71.741145,4.072481,60.728824,20.058359,31.861658,44.216973,91.319576,40.482182,12.690042,57.497564,27.970379,66.464675,2.221849,14.399691,47.818917,16.231277,64.691819
2012-08-15 23:00:00,38.055563,55.009004,55.228936,41.021982,12.349896,165.860356,75.066943,15.583487,18.646655,29.473730,163.910379,153.676547,52.175378,2.888620,30.063178,8.817194,26.020354,24.898878,71.540682,36.561971,21.719063,58.644239,18.547997,39.188080,2.550296,4.708644,29.932803,7.400604,48.094501
2012-08-16 00:00:00,20.464826,29.177780,36.746812,26.711988,8.250781,173.584246,99.811232,11.093329,20.059632,21.731783,199.340184,129.913744,33.661534,2.351937,12.832579,5.272137,25.843345,35.845799,98.052817,25.681384,24.818578,62.903318,19.289917,16.281379,3.226511,4.325382,13.885878,4.790729,51.112195
2012-08-16 01:00:00,4.382987,10.876305,25.874974,23.112808,3.941456,150.548085,125.945649,11.489520,3.984130,12.088304,196.574931,119.439351,17.672306,2.225658,5.422216,2.848166,15.576811,34.772571,113.413022,14.720793,15.340352,44.884138,18.251229,4.017483,2.994666,3.066094,10.253479,9.581458,37.909783
2012-08-16 02:00:00,2.135971,11.399204,29.136525,18.863174,2.890401,117.484419,155.694401,10.433012,2.710135,13.582364,163.219065,73.008085,17.672306,2.099380,7.410363,3.454158,12.213636,24.469587,102.471506,20.561108,11.454728,36.529791,11.128798,3.453626,2.337772,3.887369,8.322331,18.269124,16.785924
2012-08-16 03:00:00,0.679330,13.490801,35.659628,12.185177,3.626140,88.079438,164.869249,15.715550,2.710135,13.446541,124.954875,59.876010,24.404612,2.620278,8.916534,3.848054,13.629709,18.030222,104.996471,19.441048,13.386310,45.211760,10.461070,5.850019,1.816120,5.639423,10.299459,15.301732,13.579624
2012-08-16 04:00:00,0.463774,11.190045,39.790926,8.108996,5.097616,83.336699,133.174318,18.885073,2.617481,19.422781,115.483883,96.145551,32.609612,2.730772,11.567395,4.575245,13.098682,19.318095,113.623436,7.760418,12.869724,60.937589,6.528895,5.709055,2.550296,10.402818,9.747702,7.007335,12.636594
2012-08-16 05:00:00,0.619822,8.211818,49.748862,3.555817,7.326543,102.651253,130.116035,29.318085,2.124985,34.770852,126.441199,140.874891,37.258627,2.577572,12.374610,7.558311,15.326429,15.669122,123.092055,7.200388,11.969057,69.414480,9.661630,4.102524,2.243529,11.592492,10.947926,7.465546,17.841222
2012-08-16 06:00:00,2.400675,29.590116,93.628299,6.983077,16.452935,143.822026,143.562459,48.702106,5.918941,55.367612,138.114426,208.154784,71.038497,6.981325,21.989596,14.393512,60.143113,37.727881,92.862342,16.054612,18.963334,113.563702,29.679126,17.936259,6.180057,23.607754,20.428681,15.949279,65.599579
2012-08-16 07:00:00,5.308050,77.961913,180.767334,21.620337,39.518789,185.868759,230.603764,88.683049,15.308116,106.377116,152.273184,263.748844,164.534707,16.721445,54.181175,23.110039,144.791444,116.239459,126.717477,35.419275,38.128136,210.748163,64.198283,51.972700,13.928263,51.079188,39.443691,29.634724,146.932813
2012-08-16 08:00:00,7.819223,127.022785,270.103042,40.489533,63.952739,187.860340,319.522154,150.412714,26.254453,173.213818,133.270736,284.419016,257.331055,26.922409,75.241507,35.284426,219.468586,212.520330,191.773098,62.948888,47.849007,285.037533,97.347244,85.323600,22.400346,72.322839,56.709619,44.847563,229.026657
2012-08-16 09:00:00,10.232858,181.671052,351.011975,57.229533,93.131361,226.553978,433.151435,216.015533,34.701713,245.328780,137.806589,320.936008,373.862102,29.451074,98.790249,48.902390,295.905937,305.757369,253.393633,89.499511,60.720252,372.314474,137.437893,112.809086,29.705653,91.547058,69.153578,55.982362,327.998950
2012-08-16 10:00:00,12.096289,231.834865,416.155301,71.399707,135.155628,267.548549,552.415097,283.999365,42.607870,298.948220,182.792423,354.808804,488.028119,35.136558,119.002836,71.457393,362.210157,376.336050,306.071433,111.699032,66.610905,524.594549,179.631908,151.161366,38.011145,114.703731,87.740633,65.599571,466.589665
2012-08-16 11:00:00,13.007782,254.864765,508.432851,81.008058,165.084766,293.100068,610.893880,306.246574,49.132329,348.258837,233.389281,371.927504,571.941329,46.002984,128.373975,81.520889,397.958979,418.553063,333.076786,118.772535,65.650976,617.139493,195.883629,184.172298,48.752345,131.207636,96.896857,71.017989,618.490847
2012-08-16 12:00:00,14.618557,270.130578,576.395114,83.283369,191.909148,307.994867,615.007489,302.116574,53.687417,353.990443,258.708809,364.304534,642.465679,46.656197,137.588422,87.304821,420.357129,427.366860,340.041682,119.282799,66.068113,608.416830,214.152824,212.296204,54.110198,143.631567,96.837674,70.170002,665.170344
2012-08-16 13:00:00,14.878748,265.259842,627.939459,83.052854,208.110136,321.550275,629.190834,309.342830,52.678598,348.534655,253.675332,374.638237,691.846009,42.238290,146.803205,90.675248,407.214842,410.041537,357.582303,119.037116,62.412546,663.267472,211.863537,224.937447,46.721516,159.025919,96.132915,68.671075,642.571856
2012-08-16 14:00:00,15.102578,240.613369,604.445666,77.867995,180.220432,342.426060,634.007230,304.732865,46.667827,319.452282,242.899960,354.685638,648.457156,33.715264,134.513435,82.963176,383.495604,396.524859,350.690326,109.290570,56.717531,589.498573,206.584307,219.877289,40.767494,152.758591,91.158406,64.284717,533.401554
2012-08-16 15:00:00,10.804416,279.060075,596.556942,72.940937,176.432488,406.137358,618.818613,306.296059,38.791864,357.369066,235.982604,347.355250,520.269805,24.365050,113.825894,87.620671,420.862824,331.509137,325.651616,92.219555,43.590273,506.265802,173.836853,250.310628,31.978505,168.706687,64.740313,68.023503,413.615752
2012-08-16 16:00:00,9.021621,258.766327,648.432068,66.228212,181.463540,417.488046,560.567934,250.889773,25.642129,296.585473,219.619027,331.940712,435.672290,20.989259,83.559355,72.286939,508.415057,232.431283,280.994117,65.986633,24.908452,414.103231,107.634559,212.985232,23.235276,128.769752,43.791952,72.062699,405.671265
2012-08-16 17:00:00,4.514876,173.657370,636.910040,72.865412,110.140401,284.765233,408.149685,116.365409,11.739555,129.491019,180.640637,213.738171,329.698643,24.035187,32.832684,37.690865,472.893760,118.446127,229.047299,45.185551,14.453399,205.468263,79.615200,99.344825,26.460910,47.966060,17.047018,56.645753,323.976482
2012-08-16 18:00:00,1.423981,50.093751,489.885009,73.457968,88.551379,214.236294,399.522953,46.750460,2.918607,54.193633,121.221784,151.956870,186.190363,15.911088,12.290357,17.452590,391.721384,46.148783,166.016464,25.441371,8.377674,72.731961,69.814660,35.945901,70.616161,12.209624,6.115304,89.021759,185.022375
2012-08-16 19:00:00,0.868759,25.099165,252.878946,82.043964,45.615785,151.903153,479.316333,35.789194,3.752495,44.142684,78.429492,119.126682,124.968447,8.176531,6.627153,7.332512,416.679683,65.252233,204.943012,26.881449,5.008636,24.571608,35.463770,15.506075,42.060570,6.953463,4.092196,100.962830,162.766880
2012-08-16 20:00:00,0.751183,19.556433,124.808697,78.314693,13.033081,97.022888,488.213156,26.676816,3.914639,46.723333,55.132234,61.283018,136.118830,4.356607,2.711108,4.666144,367.648132,100.024804,279.429486,31.041673,2.942293,14.087722,13.873902,7.259662,27.608890,2.518577,2.804763,91.989151,105.996508
2012-08-16 21:00:00,0.901419,16.837357,85.452645,61.186064,3.153165,67.075879,371.164330,27.733324,3.729331,34.227558,37.711139,38.614555,193.343439,2.367721,7.109128,2.302772,411.192398,117.840381,273.537900,56.803062,3.571180,16.217262,7.567583,3.101215,25.058594,2.190067,2.436926,65.711644,43.002142
2012-08-16 22:00:00,0.711990,14.745760,104.152206,57.239975,3.941456,48.240430,273.299278,25.752372,3.544023,29.473730,35.084149,25.013477,207.018437,1.546911,34.159964,1.605881,470.490483,85.214264,257.125626,50.642729,3.436418,19.493476,3.709599,1.762054,17.929356,4.161127,2.574865,34.857918,19.237800
2012-08-16 23:00:00,0.333133,13.072482,122.199456,48.176979,6.306330,33.876707,271.353098,24.827928,6.972228,22.546725,45.039060,28.609164,207.439206,1.878392,64.946104,1.575581,431.017429,63.105778,292.895967,30.001617,2.987213,21.786826,5.564399,1.691572,19.494311,3.668362,2.804763,14.586698,20.369436
2012-08-17 00:00:00,0.418049,10.771725,127.852812,33.259895,12.244790,20.597038,253.837478,25.224118,15.172123,29.337907,46.732778,42.210242,256.458816,1.862608,94.165826,1.545281,397.385679,77.916317,295.841760,24.481319,4.177607,40.461249,8.161119,2.819286,22.856065,4.106376,2.896723,19.341675,28.479489
2012-08-17 01:00:00,0.404985,16.628197,101.108091,23.069445,15.713271,13.550683,221.586495,25.092055,22.653949,28.930436,41.064009,49.557951,255.827662,2.778126,119.288762,1.878577,475.800760,67.613333,287.425209,17.440940,4.626812,63.886182,5.564399,1.832536,21.716160,7.008214,2.574865,37.789558,34.137665
2012-08-17 02:00:00,0.496434,21.020551,99.586034,18.906537,13.506056,13.008655,228.815164,29.846339,23.649982,33.412616,41.340534,50.495956,260.245738,4.924861,134.531215,1.727079,487.306358,47.222011,273.537900,12.400668,4.492050,100.088352,7.790159,2.255429,22.952668,11.771610,2.253007,29.995685,40.927477
2012-08-17 03:00:00,0.411517,18.406055,110.892745,12.835631,10.930971,10.298519,244.940655,32.487608,15.681721,37.758972,46.006899,57.374662,234.789203,6.566481,155.135638,3.817754,495.802801,31.767534,245.763283,10.160548,4.334828,127.444743,6.380511,4.792787,13.756144,17.903798,2.528885,22.166060,43.190748
2012-08-17 04:00:00,0.339665,17.569416,131.766674,10.754177,11.456499,8.130410,277.469664,37.373955,8.431531,47.538275,42.792292,67.223718,173.356902,6.424418,155.738106,4.090451,412.077444,29.406434,231.244733,13.040703,4.649272,128.099986,9.496574,7.259662,9.428368,20.203368,3.862297,18.733896,40.927477
2012-08-17 05:00:00,0.870163,27.087204,166.184651,9.886905,12.099784,12.615986,301.379875,53.221569,7.564426,68.319292,33.770654,89.405681,143.501817,6.286463,233.249357,4.114153,219.919431,24.040296,192.739013,8.000431,5.440208,106.106481,11.107467,6.051038,6.912412,18.864493,8.123126,18.750936,37.517567
2012-08-17 06:00:00,2.767467,49.962096,254.963185,12.239470,21.637027,50.149657,285.051177,87.588478,8.385350,107.145802,31.659528,157.912299,175.773760,9.650985,241.730331,11.388921,85.356982,43.094018,185.808223,14.544264,12.680451,126.139290,28.355009,21.785382,9.009603,27.044462,19.942708,30.160322,75.275205
2012-08-17 07:00:00,5.516819,93.936431,314.162128,24.214565,41.381203,112.643748,317.912123,156.204058,15.944491,160.314836,38.824836,228.982102,245.044617,19.092141,172.808399,23.232718,185.801995,122.079224,195.038238,34.533090,24.799051,223.284312,59.301974,51.246434,19.912756,63.116265,43.523610,37.180256,160.944532
2012-08-17 08:00:00,8.738761,177.954853,341.346279,43.867035,64.699406,206.056803,378.334005,243.686740,26.365033,233.218106,49.397872,247.258019,323.423969,28.319987,128.857966,36.973868,338.226449,224.839604,210.133305,64.732332,37.288958,338.071396,90.830413,89.453717,27.173273,114.878225,62.997723,51.216831,243.562472
2012-08-17 09:00:00,13.043783,177.104715,389.024867,60.734877,83.084031,270.766356,427.610005,317.265344,35.000802,314.338753,58.790215,302.827878,438.182969,27.971322,117.924236,46.946171,441.011367,315.988455,250.722244,90.393986,49.020279,353.719612,118.494551,108.923025,41.410623,102.442527,77.654153,71.323213,315.513187
2012-08-17 10:00:00,15.697781,247.520821,519.928168,71.638928,105.142434,311.161239,528.787682,462.088536,44.198315,389.585526,68.425250,354.066420,663.798057,30.321001,222.823419,56.377541,537.522031,421.329222,312.803834,109.973178,59.948015,399.173262,144.323615,128.246844,53.514756,108.775305,99.356247,108.075622,361.601731
2012-08-17 11:00:00,15.528080,313.215946,638.083120,80.454688,134.815814,360.924993,598.141868,625.258132,50.680100,380.943522,80.156973,398.547647,688.800498,31.720320,228.750692,60.813975,587.026062,504.609133,383.495612,121.419343,72.512152,496.212771,176.662209,144.512484,52.623010,120.113678,109.518814,105.350958,434.863471
2012-08-17 12:00:00,14.574341,320.210901,691.637960,89.754021,167.173270,360.856703,608.221102,699.157445,54.190791,384.013818,92.598587,391.857299,672.085714,38.147436,169.932235,60.596803,550.742879,634.770586,446.224069,126.253314,79.754431,550.100669,195.550516,152.253963,68.218060,136.183352,100.010044,101.130684,542.976367
2012-08-17 13:00:00,19.450644,344.515536,717.332367,95.011894,206.621716,427.904773,668.378147,609.694367,51.939126,378.093595,119.747392,423.593986,662.386293,34.971164,141.355889,64.483064,731.521779,739.406148,467.055585,141.981670,80.382894,548.682727,203.664520,185.020788,84.921263,145.684468,94.509263,107.309717,540.491189
2012-08-17 14:00:00,19.098275,379.252395,750.307794,97.637866,192.700371,422.290906,819.740465,522.571382,45.035225,329.441812,115.472619,380.706271,634.089048,33.237225,113.154393,66.942112,905.330739,670.798523,463.769143,158.002304,72.709261,463.585854,197.227781,191.747776,81.192892,137.402102,78.835144,107.124273,561.048569
2012-08-17 15:00:00,14.194791,401.010550,747.292507,87.073539,189.870259,395.083136,901.115428,545.908087,38.885456,326.094938,90.284024,317.961723,623.996895,27.160217,105.324109,63.640508,838.558981,587.574930,514.644536,187.048705,60.077007,342.287724,152.142867,178.837686,69.326334,124.286764,63.229584,114.570134,550.218138
2012-08-17 16:00:00,11.191378,252.145320,720.803759,68.323154,148.713093,390.895099,878.955349,435.109249,25.242320,274.008039,62.756590,255.336940,643.609195,15.750575,117.865038,42.755980,678.751650,491.539111,476.066403,245.532993,45.188523,232.774819,111.823326,113.722843,64.567103,87.759754,35.390633,146.318128,535.920016
2012-08-17 17:00:00,6.447133,164.434784,784.431850,51.826949,75.488741,323.186895,814.382426,265.285515,12.545494,160.929880,37.143367,176.340387,585.737717,6.292599,96.628800,22.909422,431.310431,327.471751,295.190993,185.721670,26.218041,104.139728,69.176806,41.896013,64.769892,37.194307,10.372429,190.536607,447.443712
2012-08-17 18:00:00,2.031459,90.043256,651.875392,52.383250,29.955066,312.478744,878.283234,202.717390,6.601611,76.061239,14.241054,158.679242,497.349172,2.004671,126.819618,13.786334,308.704064,270.024042,229.561423,99.365356,8.175531,35.383116,35.612154,9.585574,76.373649,7.227221,5.379628,166.066695,289.321430
2012-08-17 19:00:00,1.619942,50.616650,434.003763,63.701154,17.973040,287.409980,745.108917,157.155501,20.661884,76.604534,6.325517,142.889485,438.651871,1.452202,134.290228,8.908093,326.050967,351.374687,356.440926,93.925062,3.840703,23.424933,30.938059,4.863269,98.476217,4.434886,3.908277,170.392652,175.780686
2012-08-17 20:00:00,2.273144,23.216728,343.984947,59.798429,34.842471,262.612231,544.930402,108.556153,55.870476,102.139378,5.253981,110.215631,513.338401,1.073367,66.693263,4.817642,363.045892,355.452952,348.024375,113.766132,2.874912,11.794372,22.109212,4.299412,98.495538,3.832617,4.873851,167.246501,106.373720
2012-08-17 21:00:00,3.168031,16.000718,368.120427,45.401708,68.476230,273.046257,409.531878,60.881249,48.689776,94.533255,6.118123,90.986521,706.471455,1.736329,42.052301,2.939065,551.914721,284.619936,218.409493,88.084748,2.695230,9.173400,11.796526,4.933751,81.300358,2.956590,3.954257,160.596683,48.660319
2012-08-17 22:00:00,2.116375,17.046517,498.365043,30.094351,53.341038,273.994805,336.133090,31.299037,28.004729,76.876181,12.374508,135.072774,503.450325,1.594266,110.191488,5.241837,662.722487,301.362285,177.378808,66.803601,4.267448,10.483886,6.677279,6.131948,77.339670,3.777866,2.436926,127.776613,33.006030
2012-08-17 23:00:00,1.476237,9.412187,476.621367,16.564902,39.256902,257.598479,284.142281,21.658405,73.289463,45.229273,18.077842,155.708892,432.550718,1.499557,141.580097,8.726295,513.326712,288.054264,154.022879,37.202005,5.547682,21.131583,9.273998,8.246413,56.782736,8.158000,2.069088,101.499106,34.326271
2012-08-18 00:00:00,1.685262,6.693111,429.220155,15.827720,81.036336,196.078379,216.860058,18.753009,108.521219,40.611269,26.753824,165.401614,569.721471,1.262785,137.302570,3.029964,392.075403,145.744296,166.016464,36.481966,4.379749,43.573652,12.019102,14.589807,44.321060,15.385221,3.448480,96.815632,52.432436
2012-08-18 01:00:00,1.103912,4.810673,590.775664,14.526812,143.101131,197.568954,220.752418,24.167611,125.083155,41.969505,25.924248,215.584902,516.914939,0.883949,227.733091,4.999440,291.888189,109.039915,209.992942,35.681923,5.368000,48.324163,7.270815,14.801253,34.486963,14.563946,3.770338,67.248967,102.601602
2012-08-18 02:00:00,6.153165,8.261809,643.830232,8.455905,109.572478,259.224560,214.913878,38.034273,111.254517,50.662218,19.460469,271.083553,315.156116,0.599823,192.247697,2.333072,151.165866,88.863238,208.309632,29.521591,7.950929,54.385160,5.490207,12.898235,27.724813,13.852174,7.126858,63.244776,154.468221
2012-08-18 03:00:00,9.445304,9.621347,572.293540,7.285088,63.588824,210.306596,245.774732,48.731412,44.566665,40.203798,26.027945,221.369268,287.595735,0.931304,184.656594,2.666368,51.155662,88.219301,239.030042,14.160763,7.838628,63.067128,5.119247,14.801253,18.624892,12.811892,12.460506,46.012451,153.336586
2012-08-18 04:00:00,6.708387,10.457986,497.495296,4.813362,47.928105,161.795152,215.469929,63.786645,10.886867,39.253032,29.864734,171.967652,276.234967,2.304582,110.974697,2.454270,72.396767,70.618370,204.311770,10.960591,7.074979,49.634649,4.896671,13.814503,20.421692,9.800550,13.288141,36.359489,117.124255
2012-08-18 05:00:00,1.379597,14.711240,433.811818,4.076180,43.201952,96.451547,139.012858,87.822192,15.833699,62.207228,30.002996,162.270079,250.305691,2.411099,52.859905,2.407077,67.395053,32.411471,209.782528,4.160224,11.796240,46.970010,7.718763,12.569777,18.462697,6.827224,14.855508,43.341951,63.103871
2012-08-18 06:00:00,3.549090,37.829301,460.467776,7.738607,31.944113,79.278256,145.048531,127.581584,13.511461,93.244968,27.311025,218.073804,216.756325,4.825349,37.289942,9.110930,69.929265,41.339857,230.863316,12.810180,17.373875,80.432897,28.342583,17.484937,22.040712,14.688121,26.228033,51.533159,83.313791
2012-08-18 07:00:00,6.704841,76.297466,556.079713,20.398163,45.126714,118.601002,212.934948,179.209087,20.008845,130.614290,29.681930,305.604997,287.551847,11.949399,42.299512,22.115818,131.875206,119.111185,207.465228,35.363777,28.305076,152.732760,63.915753,45.055120,39.777566,40.887085,41.526446,44.948606,187.836336
2012-08-18 08:00:00,9.161729,130.826412,538.762767,36.682682,75.391451,168.151185,293.893562,201.345706,29.931654,193.104636,35.433316,348.517954,329.722439,19.342539,69.633841,34.770516,203.299109,218.549278,210.058418,61.605559,37.556067,238.282431,94.443506,84.472059,37.693563,70.594092,57.195591,47.265656,253.416570
2012-08-18 09:00:00,11.450353,182.580452,469.672507,57.081210,103.737004,208.864648,368.874753,247.170158,37.888260,259.782482,37.084049,376.159145,357.624756,25.822771,92.627917,45.933914,269.598020,308.917736,244.688986,85.629878,47.379944,292.759390,118.076062,109.816717,58.649243,89.714501,66.778378,62.245473,347.593035
2012-08-18 10:00:00,15.465263,242.624616,470.248800,70.557566,127.181949,273.199357,465.576389,341.740951,42.959800,334.127301,41.643181,381.669799,411.614614,29.702937,108.238032,55.985316,329.706053,384.392072,282.908313,99.228682,54.881449,364.231509,138.747152,130.809532,65.431833,107.033224,75.737484,71.784368,392.498744
2012-08-18 11:00:00,19.321285,326.746887,457.436116,78.596796,164.136579,312.703568,526.232664,442.745804,46.562225,423.058803,48.764771,353.870012,428.366837,33.452859,118.299214,63.582913,390.652314,462.661141,316.712852,104.465804,52.488077,473.795736,152.435807,141.995980,64.039616,136.720171,87.821823,72.297241,479.158873
2012-08-18 12:00:00,20.383178,448.195408,475.419182,83.806539,192.405777,321.141069,534.581459,532.819341,51.409097,460.428218,55.624530,330.152972,436.287163,36.788411,128.304017,69.159315,428.021021,522.408384,377.668580,131.406795,47.556601,571.330790,175.279691,170.714779,72.685825,181.020695,88.600701,73.326656,582.271409
2012-08-18 13:00:00,23.556907,611.206941,501.630703,81.020260,197.169666,320.263390,527.878220,649.135166,53.188794,468.717346,58.268543,323.433598,444.009581,34.125669,128.373134,79.142463,513.705706,645.386176,455.578391,151.546158,45.230310,620.360150,212.325670,207.978937,77.801167,182.729268,88.373923,74.334366,693.676285
2012-08-18 14:00:00,25.794446,676.998908,453.402530,76.222541,196.199878,341.785571,573.176114,641.954802,47.071095,402.809990,57.189769,316.472865,483.262234,32.555504,118.453761,74.984519,712.699754,774.891106,445.609846,122.352488,43.806741,551.753289,173.452899,264.349317,73.376977,180.744682,77.677196,70.592062,734.539003
2012-08-18 15:00:00,22.127711,591.433975,421.314447,68.641831,189.120254,328.124295,633.074783,562.365976,36.434226,356.514126,52.877178,239.474170,449.247166,23.154135,96.880595,74.272275,774.807377,693.273685,444.211248,83.172239,26.793656,465.513854,118.459290,298.217149,73.199371,132.589876,56.915073,63.684049,756.368320
2012-08-18 16:00:00,13.948963,475.052941,411.618403,53.063696,121.193827,281.860530,634.063923,513.152295,22.223186,365.457538,45.011551,182.019971,540.040369,14.137572,107.701062,50.267224,608.924789,510.489328,392.077214,73.630205,13.605883,402.888654,74.185880,229.133073,89.146394,93.452056,36.091679,70.067514,595.628980
2012-08-18 17:00:00,4.987242,486.415070,516.384680,42.676381,68.148189,238.671330,447.499996,372.538635,9.092541,338.583886,31.549923,128.810744,614.618544,6.226507,125.275736,22.380584,419.229459,282.388856,323.594055,61.332867,9.609618,299.753165,50.274262,147.652253,106.865867,71.540343,12.020402,84.501450,426.731416
2012-08-18 18:00:00,1.018995,419.574382,679.707297,50.995614,42.094751,204.208789,272.465201,200.208185,7.273354,224.380656,16.038468,146.485172,388.159569,1.562696,141.459603,4.211649,269.054001,268.306878,279.429486,45.282441,8.242912,191.494735,31.679979,107.626256,116.830623,44.020347,5.517567,95.278308,439.263109
2012-08-18 19:00:00,1.077784,212.401688,418.565754,55.895703,17.079643,190.793613,384.231538,86.765684,51.353584,98.607964,12.685599,106.932612,224.059589,0.947089,50.426613,7.241613,222.146560,416.841566,469.222706,199.610758,5.457841,164.138345,22.925324,117.493758,90.168434,55.189689,5.563547,86.662146,402.107750
2012-08-18 20:00:00,1.169232,95.795148,270.708760,34.560803,13.768820,140.249566,455.962173,41.467922,20.685048,46.994980,6.118123,96.458219,246.781125,0.473544,29.099228,5.423635,326.050967,624.189121,591.262693,183.209874,3.548720,179.536553,9.867534,93.388860,89.047849,58.420037,5.149730,76.901929,254.806553
2012-08-18 21:00:00,1.319469,56.054803,211.348526,13.139176,38.994138,131.035102,238.824089,49.919983,11.674428,62.614699,4.217011,67.692721,256.038047,0.489329,25.906145,5.817530,339.503667,458.482793,422.510849,102.325515,2.897372,171.673638,7.567583,52.509208,79.155790,31.372710,2.850743,48.050299,151.639133
2012-08-18 22:00:00,1.182296,74.774597,216.132135,10.970995,36.524159,108.134448,185.443152,52.032998,16.168156,88.149543,2.004809,59.250673,326.306500,1.168076,38.557984,4.575245,427.654254,258.003894,143.712605,34.241846,2.448167,95.337841,6.974047,27.276595,101.219718,16.699261,2.069088,54.843124,105.242085
2012-08-18 23:00:00,1.045124,143.797302,369.642484,5.593907,77.725513,117.213406,79.237329,67.352358,74.563458,123.871161,2.143071,100.991912,367.121110,1.562696,138.929235,3.878353,373.843454,131.792338,100.998609,31.761712,3.458879,59.135671,6.083743,12.263896,88.313673,8.541261,2.666824,58.883067,148.244227
2012-08-19 00:00:00,2.024927,199.224626,587.514113,9.539996,117.455390,118.568474,41.703857,118.989165,77.111449,328.149918,4.666365,151.956870,358.495342,2.178304,210.080765,3.151162,469.782447,96.590476,97.842403,48.162596,5.076017,67.162397,5.267631,8.387377,54.638168,10.457570,3.908277,67.070209,176.723716
2012-08-19 01:00:00,2.606277,296.065572,599.690571,10.754177,81.614416,107.998941,19.183774,166.664069,50.195407,243.803437,4.666365,162.118595,352.183804,1.041797,123.807276,3.757155,443.408074,260.364994,155.916603,40.082160,4.626812,67.490018,3.783791,4.369894,38.486291,14.782952,2.942703,59.061826,168.425057
2012-08-19 02:00:00,1.979203,244.403123,635.785072,5.854088,62.327558,73.309194,18.071671,197.698979,44.821464,183.633563,8.675982,179.628029,495.245326,1.152291,171.944509,4.696443,475.977769,274.960889,195.474392,14.960806,6.535933,69.619557,5.193439,6.131948,23.995971,18.232308,3.080642,45.976700,108.636991
2012-08-19 03:00:00,2.325400,134.698855,648.178967,4.292998,83.611421,68.159934,46.152269,206.547230,77.667374,184.855976,12.063417,153.989215,886.560664,1.941532,240.866905,10.362475,338.441612,175.794666,173.380946,6.320341,7.771247,97.958812,6.083743,7.823520,20.479653,13.906926,3.632399,46.191210,146.546774
2012-08-19 04:00:00,1.293340,96.004308,903.232281,4.683271,113.356276,65.856318,129.838009,255.674832,97.101590,386.146613,17.282832,165.088946,823.866056,1.925747,317.561144,9.089891,115.055987,58.598222,196.316047,4.560246,7.344502,93.044491,4.006367,5.638573,33.617543,19.710603,5.011790,30.603464,232.551058
2012-08-19 05:00:00,1.611404,231.016902,940.796188,3.815998,99.266932,113.204143,85.631920,332.271631,83.042788,406.248512,21.672671,190.567920,459.743037,1.671934,298.796164,3.361293,114.119432,27.903915,205.995080,10.640573,9.325393,98.294436,7.013033,2.537358,47.919122,13.688186,7.445707,26.817450,187.392386
2012-08-19 06:00:00,2.447047,181.749646,950.108036,7.978673,85.806572,132.668268,117.990123,297.961033,40.060911,257.373764,25.850930,208.149679,281.274510,3.789037,155.268702,9.588704,161.550244,44.946590,145.239721,14.958307,18.953287,193.136731,29.216837,15.018848,51.606102,52.591831,16.380379,28.437354,251.772540
2012-08-19 07:00:00,6.043406,115.906666,834.670667,20.261003,93.540812,125.348319,200.912526,290.042942,34.980400,231.018481,34.043048,213.323970,273.298250,8.061720,49.227268,13.773247,210.952121,139.272134,166.827984,28.299480,31.842291,317.254165,58.205973,50.523807,57.551077,71.907519,33.188826,49.184249,526.888253
2012-08-19 08:00:00,8.068766,85.630543,756.499197,36.262495,60.648258,146.964125,321.247822,239.300722,15.106303,239.825692,43.072896,304.220007,465.655246,14.307636,60.825103,22.088753,323.693157,230.544261,211.095954,55.775506,56.923120,362.329096,96.851768,84.926184,66.953264,55.739843,46.730393,53.963451,470.156055
2012-08-19 09:00:00,10.388988,123.104578,1214.883343,51.773616,73.544880,175.310175,401.710674,302.116478,26.559652,246.860845,51.332550,511.653180,185.771804,17.902982,75.273544,31.869129,258.699283,308.882086,247.502324,82.118670,50.593296,347.711651,121.455707,121.604944,59.861926,69.321010,59.027492,64.955118,373.310686
2012-08-19 10:00:00,13.298956,152.632296,1224.512771,64.494481,91.650346,239.176304,485.200190,433.160190,31.353714,294.274671,59.607816,407.225166,248.908622,23.926071,80.133400,43.931409,246.800141,371.864743,284.457212,104.345767,52.129105,388.228802,137.886515,163.002417,57.277277,96.209280,72.732938,75.466744,357.605069
2012-08-19 11:00:00,15.814851,204.612574,810.443695,72.862752,133.468433,309.921284,495.730467,513.039407,30.085214,381.337438,56.534147,270.850013,393.904717,23.257569,78.613355,42.591946,222.780745,419.474406,296.064076,118.585133,48.231773,347.423815,144.854556,179.225758,35.899027,91.654460,82.106664,63.142334,426.590204
2012-08-19 12:00:00,15.460969,267.888424,400.831391,76.134737,177.487135,266.932334,506.734950,607.710466,28.599919,448.212621,63.603398,365.035518,449.515547,22.292833,95.043550,38.518516,238.501089,447.313463,304.839145,119.698183,60.698341,390.059755,191.247069,182.372174,32.472301,125.028529,80.964576,78.652539,814.229788
2012-08-19 13:00:00,13.548135,293.290235,456.837667,78.941248,91.000865,276.474290,537.254757,685.100843,40.434408,460.505181,57.851243,327.753410,604.829581,25.697517,90.829297,50.538590,372.263848,487.863188,322.465274,115.934973,56.830350,495.018533,175.548707,192.779777,35.111946,147.229436,82.528345,76.283994,1105.408583
2012-08-19 14:00:00,10.753942,319.114818,444.361377,78.218190,111.338962,288.872950,579.303740,643.025225,34.020158,428.441986,65.850294,256.823231,650.245928,26.025220,58.110758,56.344913,436.592923,616.644945,365.355852,106.729396,45.095095,543.971764,202.843487,217.971467,26.280179,155.804625,66.959740,69.098649,712.706385
2012-08-19 15:00:00,11.709938,342.698632,501.737669,71.193579,129.763044,182.589323,509.279257,573.343738,24.513743,400.139106,61.891220,228.146924,621.764578,21.808417,98.587181,51.925670,404.904812,598.365771,351.137664,86.526101,29.480987,465.977279,256.796541,237.365912,20.484697,166.767912,43.324635,38.780650,282.460030
2012-08-19 16:00:00,6.905455,440.514367,436.647754,52.777576,116.298207,131.863279,450.672697,510.715618,24.779307,338.802740,47.113688,170.157744,370.624539,15.997150,64.436719,31.656142,449.704196,509.277846,331.103329,64.697704,18.306674,350.666527,162.462851,225.183761,14.959930,125.856489,30.217852,34.143656,241.416333
2012-08-19 17:00:00,5.068198,495.618608,424.133077,38.727160,102.849322,191.077939,384.615958,378.651984,14.392888,187.091049,26.959798,116.406807,305.329117,8.052181,60.041515,20.959588,327.515834,390.777495,332.336986,49.209115,7.396602,228.290651,85.671916,194.263192,13.687748,54.292495,15.932850,43.432715,205.952103
2012-08-19 18:00:00,3.141903,332.877682,405.954422,46.876071,101.216591,89.570013,286.366487,285.917361,15.890193,111.918681,13.722569,65.973045,184.086517,2.004671,91.635458,7.877905,248.697942,227.738878,267.435901,42.322281,8.130611,120.892314,61.060005,150.479408,28.671514,35.698092,12.368547,7.543611,197.281757
2012-08-19 19:00:00,1.730986,145.888899,461.400795,75.105786,134.324822,119.517022,287.756615,174.984066,34.351540,98.879611,9.574689,46.118597,173.567287,1.341709,79.646335,9.029291,151.519885,180.087577,272.275418,78.324221,6.221490,112.701778,31.234827,74.076748,33.945991,29.346898,13.334121,7.543611,239.340870
2012-08-19 20:00:00,1.437045,72.892160,405.954422,80.135965,92.387730,78.187439,276.913612,87.690128,35.023283,66.825232,4.666365,28.921832,131.490369,0.410405,63.198945,5.090339,100.895250,166.350264,226.405216,65.043506,3.728402,111.391292,10.980414,29.250096,22.392375,16.151744,6.529121,6.506811,294.413789
2012-08-19 21:00:00,1.404385,52.603668,287.668827,76.840330,40.886037,50.408540,220.196366,46.222206,46.118622,61.663933,3.836789,53.622640,225.532281,0.584038,109.046798,5.696331,113.993932,136.729185,201.786805,44.402393,2.829992,58.152807,5.119247,14.589807,10.510312,8.212751,3.678378,9.903224,268.197570
2012-08-19 22:00:00,0.620542,50.512070,347.463935,56.155885,34.947577,84.285247,247.720912,35.393004,57.468761,45.229273,2.385031,40.803234,171.884210,0.694532,149.894162,2.636068,212.942081,136.085249,216.936596,31.601703,2.043883,39.478384,4.748287,17.479575,12.674200,4.215879,6.988919,12.012575,158.994762
2012-08-19 23:00:00,0.770779,24.367106,262.228727,44.968071,40.150299,28.320927,340.581501,25.488245,37.501783,25.942316,1.866546,27.202156,128.544985,1.089152,118.626047,1.969476,365.701030,109.683852,261.333902,51.362768,1.998962,38.823141,5.786975,10.360877,16.267800,2.847087,5.793446,7.579363,123.348250
2012-08-20 00:00:00,1.574217,14.641180,252.878946,39.547619,30.795910,29.947009,564.948253,33.279988,36.274115,17.657073,2.696122,36.894878,131.911138,0.773456,168.028464,3.454158,226.925809,76.843090,320.880999,68.883713,2.695230,38.659331,6.454703,17.338611,17.542948,2.409074,3.126622,5.362757,92.039673
2012-08-20 01:00:00,1.450109,20.079332,387.907171,51.299160,27.274876,90.518561,534.087399,24.167611,33.540816,21.460135,2.315899,54.091643,155.263828,0.426190,222.792850,2.272473,111.869821,73.838053,288.266864,44.162380,3.638561,47.505110,6.306319,20.439826,11.457013,2.682832,2.850743,4.540467,40.550266
2012-08-20 02:00:00,1.391321,24.785426,461.183358,39.113983,21.546626,57.725908,518.517959,33.147925,27.958401,27.300552,1.659152,35.018867,97.197681,0.378835,166.522292,1.242285,67.971537,58.383577,235.873836,34.321850,5.053557,76.335797,7.270815,18.395843,5.680206,6.679704,1.747230,5.541515,40.927477
2012-08-20 03:00:00,0.757715,30.537318,414.217019,22.679172,20.232808,48.646951,458.464404,45.297762,31.641405,31.918556,1.970243,27.202156,53.858455,0.457759,68.018693,3.060263,120.189254,42.714455,176.747566,44.322389,3.391498,99.596920,9.570766,12.968717,4.559621,16.042241,1.655270,3.253406,34.514877
2012-08-20 04:00:00,1.064720,24.890006,274.840059,13.095813,19.602175,49.731006,343.361758,30.770783,16.168156,42.376976,1.901112,31.579514,41.024995,0.284127,24.038493,1.333184,154.529041,28.977143,150.235431,33.601811,3.413958,101.398838,17.583501,10.572324,4.540300,26.116549,2.758784,4.468964,32.628818
2012-08-20 05:00:00,1.909402,12.863322,140.663221,7.154997,19.964836,37.049306,231.873446,17.696502,9.838106,34.363381,2.177637,42.603896,49.733567,0.814267,28.598250,1.790343,145.749113,22.967069,126.248262,37.442018,3.526667,96.820940,19.315752,9.797020,1.814489,24.145489,5.769937,8.757373,37.830682
2012-08-20 06:00:00,2.969618,30.932285,150.551360,8.557617,28.726000,56.216219,173.312469,46.086826,7.804338,57.252556,4.139754,68.821445,77.503895,3.874075,40.266422,8.116307,130.103131,44.478204,120.122800,25.654378,9.818610,114.206369,37.300864,13.976371,4.535299,34.121833,17.552340,13.144005,96.599910
2012-08-20 07:00:00,4.761434,57.085423,219.782740,23.786386,38.870076,90.769920,309.742895,87.817679,14.831800,100.479829,8.484602,153.815229,171.026091,9.890313,69.069840,19.519881,171.954883,113.144699,204.417439,38.071528,20.948301,148.757176,83.528480,27.596840,12.970089,34.909600,37.498295,20.910509,164.672689
2012-08-20 08:00:00,6.560070,66.447547,284.377393,46.733607,51.913024,155.498263,449.514878,133.705721,23.435288,133.770840,17.159952,223.207055,259.015746,16.758291,89.215875,30.656975,245.176301,208.056362,211.211080,60.992410,29.660137,150.109960,104.284842,53.486321,20.748105,48.649558,55.501057,31.346540,196.339925
2012-08-20 09:00:00,9.772170,108.808812,346.054629,56.006150,69.776119,212.317710,492.151919,180.923797,31.933402,204.392974,25.790559,292.001555,369.348741,22.009687,113.000979,42.802436,353.345240,295.840687,252.561195,86.004702,36.980331,213.335532,125.071440,78.794877,24.041302,68.584136,67.057849,45.751086,254.461341
2012-08-20 10:00:00,12.241106,161.099545,397.179732,71.455792,93.387561,253.983158,556.584746,230.103010,37.585049,257.283915,33.635087,326.224706,410.377409,26.415269,103.956511,52.242582,429.145208,362.615064,290.247641,103.302236,38.152793,292.225890,140.636278,105.352142,29.382787,85.650650,82.073773,58.938352,319.465094
2012-08-20 11:00:00,14.350858,205.308436,416.300055,76.036250,118.060471,292.722754,591.941938,279.249690,36.638496,282.822361,39.523783,346.216365,417.898403,30.780270,105.829881,58.213259,470.720634,397.306902,314.626872,110.621605,44.097488,337.410102,158.204868,127.796555,36.418511,99.765464,93.762358,60.783095,346.336498
2012-08-20 12:00:00,16.072841,228.452477,458.136981,80.490943,123.748563,318.152404,565.233122,336.430859,39.449852,306.144124,40.576822,343.053085,427.445871,32.091775,103.403947,64.322600,482.428564,402.176794,319.436494,116.543368,42.312767,416.806177,165.438250,144.960117,42.216607,110.733414,96.024280,61.822639,403.423407
2012-08-20 13:00:00,17.854989,225.306542,462.304240,83.590473,132.982371,343.457607,529.550409,379.191859,38.894218,304.959246,37.984021,364.589294,429.142160,31.477720,97.784803,74.369202,447.283278,382.808669,328.831896,115.375288,45.629110,522.328290,185.990154,163.145398,49.126336,126.485314,87.466602,64.093908,415.282149
2012-08-20 14:00:00,21.435043,207.209263,417.173593,92.676701,134.861396,347.354666,517.390407,373.568333,37.489566,288.415300,36.280629,405.635029,431.214878,30.396367,92.206483,86.609176,467.585724,351.151825,357.854727,109.502316,43.984370,458.401410,214.816511,174.652532,36.734715,115.833572,77.368538,50.504816,369.825759
2012-08-20 15:00:00,18.315718,211.961697,388.972058,95.284154,130.319597,352.076362,489.930229,373.141543,38.673718,272.321761,31.702020,443.848744,387.751002,27.265037,73.048741,98.017970,461.703651,302.848793,367.841947,103.092439,36.764190,422.608476,178.457206,238.475527,25.836416,136.016956,53.444817,37.508258,308.787862
2012-08-20 16:00:00,13.597888,160.429880,382.872597,91.044000,116.623425,396.354565,461.992637,295.669971,38.087501,232.864470,27.785821,424.625933,336.665565,14.898834,47.709915,89.100869,504.435251,252.266894,341.428413,86.499255,19.231463,393.108480,106.875346,222.463730,16.255411,136.504219,30.353246,22.429769,259.892735
2012-08-20 17:00:00,9.334543,106.774866,532.287909,67.870201,88.703061,364.924394,400.175856,167.392771,25.778960,135.137510,21.111550,340.953067,288.523457,7.311936,20.123037,45.571477,497.625517,182.845319,277.011017,58.646901,12.607568,248.174621,72.745736,153.570000,8.842878,92.161780,12.097305,9.053540,173.610340
2012-08-20 18:00:00,5.859224,71.846361,667.748275,55.028431,107.102499,287.952008,320.285624,95.481872,16.747245,60.713168,10.438831,261.547165,323.571500,2.572924,8.133325,8.938392,445.355175,132.221629,219.461562,57.203083,5.278159,115.814181,49.486055,104.102148,3.033307,54.696924,12.138648,6.042039,173.706021
2012-08-20 19:00:00,5.094977,69.022705,633.828141,62.963973,69.054310,289.442583,301.379875,77.389180,3.937803,44.414331,7.742709,234.970346,280.653044,2.178304,30.725893,6.241725,385.172044,225.163132,214.201217,74.884036,3.279197,43.901274,23.593052,71.821319,1.313789,26.937824,13.564020,19.877951,193.886851
2012-08-20 20:00:00,7.733915,36.812109,632.958394,71.072969,47.665342,314.917866,339.191373,47.806968,2.200537,59.762402,6.498345,229.967651,246.991509,1.767899,29.882437,4.090451,375.967565,274.316952,180.955842,71.763868,2.762611,40.625059,12.093294,59.275495,14.239155,21.572160,15.541148,31.783271,165.595968
2012-08-20 21:00:00,11.241611,32.210596,699.059168,80.309420,34.474602,282.260721,271.631124,32.355544,1.436140,71.714883,5.357678,187.757409,271.606506,0.489329,22.050347,1.999776,339.680676,244.695873,136.348123,45.522454,2.695230,35.055495,8.012735,41.443509,15.610905,27.759099,23.587600,48.908340,114.672379
2012-08-20 22:00:00,11.444103,20.079332,704.929960,65.435699,28.536142,217.488458,232.985549,19.545390,2.107883,48.217393,5.634203,137.886790,256.248431,0.252557,12.410851,1.696780,405.174084,140.807450,116.358815,26.641436,4.244987,26.864959,4.896671,17.197647,16.403043,27.375838,20.828817,50.088146,93.737126
2012-08-20 23:00:00,3.644868,8.366388,699.276605,55.765612,20.863441,142.959703,199.900489,16.639994,1.644612,26.621434,3.560263,134.134768,156.315751,0.457759,13.194060,2.393671,412.785481,69.115852,120.146262,15.520837,3.166895,20.967773,4.228943,5.074715,11.225168,14.180684,15.219290,70.967145,79.591684
2012-08-21 00:00:00,1.502365,9.830506,655.354380,49.217706,13.400951,116.129351,181.550792,18.092692,1.320322,19.966075,2.454162,121.315362,92.148451,0.489329,14.760478,2.333072,347.646091,52.588148,147.289639,14.640789,1.976502,14.251533,5.193439,4.228930,2.337772,4.763396,15.679087,74.256303,56.204554
2012-08-21 01:00:00,2.645469,11.712944,589.688480,47.266343,10.457997,91.060588,194.061949,22.054596,0.741234,20.237723,1.728283,86.140160,65.008838,0.520899,11.326408,2.120974,250.822052,45.075556,160.756120,12.160655,1.437456,12.613426,5.638591,4.158447,1.738838,2.080564,21.610472,44.117611,35.080695
2012-08-21 02:00:00,2.299272,14.432020,410.303157,57.803702,6.779304,65.856318,232.985549,24.827928,1.899411,20.509370,1.382627,77.229109,45.653456,0.820810,8.796040,2.817866,212.765072,44.646264,166.016464,14.960806,1.841741,15.889640,6.009551,2.960251,2.125247,2.463825,19.357465,25.133452,26.216218
2012-08-21 03:00:00,2.364592,16.314458,246.790717,50.605342,4.519536,52.305635,220.752418,27.865387,1.714102,13.989835,1.486324,81.137465,39.341918,0.647177,12.109617,3.120862,214.712173,64.608296,167.910188,25.601380,1.684519,16.381072,7.567583,2.325911,3.245832,2.628080,13.242162,16.517290,24.518765
2012-08-21 04:00:00,1.920415,16.419037,138.507213,34.560803,4.309325,47.562896,197.120232,30.770783,3.266060,14.533130,1.486324,72.851751,42.918456,0.647177,20.062201,3.151162,214.889182,72.764825,138.452260,26.801445,2.178644,14.906776,9.199806,1.903018,3.400395,3.887369,8.046452,7.615114,21.312465
2012-08-21 05:00:00,0.972328,11.712944,78.987202,26.278352,3.261094,35.260122,172.097918,33.544115,1.270455,18.879486,1.244364,53.440200,42.651989,0.824533,17.572194,3.068002,142.856810,61.388614,157.599913,11.360612,3.268210,16.768365,9.373663,2.396393,4.422841,3.996872,9.033571,7.106806,19.753341
2012-08-21 06:00:00,2.197353,24.732662,112.080683,31.057110,13.242340,48.749599,175.489961,46.001579,6.658025,39.313694,4.362163,60.686682,66.795863,4.166826,21.341469,9.871804,126.466846,60.216079,169.300661,12.056368,9.957024,53.887558,27.716947,15.401410,6.812130,12.823622,15.881087,14.385036,63.692329
2012-08-21 07:00:00,4.861757,66.558257,207.958157,36.838951,34.929684,95.969966,272.493478,88.948098,16.239361,89.827863,10.964444,106.872448,143.532070,11.256894,57.577029,15.553948,180.904410,126.237026,203.638657,40.307361,20.458376,133.421728,58.279802,45.882215,14.398452,37.049921,33.028185,26.190410,143.857734
2012-08-21 08:00:00,7.672309,113.258164,282.569315,53.477487,58.269927,152.029845,392.598720,145.725062,24.437286,152.155656,13.680812,169.816630,231.868940,17.846011,82.057810,29.699989,244.322012,216.000343,299.288942,63.477928,31.211650,212.801461,89.797265,79.318943,21.894334,60.969718,48.370955,40.710244,227.072157
2012-08-21 09:00:00,10.007751,151.138113,344.436827,75.787185,75.761046,200.903138,481.350858,196.632988,30.899625,208.985293,14.615331,225.124941,310.896767,23.299768,97.940108,40.208276,283.999255,299.664163,324.353646,86.727809,40.034753,275.442321,115.335774,107.694678,28.964182,81.239377,61.252708,53.928173,297.893080
2012-08-21 10:00:00,11.744950,183.821472,407.881020,88.002384,99.508728,240.258205,591.347502,250.771539,38.955836,264.225138,18.308636,283.089893,367.948286,27.772178,105.948441,53.316115,312.051449,358.386712,350.076966,104.821099,48.974921,342.493152,139.594743,148.836340,34.433374,102.484021,73.994430,63.545732,375.142396
2012-08-21 11:00:00,13.577458,205.912927,453.378866,103.749981,148.146791,295.466284,617.807872,309.319606,46.972541,344.556245,23.989709,354.167316,404.061030,29.873750,113.649906,59.615310,348.022612,399.305367,333.217054,114.955738,54.598401,391.771832,166.368213,174.802843,37.439932,111.695178,85.607036,67.862532,433.577845
2012-08-21 12:00:00,14.855970,236.015943,477.381729,110.236020,185.076263,331.136040,614.726471,348.633318,57.980367,409.674535,28.705380,379.222771,425.853085,28.805945,115.281868,66.712761,422.833154,410.583918,327.465748,117.046275,64.423828,445.116856,204.646567,209.737253,37.767435,121.576308,84.062366,66.566863,485.671369
2012-08-21 13:00:00,18.614108,257.512905,472.111048,126.435378,215.168890,329.372091,678.676419,340.009381,62.947420,426.246251,28.288402,350.590778,426.514774,27.123492,114.045147,81.631156,477.976525,420.666564,345.339734,117.837925,74.630875,521.736492,257.223886,262.530751,34.992156,124.151471,76.146896,61.351555,565.370845
2012-08-21 14:00:00,20.435193,258.764140,452.375891,166.046461,221.525974,309.523994,758.201360,328.611374,59.940571,448.980929,26.445181,315.688502,391.778410,25.705403,97.196797,97.765341,479.185694,402.935165,374.328194,121.206640,73.874671,496.938769,280.045816,252.269128,32.055262,123.407834,76.898549,54.294048,512.643059
2012-08-21 15:00:00,18.243528,242.440924,411.165630,147.920764,220.438390,259.057905,770.477260,330.450952,54.094903,463.168100,21.598218,303.496414,323.161464,24.872080,74.411001,85.960682,411.943929,362.505265,397.488770,108.952628,61.059333,414.094892,309.882384,267.930331,25.903936,123.022928,65.278286,43.072053,435.427303
2012-08-21 16:00:00,10.579789,175.806404,413.048358,133.537136,210.670875,233.369594,700.122790,269.311840,42.261271,389.752056,23.418124,210.315679,274.491559,16.907062,53.190697,45.925559,366.179816,343.321972,440.946301,103.170105,48.482688,317.494799,244.138392,234.076907,59.719779,110.402991,40.139863,26.699117,359.072975
2012-08-21 17:00:00,4.852778,108.002968,412.991150,117.400808,175.648116,238.929566,673.883758,170.034040,36.035287,301.859372,20.213942,158.937513,317.573267,8.349492,36.538685,17.684627,415.342420,308.055545,449.282890,87.115634,36.120928,301.273530,151.127939,159.960612,96.512033,77.222405,17.266608,10.027145,248.661663
2012-08-21 18:00:00,3.213755,68.813545,460.096174,108.625862,114.722647,264.915847,621.943525,149.627885,30.738027,242.037729,14.413882,148.517517,315.576886,5.635177,24.158987,12.604648,469.251419,302.650158,491.947393,124.646718,18.350025,278.150608,84.430481,93.318378,110.821970,59.734078,9.931621,7.186094,164.652939
2012-08-21 19:00:00,7.270141,53.649466,324.633076,121.938493,55.285490,265.728888,586.634259,141.175824,22.908748,206.316112,15.554549,101.773583,178.195748,5.761456,47.595011,9.332288,505.538307,378.205375,501.205599,154.568331,10.152034,346.459680,27.821995,92.120181,106.300990,68.220587,9.058006,36.466745,172.574386
2012-08-21 20:00:00,8.380585,36.498370,198.519757,147.392936,26.223821,229.955086,663.925408,86.765684,9.960325,182.275327,19.875257,108.026952,56.172686,4.688088,88.984597,4.726743,453.674608,367.258455,517.828287,118.566390,10.938142,404.284865,36.428266,219.763370,112.811974,138.685993,7.218817,44.010356,205.580416
2012-08-21 21:00:00,3.553420,37.230429,155.032406,147.479663,14.872427,183.476244,647.243865,54.410140,8.199896,151.171713,34.150876,84.264149,43.128841,5.303696,91.695705,2.484570,482.350101,315.314243,581.162832,81.684403,6.760536,400.517218,9.273998,385.396442,126.239671,230.176043,5.563547,30.567712,275.553200
2012-08-21 22:00:00,0.829567,43.086901,399.431319,149.517753,21.283863,178.597998,544.096325,52.032998,8.223059,126.315987,51.813930,59.094338,42.918456,7.655633,92.539161,1.908877,419.334821,203.483936,565.592213,63.203406,2.313406,401.172461,5.119247,391.598872,133.233666,255.745075,6.437162,74.649571,242.924382
2012-08-21 23:00:00,0.352729,35.661731,483.144470,114.523314,21.178757,178.191478,430.105781,57.975853,6.092013,119.660628,84.063695,54.560646,58.697301,5.114278,103.624581,1.363484,278.966517,130.719111,426.719125,52.802846,1.459916,397.404814,4.674095,341.838468,137.542121,255.252310,6.115304,100.212044,130.326668
2012-08-22 00:00:00,0.796907,39.635765,317.892536,102.381501,13.453503,206.647911,407.307673,54.674267,4.470565,125.772692,122.466148,58.469002,53.858455,2.525570,97.901131,1.181686,202.675547,91.653630,404.204851,33.841824,1.617138,352.520676,4.822479,295.602172,124.404231,241.071626,4.597973,95.993342,60.919701
2012-08-22 01:00:00,0.894887,27.399922,166.121681,82.694419,15.450508,108.540969,451.235736,62.466010,2.246864,103.905086,143.205546,37.363881,29.243458,2.225658,60.608331,1.302884,189.576865,86.072846,353.915960,22.161194,2.223565,301.084109,4.970863,253.665288,118.105771,186.922219,5.839425,50.445663,43.567960
2012-08-22 02:00:00,0.646670,17.569416,175.906335,88.721962,10.720760,60.165031,552.437096,67.088231,1.922574,61.256462,143.793162,34.393530,18.093075,2.983329,26.388120,1.272585,183.558552,101.741968,397.050783,19.521052,4.671732,243.258924,4.674095,189.737970,93.047177,129.487712,5.425608,49.444615,41.870507
2012-08-22 03:00:00,1.299872,13.909121,163.729877,93.968959,9.406942,58.945470,677.826694,63.654581,0.810724,34.635029,148.459527,39.396226,19.776151,6.203430,7.289869,1.999776,134.704010,108.181333,388.634232,35.361906,5.233239,238.672224,5.935359,182.478308,64.027896,123.738786,6.115304,59.419343,58.279219
2012-08-22 04:00:00,0.966739,9.516767,158.946268,71.072969,5.938460,71.276591,685.333388,51.108554,0.949705,22.139254,144.035122,33.924528,19.355382,6.992671,4.518514,2.030076,103.196370,122.347936,353.495133,33.041781,7.726326,212.790129,6.751471,185.227112,48.745438,102.002371,9.379865,58.918819,47.340077
2012-08-22 05:00:00,1.730881,8.784708,104.607260,52.036341,4.442119,60.553190,626.113911,39.751097,0.718070,13.039070,147.422557,36.894065,17.124983,7.451510,2.590615,2.244541,78.394082,129.645883,377.692716,31.121677,12.278313,177.054357,11.201799,181.350594,43.549847,78.951916,7.927972,45.295446,42.635986
2012-08-22 06:00:00,2.566501,23.826474,115.596088,52.887800,14.178718,65.167507,518.117098,57.821580,5.271752,34.650858,140.778007,83.896524,57.435290,7.166557,14.703343,7.457052,92.998271,137.561406,397.468826,28.276272,22.832845,187.192449,32.618899,143.408814,42.841302,47.371929,14.012939,35.389253,71.453994
2012-08-22 07:00:00,4.486770,65.708190,181.858311,68.218629,36.182405,109.347668,477.936395,102.510913,14.395879,88.858994,131.267319,157.610829,142.993262,13.456809,40.043135,18.030949,177.561616,181.130104,405.388019,43.119156,38.381547,230.162190,71.507307,168.173924,42.339120,64.135800,25.565447,41.051146,142.033929
2012-08-22 08:00:00,7.204939,114.764975,255.188063,76.907329,59.782258,163.673875,539.622578,154.030682,25.574191,155.741855,145.930215,224.545724,219.543308,22.139579,71.126769,28.671112,235.478962,269.374876,399.191055,72.596855,45.998787,281.815044,107.048895,175.678727,51.281648,82.492742,41.626520,54.415649,226.452377
2012-08-22 09:00:00,9.965446,154.895690,318.242297,92.968727,80.918513,195.457203,586.206977,204.347226,34.960876,219.594133,171.542136,257.329031,247.560135,29.781542,100.392697,34.629928,247.900121,374.628918,435.137198,88.675082,63.395389,314.212993,144.895560,195.879220,45.894189,97.288572,61.167811,64.393544,303.066120
2012-08-22 10:00:00,11.659519,192.386146,378.514007,106.431634,117.597435,216.628372,812.097144,267.114782,43.198063,312.457128,168.846619,273.667151,273.986966,33.790377,121.324421,42.632859,264.237095,460.012896,566.765429,107.864738,65.778151,347.785964,169.045959,171.398893,43.052361,102.233416,75.913766,64.023877,349.130446
2012-08-22 11:00:00,13.576464,246.887650,442.216150,116.101178,187.770096,234.141178,984.089532,358.041157,53.695353,438.015516,164.540102,313.040470,343.866951,38.314526,123.913522,60.003707,335.500414,562.006060,732.272222,131.844004,70.515603,373.469498,183.590177,164.975574,41.879801,106.194641,87.264045,62.587047,410.977647
2012-08-22 12:00:00,16.568655,333.548153,547.542180,140.072957,234.103943,268.813961,1011.022850,434.075604,59.187603,495.854777,166.920965,382.730820,483.629565,39.875470,135.117586,63.610062,510.094496,607.453388,729.690816,179.044923,77.064937,449.415373,189.978040,151.463756,36.837264,109.704097,94.179185,62.512301,537.012971
2012-08-22 13:00:00,21.556832,377.077602,600.944220,140.804875,266.269597,322.545533,1067.104194,439.923903,61.897382,484.202568,156.215301,419.523710,515.339207,38.396027,151.494597,78.960262,617.497336,636.204950,734.739343,226.849968,79.750684,458.596888,177.990830,131.213439,35.214739,111.337439,94.233728,68.616013,631.010167
2012-08-22 14:00:00,21.464841,343.009235,584.971189,147.571351,273.332861,354.085662,1195.012896,384.411544,52.564057,451.438834,136.190678,431.421009,537.252822,37.477303,172.164269,94.624116,642.738872,699.349520,745.785628,248.801407,65.076020,472.372990,142.200573,117.650271,30.595835,107.383474,88.414908,64.630858,674.015333
2012-08-22 15:00:00,18.274297,275.872980,489.278075,136.424467,251.638367,377.201605,1333.179447,349.307916,38.053411,435.864515,121.490266,433.741365,520.354515,33.570226,160.184604,81.788784,668.396678,737.394345,747.998435,259.920237,49.847279,430.784380,109.374940,99.614805,22.846064,97.896265,78.841147,67.022430,633.534819
2012-08-22 16:00:00,15.974090,192.391251,568.950662,127.978523,199.336682,399.467572,1375.695133,291.043051,38.417512,379.540355,113.566777,373.356915,413.715214,25.611399,117.639564,74.997393,663.511564,751.070987,817.965305,313.274922,39.680416,415.961276,76.884646,71.242710,15.262060,87.562984,68.968920,92.292453,547.396676
2012-08-22 17:00:00,11.093047,116.489408,580.004125,114.635816,113.549912,348.674527,1177.387070,174.347897,42.949210,222.607272,112.847503,291.789051,399.338291,14.284867,84.686302,48.989225,682.955890,725.694280,888.007336,321.759705,31.974072,420.250184,56.696502,61.575192,50.214290,82.257420,52.524604,113.959637,499.005771
2012-08-22 18:00:00,7.270141,98.514224,541.852394,108.582498,89.917750,340.257643,1021.466478,120.441863,37.177493,154.703128,108.812710,285.622636,458.007253,7.687202,62.837464,12.150154,646.968667,638.355724,807.147220,200.570810,20.214226,409.035376,55.347222,212.715154,81.377639,147.829523,43.312904,93.419219,359.482819
2012-08-22 19:00:00,9.007659,74.670017,671.662137,115.173768,62.800533,402.455277,908.031986,90.067270,23.372019,123.735337,130.450816,247.320750,443.701101,4.593380,127.663074,4.302548,595.281977,607.661417,708.252748,117.446330,13.453690,466.369129,37.170186,427.403809,91.772029,270.966041,35.910168,52.125994,331.569148
2012-08-22 20:00:00,9.504093,35.870891,786.686180,112.528588,25.908504,421.426233,890.794392,46.486333,10.122470,97.385551,130.589079,236.846357,500.084171,2.067810,147.303547,4.666144,543.418278,572.459555,657.543030,99.445360,6.558393,440.978467,14.393246,482.238928,86.864641,324.348924,26.668242,38.254330,352.315796
2012-08-22 21:00:00,8.354457,26.249544,786.686180,104.202773,35.262893,413.837850,713.970037,64.050772,8.385204,95.212373,129.482977,237.940696,537.532628,1.247000,56.089817,3.545057,514.388768,514.505269,611.883242,85.524610,4.896335,400.189597,5.341823,468.635871,103.132440,324.239421,15.633108,37.467792,278.759500
2012-08-22 22:00:00,6.466702,35.870891,757.332218,112.702042,39.256902,386.058951,589.692542,91.784095,12.276680,80.271772,110.299034,238.097030,427.501488,2.099380,29.581203,3.302660,618.116166,374.985693,483.110015,64.403471,3.773322,367.427452,7.122431,392.797069,106.474874,277.974255,15.863006,56.451951,273.289929
2012-08-22 23:00:00,3.494632,31.478537,682.316538,118.209222,34.316944,282.667242,642.517428,60.088868,5.466597,64.244582,106.738770,231.843661,276.655736,1.767899,17.351093,3.484458,608.557668,285.049227,458.491604,48.482613,8.153071,333.518632,11.054606,334.860735,107.267012,241.892901,12.552466,65.139616,162.201062
2012-08-23 00:00:00,0.960207,27.086183,456.617186,120.160584,22.229812,155.968358,539.647913,45.429826,6.532120,69.270057,105.701801,242.787057,262.349584,1.073367,16.929365,2.030076,508.016436,170.213883,427.560780,52.482829,9.388385,296.005977,12.167486,319.918517,113.893918,227.164700,12.874324,43.259570,112.974926
2012-08-23 01:00:00,1.371725,34.302193,351.812670,118.816312,14.557111,74.799769,504.894699,42.656493,6.068849,49.847276,123.917905,214.334228,173.777672,0.647177,18.556030,2.242173,415.794637,158.837672,428.823262,49.842686,10.713540,288.306873,14.393246,291.161796,85.898619,197.763051,13.196182,39.970412,79.025866
2012-08-23 02:00:00,2.606277,29.386940,333.113109,102.077956,12.665212,33.063666,566.338382,29.978402,5.142307,56.230988,124.470956,188.070077,88.782297,1.010228,23.556518,3.363260,326.581995,164.847746,386.109267,50.962747,11.454728,261.114293,17.731885,238.511624,77.648797,168.032891,12.644425,33.141836,83.741014
2012-08-23 03:00:00,4.480967,29.596099,259.402049,98.608866,25.540635,27.643393,510.177187,28.789831,7.481826,56.366811,109.573155,154.145550,70.689222,0.741886,16.507637,3.302660,177.363230,151.539725,394.315404,56.003018,15.812017,202.961486,24.260780,187.975916,54.560886,117.497095,10.391419,31.354250,62.617154
2012-08-23 04:00:00,6.336062,29.491519,222.437801,99.389412,36.839476,21.139065,415.370419,32.619671,12.485152,46.723333,94.053172,107.557949,65.008838,0.868165,10.061224,5.666032,124.791494,161.628063,312.043620,54.882958,19.899783,156.439241,37.170186,138.215513,44.436983,73.750506,9.425844,23.024101,68.463937
2012-08-23 05:00:00,8.609164,34.197613,239.380570,95.269868,26.486585,21.585958,342.249655,43.184747,10.191961,73.073119,84.098261,108.627528,67.861877,0.684034,20.905657,6.420964,135.390183,165.491682,246.604938,55.843010,25.960148,147.539391,50.276488,120.735937,39.785505,39.421206,10.083808,16.568685,76.299834
2012-08-23 06:00:00,6.361438,36.828895,299.507980,116.545187,29.481396,62.874521,270.538842,59.648350,12.645859,95.115126,71.006834,163.577739,120.700858,0.956330,28.521523,14.945798,181.315244,154.622054,259.990952,65.235541,38.880310,129.185848,67.771922,128.391983,41.305469,43.611601,17.734406,26.253207,100.438889
2012-08-23 07:00:00,6.488135,87.151658,450.696782,96.125319,57.847046,127.191405,331.895299,96.023492,23.560626,137.966207,56.865657,249.585130,193.828082,3.381375,58.757287,26.321399,196.338799,197.351342,323.658897,96.814445,51.903856,176.627748,81.181569,112.461836,37.745699,68.490029,34.240568,33.926027,186.337623
2012-08-23 08:00:00,9.819613,124.190444,577.051211,105.947527,100.237202,182.581480,546.140525,146.583612,38.059650,196.731686,60.516196,331.298841,290.521169,8.241610,87.129434,36.877641,234.495346,306.841075,439.627665,105.445545,59.327715,218.102504,120.284735,98.841370,35.689942,71.264026,51.079938,45.799886,272.049331
2012-08-23 09:00:00,15.436340,188.626379,721.832836,132.616415,135.162190,250.839336,781.089732,198.688497,40.323261,254.386880,70.165926,430.097399,424.051966,20.916305,95.436311,47.209797,289.726425,403.190699,508.624420,145.776316,69.186842,288.078153,154.723280,114.956996,34.737228,87.477438,66.387149,63.980740,386.225391
2012-08-23 10:00:00,19.355490,229.661677,920.910526,164.589765,210.750572,322.334325,762.504339,242.551442,59.907952,324.007919,46.587591,525.912453,640.214135,33.566052,123.009105,55.761590,370.374444,475.104437,546.103248,199.068374,83.576858,342.964122,203.607361,127.531841,36.333005,100.236642,86.673717,73.361934,573.564739
2012-08-23 11:00:00,19.533400,259.143271,1164.134402,201.425794,320.631583,381.194001,855.524109,272.375387,84.620693,427.837179,28.575912,593.284937,859.050228,36.834521,159.379745,66.360330,468.259552,544.006245,551.378978,224.062437,103.307460,428.891136,248.102466,140.682396,37.558753,110.806887,111.183581,75.914401,980.234173
2012-08-23 12:00:00,22.143606,251.173454,1169.959218,208.329942,352.929995,406.615813,936.058876,301.406398,98.119659,494.523080,22.924641,559.709673,801.799633,31.175705,164.947345,80.681613,481.543025,561.219826,551.284254,226.081891,125.343082,529.921886,270.390091,154.153095,38.079650,117.090072,111.192150,76.776684,1121.260178
2012-08-23 13:00:00,22.875038,276.513671,1015.514937,209.415513,369.630876,463.305557,977.724825,328.197583,105.759054,525.234578,29.876993,541.049700,683.788411,31.492712,203.613335,83.486348,432.994572,615.685559,601.273863,216.792997,131.813876,633.630991,278.757062,185.290912,35.336729,145.917459,123.736387,85.517915,1197.247948
2012-08-23 14:00:00,22.415841,322.772486,910.288594,237.830194,379.966420,567.894173,1015.731766,311.387093,115.735123,505.700047,32.410557,544.509574,686.310967,28.818712,239.984017,106.720501,395.275178,609.994530,669.493733,222.542029,120.586555,565.346950,245.778645,231.932000,32.359872,146.757073,139.392414,76.776759,1235.743156
2012-08-23 15:00:00,20.239237,349.710810,769.449812,262.368513,357.003984,676.423549,1075.227839,312.977566,101.236455,564.470263,25.025514,510.553126,592.383124,23.739462,206.392088,96.974335,323.242305,562.998544,687.874030,237.670808,102.851184,572.367486,203.040486,240.297439,36.233961,158.025640,128.107790,73.373686,1239.558966
2012-08-23 16:00:00,16.989731,272.349447,727.662045,234.076404,322.058715,712.980976,1169.504279,268.691427,79.684528,504.276787,23.412709,464.747859,476.785520,15.752954,161.062660,73.256866,292.225418,565.152033,726.369369,304.206046,91.640006,500.363237,190.402270,203.052953,22.760368,127.024270,103.027391,131.764787,1088.474325
2012-08-23 17:00:00,12.785648,202.855876,680.294818,185.633337,291.616222,698.019610,1243.751331,186.702787,83.454721,367.821512,24.411632,397.352596,389.035612,8.786587,144.120261,38.333014,274.648014,668.309936,690.506489,278.832728,81.415073,388.636315,266.913881,172.043999,13.008769,109.699318,67.598427,171.094588,795.310225
2012-08-23 18:00:00,12.254074,151.536211,638.611750,175.319106,246.524937,642.031347,1212.192118,161.381532,60.757984,352.326526,20.151782,290.156329,343.558036,4.703873,197.308432,16.422402,294.543327,712.408422,674.165718,188.890181,116.636084,254.561864,206.105340,208.838635,69.263732,88.040694,51.405336,146.081489,633.715778
2012-08-23 19:00:00,15.186952,130.097341,496.190675,173.281016,150.984043,553.003362,1045.654715,146.062172,42.041838,351.104114,28.896895,223.088944,222.166127,4.246114,198.754357,5.969028,281.267637,633.848169,743.812676,165.928943,63.495130,189.856628,75.304867,234.705587,85.956581,97.676989,37.703377,138.931147,442.846621
2012-08-23 20:00:00,22.757566,115.665321,527.719005,178.918286,74.940218,499.613672,1045.098663,145.269791,51.098785,289.847651,33.805219,235.126680,148.531521,3.961987,184.897581,3.999552,195.949197,581.045375,632.924619,139.287507,36.700050,160.534509,52.602119,202.706688,98.244372,92.147069,18.713749,115.799790,330.060301
2012-08-23 21:00:00,21.490354,94.017291,582.730504,179.048377,36.839476,426.982013,1078.461749,119.121229,34.930629,199.524930,43.137949,195.574120,125.389216,1.057582,126.036409,2.484570,185.682663,663.898539,556.965248,107.285782,42.202812,120.237071,68.108244,146.955300,91.173096,93.515861,17.886114,52.233249,226.704275
2012-08-23 22:00:00,11.901345,80.108170,462.705415,154.331115,44.880046,319.118578,1016.740040,93.368857,29.278724,146.417886,57.828356,123.347707,94.462681,0.805025,89.828053,2.211873,186.213690,609.593227,554.229869,72.243894,42.180352,103.855999,65.659909,77.459892,52.532242,99.593297,23.817499,34.857918,152.393556
2012-08-23 23:00:00,2.325400,117.861498,327.677190,113.179042,26.644243,191.335640,785.978697,147.646933,13.643329,90.051074,87.831352,50.652290,67.323069,0.441975,86.695217,2.423971,157.892216,457.838857,687.211372,65.843549,28.838963,72.731961,39.099177,34.747704,41.577559,51.357071,22.622026,50.695925,75.819566
2012-08-24 00:00:00,1.737518,148.398816,206.130044,97.091140,24.384475,94.177245,609.710393,111.461549,5.373943,126.587634,137.433080,25.013477,63.325762,0.694532,86.996451,4.787342,204.976667,368.546328,597.154278,69.363739,15.048368,72.731961,18.102845,16.492825,27.628211,14.344939,17.472297,42.651791,96.000396
2012-08-24 01:00:00,0.646670,33.151814,117.850721,81.957237,29.639749,34.825255,529.360962,96.010126,1.297159,130.933991,150.913689,27.358490,63.956915,0.994443,66.994497,4.938841,176.124165,317.246053,527.507320,69.603751,14.015197,26.537337,10.090110,12.898235,34.776769,7.610483,17.242398,30.388954,131.269697
2012-08-24 02:00:00,0.529094,28.445721,110.457872,67.647243,23.280867,33.605693,468.195304,118.064721,1.575121,80.679243,133.699988,37.520215,70.058069,1.578481,68.982643,5.060039,186.036681,279.253799,513.830425,43.602350,18.507247,20.967773,9.199806,9.092198,30.468314,8.979275,18.024053,23.810639,110.145838
2012-08-24 03:00:00,1.384789,35.661731,108.066067,57.109884,13.190740,14.228217,490.159336,101.952981,4.771691,80.815067,136.292413,23.606469,64.798454,1.183861,85.912008,4.090451,269.231010,300.503703,473.851809,43.282333,26.952301,29.977362,10.015918,11.841003,13.331095,12.921395,15.908986,22.523578,82.797984
2012-08-24 04:00:00,1.469705,38.171647,146.769810,55.071794,7.304832,11.789094,507.396930,97.198697,5.790887,70.356646,166.952157,23.293800,82.049990,0.994443,47.835999,5.150938,249.759997,324.973291,475.535119,31.281686,20.326527,46.522245,10.535262,12.757271,11.553615,15.001959,14.575574,14.872712,82.232166
2012-08-24 05:00:00,1.040707,38.589967,104.424116,40.371528,5.623144,12.454280,536.867656,73.691403,2.872280,63.022170,212.094914,36.413762,78.659906,0.716143,13.736282,7.390405,215.957290,310.162751,502.678496,41.202221,17.002489,38.823141,8.865295,29.109131,9.259136,18.889328,12.922043,12.141286,48.603592
2012-08-24 06:00:00,2.401491,53.594148,117.087039,32.665579,15.098262,46.371679,546.953917,74.877302,7.673002,85.924614,236.166734,74.565712,95.489942,2.670056,36.453339,13.632764,173.852076,285.273461,488.107981,60.538981,28.769984,68.029578,28.148949,29.399275,8.656240,32.839581,25.343183,14.831321,70.340127
2012-08-24 07:00:00,5.452652,88.525135,229.674672,38.570442,36.722455,93.146550,585.912344,111.029973,20.171474,142.427630,280.726923,134.801370,188.325930,7.017609,59.360344,25.638061,206.080358,394.895755,598.192701,67.565889,47.316965,147.689949,60.532950,60.049571,14.749860,45.601498,40.598742,32.667806,148.961674
2012-08-24 08:00:00,9.450897,147.898252,347.107822,47.464029,65.278843,144.173134,753.572778,173.781586,37.245047,223.401270,316.550382,194.249161,305.641846,11.890864,95.588588,37.839448,280.825438,522.472331,857.768730,85.646012,63.527422,240.557260,98.179509,110.134992,22.356217,79.963811,56.977274,44.823088,285.078930
2012-08-24 09:00:00,12.200546,182.954035,476.016563,65.874001,123.689188,209.111716,789.354859,222.855462,59.437148,279.008493,323.165707,276.241916,547.256295,14.506593,161.700026,51.250390,404.446552,648.261491,740.636761,114.414971,77.050453,356.271422,133.483144,155.464120,29.709481,113.704255,73.113510,56.256574,443.412063
2012-08-24 10:00:00,14.978757,234.015277,656.119293,65.630253,179.136372,246.399928,997.125382,255.138480,76.966652,321.508403,316.910751,336.514475,840.438751,17.653950,208.638713,68.693867,492.091191,801.711759,770.171003,134.124625,97.776376,540.994251,168.868996,159.869476,28.906490,152.430692,109.076848,63.676189,501.876864
2012-08-24 11:00:00,14.582975,270.316530,676.408283,53.208166,231.548258,270.491688,1052.907793,285.078177,95.265467,362.509609,325.459849,360.006282,817.099277,13.487498,214.940795,83.826368,532.832834,812.365546,697.638905,147.368540,114.863518,747.701666,207.868457,205.967956,34.838766,191.268963,115.781785,70.199941,682.012861
2012-08-24 12:00:00,13.581588,312.825067,684.779067,65.289228,258.413971,302.904663,954.100403,318.384615,109.995365,404.913030,308.176687,369.276018,971.716242,0.000000,240.278274,97.113276,576.738036,710.833280,618.240824,168.535848,112.821562,126.061566,249.294094,294.364093,34.464734,292.539923,131.071608,94.326881,889.831146
2012-08-24 13:00:00,12.869602,363.252700,717.547832,69.368501,234.322551,312.815132,1117.212105,311.913781,98.758911,408.422076,251.359970,382.709233,1169.602107,0.000000,251.828179,115.371417,618.997902,786.158123,740.894998,202.215529,101.095916,0.000000,261.898447,0.000000,0.000000,341.507254,133.000548,98.997831,871.243397
2012-08-24 14:00:00,14.173978,407.017216,742.417253,70.795865,217.559177,269.428468,1396.462739,284.550933,80.111349,445.914044,203.116417,368.181782,1173.400624,0.000000,249.453662,115.062013,655.514170,882.531705,874.335312,267.210507,79.328264,0.000000,250.361773,0.000000,0.000000,0.000000,111.545492,76.429022,846.256601
2012-08-24 15:00:00,11.685323,400.418758,681.305990,103.335772,202.178787,200.760548,1390.740312,208.476763,74.198970,515.960276,169.830544,319.012484,925.415471,0.000000,208.282864,101.685706,717.647980,845.043033,932.104339,288.152025,61.672484,0.000000,212.366724,0.000000,27.249234,0.000000,97.672336,45.587122,909.965504
2012-08-24 16:00:00,6.458506,331.022176,555.136829,105.747786,177.870370,138.758878,1273.072502,223.808931,63.656403,481.488651,153.123968,237.588307,717.760735,0.000000,189.921195,85.826288,655.288357,832.045665,968.773856,327.401099,42.571770,0.000000,154.193215,422.699459,20.182257,302.655952,95.648976,26.969787,839.226972
2012-08-24 17:00:00,2.424638,203.887808,529.614333,112.064510,132.914701,64.336965,1287.003545,254.626713,48.122440,357.116372,154.197455,187.538068,728.525870,5.782241,197.387683,74.449587,669.498002,923.051158,972.959451,331.677517,37.771153,576.431305,149.999010,546.492146,23.906555,293.205461,82.698887,11.110623,665.431578
2012-08-24 18:00:00,1.659134,249.632116,443.353544,108.105499,113.093512,44.446239,1182.721392,261.221497,40.582535,333.582864,144.761001,148.986520,628.839541,1.057582,213.153354,62.326350,645.021566,891.208126,885.421142,274.974820,24.144770,639.189442,95.262512,533.620421,28.690834,352.600788,84.694659,5.183998,481.888040
2012-08-24 19:00:00,0.940611,336.433397,307.238135,98.088503,66.374120,46.343335,909.700140,231.903412,29.672504,418.472640,129.102755,80.824796,410.039567,1.294354,211.104961,48.903611,488.899441,801.271660,894.679348,232.812548,5.008636,759.098891,34.276698,449.112313,25.889372,331.904655,59.819626,14.050422,389.282550
2012-08-24 20:00:00,0.953675,220.454336,324.198202,69.164970,66.163909,28.998461,689.503774,173.267242,8.315713,348.795112,110.402731,54.091643,338.298421,2.273013,186.584493,52.085073,501.290086,621.398729,845.652940,158.808559,5.098477,713.395700,17.657693,347.195112,20.073924,297.903865,45.014154,28.994637,467.553992
2012-08-24 21:00:00,0.614010,219.931437,334.200293,61.272792,64.850090,31.302077,705.351239,91.519968,7.806115,264.448630,109.573155,74.884096,285.071120,1.325924,170.137103,49.449005,466.773290,641.790052,786.947498,128.486925,7.636485,654.260028,13.873902,237.947767,22.353734,248.353599,25.012972,39.827405,559.027847
2012-08-24 22:00:00,0.568286,178.831554,259.184612,64.221518,48.085764,50.544047,628.894168,73.823467,2.710135,223.429890,110.748387,118.188677,263.191123,0.962873,130.313936,52.509268,477.747861,561.297989,662.803374,104.885653,8.018310,476.525394,9.496574,124.048599,19.455670,128.502182,18.575810,35.858966,569.778383
2012-08-24 23:00:00,0.953675,43.714380,231.787581,54.334613,45.037704,101.359107,555.495379,117.668531,2.270028,166.927256,111.681660,138.824795,271.816891,0.994443,91.996939,56.751217,383.932979,411.690074,559.490213,66.323575,8.153071,314.680399,6.974047,82.182197,26.932676,89.628492,27.128040,46.512975,546.957071
2012-08-25 00:00:00,2.802238,35.557151,274.622622,60.101974,63.536271,111.522119,568.006536,142.496459,7.667134,171.001965,107.499215,151.018865,203.021130,2.572924,81.092260,60.962866,421.104913,299.001185,504.151392,56.083023,8.894259,271.106747,7.048239,51.874869,67.505573,68.768104,39.956384,42.044011,553.181065
2012-08-25 01:00:00,3.540356,46.642616,318.109973,61.836519,50.187874,117.348912,558.275636,121.630434,9.520218,175.755792,99.272587,118.501345,143.482291,7.229443,57.053767,87.353848,424.468088,257.789248,564.329730,43.362337,7.614025,217.376830,6.825663,52.015833,64.433625,42.651555,50.991518,44.153362,405.502656
2012-08-25 02:00:00,2.162099,27.504502,370.947104,54.204522,41.779434,182.121176,576.903359,103.801869,4.679037,174.533379,105.390710,120.690025,101.826142,13.306594,35.123913,76.779276,371.011307,234.178243,529.611458,34.721871,7.726326,157.585916,5.786975,62.517675,43.335718,44.786870,44.140539,69.465573,324.590730
2012-08-25 03:00:00,1.593813,35.034252,385.732804,45.705253,48.821502,217.352951,484.042770,108.159963,8.917966,151.171713,130.070594,135.698111,65.850377,20.062493,61.933761,79.748640,372.604390,229.670688,503.940978,28.561539,7.479264,143.989626,4.748287,71.257462,36.805414,61.212373,42.209390,91.452875,326.476789
2012-08-25 04:00:00,2.867558,20.288492,357.466026,35.731621,42.199856,257.191958,346.698067,108.027899,5.721396,135.959465,126.614027,171.654983,59.118070,19.762582,151.942555,58.993390,512.441666,192.537016,512.778357,35.201897,10.331716,124.496150,7.122431,65.689372,44.958634,57.160749,36.645843,88.771497,278.759500
2012-08-25 05:00:00,1.133185,29.073200,306.928443,30.354532,41.359012,325.632140,322.509830,102.217108,12.207189,129.304107,102.590891,141.014008,76.552977,14.158974,152.364283,32.205658,556.963374,236.324698,494.261945,38.322065,12.700857,96.812137,11.077904,72.103248,47.094344,50.097783,16.257600,75.933963,272.632112
2012-08-25 06:00:00,4.169801,137.762322,278.031206,37.158930,46.965104,236.885796,255.583228,142.107457,40.817581,188.071670,96.463561,152.400248,141.264814,7.440472,173.277255,32.574075,562.382107,232.912839,433.697438,38.471000,21.875126,123.406289,31.263925,115.775528,34.300149,119.829830,26.133407,79.753159,292.819787
2012-08-25 07:00:00,5.902537,230.191211,377.379474,53.119098,42.755273,304.289594,250.721377,191.542043,40.035566,280.750691,94.156494,195.262897,261.347147,8.196788,178.091959,51.652338,638.299424,239.958249,316.385226,42.566482,31.939796,207.616663,61.088847,137.408289,35.386597,117.629982,42.059553,95.948135,313.375198
2012-08-25 08:00:00,7.939379,156.377465,527.456359,75.962453,49.359612,426.542947,303.449494,197.150733,22.718851,241.298806,107.662957,259.711783,365.352751,15.883363,135.082058,77.966357,694.136758,302.787226,360.347218,69.375651,35.815389,202.771275,92.350908,185.955251,74.114818,112.823565,58.608797,146.365406,295.953572
2012-08-25 09:00:00,10.171307,212.250111,593.113614,116.654712,66.576708,407.699978,458.853506,238.927851,31.408092,257.238134,111.208316,345.167586,433.643478,21.769544,131.895703,106.199338,790.119113,376.605511,368.602295,92.710169,42.020751,255.854067,118.713036,210.947793,72.161137,110.289132,64.304395,169.288938,403.549483
2012-08-25 10:00:00,13.049677,298.730650,519.003795,128.478352,117.251899,441.956359,509.221311,291.721806,43.708308,329.230163,128.402385,347.858814,487.751374,26.586742,142.962962,105.196449,791.059749,565.619229,435.412741,108.506622,51.291147,282.092253,149.995754,212.298515,66.291865,113.648853,74.711923,194.831975,689.821374
2012-08-25 11:00:00,19.646195,314.314874,460.215604,127.047887,135.513191,459.265691,569.952666,335.093544,49.643413,398.186774,125.444285,334.596459,558.870470,47.229120,152.421297,90.033353,764.952930,720.173132,610.199257,122.695063,57.036709,327.590486,170.758690,181.862322,72.482370,126.331757,86.100073,224.446866,851.126927
2012-08-25 12:00:00,0.000000,307.117401,0.000000,139.807992,175.045767,398.187332,606.221271,353.099054,61.657924,396.012743,108.251564,345.945903,613.095667,73.573009,159.767503,93.657786,760.157006,623.848380,544.243631,134.129421,0.000000,376.359561,0.000000,165.188594,81.783749,131.296737,0.000000,0.000000,899.688141
2012-08-25 13:00:00,0.000000,286.454012,0.000000,150.840258,156.537261,0.000000,700.078675,359.794108,74.287181,415.059520,94.694385,0.000000,704.976768,73.549999,169.582989,0.000000,751.819290,672.571410,585.589511,130.657555,73.235595,347.191190,0.000000,162.380424,0.000000,135.309771,0.000000,209.655338,769.330674
2012-08-25 14:00:00,0.000000,277.529256,0.000000,145.456216,149.711967,0.000000,917.892132,335.774687,80.433004,465.661266,88.250156,0.000000,676.054828,65.703560,176.602860,0.000000,697.051179,806.088699,803.068469,191.995216,0.000000,348.181940,0.000000,146.256289,84.531065,128.572678,0.000000,205.138023,714.140481
2012-08-25 15:00:00,0.000000,298.333931,547.371017,196.059643,176.285172,0.000000,962.840173,316.814779,77.669187,468.162297,72.002443,0.000000,539.221155,0.000000,145.415129,0.000000,0.000000,754.827065,896.038353,264.134048,0.000000,344.747170,154.351642,160.312781,107.852748,158.766450,0.000000,203.418125,637.918428
2012-08-25 16:00:00,0.000000,260.387424,0.000000,240.407415,169.283955,0.000000,954.685347,301.938424,49.776622,409.406770,51.667754,0.000000,437.156580,59.682729,114.864888,0.000000,462.073724,648.972675,862.293868,295.840586,0.000000,374.236638,0.000000,153.612646,118.961157,142.571530,0.000000,218.717762,202.327870
2012-08-25 17:00:00,34.603974,135.947903,955.460500,224.008255,121.502980,284.949489,922.565832,298.095217,37.061337,311.479439,27.576621,102.010065,435.278820,29.474602,112.931102,61.203128,395.925510,645.158928,770.578847,297.049265,31.318775,347.840243,0.000000,168.687218,134.939324,92.909161,53.364979,286.599357,513.444716
2012-08-25 18:00:00,30.119155,64.525771,1091.749948,196.523915,70.630892,301.502691,1094.865266,198.623423,19.712179,236.061489,12.858427,110.997302,492.510326,17.505354,94.165826,26.875776,532.797726,628.696677,756.016674,211.371392,27.042142,389.378089,162.406260,250.423109,132.673374,122.041484,28.921249,240.179990,420.402521
2012-08-25 19:00:00,14.292065,30.955637,958.678654,208.839182,41.359012,390.666183,1081.798058,139.987253,25.248266,141.256587,7.811840,216.366573,400.151491,13.953772,77.176214,14.119630,462.879087,511.070941,809.251358,172.009271,21.674142,444.746113,61.282581,332.534823,116.115767,213.750540,32.507668,254.194661,414.555738
2012-08-25 20:00:00,13.273070,17.046517,844.306920,202.031094,42.410067,597.585108,791.539211,139.987253,34.861139,104.312557,4.217011,399.746623,355.549958,9.644519,78.441398,6.938616,303.924816,445.818708,744.654331,159.768611,24.301992,472.757747,52.305351,360.657205,110.358280,270.309020,36.140066,272.356530,456.049033
2012-08-25 21:00:00,9.993994,14.222860,598.385950,218.899542,92.072413,702.602899,543.818299,114.366945,14.685689,86.248012,3.180041,598.760096,231.423049,6.187645,84.044355,2.242173,235.776269,371.336719,621.772689,162.968784,23.066678,413.294455,43.253929,320.975749,84.430267,288.815087,68.923612,256.518522,512.064982
2012-08-25 22:00:00,5.611007,27.086183,593.602342,208.188728,105.158047,612.490859,489.603284,113.442500,18.044403,106.893206,2.661556,576.873304,212.278052,4.767012,96.937181,2.181574,215.243201,253.281693,492.999462,135.447300,23.605724,345.640626,28.638107,290.738903,58.309049,271.239799,77.429862,244.219934,472.080534
2012-08-25 23:00:00,5.885352,58.773879,587.514113,185.726374,98.904270,648.942195,569.396665,97.462823,20.939847,105.127499,3.145475,652.070068,241.942279,5.066924,72.717947,2.181574,259.495504,217.650539,442.079330,80.964364,17.002410,367.591263,16.544813,299.831102,39.858041,281.040349,77.659761,226.022313,385.510432
2012-08-26 00:00:00,5.010061,79.689850,574.033034,151.339025,105.525916,632.410363,487.379079,117.800594,18.554001,143.429766,2.557859,752.592977,260.245738,5.745671,52.053278,2.605769,247.104859,212.284402,365.488718,50.962747,13.318929,360.711212,14.170670,258.810486,35.820072,281.095100,86.809726,220.087529,360.237243
2012-08-26 01:00:00,5.944140,68.186066,569.901735,125.190764,127.387859,583.492398,472.643716,107.631709,41.115296,141.392411,3.422001,632.684624,244.256509,2.983329,36.148110,2.272473,245.334767,179.872931,353.915960,43.122324,11.207665,307.145106,11.573950,206.019349,29.850060,213.422030,85.844152,212.293656,336.284295
2012-08-26 02:00:00,11.280803,51.662449,595.994146,98.218594,132.065054,557.068567,461.522687,93.500920,30.946499,81.086714,3.283738,576.560636,209.753437,2.494000,16.989612,2.848166,189.222847,184.165841,319.408102,41.202221,15.025908,237.853170,13.280366,148.576390,26.662190,163.105240,91.315740,228.238919,282.908830
2012-08-26 03:00:00,13.403710,43.296060,471.402885,88.028144,139.527544,570.619249,444.841144,99.839965,39.841301,82.444950,3.007213,509.336917,212.278052,1.610051,8.193572,3.635956,80.716200,182.448677,316.883137,33.281794,13.857975,203.944350,13.428750,131.449225,27.937338,161.024677,93.982564,229.418726,241.792746
2012-08-26 04:00:00,12.221414,39.008286,450.528957,73.544695,82.297602,523.598380,432.608013,98.915521,18.206548,71.443235,3.491132,420.851744,156.105366,1.831038,6.145179,4.060151,54.695846,170.213883,330.139205,30.801660,15.924318,184.778496,13.280366,167.677055,37.945319,131.842034,92.465233,240.322997,210.484169
2012-08-26 05:00:00,11.389522,41.831942,485.951726,49.998251,79.617412,521.802861,416.760547,84.124415,13.411694,41.426211,3.663960,391.426193,97.974915,2.241443,7.892337,7.915352,60.421162,131.792338,316.462309,25.441371,15.444769,143.498194,13.452410,204.821152,28.302511,126.859631,102.239923,233.622957,204.419036
2012-08-26 06:00:00,12.882552,49.286816,458.720847,45.385413,79.659954,529.876682,351.737922,84.517934,22.084495,88.548769,5.892241,464.080113,132.237803,4.117776,18.750561,15.207605,98.385132,102.782543,285.600515,42.191982,16.649959,162.000234,31.973279,187.669199,28.013110,135.018854,107.123050,239.228940,195.936643
2012-08-26 07:00:00,13.785020,73.813895,378.141945,59.787064,101.557949,454.418165,387.697836,122.574051,32.529817,162.829895,17.051922,439.483856,253.974144,12.110893,54.241716,24.573577,178.472110,149.047417,307.483583,62.208323,22.912797,213.164285,66.349023,156.192990,37.276764,134.778375,111.891985,237.258054,251.992741
2012-08-26 08:00:00,16.042962,122.115706,417.437915,74.031532,82.756721,392.905577,484.916052,165.130279,28.634576,209.333713,30.016090,330.356518,335.604400,19.201148,80.569885,42.155655,274.201860,238.527037,307.135732,74.030268,31.929955,250.638881,97.398915,144.581438,53.174335,93.938173,125.026567,235.910940,290.988495
2012-08-26 09:00:00,19.427452,163.373519,459.313992,79.583237,91.504464,329.479466,556.583792,206.696076,36.361584,235.095089,39.269941,296.986727,432.976795,24.525189,112.746959,59.513308,354.519332,321.613277,340.896983,90.728309,41.164395,323.597188,128.254655,176.959999,63.287454,113.004022,135.181040,195.137050,355.836943
2012-08-26 10:00:00,19.489257,193.743203,464.586949,85.364559,101.584691,313.138758,641.639491,242.923395,42.306938,260.188058,48.767566,361.121370,504.598585,28.919425,132.286447,72.648783,353.471115,379.352322,376.220538,110.945971,47.538437,364.013744,156.317814,158.619883,62.804417,113.958413,138.802789,140.599824,414.307272
2012-08-26 11:00:00,19.057501,214.544670,480.442687,84.646587,107.541232,337.917930,644.093706,270.415724,45.195172,286.891574,56.245265,495.281966,526.226651,30.288418,129.868501,87.687742,365.049965,418.062060,397.673537,130.579745,50.688076,378.849305,173.868076,149.903213,60.955831,114.054086,151.456599,137.951552,429.016559
2012-08-26 12:00:00,17.812274,223.689387,476.912412,88.816525,121.321677,344.808592,630.577926,289.877619,46.277684,292.230021,58.980716,516.395416,470.578385,34.645114,124.621644,115.500312,358.300887,433.988817,411.257664,148.089737,52.250137,378.645828,188.077939,149.324699,50.915492,111.312949,153.079677,159.549303,415.593032
2012-08-26 13:00:00,20.146790,217.932313,444.355013,88.989212,130.038721,330.950927,718.097776,282.422715,44.654522,281.180725,56.874144,473.871186,456.370890,41.045760,119.205944,121.071089,331.631909,428.032366,451.380461,159.895564,53.107983,368.993911,206.963760,137.421870,43.209702,106.016861,128.321722,135.457615,396.295871
2012-08-26 14:00:00,17.899369,204.269935,390.540248,99.180569,113.267719,280.117723,830.485010,269.052327,38.670115,251.144933,50.150778,392.759625,415.544971,44.718257,102.104751,116.247040,294.298773,432.283782,508.626399,154.193494,48.545291,332.863641,199.080199,118.531274,37.333743,96.680763,116.283814,95.386510,353.933116
2012-08-26 15:00:00,14.692159,200.199055,330.981085,109.382074,88.894647,241.887514,824.977066,254.674919,29.742110,208.258782,45.157079,359.699230,352.780034,51.409969,78.781525,119.257951,243.372612,368.324510,475.286264,145.600619,45.068778,283.881943,199.014963,100.279541,29.598169,89.455719,79.966651,60.198245,298.849268
2012-08-26 16:00:00,11.045718,159.870346,277.516372,113.374821,71.020990,224.071270,706.738891,181.983988,20.566936,139.608224,36.610528,304.911068,306.600095,38.521457,51.643408,85.693396,186.243839,284.037274,458.249134,155.377461,35.240748,215.376818,182.881387,72.264775,16.628067,73.378135,59.193301,30.041416,237.714894
2012-08-26 17:00:00,8.866051,89.715943,263.494353,107.845193,37.012428,191.512055,614.827279,88.632914,10.735569,54.177331,20.172845,258.113424,259.355901,29.038531,24.446894,52.081458,107.955981,210.425693,481.555835,156.155067,20.658667,119.269414,138.805184,32.734808,5.518065,30.717219,26.321371,9.310364,163.474978
2012-08-26 18:00:00,10.248743,42.982321,353.769601,133.516579,27.590192,157.729947,629.728245,50.976490,7.551316,17.113779,6.152688,249.665763,346.713805,20.820164,15.543687,41.752897,284.453802,124.923682,444.814709,136.727369,15.228050,66.834775,113.142780,9.867502,2.994666,9.253033,17.932094,2.037847,144.094897
2012-08-26 19:00:00,8.458969,48.525053,369.859921,136.205123,17.447512,146.211867,647.243865,52.561252,5.373943,32.597674,5.184850,222.932610,362.703034,17.821050,17.893314,25.269896,653.163989,149.393270,465.645672,128.166908,7.726326,75.516743,38.283065,8.246413,11.611577,13.742670,19.403445,3.718178,161.446639
2012-08-26 20:00:00,4.761844,29.596099,367.902990,94.706141,5.833355,164.505288,589.136491,36.581575,1.088687,25.127374,3.663960,151.487868,323.992269,15.990012,16.869118,12.634948,622.718405,221.943449,427.560780,80.964364,7.052519,66.343343,25.002700,4.651822,13.543619,7.281973,14.529594,9.366948,145.226533
2012-08-26 21:00:00,2.371124,11.712944,308.760192,67.777334,4.099114,134.016252,645.297685,27.073007,0.880215,19.694428,3.041778,93.175200,313.052271,7.671417,30.002931,6.120526,531.381652,227.524233,393.052922,49.762682,7.052519,67.490018,23.222092,1.691572,10.317108,2.956590,15.219290,10.797017,127.686185
2012-08-26 22:00:00,1.306404,6.379371,237.875810,48.653979,4.572089,80.491055,617.773139,32.487608,4.007294,27.708023,4.217011,88.485174,318.101501,2.714987,92.177680,3.635956,579.351148,178.799703,323.405964,41.122216,4.739113,51.272756,18.325421,12.334378,10.974003,4.599141,8.138412,6.006287,126.365944
2012-08-26 23:00:00,0.855695,4.601514,195.040769,28.142988,4.992511,66.127332,511.289290,37.638082,13.133731,16.027190,6.982264,73.789756,265.294968,0.994443,112.059140,4.938841,524.655302,117.411090,281.323210,43.522346,4.896335,43.409842,9.719150,31.223596,4.018649,3.668362,5.287669,10.117734,89.776402
2012-08-27 00:00:00,0.875291,5.228993,198.737194,35.254621,25.750846,66.533852,373.666561,38.430463,41.555404,9.236008,7.500749,71.757411,278.128429,0.883949,125.735175,6.211425,435.973687,70.618370,193.159840,66.003557,8.557356,63.230939,6.825663,77.248446,1.970684,7.391476,7.172838,17.089318,72.236054
2012-08-27 01:00:00,0.855695,10.039666,176.341208,49.261070,38.048189,80.762069,263.568378,30.638720,46.883020,11.137539,6.740304,91.142855,253.723816,0.915519,151.279839,3.969252,360.213745,64.179005,141.398053,45.202436,8.287833,84.690144,5.045055,56.385727,0.637574,16.151744,12.644425,24.775935,76.008172
2012-08-27 02:00:00,0.731587,14.432020,163.947313,47.092889,45.563232,87.808424,249.667092,29.978402,39.146395,20.916841,8.330325,86.140160,205.966514,0.883949,162.606247,2.514870,356.319542,80.921354,138.873088,25.041350,6.446092,87.147305,6.157935,38.906151,0.908060,30.277676,17.196418,32.820070,100.149726
2012-08-27 03:00:00,1.280276,28.550301,189.169977,26.928807,44.407071,65.585304,170.429763,28.261578,37.478619,36.264912,9.609255,80.512128,200.286130,1.610051,166.221058,2.242173,343.574879,91.653630,134.664813,13.200711,4.357289,105.985538,5.267631,14.801253,7.940696,52.671112,12.138648,49.444615,101.658573
2012-08-27 04:00:00,1.051656,27.504502,228.960903,29.704078,36.156290,50.273033,116.770800,31.563164,16.121829,56.095164,12.512770,99.115901,208.280744,1.373278,148.448237,1.848278,352.248330,94.444021,106.048540,8.080436,4.155146,105.166484,6.009551,9.937984,9.795457,52.397353,9.701723,68.178512,75.819566
2012-08-27 05:00:00,1.085984,43.191481,267.027206,29.010260,27.852956,55.400388,123.443418,45.693952,11.234320,75.382121,13.860831,115.508926,222.344360,2.572924,154.412676,2.365296,385.437990,96.805122,84.165508,4.320233,5.045344,86.328251,8.801717,6.977734,11.954194,38.107166,8.290135,61.090317,75.882742
2012-08-27 06:00:00,2.193068,69.831393,308.198015,22.900331,34.748882,74.142096,211.196053,91.266256,10.443624,109.094346,17.375664,129.673934,228.018874,8.272463,162.285590,8.843202,432.746885,129.312008,73.802429,12.297945,12.171968,132.811518,27.405217,18.687806,14.402887,41.466390,18.927562,59.696624,120.159984
2012-08-27 07:00:00,4.721772,127.418405,398.316829,29.586816,63.785323,122.287711,307.086731,168.066912,18.586186,170.655062,33.004539,194.928160,275.344402,21.402352,135.095427,20.994034,480.403749,190.755448,115.895827,37.729727,25.232222,265.403214,61.796389,41.450249,25.007807,99.111308,39.593558,47.205705,221.336057
2012-08-27 08:00:00,9.909953,195.903033,417.187855,45.963690,79.445531,187.945918,368.450691,234.921431,30.020089,239.581912,47.784655,260.397383,347.757083,32.635662,115.982966,34.438594,423.221999,240.297522,164.715205,68.121653,38.795002,327.812361,93.677821,71.966123,37.900910,97.394559,57.819734,63.562598,265.286367
2012-08-27 09:00:00,13.279948,245.490672,511.884068,63.352508,109.006728,336.470095,475.657230,403.752984,45.656939,298.638564,60.919434,431.338144,448.093655,44.257952,129.130360,47.335922,565.404623,303.945835,216.105657,81.909139,46.759725,359.770660,121.216977,90.418187,78.379053,86.322800,74.790207,84.074424,334.508286
2012-08-27 10:00:00,15.157173,316.524770,581.943619,70.115845,135.398734,482.673477,556.234372,422.694920,49.838097,347.550335,78.541574,560.445938,564.852702,45.581464,135.195617,58.170633,674.348793,358.308970,277.758895,89.467788,53.792418,505.427091,144.249319,127.367611,76.162449,137.922338,88.771643,94.737739,414.595115
2012-08-27 11:00:00,18.943499,354.526668,639.623234,65.423528,183.354749,543.996650,638.990048,486.830202,60.193318,394.425795,111.761504,622.594279,687.783518,44.371343,166.308722,64.051596,720.273483,438.971943,357.348140,128.113083,57.676380,623.133729,158.995611,171.689676,77.078761,175.865173,96.560634,93.048427,532.638975
2012-08-27 12:00:00,20.769816,331.425904,705.241034,63.876701,212.593477,546.274389,710.174910,389.152277,68.445570,405.373010,163.811064,624.097332,738.874821,46.719722,226.939587,70.446341,697.291931,602.277777,412.150456,246.372524,59.661973,708.792449,172.805313,258.653445,83.569953,220.700606,107.369920,82.893195,733.070305
2012-08-27 13:00:00,23.769004,311.656736,737.958512,77.284431,261.314787,506.797451,751.995313,371.168056,82.012604,387.747120,163.838300,573.721421,794.773990,0.000000,270.059808,87.144019,619.779558,702.079100,467.146684,283.529050,56.309564,706.342831,167.874056,349.820026,85.167184,275.909818,131.765809,74.136895,882.551195
2012-08-27 14:00:00,22.253680,256.744720,752.994117,98.657004,219.259422,480.088006,801.658991,333.397080,70.042400,267.983745,154.471087,566.877762,760.006795,0.000000,195.934153,100.197642,575.298980,628.840795,400.009583,260.154947,55.603609,758.026883,165.021935,390.679609,87.784299,265.792984,164.808194,73.461505,834.468010
2012-08-27 15:00:00,19.998687,254.070670,746.974621,75.618885,218.817764,479.365699,850.350491,398.590526,58.488897,230.998198,174.495032,536.929219,595.800222,29.630699,165.116227,85.492740,556.021523,603.373918,363.903610,178.599298,45.944540,739.424588,138.134560,444.198190,79.982850,252.034457,189.362395,93.512427,680.459913
2012-08-27 16:00:00,20.464193,240.678900,589.811391,69.838982,181.207341,426.563675,856.903919,330.367544,65.688766,303.414472,147.660688,458.227304,480.967519,25.405999,145.810201,59.356374,537.039533,540.507943,341.545218,148.488169,29.757923,670.939124,102.212848,431.933752,75.348212,249.103885,141.629745,88.719378,585.555610
2012-08-27 17:00:00,13.393645,416.347368,544.776184,58.353049,165.825189,449.164651,922.003752,214.239997,47.458940,294.241684,130.548394,308.782399,525.204359,45.009652,106.389757,27.806375,612.339837,541.945148,341.177436,102.185178,13.354446,685.764617,46.915689,403.974812,95.972692,192.643445,87.572389,129.630912,556.739704
2012-08-27 18:00:00,12.247542,344.381466,619.912189,37.899802,153.296364,427.524040,687.001542,110.537105,46.141786,244.075084,102.936547,192.134767,509.341093,25.713455,168.088710,9.968580,682.724528,351.160042,413.463057,68.323682,8.085690,521.081910,26.041388,347.265594,94.457569,183.472864,39.220708,174.968871,629.189237
2012-08-27 19:00:00,11.313463,234.363457,385.950240,50.648705,100.480853,312.749757,685.055362,39.751097,28.305855,291.341711,119.078712,138.668461,308.213425,16.210999,185.500050,7.999104,702.195541,177.726476,348.866030,64.483475,8.445054,282.737308,18.325421,229.278461,72.161796,167.266368,44.232498,157.200271,340.245019
2012-08-27 20:00:00,5.911480,102.592839,293.104746,42.756527,95.908764,251.771685,714.526088,60.617122,50.149080,193.277042,109.711418,165.401614,305.268041,10.244341,183.451657,6.393223,532.089689,184.165841,305.731207,74.324006,5.525222,409.690619,12.835214,283.761170,81.590164,152.702422,39.450607,97.494914,192.000792
2012-08-27 21:00:00,8.720250,42.354842,297.018608,30.658078,99.745114,283.073762,486.266976,82.143464,57.352943,63.837112,91.322484,199.951479,289.278812,5.445759,114.710002,7.605208,422.166969,199.620317,288.687692,79.924308,5.907046,342.364411,11.499758,42.359777,83.329003,64.606977,23.633580,65.783147,359.105608
2012-08-27 22:00:00,5.630603,22.589249,404.214928,32.696168,136.637143,294.862856,428.993679,79.634258,59.321844,112.597799,58.485103,227.153634,202.600361,5.414190,62.777217,4.302548,369.064205,168.282074,264.490108,64.163458,5.839665,276.021069,8.086927,26.360327,70.055869,10.074308,26.530303,52.447759,518.666188
2012-08-27 23:00:00,11.594340,31.792276,462.053105,23.633172,88.446274,253.939794,445.119170,77.521243,15.033142,72.394001,45.834070,173.374660,97.408065,3.535797,27.352070,3.029964,301.446687,190.390561,344.447341,38.242061,6.131649,71.912907,6.306319,41.161581,48.416991,11.607355,23.219763,38.719102,583.735218
2012-08-28 00:00:00,16.075307,44.760178,592.297721,18.516265,32.792914,239.711577,403.693338,59.032361,8.663167,84.482305,38.264190,183.536385,59.749224,4.261899,20.483929,4.969140,209.047878,155.617989,399.154921,26.161410,15.609875,44.228895,8.828846,48.280279,55.816714,25.076267,36.599863,63.709548,337.604537
2012-08-28 01:00:00,21.790827,40.576984,481.839850,15.047175,13.453503,200.279091,421.765010,55.862838,9.821344,69.541704,48.495627,163.056601,55.120763,0.789240,12.531345,9.362587,118.773181,153.256889,408.413127,19.841069,24.436753,59.954725,14.393246,62.024299,29.231806,47.798212,51.957093,16.660297,157.674521
2012-08-28 02:00:00,21.810423,22.275509,323.111018,8.239087,8.040570,154.477783,471.809639,59.164424,11.906063,34.363381,56.169204,113.811319,40.604226,0.947089,12.591592,11.877457,79.477136,170.428529,445.235536,11.760634,20.191766,47.505110,12.167486,53.495958,15.707507,48.071971,74.073342,27.457314,92.982702
2012-08-28 03:00:00,18.250471,18.824374,233.092202,6.677997,9.196731,96.074340,435.666296,44.769508,11.396465,23.497490,42.619464,86.921831,43.970379,1.104937,12.712085,10.513973,52.571736,204.127873,521.615735,7.840423,14.149958,35.055495,11.648142,32.774204,16.673529,27.594844,65.429153,14.801208,54.507101
2012-08-28 04:00:00,7.426909,16.523617,174.601714,7.285088,12.139685,63.552702,390.348104,37.638082,12.299844,18.472015,36.293947,66.285713,48.178071,1.294354,10.663692,7.968804,45.845386,227.738878,521.405321,5.280285,15.183130,20.803962,11.870718,36.932651,21.812762,23.433717,45.060133,5.505763,33.760454
2012-08-28 05:00:00,4.655782,22.484669,129.642531,8.065633,6.831857,41.048690,312.778930,28.657768,8.616840,17.521250,26.235339,43.186721,27.526174,3.014899,12.772332,3.349960,32.923713,178.370412,435.556503,3.040164,13.493940,20.148719,11.818012,60.121281,21.243423,30.496683,12.017851,7.622848,16.408712
2012-08-28 06:00:00,4.783829,30.721081,167.586081,8.438402,13.130816,56.018112,261.167597,35.956371,7.380912,30.431700,27.138609,64.554405,65.914978,6.843337,27.842832,13.040367,55.425132,115.133871,333.748941,9.312933,17.898235,52.805584,26.942203,39.618155,27.626162,31.078893,11.037457,13.255252,49.140193
2012-08-28 07:00:00,9.781701,69.803298,229.476960,11.444073,36.451660,101.855816,333.220888,90.203669,17.829661,87.569665,33.327622,124.346887,147.876592,12.511362,45.120814,26.217644,129.403995,139.440944,337.414590,33.202096,23.055364,140.953020,56.567588,65.309960,23.718839,53.136674,29.146880,21.788983,126.129964
2012-08-28 08:00:00,7.622237,117.581844,284.095924,18.106868,59.878562,161.025265,434.559263,160.950604,27.933074,153.171158,31.661087,182.756843,223.434616,17.985122,71.565861,37.439886,212.594008,237.444971,360.943813,63.481343,34.150839,232.960583,89.292624,91.472025,27.942625,77.756321,36.984400,32.894592,219.215728
2012-08-28 09:00:00,6.074995,164.384433,377.175398,24.401314,84.312731,216.113082,487.127374,218.978161,38.201703,213.552114,39.599216,233.533620,348.207366,23.979517,107.257727,48.084448,275.824471,312.378876,343.754472,89.489777,43.169329,327.782420,114.360612,121.220858,31.323068,95.106796,41.178985,46.466818,299.417853
2012-08-28 10:00:00,5.127355,206.361971,448.202717,20.414744,108.161008,238.059817,593.606408,261.033873,47.141104,266.899717,61.359177,270.847394,455.800958,29.735454,145.283201,55.923533,321.881703,392.981337,400.066311,107.764799,48.110757,406.613791,132.905452,156.701372,34.271746,114.392224,52.829355,58.563770,351.433859
2012-08-28 11:00:00,7.168295,234.761204,459.818970,25.191657,137.594875,251.372450,670.812630,273.579164,51.396698,295.663336,79.458301,285.434627,492.761113,37.971908,145.335965,63.268076,357.847555,472.055963,430.959428,120.515479,50.390480,470.975860,141.424639,177.402223,37.587525,138.340484,53.895230,62.741929,397.184675
2012-08-28 12:00:00,10.770261,246.738553,452.318236,34.505974,158.889776,277.664747,700.757257,268.548312,55.833900,320.143628,96.149248,302.342139,490.940178,43.239882,145.047470,82.978464,389.049845,491.126311,436.909699,130.215347,53.802135,517.300458,143.311486,206.087231,39.058641,158.750021,54.678733,65.849559,416.362064
2012-08-28 13:00:00,11.088990,219.972604,428.416882,45.982961,162.058197,276.388385,781.919426,250.383367,56.667626,346.241292,100.086821,294.784334,443.686593,44.875444,136.889802,106.031687,369.258904,476.459715,475.439721,133.313161,54.365552,483.884096,137.914212,244.538716,40.069316,184.293416,70.281736,62.290580,393.101019
2012-08-28 14:00:00,8.813690,169.179853,416.422048,49.262248,197.841958,244.807352,922.311396,221.634728,57.908095,346.503176,105.656034,286.861674,435.710767,34.113783,121.847975,111.640269,320.095796,504.931922,554.119361,119.037827,43.907178,420.132682,121.492724,239.379991,33.668618,153.797305,62.992958,52.353251,343.119006
2012-08-28 15:00:00,10.039883,154.592093,393.374963,78.771182,201.429772,234.938872,803.206699,191.780000,48.461376,317.053708,88.252336,257.336371,397.168099,20.394459,98.414935,92.761058,247.754980,426.425287,564.861889,109.504713,38.075081,333.063904,105.686826,327.330707,26.433893,173.610190,51.580483,41.818523,322.898160
2012-08-28 16:00:00,8.892941,114.743444,420.673818,101.994755,178.558799,235.458032,665.764147,134.781026,36.282764,268.094923,78.878508,219.047235,318.236580,14.394414,73.055130,64.205352,165.685449,327.261905,523.030305,117.606911,26.916222,320.177496,99.866610,314.236565,20.391034,177.753970,41.180366,43.217131,285.168947
2012-08-28 17:00:00,4.774530,92.307962,432.216778,83.102652,154.985644,237.995836,681.033573,92.138447,30.507782,208.044475,73.330045,189.237301,272.704531,8.636208,40.148198,41.314790,177.955774,207.456904,476.213056,113.227338,8.926344,217.928165,36.952736,315.176047,11.881079,171.344967,24.185337,48.531911,349.421297
2012-08-28 18:00:00,4.043322,80.317329,395.300021,79.572238,112.830748,206.918925,660.867125,71.314261,29.047088,153.073244,56.929649,133.040429,257.931508,4.830152,26.749601,27.905964,353.310386,228.812106,562.646420,118.646395,8.018310,184.123253,13.873902,220.186263,7.708850,147.720020,20.874797,84.517043,349.863919
2012-08-28 19:00:00,4.304603,78.016573,305.063768,67.126880,77.778066,161.795152,580.239668,88.746636,16.075502,127.266752,45.903202,91.924527,125.178831,2.683418,17.351093,12.604648,423.760052,183.951196,467.960224,113.526119,6.041808,113.193210,10.980414,167.113198,7.921375,96.800962,12.598445,190.377858,257.635641
2012-08-28 20:00:00,6.002929,59.296778,206.130044,67.083516,47.244920,176.158875,613.880779,97.198697,8.917966,88.421191,33.632391,73.477088,66.271146,2.257228,18.074055,5.969028,309.943129,258.433185,482.899601,97.445252,7.007598,90.914951,13.206174,95.644289,22.604900,37.669153,8.782128,149.120384,168.613662
2012-08-28 21:00:00,7.733915,46.328876,186.995609,88.765325,20.075149,176.023369,836.301351,85.048859,6.578447,84.618129,21.396146,50.183287,56.172686,2.067810,26.508614,3.242061,265.867835,373.912465,530.873941,75.844088,4.087766,88.293980,13.725518,105.088898,35.279100,21.791167,5.839425,136.786044,81.100531
2012-08-28 22:00:00,11.947069,36.812109,200.041815,80.396147,12.244790,159.085015,917.484860,68.408865,3.706168,65.738643,14.863236,45.180592,105.402680,1.610051,24.761455,5.150938,272.771194,497.977566,649.547307,72.323898,6.154109,75.025311,11.870718,61.812853,30.352391,30.222925,5.839425,154.089872,72.613266
2012-08-28 23:00:00,7.061116,47.270095,186.560736,84.732509,7.672701,133.203211,754.005740,75.408228,3.219733,84.618129,11.026447,50.183287,131.279984,1.452202,15.483440,2.636068,266.398863,354.165079,627.033033,62.163350,7.052519,79.284390,8.606271,41.091098,30.874043,26.390307,4.597973,164.851137,57.902007
2012-08-29 00:00:00,5.094977,45.073918,204.390550,78.271330,9.564600,118.839487,701.736905,108.292026,5.906705,96.706433,13.100387,40.334231,135.908445,1.231215,19.038004,1.333184,186.036681,347.511068,457.018708,44.962423,5.862126,65.688100,12.612638,37.989883,27.647531,24.473999,4.781892,105.717808,32.628818
2012-08-29 01:00:00,6.296870,27.609082,181.777127,79.962511,10.615655,65.720811,546.598556,118.725038,9.311746,80.135949,12.028851,37.051212,115.080371,1.041797,15.423193,1.181686,131.517844,297.284021,545.392491,35.041889,6.086728,27.684012,12.538446,31.435043,14.606243,11.497852,4.230135,91.774641,25.839006
2012-08-29 02:00:00,3.194159,14.536600,156.554464,104.853227,8.460992,45.665801,646.965839,100.896473,7.180700,37.623149,16.349559,25.482479,84.364221,1.104937,14.398997,1.090787,125.145512,211.211174,435.346089,41.362229,8.759498,17.691558,6.603087,40.879652,8.017977,4.215879,4.184155,84.946064,24.330159
2012-08-29 03:00:00,1.495833,14.432020,116.763538,90.499870,11.771815,43.904212,667.261716,96.538379,0.926542,29.473730,24.714450,25.795148,64.167300,1.057582,6.988635,1.575581,121.074300,273.887661,520.563666,26.161410,9.657908,20.476340,5.119247,29.532024,16.441684,2.792335,5.103750,43.760094,18.106165
2012-08-29 04:00:00,1.038592,4.810673,93.280368,74.151786,8.303334,34.554241,654.472534,76.596799,3.381878,16.706308,31.039966,22.199460,53.858455,0.883949,2.650861,1.787678,105.143471,263.155386,564.329730,33.841824,16.171381,16.053451,7.938543,24.316345,6.588266,3.175597,5.241689,28.565617,12.447989
2012-08-29 05:00:00,1.849169,7.634329,74.156555,60.232065,6.411435,22.706091,697.844545,67.748548,4.910672,15.348072,32.076936,22.261882,36.606919,0.426190,4.217279,2.839941,44.429312,229.241397,528.348975,25.281363,16.225909,15.398208,5.596137,25.725988,10.313967,3.942121,8.709164,30.522256,24.518765
2012-08-29 06:00:00,3.222940,15.900809,101.450256,47.213871,12.778240,42.238507,639.175827,64.898632,6.848490,33.919135,34.817023,44.741936,68.156682,2.250542,15.381530,8.397673,57.512679,220.360796,501.602125,25.159233,17.513260,32.815530,19.214017,30.651968,14.280951,7.192796,15.974779,40.930918,46.196994
2012-08-29 07:00:00,4.945507,39.829528,193.400819,59.706391,33.141240,89.689193,543.720749,79.295485,17.431468,70.517115,50.956624,106.868131,166.151717,5.736903,46.446833,22.704853,132.992230,270.584553,480.565811,47.055705,22.555501,51.392331,41.527013,16.088426,13.871164,9.279244,21.718201,25.129435,112.293556
2012-08-29 08:00:00,7.942324,73.013017,280.633627,69.716635,52.937821,143.945714,498.564686,128.518566,24.005179,108.379496,64.462584,170.298000,255.714631,7.130802,73.406648,34.014992,210.667041,379.627621,424.977500,78.979704,36.879924,64.331093,75.084211,22.259772,14.906904,13.413779,34.028852,49.512824,169.041031
2012-08-29 09:00:00,13.124301,139.351532,373.889720,136.527915,74.912132,191.351733,755.103956,177.740357,34.444650,167.496050,74.508083,231.993413,413.968480,7.761401,112.343982,46.189758,288.182011,441.355060,457.476268,95.596176,56.456691,125.449072,123.957110,38.212448,24.012880,21.835794,58.670420,57.099422,227.562559
2012-08-29 10:00:00,14.629684,190.143116,474.826352,188.861841,106.629899,236.658899,1017.220092,214.841709,45.944147,240.113076,97.180154,290.744607,519.929056,8.213796,140.629899,55.489337,333.519719,548.182318,509.185551,111.431849,59.038288,215.722163,146.785152,69.609865,34.463992,47.983865,90.880220,62.007510,321.027245
2012-08-29 11:00:00,16.361025,226.924209,462.092569,177.915550,191.806314,268.040755,1113.258718,247.487371,61.871211,343.648604,111.101212,305.620281,565.392975,10.806636,156.324518,64.521462,352.334083,604.928570,531.318972,128.813859,69.269473,285.476386,165.073761,126.104491,37.046957,88.760988,105.419662,61.159524,408.011544
2012-08-29 12:00:00,15.746067,247.110384,465.924948,191.376922,221.561328,271.426064,1002.547707,260.502210,69.715556,362.461743,114.494108,311.799674,560.942598,15.985716,178.700022,69.153014,362.720064,573.466153,507.138717,141.615646,83.009254,354.671844,156.051591,139.697563,36.537898,111.448739,98.459003,60.548726,545.964971
2012-08-29 13:00:00,16.346211,232.265591,507.215777,215.532512,235.752549,251.871421,978.237676,250.210752,72.461430,406.206623,130.847533,286.745362,647.716185,22.128464,195.253864,67.494631,363.050611,616.744857,576.222888,165.019783,87.463060,354.474881,139.069184,159.775781,34.970907,103.305563,105.206665,53.310439,627.317676
2012-08-29 14:00:00,16.817277,224.790866,485.758576,237.977905,188.786747,238.770748,1222.839323,257.942037,69.329550,418.731211,146.415338,266.224743,611.466611,15.803965,161.993903,87.219587,346.452010,746.170550,809.348192,214.453891,70.238868,331.298005,119.363159,165.589303,30.391777,100.379959,75.740129,49.948406,541.022386
2012-08-29 15:00:00,12.648316,216.113071,400.517144,259.380152,148.205132,218.648525,1275.333269,252.061939,55.532384,389.090567,145.521567,243.758175,489.866221,8.978098,129.811952,92.567821,309.246225,737.227182,811.443077,217.425897,61.301254,326.462669,104.354063,201.695595,32.629736,127.220544,44.181685,37.535478,416.767953
2012-08-29 16:00:00,7.159958,151.062064,355.824708,287.185464,179.256432,201.639845,1148.004130,235.449222,47.228178,333.051892,130.266968,201.757650,443.520383,8.665761,103.348995,64.501350,265.946035,683.018926,800.089075,218.744412,36.880251,325.405495,71.647510,166.997074,66.365709,107.475400,33.717171,22.558955,397.186365
2012-08-29 17:00:00,3.435816,156.523861,313.970027,261.833244,192.939729,150.052979,1170.403030,213.136672,61.829602,331.122115,110.232404,133.910323,468.526045,7.746596,129.993194,22.376630,257.221932,707.354447,729.111686,193.331468,17.818487,375.629651,58.499062,105.093375,100.272181,93.924761,14.621554,16.341226,363.503167
2012-08-29 18:00:00,2.808770,128.424063,388.776918,228.786446,113.881803,155.832851,1162.981567,251.580865,35.880335,218.132768,93.189030,83.482478,474.206867,6.377063,195.501027,10.938168,241.971592,636.209269,778.320534,186.330043,16.261222,544.670655,45.257112,155.413159,51.276414,92.968344,11.219054,24.203908,284.040465
2012-08-29 19:00:00,1.979203,139.823267,411.390341,214.346362,46.298970,173.177725,1089.860804,183.568190,24.136416,192.462100,66.158681,69.881400,250.988816,4.798582,184.475853,5.120638,259.849522,667.118221,673.534476,152.328210,13.678293,567.931777,27.821995,349.239095,106.474874,281.916376,9.379865,22.344819,295.734030
2012-08-29 20:00:00,1.456641,202.989500,370.947104,200.079732,22.229812,136.319868,1182.999418,222.791034,26.522262,210.390821,38.264190,65.191373,103.088449,2.872835,138.748495,3.393559,158.600253,733.014391,716.038058,143.767749,12.016234,519.279993,15.506125,400.056731,115.961204,329.605085,8.092432,73.684275,450.579463
2012-08-29 21:00:00,1.280276,227.879506,400.301066,232.472354,25.488082,86.588863,1075.959518,254.618325,11.141666,223.022420,30.002996,52.059298,69.006146,2.888620,98.142118,1.969476,119.481218,668.835385,782.528809,107.845813,11.454728,486.517848,19.512493,371.793386,105.953223,311.208522,9.839662,63.530789,396.638179
2012-08-29 22:00:00,1.953075,126.018726,436.178131,224.319994,33.003125,57.048374,995.054035,272.843080,8.060914,195.042749,20.462873,24.700808,68.164607,3.330595,82.959912,0.999888,105.674499,588.987259,824.190736,103.125558,10.241875,396.421950,7.270815,261.629772,115.323630,309.511220,8.966047,99.067990,331.757754
2012-08-29 23:00:00,0.659734,108.658470,377.905081,204.936457,38.468611,163.963261,1149.914358,285.785298,12.323007,216.502885,14.517579,38.927223,66.902300,3.472658,49.824145,0.999888,82.309283,570.742391,887.946108,78.644239,15.654795,337.450090,5.341823,177.685521,86.806679,237.950780,15.495168,153.911113,237.832023
2012-08-30 00:00:00,0.287409,52.708247,307.020698,194.052189,79.617412,191.064626,1211.914093,269.013240,21.657917,197.080104,16.868044,97.083556,33.240765,2.494000,26.147133,3.545057,108.683656,557.434370,975.688650,75.444066,18.394946,310.748942,9.719150,184.240362,59.951286,193.820930,23.081823,140.039450,188.983098
2012-08-30 01:00:00,0.333133,45.701397,373.773782,175.492560,59.910132,182.392189,1164.927747,216.451989,53.971065,147.911946,21.776368,125.380051,37.448457,2.020456,38.497737,5.696331,99.302167,414.695111,957.803479,73.443958,6.154109,279.297283,13.280366,167.606573,65.670132,163.926516,45.795809,179.437834,118.444497
2012-08-30 02:00:00,1.038592,53.544886,347.246498,188.805191,16.081141,353.808326,1143.797792,220.942146,54.063719,113.141093,35.015018,178.221021,29.453843,2.904405,20.845410,6.181126,99.656186,317.460698,790.314119,51.842794,4.492050,282.901119,12.241678,115.238329,55.604189,187.141226,63.084187,114.441225,136.739268
2012-08-30 03:00:00,3.742849,78.330312,323.545892,212.655181,19.234305,375.082898,1124.614018,239.431028,23.094057,101.596084,41.029443,171.498649,20.828074,2.999114,12.410851,3.908653,114.524960,295.566857,641.551584,54.722949,5.862126,294.531680,14.615821,129.123314,56.029239,209.534661,117.064387,128.169882,200.676663
2012-08-30 04:00:00,8.713718,87.219600,331.156178,219.680087,24.910002,377.251007,1244.443101,267.296416,4.748527,97.657198,27.583400,210.425872,20.407305,3.109607,9.157521,1.302884,107.975619,324.758645,607.674967,38.642083,3.144435,280.116337,18.918957,125.810653,67.099844,224.591372,138.261042,137.751340,208.975322
2012-08-30 05:00:00,13.188345,65.153250,407.589977,205.109911,18.813883,469.939824,1409.034325,316.556081,3.196570,113.412741,23.781177,291.482071,23.773459,2.462430,21.206891,5.050926,134.881019,325.617227,678.794821,40.322173,4.661215,241.620817,20.317991,82.957500,87.309011,196.284756,82.876201,175.954051,209.729746
2012-08-30 06:00:00,11.266202,83.567406,517.270510,225.685994,58.834250,309.100520,1354.065084,381.077231,13.630269,190.577251,38.941459,278.043473,89.135534,3.543067,14.467695,12.806787,190.002777,235.669379,616.504808,52.760721,11.431437,270.922018,19.833543,67.643100,108.355158,174.496760,105.642654,181.073207,217.582622
2012-08-30 07:00:00,9.940143,96.542754,505.905988,235.546992,83.372571,447.845336,1314.560751,496.853009,23.815699,325.903475,56.275586,438.251823,103.378999,6.703830,28.709117,22.721261,305.309400,207.505587,672.208040,63.577724,12.176921,306.759076,17.266645,72.981104,107.581735,160.346223,86.040004,196.252565,291.908874
2012-08-30 08:00:00,5.770561,142.785224,643.167152,225.316915,169.723925,483.128327,1543.587533,667.366275,34.787059,490.454624,64.644261,478.704650,112.576462,5.288231,39.434276,34.341733,267.602986,316.461328,712.046136,79.956439,17.632866,406.240545,21.752336,101.502919,128.167321,176.014449,143.277472,225.304833,482.336330
2012-08-30 09:00:00,12.990264,199.039482,715.165579,182.537861,205.977841,470.745554,1542.617998,766.878527,60.653080,594.782821,65.798322,519.410110,140.457928,6.332077,70.880316,49.227503,359.081796,438.038614,620.362496,104.545015,16.149674,514.238458,35.658804,153.695132,123.214120,234.945516,169.768984,256.251842,637.645190
2012-08-30 10:00:00,9.101509,239.037520,866.310529,198.296830,207.128209,497.680810,1485.428757,789.383504,74.159789,559.878421,63.646769,522.012048,271.646308,17.888364,100.732989,67.473107,378.408165,493.589713,573.712708,124.282997,17.559263,567.245806,25.645577,187.450430,128.013515,279.560490,161.458481,288.558665,674.055741
2012-08-30 11:00:00,8.651844,305.480540,871.140419,235.615897,216.908742,460.333649,1523.179399,733.636788,85.813753,562.369785,88.215160,623.741292,330.610373,28.623038,118.682641,63.022400,308.244947,580.764699,486.040600,136.410326,24.063254,627.066899,50.312783,212.399442,141.068919,289.367765,171.185671,323.776969,612.166429
2012-08-30 12:00:00,18.535053,309.887709,741.911519,315.979247,215.717523,318.120520,1552.846998,660.609388,81.164589,508.809586,94.656238,540.198602,341.588983,45.675269,120.048937,76.390797,277.143450,610.525830,512.548546,138.990969,37.903143,690.001425,74.079434,254.541281,0.000000,286.538406,178.825943,345.933772,670.992383
2012-08-30 13:00:00,15.152437,330.448196,899.760287,347.449264,204.698242,392.401882,1439.163628,638.093446,68.106167,475.957609,91.282086,435.552847,346.664348,47.112216,113.708976,100.685206,247.010008,587.254991,556.993340,141.519832,42.596050,784.877898,88.007648,281.254461,0.000000,332.421724,243.769004,0.000000,800.943811
2012-08-30 14:00:00,13.073809,376.682344,1139.907877,370.641234,197.930378,397.427769,1856.759554,691.183595,0.000000,499.067058,85.288200,338.542988,362.173642,49.587677,99.171448,141.111008,230.318150,686.888248,661.709792,149.078379,51.717888,889.015906,80.471439,303.745253,0.000000,369.133123,262.926567,0.000000,1059.048265
2012-08-30 15:00:00,10.283746,431.097949,232.729484,372.153069,205.422718,360.886133,2006.447473,637.073705,44.468323,584.413211,77.107433,298.576128,299.131815,51.184289,84.647289,104.691754,215.851935,695.619807,912.021123,143.111340,71.283950,960.215608,0.000000,364.259570,0.000000,405.164118,247.521739,0.000000,1210.999454
2012-08-30 16:00:00,7.352632,551.964163,0.000000,370.258241,320.520750,430.536860,1853.895850,613.642255,70.050900,726.088737,76.815369,313.062263,293.879094,46.536880,102.639360,115.741309,146.952608,618.015191,944.416431,170.976452,55.391291,1034.012733,0.000000,435.236529,0.000000,434.775336,176.665585,0.000000,1211.742746
2012-08-30 17:00:00,2.413790,685.659910,1387.650688,327.391654,0.000000,651.825204,1845.045613,650.927919,0.000000,203.625252,51.432316,518.366057,471.645551,32.510132,0.000000,97.318305,190.301456,628.969744,945.018847,196.807398,44.550418,1078.202984,91.644397,447.659831,0.000000,440.038603,110.903104,0.000000,1306.921921
2012-08-30 18:00:00,1.966139,708.842264,0.000000,344.870851,0.000000,775.505572,1645.356183,693.729284,0.000000,424.545186,47.043869,719.450121,1051.502183,26.360632,0.000000,72.719124,554.569859,572.244909,812.407564,187.610112,34.790929,1178.945775,75.601635,501.551039,0.000000,440.093965,82.073814,0.000000,1271.958098
2012-08-30 19:00:00,0.640138,638.460021,1581.852394,307.621503,0.000000,754.773028,1312.559401,709.973088,0.000000,0.000000,49.636294,890.323433,1386.013682,16.763468,0.000000,39.298627,591.210765,459.556021,737.289849,175.849478,50.715247,1093.436577,82.056338,504.088397,0.000000,457.450246,77.613781,0.000000,1072.413070
2012-08-30 20:00:00,0.685862,606.040266,1427.710541,244.223894,0.000000,683.767450,1167.151952,526.025359,0.000000,0.000000,77.115996,785.892168,1393.587527,5.287911,0.000000,26.118286,591.918802,414.480465,719.194264,107.605800,75.331683,1076.727884,148.829126,469.199728,0.000000,467.360300,85.154456,0.000000,1100.892559
2012-08-30 21:00:00,6.153165,389.369586,706.542169,202.681549,0.000000,713.172432,1327.572790,0.000000,0.000000,0.000000,63.773650,846.237180,0.000000,3.914633,0.000000,19.482665,759.546525,422.636994,837.236389,66.643592,72.322009,966.810888,160.774036,344.939683,0.000000,379.648116,83.545166,0.000000,1006.401010
2012-08-30 22:00:00,12.639463,499.577972,0.000000,149.040754,0.000000,718.321691,1242.774947,0.000000,0.000000,0.000000,52.297850,822.474378,0.000000,2.067810,0.000000,25.148697,795.833414,328.622264,750.545916,60.883281,53.567699,729.940583,104.684894,263.391826,0.000000,329.769340,73.245707,0.000000,611.906509
2012-08-30 23:00:00,4.200090,404.410303,0.000000,84.342236,0.000000,754.908534,918.596963,811.696977,0.000000,0.000000,54.924840,917.525589,0.000000,3.567367,0.000000,11.725959,0.000000,236.110053,602.625036,66.323575,0.000000,447.858517,0.000000,193.825936,0.000000,193.382917,72.510031,0.000000,0.000000
2012-08-31 00:00:00,1.247616,257.475605,0.000000,80.959874,0.000000,833.502494,726.759220,807.303848,0.000000,223.821792,63.773650,1107.784345,0.000000,5.051139,0.000000,19.270568,0.000000,195.327407,475.324706,91.204916,0.000000,358.581673,0.000000,121.088348,0.000000,157.794328,74.073342,0.000000,0.000000
2012-08-31 01:00:00,3.187627,166.072811,0.000000,70.292424,173.424066,850.711861,827.126503,660.185169,0.000000,319.593029,51.502839,1107.471677,0.000000,4.656519,0.000000,18.300980,0.000000,317.675344,549.811180,57.603105,0.000000,369.556992,0.000000,169.862002,0.000000,164.090771,78.349457,0.000000,0.000000
2012-08-31 02:00:00,9.798034,184.583446,0.000000,65.825972,148.093642,893.532019,836.023326,628.489941,0.000000,310.357021,48.288233,1087.148227,0.000000,4.088266,221.105938,13.392439,0.000000,356.740825,548.548697,27.041457,0.000000,276.348690,0.000000,148.012533,0.000000,142.792369,69.245470,0.000000,0.000000
2012-08-31 03:00:00,14.350853,161.994197,0.000000,108.148862,163.018622,785.126557,717.028320,543.837272,112.899129,225.603069,65.156277,1031.962244,545.527243,5.887734,147.785522,8.847493,157.361189,363.824127,524.771941,23.841285,0.000000,370.212234,0.000000,106.709988,0.000000,121.822477,66.854525,0.000000,0.000000
2012-08-31 04:00:00,15.337189,116.501960,0.000000,131.131580,206.427191,774.963545,567.172459,489.163005,141.506110,169.643728,64.603226,1078.706179,616.006081,12.043810,243.638260,8.514197,135.589056,304.152677,354.336788,9.440509,0.000000,609.375890,0.000000,77.459892,0.000000,174.876851,72.739930,0.000000,508.292864
2012-08-31 05:00:00,25.578009,103.847797,0.000000,145.875210,206.427191,862.832850,510.455213,543.309018,157.581612,135.959465,69.511550,1223.908654,821.131056,20.835949,256.290098,8.418668,125.676540,309.089523,269.329625,9.280500,0.000000,479.310176,0.000000,60.967067,0.000000,108.846330,83.452860,0.000000,401.353326
2012-08-31 06:00:00,29.294498,150.902894,0.000000,201.084971,231.281378,704.151561,405.592284,522.764352,159.771933,267.217803,105.246831,1270.663558,1119.217249,16.737990,281.555054,31.705091,156.548036,400.375426,279.272453,22.936202,0.000000,426.453842,0.000000,69.560923,0.000000,106.589553,92.018073,0.000000,373.593254
2012-08-31 07:00:00,25.845845,157.390569,0.000000,245.742822,104.223360,736.479384,478.057451,447.484688,95.541147,249.353536,121.980607,1212.212458,1004.518308,19.715536,263.985300,67.312133,254.624609,549.236656,289.133433,42.328034,0.000000,376.201907,0.000000,118.885697,0.000000,146.815911,99.001683,0.000000,333.942459
2012-08-31 08:00:00,31.754426,167.280118,0.000000,266.537444,0.000000,1012.380943,580.395158,629.007972,0.000000,338.706537,144.977228,1302.785540,921.318624,22.984952,138.699590,70.160892,340.617742,508.571301,268.324311,68.969025,81.917384,551.901886,37.958422,158.134867,0.000000,160.855915,115.981312,0.000000,484.156196
2012-08-31 09:00:00,27.222643,260.650008,459.621949,278.110026,0.000000,1063.655563,558.599544,0.000000,0.000000,0.000000,156.094703,1391.446042,0.000000,34.587262,0.000000,82.268463,340.894564,868.801881,293.902058,94.735129,78.171883,734.557138,173.931239,324.305779,0.000000,363.135923,132.021768,0.000000,614.101314
2012-08-31 10:00:00,21.924526,369.360733,254.639439,255.919086,0.000000,1117.666627,606.941535,0.000000,0.000000,0.000000,129.722266,1276.515826,484.791791,36.749351,0.000000,79.015619,366.156859,910.793615,348.894410,111.213560,84.787000,697.854740,195.899679,297.492459,0.000000,295.498348,148.678137,0.000000,783.494017
2012-08-31 11:00:00,22.014205,353.061018,582.413428,277.712172,0.000000,1135.808113,639.161331,362.730227,0.000000,0.000000,164.293326,1263.078852,728.529568,38.226646,0.000000,69.554817,394.368275,698.829162,333.911456,128.701991,87.848476,715.106195,210.394920,284.334036,0.000000,256.915305,157.386031,0.000000,697.899587
2012-08-31 12:00:00,22.425796,310.543286,0.000000,257.995020,0.000000,981.321740,666.269705,524.691865,0.000000,387.412443,169.912056,1024.726471,680.334026,39.837281,26.493697,67.805960,380.860607,680.801786,324.552658,135.206380,98.322241,770.236106,218.025925,309.478755,0.000000,281.055636,151.316126,0.000000,710.390219
2012-08-31 13:00:00,21.098587,284.196898,654.116893,196.711585,187.425148,828.231778,600.929412,424.235725,75.822425,317.520800,141.303935,679.698225,578.460019,39.146076,191.214971,69.174242,347.758277,664.667273,297.695134,140.652708,115.806645,735.400204,0.000000,293.222755,0.000000,256.975711,144.769740,0.000000,786.564752
2012-08-31 14:00:00,16.542800,311.222360,0.000000,177.193523,172.785227,831.139271,511.764831,378.015453,65.974522,293.789196,170.782427,633.715343,490.826978,44.460456,161.495237,76.263299,297.048407,554.867183,267.692288,126.340125,0.000000,719.890880,0.000000,277.473017,0.000000,270.089749,160.371678,0.000000,970.274516
2012-08-31 15:00:00,16.864688,303.212111,517.423166,159.903859,241.394872,807.669644,389.692286,395.738033,72.636749,308.317775,186.620875,710.955322,509.687150,38.253137,183.663176,94.577936,255.986094,451.536415,237.005937,99.187997,0.000000,772.107172,0.000000,261.387196,172.634141,273.880376,151.348630,0.000000,856.722843
2012-08-31 16:00:00,13.766745,329.674534,1610.816250,137.086728,209.525680,787.966719,305.139420,363.727989,70.218169,233.210143,194.762530,574.769241,542.456195,36.254238,181.687557,93.885483,188.216263,307.410567,222.517247,81.378531,0.000000,780.326965,0.000000,294.932915,161.717343,312.681852,128.990995,364.892808,952.978041
2012-08-31 17:00:00,10.640664,269.361512,1566.581143,128.151931,256.075603,847.603900,213.430234,402.629102,86.366733,248.262680,235.004823,558.880570,533.864334,17.274894,72.219114,39.641417,109.611814,241.956563,176.939846,90.315115,95.568714,555.215816,304.189219,403.265810,148.627328,301.040834,111.454861,346.434223,662.236334
2012-08-31 18:00:00,14.873415,278.914476,1545.540456,103.205410,247.838756,848.814766,227.147009,472.655075,66.247745,272.054754,207.566812,484.479775,706.261070,10.196987,64.825610,12.937944,54.872855,329.910137,185.795359,68.883713,99.206930,683.909769,243.127142,405.624822,141.348245,288.815087,106.213172,344.038709,839.862012
2012-08-31 19:00:00,9.882950,314.785367,1483.788417,91.800778,268.439433,943.263024,412.590161,421.546521,98.746202,278.030994,201.656084,611.110500,835.016439,8.350164,135.314424,4.332848,85.672458,405.465354,263.438040,99.925386,90.874176,639.353253,210.334284,447.632188,118.975191,302.667261,127.271887,337.710656,720.097274
2012-08-31 20:00:00,11.646596,376.487482,1297.445118,106.024045,275.113632,975.649156,464.858996,388.134469,113.107601,334.397806,199.858669,686.307264,964.613347,4.135620,249.542451,2.939065,236.484306,394.089142,281.744037,116.646287,127.417005,559.905052,288.013294,411.686287,99.094471,327.031756,133.203272,330.381556,634.847414
2012-08-31 21:00:00,7.982131,353.689073,1433.560527,77.490785,255.879326,890.957389,476.258050,453.241748,103.958000,469.134858,174.798563,882.819390,768.955678,4.009342,272.857982,2.211873,289.233051,396.879534,306.152035,94.405088,89.369340,484.715930,249.878613,327.037215,110.280998,274.634403,145.433880,267.637304,492.261364
2012-08-31 22:00:00,4.618140,292.091538,1312.665691,34.170531,173.371513,753.688973,446.231273,594.417572,76.625014,496.163763,164.359732,1143.897552,794.622598,1.925747,223.756799,13.422738,171.344916,315.743534,300.050035,56.723057,82.002377,367.918884,217.159947,226.952550,99.229714,194.368447,164.331548,234.674227,345.903196
2012-08-31 23:00:00,5.539155,197.760508,1250.261342,34.820985,228.026370,742.712920,358.653173,610.661376,84.639601,299.219482,148.459527,1050.097015,649.457231,3.093823,112.179634,25.360795,107.621600,322.397545,336.872445,49.522669,0.000000,351.046380,0.000000,203.904884,91.907272,184.896407,140.973846,0.000000,242.358564
2012-09-01 00:00:00,7.498762,190.230758,690.155974,52.036341,161.599698,910.199358,288.590692,501.444906,85.681961,242.716848,136.465241,1016.016153,608.853005,2.888620,70.368320,20.664351,114.524960,395.806306,302.995828,24.961345,0.000000,362.185509,0.000000,169.016216,91.192416,169.730193,153.066515,0.000000,282.531618
2012-09-01 01:00:00,3.494632,222.964253,691.368248,60.665701,189.347548,921.717439,218.250186,403.189702,66.849997,194.906926,143.136415,914.555238,433.181872,2.714987,48.076986,32.208512,111.161785,325.617227,197.368116,12.560677,0.000000,337.777711,0.000000,154.496891,90.612804,188.893279,153.296413,0.000000,340.622231
2012-09-01 02:00:00,7.328929,194.100213,652.962576,82.781146,209.212487,887.840732,179.048561,367.532571,88.322605,181.324562,151.881528,876.097018,435.916871,2.557139,43.437979,38.935031,86.734513,350.945396,109.415160,14.960806,76.477155,272.089611,153.799989,124.541974,92.390283,155.220999,134.490704,140.110953,295.545424
2012-09-01 03:00:00,9.001127,106.357714,594.037215,141.018484,156.764845,673.468931,196.008129,399.095735,71.737506,194.499455,158.137913,705.536375,366.069187,2.494000,114.228027,32.693306,70.803684,314.241016,62.492890,27.041457,88.448469,339.579629,154.170949,131.378743,128.770647,170.770475,109.845570,137.608333,304.032689
2012-09-01 04:00:00,12.672123,56.473122,617.737822,177.053651,132.643134,579.833714,186.833281,418.641125,42.713581,167.198903,147.941042,609.234490,273.499968,1.831038,141.399356,14.180229,78.946108,337.208084,61.651234,36.241953,83.215231,377.583717,138.219672,137.863102,132.016479,164.857294,101.661179,93.597978,388.905338
2012-09-01 05:00:00,14.006356,42.564001,575.701819,173.758016,98.694059,629.967374,154.304272,306.387196,31.386606,115.993390,116.866510,729.257199,271.185737,2.036240,108.564823,10.705920,62.307242,286.337100,67.753234,36.641975,75.341729,365.297913,79.740233,98.322611,118.511500,94.994156,108.209759,79.496286,380.040861
2012-09-01 06:00:00,9.186772,42.240337,619.167929,179.492579,78.812949,513.743209,149.316117,202.243142,34.873181,154.888997,101.357676,766.737263,359.723739,4.171442,164.614742,17.888457,110.661764,289.829847,84.501116,78.165595,86.863369,323.880894,74.558133,94.569252,121.124841,61.346329,99.358614,95.684475,376.192014
2012-09-01 07:00:00,13.390313,90.140613,861.548310,232.972919,75.040596,521.099766,231.487071,259.518223,40.540783,261.680124,91.190251,615.346150,417.828504,10.034083,197.905563,27.753221,197.353915,413.504606,176.489412,95.036915,106.437754,278.191769,115.654542,135.612889,106.298430,108.085730,113.416501,122.026150,390.805093
2012-09-01 08:00:00,19.254939,133.597231,1021.226098,272.046833,89.752617,660.754473,338.651928,323.585125,66.994089,292.926008,100.686547,699.895133,476.500119,16.822279,148.112489,38.856082,242.786616,467.457774,250.385208,82.896786,0.000000,331.999769,0.000000,126.318197,0.000000,114.409607,132.198721,0.000000,505.502880
2012-09-01 09:00:00,20.593187,188.804815,243.748557,259.696070,91.769777,681.474665,421.998007,353.644723,0.000000,323.840532,138.578523,760.632071,657.544361,26.434688,168.464616,44.893809,316.636520,663.118764,336.980992,97.971047,117.612085,449.475154,236.286731,214.153035,0.000000,215.848415,145.377662,0.000000,623.758119
2012-09-01 10:00:00,23.112734,231.184689,845.616080,261.738725,0.000000,711.455278,494.565406,413.412420,0.000000,0.000000,213.507108,678.243855,702.359072,32.671814,0.000000,54.829109,381.253286,612.826862,437.081529,135.035438,120.530319,593.964789,265.364244,315.043844,0.000000,322.886450,154.804790,0.000000,738.356402
2012-09-01 11:00:00,28.487143,299.188234,502.061293,237.160042,0.000000,794.797452,521.230717,459.391052,0.000000,0.000000,223.324939,809.704484,756.002887,41.556481,0.000000,59.182235,383.737593,544.201267,414.419451,144.821326,117.027602,770.925526,284.809017,354.006018,0.000000,344.535675,158.110817,0.000000,848.174517
2012-09-01 12:00:00,36.769018,309.937190,0.000000,188.771950,0.000000,688.042124,524.426624,497.476657,0.000000,0.000000,221.296091,643.452327,786.280504,41.979598,0.000000,59.658656,393.050896,526.109034,386.607114,148.087075,120.414790,850.796913,325.831750,386.338442,0.000000,354.148740,166.169432,0.000000,897.304047
2012-09-01 13:00:00,31.184887,302.648637,0.000000,151.411977,0.000000,753.847548,522.535963,562.918195,0.000000,0.000000,240.926576,723.766727,769.373979,42.738095,0.000000,58.222373,394.020924,485.062762,349.737193,138.889830,108.729519,882.389861,178.978291,439.321941,0.000000,368.304703,113.857350,0.000000,899.645102
2012-09-01 14:00:00,27.722341,339.723618,0.000000,143.133045,0.000000,777.302150,601.700251,569.083520,0.000000,347.310725,244.360174,733.497467,779.828166,46.222759,163.585336,51.065885,365.186577,455.867525,313.411037,130.734855,100.896940,958.015542,85.503577,408.715812,0.000000,370.396041,132.564251,0.000000,907.165905
2012-09-01 15:00:00,25.953557,423.528717,0.000000,153.220962,177.851258,648.834273,617.436032,509.151503,0.000000,342.319750,248.780190,627.971712,831.700513,35.069761,178.987591,62.158278,314.127999,458.483260,283.323513,136.124141,83.509820,991.424808,203.152050,500.880062,0.000000,422.677700,122.276819,0.000000,1000.601098
2012-09-01 16:00:00,14.024097,491.371631,0.000000,136.397406,196.618021,564.017527,557.403429,539.219020,89.002610,354.565107,241.339896,550.961488,703.826608,23.667510,185.946711,71.208648,289.148076,410.393973,233.391977,108.030555,0.000000,859.229892,0.000000,510.959697,0.000000,383.650797,95.412939,0.000000,841.316511
2012-09-01 17:00:00,6.270742,395.392645,1629.838027,102.425260,135.895758,524.900190,506.365110,593.163571,47.389676,341.905451,224.643140,491.487870,634.015621,16.101222,107.369472,50.091979,162.739035,287.566111,219.168184,72.972773,0.000000,833.114707,0.000000,489.639801,134.317835,346.574284,92.419253,0.000000,759.960243
2012-09-01 18:00:00,6.923944,444.882707,1624.469998,111.010861,192.973688,526.715037,580.517693,600.624554,60.341040,451.070314,215.309521,517.309963,764.327217,8.255455,122.722833,17.240492,118.950190,286.981037,299.629208,49.442665,0.000000,783.506689,0.000000,477.516623,132.171042,343.895272,97.431044,0.000000,796.671264
2012-09-01 19:00:00,7.479166,444.359808,1627.296676,129.743944,262.343314,599.075683,561.055893,579.230276,101.433173,563.396465,205.838529,590.005379,836.068362,5.871949,119.168269,9.180789,224.978707,264.872550,385.898853,42.562294,96.601540,688.005037,340.096069,385.748853,119.380920,302.612509,103.776246,213.544966,736.694592
2012-09-01 20:00:00,3.768977,373.768405,1575.546728,118.512767,269.753251,654.633482,512.401393,589.267098,138.911793,629.950050,188.693960,849.989202,876.882973,4.782797,208.875828,3.151162,336.494510,209.923301,315.620654,46.882527,0.000000,718.801453,0.000000,362.912634,119.303638,318.764253,145.893677,36.547136,714.816309
2012-09-01 21:00:00,1.933479,326.393731,1526.840895,79.832420,262.343314,630.377760,521.298216,661.109613,112.922293,608.218267,147.111466,899.390818,772.742601,4.340823,213.213601,1.333184,395.969605,169.569947,293.106381,42.722303,0.000000,669.002994,0.000000,310.896801,112.734693,275.072416,85.936112,0.000000,589.393395
2012-09-01 22:00:00,2.501765,318.968561,1064.442679,62.443609,285.046101,545.143966,469.585433,732.291810,140.857531,554.296281,127.339906,824.819391,985.231037,2.446645,183.933632,4.969140,265.513817,202.196063,349.497271,22.801229,0.000000,602.823461,0.000000,283.126830,116.907905,250.050901,95.086078,0.000000,463.593269
2012-09-01 23:00:00,5.304002,310.497592,1330.495505,66.389699,291.825405,451.779762,392.016258,839.923519,154.477696,420.238347,136.223282,771.353085,1005.427958,0.962873,242.373076,11.665360,108.329637,167.852783,304.468725,12.720686,131.729373,545.981140,0.000000,294.192529,0.000000,259.413437,106.029253,0.000000,361.934696
2012-09-02 00:00:00,5.441175,299.202968,1053.915952,81.480237,264.760740,502.865836,336.967167,811.926068,134.580209,340.238222,131.245826,698.032332,873.306435,0.694532,171.221547,2.514870,95.938992,115.479280,188.741151,13.120707,114.277758,484.552119,289.868094,316.394409,0.000000,268.064202,88.832834,0.000000,322.704672
2012-09-02 01:00:00,5.415047,208.113913,641.438428,122.372129,305.594225,399.203113,265.792584,742.196569,114.219451,289.440180,128.549704,560.301876,832.702209,0.773456,127.482334,3.242061,144.262507,123.206518,129.614882,16.480888,114.255298,408.216322,307.970939,244.714054,0.000000,244.466230,82.257733,0.000000,331.946360
2012-09-02 02:00:00,19.262934,141.078226,533.589797,124.063310,314.896061,402.455277,213.523749,691.352142,101.618482,276.672758,121.360046,564.679234,883.194510,0.820810,125.253200,6.514422,142.315406,225.377778,130.666951,30.801660,136.311265,426.235502,320.657769,170.355377,0.000000,171.920260,103.454388,0.000000,273.667141
2012-09-02 03:00:00,33.489679,111.586706,410.520594,128.139490,261.660128,439.855161,183.774998,622.547086,80.956597,261.867981,115.725843,520.905650,703.736455,1.799468,132.482822,5.120638,176.478184,281.614899,171.697636,34.401854,156.660252,379.549446,284.303695,145.193246,0.000000,153.961711,109.477732,0.000000,276.496229
2012-09-02 04:00:00,37.474213,73.728798,340.940832,156.239114,167.800922,398.254565,166.815429,554.534411,59.414499,287.810297,96.680162,423.978429,454.220331,2.099380,151.219592,6.393223,101.780296,377.346793,184.532876,30.561647,130.449139,321.232828,283.932735,141.034799,0.000000,149.910087,138.536920,0.000000,277.439259
2012-09-02 05:00:00,35.244213,68.604386,401.388250,177.270469,134.955455,357.225739,171.541866,489.163005,68.540936,260.509745,85.791978,334.503316,358.916111,0.836595,192.609178,8.756595,50.093607,528.242581,211.465838,26.561432,124.708703,377.583717,268.248559,135.678155,0.000000,180.242515,183.359513,0.000000,343.639925
2012-09-02 06:00:00,25.989942,58.486267,460.302991,155.318486,103.453440,336.101919,215.108756,482.040059,70.873439,258.250788,84.076548,290.333588,329.078059,3.497035,193.413031,20.075253,80.199751,646.353929,316.035901,50.004077,112.181432,433.580009,220.611040,168.114802,0.000000,211.684190,171.407921,0.000000,321.059604
2012-09-02 07:00:00,24.284988,94.451522,497.525346,200.663008,0.000000,375.889704,364.220364,575.155482,0.000000,0.000000,90.911215,418.171000,363.725164,10.334369,0.000000,31.147330,122.332641,710.217637,418.666720,73.201936,111.903901,562.152228,219.882635,227.821996,0.000000,267.860021,162.097217,0.000000,481.996237
2012-09-02 08:00:00,22.553100,130.489100,630.961568,254.400972,0.000000,457.697382,540.638738,126.894878,0.000000,0.000000,114.690753,492.788036,396.452528,18.233527,0.000000,39.224626,191.518667,620.408947,421.219395,99.775724,110.697726,622.226074,250.121127,186.036407,0.000000,223.265909,199.575927,0.000000,526.893395
2012-09-02 09:00:00,16.883523,0.000000,0.000000,274.456242,0.000000,424.005678,626.412705,0.000000,0.000000,0.000000,147.724975,528.032819,0.000000,24.753314,0.000000,50.631711,306.163574,730.555199,465.768752,117.673424,107.563355,870.977293,264.881193,396.845889,0.000000,352.771236,187.275731,0.000000,731.389037
2012-09-02 10:00:00,16.159403,0.000000,0.000000,246.431810,0.000000,398.951515,742.151946,0.000000,0.000000,0.000000,192.228200,445.110487,0.000000,29.837620,0.000000,58.964069,395.807813,881.930311,536.549962,121.203959,97.017304,999.270472,289.954720,514.401916,0.000000,419.679770,238.797242,0.000000,347.136817
2012-09-02 11:00:00,14.637679,0.000000,0.000000,184.310412,0.000000,391.907844,750.713185,0.000000,0.000000,0.000000,223.179998,377.779371,0.000000,36.029286,0.000000,63.785877,383.240159,952.420167,444.354935,128.056856,91.034852,929.803982,330.999354,447.324986,0.000000,411.547561,285.186043,0.000000,496.322415
2012-09-02 12:00:00,14.212268,0.000000,0.000000,209.094231,0.000000,358.231713,720.222265,0.000000,0.000000,0.000000,210.419166,384.688754,0.000000,40.169324,0.000000,65.274005,389.396081,1004.773149,417.039152,126.988005,79.328892,891.181689,205.803486,475.455631,0.000000,357.302635,290.959214,0.000000,0.000000
2012-09-02 13:00:00,13.040191,0.000000,0.000000,177.166718,0.000000,313.103431,681.665868,0.000000,0.000000,0.000000,209.302190,390.375755,0.000000,38.162174,0.000000,61.363597,368.060479,840.801659,375.303168,121.155635,68.614286,966.787252,162.764215,474.594548,0.000000,387.009335,261.304941,0.000000,0.000000
2012-09-02 14:00:00,14.440173,323.851345,0.000000,153.101298,0.000000,273.178312,659.956051,0.000000,0.000000,0.000000,225.323426,362.153873,0.000000,33.514302,0.000000,54.246967,323.598924,651.579288,346.063179,110.446721,77.461963,890.725231,0.000000,484.948882,0.000000,403.064566,254.651307,0.000000,0.000000
2012-09-02 15:00:00,13.535891,298.064563,0.000000,157.252492,0.000000,229.612335,633.889775,481.266394,0.000000,0.000000,228.672850,303.290787,0.000000,29.498682,0.000000,50.328375,246.574960,610.789148,342.806344,95.284571,71.451392,825.558737,0.000000,457.668842,0.000000,397.521503,276.019821,0.000000,115.229071
2012-09-02 16:00:00,8.561485,299.726089,407.530503,164.366536,155.491884,162.091929,618.027348,445.690637,0.000000,246.298689,209.018096,243.908136,280.884286,18.580440,64.468546,65.656436,158.589269,545.730285,377.968595,84.358952,45.157144,924.748352,176.104806,473.353162,0.000000,416.960295,276.531947,0.000000,799.983394
2012-09-02 17:00:00,3.716721,333.252141,389.255493,157.431365,155.250718,78.915976,502.461950,457.338574,58.140989,220.976251,178.246876,155.970414,222.549168,6.987328,47.776425,59.092789,69.438752,393.609378,362.475611,105.599007,45.190025,1086.743775,97.859231,493.207340,164.227110,436.155857,241.485531,121.226291,878.050824
2012-09-02 18:00:00,7.074180,428.881989,514.237926,142.449484,194.602823,79.678014,496.275902,431.979533,54.411172,233.209193,181.919090,128.350402,281.915351,4.672304,44.100694,27.027275,50.801644,352.233269,382.321819,143.767749,47.413590,923.401047,137.626136,484.282910,157.558084,411.075577,176.470196,121.520064,953.591362
2012-09-02 19:00:00,6.616939,487.446709,929.324692,114.870223,191.712422,41.329582,416.760547,392.756690,55.638840,259.015685,164.325167,110.840968,244.677279,1.878392,44.221188,9.544385,182.319488,268.306878,350.970168,142.007654,44.111933,804.802083,152.167766,455.949083,147.318257,372.749405,110.719185,92.775688,867.587077
2012-09-02 20:00:00,4.010662,474.060487,919.974911,107.628499,201.329575,123.717733,291.648975,428.281757,100.043360,303.158368,162.804277,142.107814,295.169580,0.820810,111.095191,2.575469,399.332780,179.228995,334.347480,129.686990,41.529004,715.361428,114.404044,389.272961,127.437538,331.521393,94.258442,59.991370,756.875422
2012-09-02 21:00:00,4.121706,376.592061,651.005645,95.009686,245.053460,126.969897,210.465466,445.846195,110.721756,233.616664,185.375656,75.509433,335.353037,0.868165,157.304524,2.272473,389.597274,174.077502,321.091412,68.643700,47.436051,626.084584,91.181952,339.019182,128.789968,314.110361,98.672496,67.284719,560.536694
2012-09-02 22:00:00,3.370524,285.921326,579.468953,90.673324,239.377763,88.079438,162.367018,496.954749,89.156493,159.321132,170.305027,63.315363,289.278812,6.787468,143.748983,3.605657,383.578961,198.547090,239.030042,59.523208,45.953674,537.299172,91.923872,322.526357,121.448205,258.318404,89.154693,115.764038,560.725300
2012-09-02 23:00:00,1.652602,215.329924,567.509931,78.835057,182.252927,107.592421,124.277495,517.820773,65.460184,121.018865,149.945850,41.115902,231.002280,3.046468,144.833426,3.545057,334.193391,168.067428,129.194055,29.361583,45.257406,553.025002,82.872450,260.361093,126.838605,239.867089,87.775301,104.108981,537.526776
2012-09-03 00:00:00,1.868158,243.880224,443.353544,104.723137,179.835501,124.124254,95.362820,394.737641,47.114655,109.881326,140.094636,51.121293,170.621903,1.310139,142.242812,5.575133,238.254398,137.587767,81.430129,25.281363,49.457473,528.781014,76.640323,236.679088,107.962547,269.213987,74.487159,79.190039,564.497418
2012-09-03 01:00:00,6.192357,243.148165,347.681372,115.737495,188.874573,122.498172,59.219477,376.644949,70.671983,148.591064,139.679848,92.706198,141.168060,1.467987,117.842838,3.211761,218.075348,91.653630,55.970063,27.841501,57.228720,427.382177,71.669460,181.350594,88.816004,157.684825,78.257497,47.835789,581.094736
2012-09-03 02:00:00,10.144231,257.998505,400.301066,87.854689,238.904789,138.081457,33.641112,434.884929,127.098383,180.237972,118.836753,85.983826,130.017677,1.310139,116.095679,2.605769,151.519885,60.959323,49.236822,32.881772,68.077021,521.409532,105.723582,213.772386,117.912567,128.392678,73.843443,37.753806,619.947549
2012-09-03 03:00:00,15.102036,225.683329,352.682417,64.308245,270.804306,181.850162,26.968494,387.210025,139.305573,190.968040,105.079619,93.018866,142.219983,1.231215,132.543069,3.211761,123.729439,57.310349,44.186892,33.681815,74.320971,591.356711,123.232891,226.177246,113.430228,195.353977,74.671078,32.426801,540.921682
2012-09-03 04:00:00,20.830619,151.849951,365.511185,67.213607,207.846115,228.057990,31.138880,452.713494,130.179135,160.815192,104.180911,109.590294,203.652284,0.457759,109.468526,6.514422,87.088532,58.812868,57.022132,34.401854,71.176536,629.033177,108.691261,227.304961,121.776653,238.005532,78.441416,38.433089,432.661903
2012-09-03 05:00:00,23.606273,115.456161,358.770646,63.917972,164.910521,220.588149,40.035703,461.033491,84.431130,140.305822,97.682566,121.481651,209.543052,4.435531,120.312959,5.666032,60.183132,69.545143,65.228269,44.722410,58.529518,540.575387,78.712159,223.498924,106.648758,236.910499,82.460184,43.420714,365.895420
2012-09-03 06:00:00,36.148075,110.811371,444.770906,83.514599,165.498064,267.037998,64.167164,477.317108,55.893026,174.184769,85.390089,179.755513,210.759116,5.824419,133.360039,13.422929,64.894074,99.006849,96.069961,32.001949,75.824163,414.195129,110.185250,172.692355,119.083253,143.680546,93.675774,53.916423,285.622230
2012-09-03 07:00:00,38.305575,146.138710,520.572883,139.369698,185.628152,316.599239,142.969408,558.917852,60.564563,222.618742,83.697216,255.548966,248.686488,6.183812,129.878924,29.567604,114.228017,246.264005,198.061714,58.805447,109.573176,444.576820,205.445951,137.361269,125.463323,132.195609,110.758941,74.999578,365.704848
2012-09-03 08:00:00,28.125466,164.969071,684.871316,188.580380,197.784086,427.323989,272.810061,565.030190,56.799606,253.287968,80.875539,356.170763,313.098094,8.311468,108.116611,41.758800,213.093660,329.630947,274.257252,73.065176,124.273420,638.841137,287.762869,128.958991,164.578143,148.089834,133.539882,86.076969,557.631282
2012-09-03 09:00:00,40.579002,255.851522,991.170668,265.099135,313.501020,483.798442,379.975179,587.887031,86.295419,361.828499,100.840578,459.243346,524.473979,0.000000,148.366679,53.133661,303.284863,401.260688,317.521493,95.498269,141.776226,820.366628,346.095583,266.272156,0.000000,233.844483,138.672367,104.609702,956.645270
2012-09-03 10:00:00,42.302681,315.749800,1181.366378,255.829266,384.688834,543.804341,466.877601,580.721969,161.378578,384.639005,138.078517,484.870248,601.032833,0.000000,169.528628,70.373076,356.900006,474.841260,332.230367,113.612125,154.765807,0.000000,400.267798,417.769941,0.000000,353.718405,132.225365,112.001649,1119.142474
2012-09-03 11:00:00,35.969874,387.002618,1171.289180,219.068057,278.209158,606.808143,523.139465,665.974132,137.425838,436.453782,159.209544,493.690586,572.357108,0.000000,172.957569,76.684493,392.360153,502.374753,362.925923,119.927934,168.865860,0.000000,446.938338,458.124151,0.000000,361.470372,134.773020,0.000000,1167.445720
2012-09-03 12:00:00,31.406907,427.286151,1181.052591,207.802757,255.046819,510.103298,564.857375,769.117434,115.359981,472.779450,168.638788,473.363911,555.351191,0.000000,163.903305,75.017125,399.589614,541.792086,360.781269,119.343518,153.663515,0.000000,431.858415,483.731357,0.000000,348.075621,107.616946,0.000000,1218.273362
2012-09-03 13:00:00,24.914633,459.465730,1321.771800,152.031959,283.198551,569.411159,659.279896,747.700300,47.626263,491.691067,165.857365,495.358914,549.451318,29.212429,173.975249,66.844765,390.766327,496.991090,326.571000,114.194630,130.427781,256.480581,369.417755,452.624624,0.000000,354.492609,112.064574,0.000000,1297.872546
2012-09-03 14:00:00,17.243737,500.121093,1360.977178,120.935369,347.096015,510.377108,733.766977,609.671879,112.927970,465.214934,160.546382,491.474583,567.957230,33.347432,176.817907,59.355278,332.616018,446.818562,308.662896,105.888507,107.083022,939.661311,0.000000,438.077558,0.000000,352.340291,152.712261,0.000000,1353.988124
2012-09-03 15:00:00,13.845713,485.389344,768.514078,135.880531,347.537742,372.690150,744.983776,448.911679,118.628739,347.832692,171.781843,414.950300,605.090030,29.207626,179.815197,76.299539,248.863974,406.621432,287.285888,89.574434,0.000000,975.061569,0.000000,452.723681,206.669278,386.620303,195.321899,0.000000,1371.123746
2012-09-03 16:00:00,9.881122,635.420275,1460.218157,152.174251,365.259457,252.095307,667.984579,437.331103,133.834306,349.269976,175.661286,334.033346,621.469190,24.968771,200.184896,115.546086,161.498248,351.055502,263.280513,73.640751,0.000000,1060.426154,0.000000,462.140547,190.517898,383.202009,194.954745,0.000000,1383.417737
2012-09-03 17:00:00,2.808770,724.917641,1499.007778,168.216418,355.071042,189.980572,587.539077,552.987714,145.586127,472.873658,169.689790,290.589803,618.623631,11.712450,177.956245,73.652620,62.528475,259.370410,266.848559,44.426007,50.266042,960.703255,212.560043,424.439673,169.812251,332.170581,165.021244,143.034709,1131.464747
2012-09-03 18:00:00,15.180420,689.913310,1252.218273,200.470004,348.161950,246.486919,528.804910,565.231551,165.526708,530.662968,161.041429,214.490562,832.912593,7.182088,194.416584,41.086305,32.038667,275.604825,328.876722,31.041673,43.393205,846.737628,183.625168,386.594639,163.296251,286.241758,206.357019,107.040621,998.102351
2012-09-03 19:00:00,15.925071,612.837956,959.765837,166.689746,300.706819,221.011635,570.508768,489.427132,156.747724,626.418635,152.261750,118.970348,889.506048,3.819924,275.749831,14.149930,122.136356,235.251471,429.244090,44.882419,50.041440,768.436103,186.370272,428.602005,145.811264,279.288295,177.435770,115.049004,824.962147
2012-09-03 20:00:00,21.261733,569.018996,972.159732,121.981856,248.627047,208.138487,466.249124,536.177592,133.259887,555.247047,149.427365,98.021561,853.530283,3.472658,284.244636,10.544273,243.387665,119.557545,342.343203,83.444497,47.256369,812.828809,151.425846,384.480174,130.219679,281.861624,92.189355,95.063798,748.388157
2012-09-03 21:00:00,20.242737,516.729068,743.633703,93.231778,245.053460,152.309674,378.392998,518.216964,136.595438,381.121138,140.889646,69.881400,832.702209,2.683418,294.426354,11.301764,301.446687,97.449058,274.169142,80.164321,34.858310,798.085843,80.869266,355.652971,137.252315,274.305893,72.004254,79.440301,797.991505
2012-09-03 22:00:00,18.838353,483.681834,589.905917,63.310882,249.205127,88.621465,324.734035,573.815675,124.527230,337.521749,145.763405,53.153638,869.940281,1.736329,293.462404,9.089891,367.117104,69.759788,284.479416,58.243139,36.520368,686.858362,55.792374,325.486607,130.915215,282.299637,89.154693,64.496086,664.081326
2012-09-03 23:00:00,14.161425,371.572228,469.663391,57.673611,163.018622,89.705520,201.290618,619.905817,99.510599,322.037854,140.647687,51.277627,570.773394,1.515342,242.674310,10.059479,279.674554,53.876021,230.192664,50.562725,34.498946,555.809784,48.744136,264.730987,118.550141,252.624229,63.498004,73.541268,458.878122
2012-09-04 00:00:00,6.858624,248.167998,343.767510,52.903613,136.006510,106.779380,164.591223,568.136946,66.155091,225.195598,132.974109,45.180592,311.158809,1.089152,153.207739,8.968692,210.286943,56.022476,165.174809,30.161626,27.828251,476.033962,36.502458,303.989549,116.714701,212.053238,59.911586,73.577020,348.920890
2012-09-04 01:00:00,6.094377,164.713273,209.826469,41.542346,98.168532,144.992305,154.582298,411.113509,41.300605,181.867856,112.580368,46.274932,191.029208,1.325924,107.902108,6.029627,159.485299,69.115852,86.269646,9.040487,38.496871,453.100460,31.976746,259.374343,114.570133,230.395049,39.174728,76.901929,348.732284
2012-09-04 02:00:00,12.541483,103.952377,302.237090,39.460892,66.058803,173.042218,127.057752,349.968133,15.357432,218.132768,87.140039,60.657681,120.129601,1.262785,102.238904,4.544945,165.680622,90.365757,33.455789,6.000323,46.268117,406.250594,69.666276,183.112648,119.883251,205.866299,27.587837,82.336189,325.910972
2012-09-04 03:00:00,19.262934,87.637919,367.685553,55.635521,49.557241,234.020291,101.479386,295.029739,12.207189,195.993515,93.361858,60.345012,78.894221,2.194089,86.152995,6.150826,157.892216,119.986836,26.091307,9.040487,59.429825,360.055970,96.449583,223.216996,115.729359,215.502594,30.622499,85.482340,232.739664
2012-09-04 04:00:00,12.685188,60.656316,378.122517,75.192513,65.428170,287.274474,83.407715,261.353560,11.072176,140.034174,117.488692,58.781670,62.273839,2.083595,102.961866,4.241949,170.990898,127.284783,34.718272,23.761281,67.223532,293.712627,89.623921,237.031499,110.802650,198.091561,59.819626,98.710472,209.352534
2012-09-04 05:00:00,16.534217,49.152532,343.332636,93.925596,57.808022,299.812935,61.721709,205.886913,9.126438,102.275202,111.785357,90.480924,58.276532,1.610051,103.082360,4.635844,241.263555,105.820233,69.857372,42.242277,58.712742,402.155325,83.645382,293.840118,124.655396,210.629694,53.926115,105.539049,278.382288
2012-09-04 06:00:00,15.380109,71.776739,442.771185,105.569254,47.375294,283.361417,58.407737,270.357376,11.661157,175.366330,101.923461,217.943044,72.736548,1.451641,139.787743,14.859720,242.210118,124.401674,111.189294,45.289269,65.009388,356.635265,78.822179,324.320677,117.343970,231.473310,59.915650,122.772995,310.767224
2012-09-04 07:00:00,15.918156,108.558709,531.269314,179.405038,73.547151,318.722359,144.655650,363.263414,19.106743,243.103847,108.648027,279.782397,170.593724,4.238326,157.726590,32.447634,227.061817,289.286273,186.979642,54.368307,58.337989,302.826362,108.489916,344.435194,118.249725,221.503233,77.082204,146.715413,249.231698
2012-09-04 08:00:00,23.701756,124.375813,595.735295,198.571035,87.745381,372.200950,284.668226,367.998625,31.663876,260.032801,129.672674,306.015741,261.732688,8.191799,118.653419,40.766292,245.872604,384.135176,292.978209,77.479374,43.811584,372.808869,110.073163,368.413590,131.223319,221.903689,91.802797,168.601098,320.046042
2012-09-04 09:00:00,27.270346,176.066798,672.570286,262.211679,135.589214,384.789230,410.387982,361.152341,40.802923,345.025892,160.651379,305.988186,351.892842,17.955238,140.351956,48.223830,315.144973,450.123770,362.731951,105.730246,52.352468,470.300718,131.838754,421.219976,166.640859,325.967292,101.023662,149.820322,538.072214
2012-09-04 10:00:00,22.414669,230.024605,698.524165,237.774823,184.993602,384.091614,517.497626,332.300304,52.703006,350.932184,153.619938,330.246020,412.329747,15.961131,132.236584,54.898082,348.898768,500.600818,407.509316,124.945507,54.282672,631.825300,151.404937,426.527141,171.831165,336.698200,119.719475,133.216010,592.468367
2012-09-04 11:00:00,22.264948,256.870612,640.932256,185.971377,179.172607,376.853702,570.322467,389.372911,54.603872,329.512616,127.088899,342.113403,450.842315,20.421105,130.655830,59.578985,370.542685,476.847666,394.249912,142.557043,56.794255,610.627303,163.734735,422.367170,175.378533,335.035056,137.876719,139.422537,598.852935
2012-09-04 12:00:00,19.977331,252.825860,622.834780,137.999014,189.956775,334.822856,589.840263,350.192184,54.875547,317.256926,128.986282,333.895241,447.975623,23.460314,127.799255,62.219684,397.807910,473.849670,384.658066,139.338562,56.669853,657.083703,170.154438,382.057917,173.509076,300.864051,133.589706,150.366103,595.431048
2012-09-04 13:00:00,16.530712,240.796038,661.547474,114.664202,173.342112,365.288271,563.401969,317.902256,56.822545,304.567130,134.423865,317.500108,413.391947,24.578073,117.430869,61.588486,404.147877,442.561904,387.448206,133.201700,51.401834,693.503410,158.493145,361.511458,164.945974,288.241478,130.611438,143.673348,672.386065
2012-09-04 14:00:00,11.748355,250.812569,727.283322,105.326754,168.236536,345.585882,562.859278,327.343178,53.975158,269.038963,155.206110,285.365299,349.031288,26.130392,101.340250,64.783733,382.475300,372.468835,329.894849,114.367684,40.433362,572.259237,132.256620,364.315496,172.312112,296.879328,114.677659,133.269476,622.983559
2012-09-04 15:00:00,9.756056,190.256817,692.429557,119.850325,130.804051,274.399167,521.832357,304.986115,49.557111,227.571331,169.081022,227.305140,278.994502,21.558415,81.375755,66.142500,284.525092,301.418922,260.239756,89.324626,30.610614,525.800201,104.031718,300.618805,160.283413,245.864864,73.542120,122.182629,530.328181
2012-09-04 16:00:00,13.444611,118.213701,637.179374,127.919695,99.889611,175.422817,425.289730,228.568193,35.615289,136.073017,175.315859,151.877355,196.992365,22.010204,54.293471,89.893374,194.027303,215.445229,201.292002,69.342994,19.678645,572.838107,68.935438,259.821536,157.928585,204.359082,40.816235,107.476177,505.225165
2012-09-04 17:00:00,8.256476,71.794838,540.644430,131.706942,108.289833,81.033083,444.613517,120.847548,34.847949,61.914160,190.242425,81.447441,147.914610,22.083940,24.656223,70.462912,169.357425,126.562062,163.978860,97.548871,9.747749,636.437127,34.944426,337.470985,152.239709,286.688674,26.576283,79.339557,535.494363
2012-09-04 18:00:00,3.063519,152.791170,592.950031,116.518040,142.470498,93.770724,427.047499,94.161237,43.547469,35.857441,185.202828,70.350403,172.304980,8.823709,11.145667,37.632147,237.369352,123.635809,180.745428,216.571673,11.499649,812.173566,39.841097,443.544223,147.762627,357.692694,22.943884,106.146828,797.425688
2012-09-04 19:00:00,4.520160,352.015795,550.114991,114.219769,216.359660,98.648970,482.374616,108.159963,68.123992,56.910106,157.688559,49.088948,342.506113,3.614721,13.856775,15.998207,432.964531,160.984127,204.101357,174.649413,14.711465,797.102979,15.506125,505.286594,133.465511,399.960987,14.805472,86.805153,695.012691
2012-09-04 20:00:00,5.388918,481.694817,388.124608,85.122781,228.604450,102.307655,488.769207,184.888825,106.598644,110.560444,137.847868,43.929918,457.376100,4.119835,39.160452,8.514197,628.913727,146.388233,270.802521,111.846028,17.608837,755.331245,17.880269,496.053431,130.277641,381.126411,9.793682,68.607532,525.456000
2012-09-04 21:00:00,4.226218,405.560682,237.223500,52.643432,176.682336,107.592421,457.074276,291.596090,110.930228,153.209068,126.994250,32.986522,522.384938,3.409519,113.987039,6.241725,629.090737,129.431238,239.240456,93.925062,21.472000,604.789190,26.263963,446.152063,127.147731,331.247635,13.150202,52.626518,442.469409
2012-09-04 22:00:00,3.063519,266.469473,164.382187,26.798716,137.845856,73.444700,351.146478,471.202377,92.908988,118.845686,125.819017,46.587600,354.708419,3.046468,110.613216,5.181238,529.965578,111.401016,208.730459,42.722303,15.295431,472.593936,21.812444,397.096480,119.149075,269.159235,27.311958,35.394193,311.954136
2012-09-04 23:00:00,1.038592,182.596429,174.384278,24.413717,97.327688,69.786016,224.366752,433.036041,69.884422,173.990085,128.860795,38.927223,252.040739,2.178304,107.600873,1.908877,384.818025,103.888423,197.368116,10.560569,11.791632,364.806481,16.248045,295.954583,105.528173,218.623439,26.576283,39.612895,165.784574
2012-09-05 00:00:00,1.384789,189.289539,147.856994,19.513628,90.390725,84.285247,105.371746,277.597364,50.288061,162.037604,135.359140,37.832883,273.499968,0.820810,142.303059,2.514870,266.044844,85.858201,128.983641,9.520513,10.219414,268.158154,10.312686,237.313427,102.958557,241.673894,26.116486,48.550823,98.640879
2012-09-05 01:00:00,1.058188,176.321637,73.928497,10.450632,95.646000,69.379496,77.847200,213.546593,32.544784,199.117459,144.933829,42.679244,274.131121,0.741886,160.618101,5.817530,228.164873,127.499428,86.059232,17.760957,6.715615,256.691403,6.825663,224.697121,81.029872,254.595290,24.323276,60.134377,74.499325
2012-09-05 02:00:00,3.507696,127.692004,48.053523,7.762088,45.510679,79.000480,117.604878,205.094532,11.396465,151.171713,127.685563,42.679244,223.849204,0.836595,162.365260,9.029291,214.004136,142.739259,56.811718,50.002695,10.152034,235.396009,8.532079,275.303311,76.277047,211.286715,22.668006,58.096529,63.371578
2012-09-05 03:00:00,6.211953,104.789016,49.358143,11.317904,32.898020,61.113579,93.972692,202.453263,7.898770,202.920521,126.579462,42.053908,169.990749,1.183861,123.325301,9.786782,166.919686,82.853164,32.614134,61.683325,12.532820,289.125926,10.980414,337.468574,69.476256,170.770475,17.150439,45.190162,66.200666
2012-09-05 04:00:00,7.472634,92.657752,36.964248,11.187813,21.388968,51.221581,99.811232,164.022800,4.841181,163.395841,145.141223,34.080862,112.976525,1.120721,79.104114,8.665696,155.237078,54.305312,40.189030,41.922259,13.318929,281.426822,11.944910,301.945567,62.598184,128.666437,12.598445,39.362633,51.300801
2012-09-05 05:00:00,6.910073,70.382243,32.398077,10.927632,8.618651,45.539850,93.694666,143.156776,2.316355,132.699698,159.140317,15.946091,80.156529,1.373278,88.864103,3.575357,193.648077,20.820614,69.226130,38.562078,15.495567,225.731177,14.708238,261.770736,58.850021,131.130262,15.682794,27.957838,45.454019
2012-09-05 06:00:00,3.933973,58.458024,83.081630,14.281692,14.799852,72.905034,91.404142,168.995133,9.201715,204.179709,154.609247,54.005222,85.182418,2.623319,146.915874,9.194132,187.515137,30.097255,122.811231,44.209993,18.755956,242.037261,30.617528,282.530019,60.440067,120.845544,29.534860,28.431716,61.198072
2012-09-05 07:00:00,5.645997,79.012601,190.228033,68.342860,42.405413,121.400691,163.273830,199.950512,18.653187,198.533788,136.876888,127.985925,172.744110,8.296135,155.476393,23.205315,237.254114,107.541897,205.361366,87.807793,29.522082,360.771347,60.720009,344.274703,63.333319,192.763227,33.397976,40.567088,199.287595
2012-09-05 08:00:00,8.915951,132.552235,316.029539,117.453040,70.781002,210.389802,272.237441,207.571120,27.164571,215.768796,155.658128,197.332826,268.067863,16.742143,108.156762,35.459373,331.289492,224.278350,259.042631,77.670088,38.016777,446.196529,96.408066,476.797836,76.807545,243.212674,52.612311,53.637794,276.947556
2012-09-05 09:00:00,12.188056,171.922867,391.676594,172.365875,88.029051,260.130789,369.756801,232.454622,37.689099,262.624636,186.436164,260.001213,378.206331,20.935670,144.826494,46.746485,425.754485,317.956214,300.331553,99.582777,43.575259,525.418854,127.908028,561.838472,73.158615,305.853559,72.599735,65.350807,361.643187
2012-09-05 10:00:00,14.878890,197.661116,441.356874,178.356465,102.685218,302.474951,493.206420,273.722286,44.704874,276.163117,198.961798,295.751925,458.651648,24.923731,173.185733,57.003832,475.317685,383.201561,333.604063,147.757282,49.646471,592.637840,151.852264,526.132104,76.343317,304.829057,79.010150,70.795894,440.713280
2012-09-05 11:00:00,16.408354,215.219586,459.629149,154.067553,109.930713,289.061062,597.225164,304.004260,46.157534,290.494739,233.186881,284.806624,488.053667,25.864144,173.278858,64.162899,527.515640,430.313180,355.714850,166.733932,53.076041,587.753013,163.308998,530.686294,78.191216,289.052322,78.469048,75.031436,454.043757
2012-09-05 12:00:00,14.535605,221.537216,452.985113,123.513915,110.378824,276.850952,610.219027,294.582690,45.598635,292.722891,248.965846,273.100934,452.713018,30.696521,141.520444,66.848909,553.385172,456.661253,353.593670,163.550788,54.329081,570.398451,158.657993,551.942936,78.432108,265.700217,76.316685,79.564693,430.907487
2012-09-05 13:00:00,13.108948,205.553429,423.538288,102.438988,102.873132,263.093038,635.386774,263.169283,42.827689,287.648698,251.908737,265.522660,393.729720,33.236950,122.776568,76.479478,585.608134,422.979583,331.526483,136.127740,51.178909,555.232984,151.988272,510.636752,68.665787,239.198877,70.373821,80.480541,406.154838
2012-09-05 14:00:00,12.732530,174.429938,361.841327,80.808155,91.040290,255.317075,615.055028,223.169447,37.054276,250.696705,282.397209,260.951891,339.793889,32.745726,107.537141,86.322481,502.885537,367.588159,286.207584,130.518191,48.113060,519.554708,145.219404,486.812995,75.097129,266.265194,54.980208,75.968840,383.894075
2012-09-05 15:00:00,10.927221,137.550394,278.316021,82.335649,68.211822,225.652787,532.964185,184.173496,28.208338,186.485579,280.853508,228.946776,261.379451,24.057273,85.076375,72.408266,452.782291,299.755831,252.751483,133.968556,46.774957,531.902693,141.519484,468.366096,86.611078,242.695036,46.143977,64.375307,337.422001
2012-09-05 16:00:00,5.889828,92.794811,192.113496,85.684089,46.963676,150.394749,388.512479,126.182250,17.097932,122.244123,254.923001,153.775689,173.761677,15.633450,61.138194,65.633812,525.502559,202.973771,221.341387,147.452237,29.923232,590.266744,119.571132,488.213536,83.204493,296.757558,34.416357,47.053516,303.854753
2012-09-05 17:00:00,2.260080,48.220656,111.035984,74.490292,32.943716,64.907770,298.099994,67.221402,5.904248,70.187460,222.018128,61.126683,120.195816,8.795444,49.204902,37.268551,483.526293,99.325450,122.225558,89.861507,15.699716,654.423270,81.611186,528.417235,92.120444,371.997745,11.632871,26.849535,332.608391
2012-09-05 18:00:00,2.456040,43.505220,205.260297,110.880770,58.964182,52.847663,339.747424,37.902209,2.686971,56.502635,202.070872,59.563341,180.930748,3.425304,69.404371,21.664239,585.900489,66.325460,57.022132,61.363307,23.178979,660.812457,61.356773,492.247394,88.584159,408.447497,7.448716,28.458361,506.972623
2012-09-05 19:00:00,1.358661,67.976906,333.765419,181.520103,119.662605,62.333141,403.137287,63.390454,3.289224,38.573914,204.766994,65.816710,326.937653,1.278570,124.650732,12.483450,549.613601,121.274709,106.469367,87.684726,19.809942,519.935235,36.279882,424.302594,61.458279,338.693863,6.621081,47.335265,531.114176
2012-09-05 20:00:00,0.751183,164.922433,241.789672,174.451834,184.565248,73.309194,364.213687,74.615847,1.760430,20.781017,186.792848,58.938004,358.705727,0.457759,184.716841,4.817642,422.697996,168.282074,146.868811,90.404873,12.308218,409.362997,26.783307,379.334977,63.969934,276.660215,6.713040,68.536029,393.054667
2012-09-05 21:00:00,1.371725,257.580185,157.206774,136.768850,172.951091,33.605693,199.622464,71.314261,27.796257,18.064544,166.848460,26.264150,255.196508,0.741886,234.842220,3.302660,411.015388,146.173587,148.972949,66.403579,10.758460,326.310961,23.370476,358.683704,63.854012,232.694620,4.551993,66.641188,215.387922
2012-09-05 22:00:00,1.005931,238.442072,143.943132,84.949327,117.140074,21.410079,142.905218,66.824104,39.957119,31.782732,144.968395,18.447439,179.878825,0.615608,232.010618,3.060263,420.042858,106.034878,134.243985,47.202544,10.803381,268.321965,22.035020,338.032432,57.265746,197.598796,3.494459,69.608580,155.411250
2012-09-05 23:00:00,0.509498,153.523229,107.848631,52.990341,99.272139,28.456434,146.519552,74.087593,33.262854,90.322722,144.346213,25.169811,171.673826,1.073367,193.753868,2.969364,390.128301,97.019767,97.211162,29.761604,10.533858,251.940892,16.322237,337.116164,53.092534,192.014125,3.770338,56.630709,135.419026
2012-09-06 00:00:00,0.496434,145.575160,76.537738,47.483161,73.048319,45.665801,118.160929,60.881249,29.857812,287.538649,138.228090,42.835579,168.728442,1.373278,247.915786,4.484346,316.315460,123.421164,67.332406,25.201358,7.524184,238.344602,12.093294,354.313810,46.117860,186.867467,8.460270,57.703261,107.316749
2012-09-06 01:00:00,0.496434,121.521793,53.706879,38.853801,23.753842,39.025966,147.353629,53.485696,39.493848,241.222787,129.724937,33.455525,143.061521,1.531127,274.605140,8.847493,248.520933,170.428529,62.492890,43.602350,2.695230,228.352148,7.493391,344.869201,31.047927,162.010207,10.621317,36.466745,89.021978
2012-09-06 02:00:00,0.529094,62.747914,37.399122,18.689719,10.247786,23.036161,271.631124,53.749823,33.170200,227.097129,117.108470,50.964959,104.561141,1.499557,292.739442,7.059815,230.111975,210.137947,37.664065,60.803277,2.470628,188.218521,5.935359,347.477041,20.904702,122.917511,8.092432,20.342723,77.517019
2012-09-06 03:00:00,0.842631,30.955637,34.789881,12.141813,7.252279,38.348432,330.850601,52.297125,8.431531,177.249852,87.762221,62.221023,66.481531,1.483772,268.098481,4.605545,165.326603,194.039534,37.874479,50.642729,4.334828,142.679140,7.567583,280.589473,26.778112,118.208867,8.460270,18.519386,66.200666
2012-09-06 04:00:00,2.044523,23.635047,32.180640,14.136539,5.307827,69.243989,329.460473,49.655856,2.154210,143.022295,59.072720,48.463611,41.656149,1.357494,298.221906,3.302660,116.649070,152.183661,46.080616,29.601595,4.649272,127.608553,8.161119,260.290611,12.983327,104.192438,9.701723,16.553042,51.300801
2012-09-06 05:00:00,2.806996,18.719794,20.656492,14.006448,7.357385,79.200734,299.989747,45.429826,3.451369,150.900066,40.787484,37.520215,33.240765,1.341709,251.169116,2.484570,94.345910,93.156148,73.223992,44.802415,5.182440,103.200756,7.931553,264.449058,6.936033,58.091527,16.071132,13.228133,43.190748
2012-09-06 06:00:00,3.314507,27.987701,62.430449,23.977716,16.340201,75.887364,342.524905,53.658218,6.819071,142.287634,42.677107,58.941178,68.171363,3.322345,105.745918,8.900989,142.345548,57.137346,96.765192,67.454751,10.015706,117.109923,25.784435,241.891965,8.926658,44.731813,28.567089,21.110649,71.195105
2012-09-06 07:00:00,6.149550,73.275670,160.820357,49.629854,38.366113,130.321161,379.597182,103.942967,15.036021,188.786523,52.595832,115.592170,155.448089,8.934357,75.204761,20.928804,227.488097,140.831122,219.031553,73.002422,22.650970,189.675107,62.121011,243.212880,16.421690,65.296436,58.267929,35.058805,165.026342
2012-09-06 08:00:00,8.350021,128.031656,259.363063,72.423295,65.048645,170.388442,424.627456,162.300637,25.811743,219.924829,60.811586,182.372051,254.239591,14.806427,92.919985,35.865786,328.013525,249.826707,300.600881,55.507815,31.847371,256.257943,93.096711,241.352851,23.760029,92.031378,75.574510,45.460980,255.293152
2012-09-06 09:00:00,10.205016,161.391902,342.305705,114.557352,89.684407,207.636817,591.736914,202.880152,35.345847,271.059161,74.764801,241.303222,345.581304,21.365870,134.919944,47.613947,448.053322,360.981927,382.195063,70.218286,40.062699,309.670304,120.660615,197.670391,35.714305,114.145783,74.935443,57.093284,329.039507
2012-09-06 10:00:00,11.399386,186.616739,403.661109,197.260793,115.094487,240.741605,772.228041,236.236634,43.984832,290.827805,97.674801,282.146478,440.646808,27.356310,219.303751,58.439841,598.075735,457.931298,556.161718,131.981618,46.762469,356.234963,141.907276,233.967819,42.083171,127.639111,81.568460,65.152538,359.096287
2012-09-06 11:00:00,12.937338,191.368080,437.021037,201.686107,127.115021,258.046320,725.609330,263.907383,41.693855,309.650327,108.675047,302.617627,492.807654,30.377465,249.702302,68.437663,683.724479,519.199035,543.129493,136.875476,50.895390,392.148037,153.171722,220.290346,42.813721,123.227341,91.036694,69.488175,379.807532
2012-09-06 12:00:00,14.345219,205.976492,445.725184,174.100908,122.276831,291.867407,817.824430,278.989250,45.708035,363.820644,112.658967,342.201145,502.026550,31.773204,240.295973,71.386137,667.442225,522.791688,409.581015,114.664657,49.000751,411.375964,153.900698,216.925204,40.514401,120.868396,101.656507,71.011078,377.505303
2012-09-06 13:00:00,14.482688,197.959165,429.036418,131.239135,112.206800,315.737226,760.592383,271.504486,44.494705,353.770073,110.779292,326.073477,445.276441,32.501012,195.452094,71.229585,614.391093,467.815624,337.144446,134.688271,42.200764,405.048730,143.104857,201.437524,36.119064,111.802542,92.978263,65.348786,351.218668
2012-09-06 14:00:00,13.624222,176.750034,383.599873,100.554376,86.855323,289.566265,704.663326,248.903572,37.965785,298.883198,127.474224,308.974459,372.765839,33.257989,153.235407,81.117901,527.931662,380.777243,242.592926,139.317568,35.068434,400.276611,122.227085,188.512581,30.243200,100.447128,84.996656,54.855447,302.866196
2012-09-06 15:00:00,11.141602,137.927698,302.337700,79.718290,58.478561,230.089079,542.786867,192.573764,27.951162,235.092814,140.937893,300.525784,278.757248,28.361525,104.544432,79.947758,436.162694,329.439517,181.352162,119.536831,25.817897,369.413430,86.832121,177.529216,22.163000,82.906953,60.708570,40.718078,241.492413
2012-09-06 16:00:00,5.842915,90.889385,222.093973,60.900565,36.744569,178.448527,344.661580,132.537976,16.202798,173.902413,102.393338,233.160920,209.883229,21.936722,76.810405,64.983183,409.140434,262.301156,149.230370,97.038914,16.750788,349.120327,53.856861,174.040175,12.786403,66.051268,42.101931,22.792925,182.813602
2012-09-06 17:00:00,1.587281,49.746661,144.595442,84.698036,17.120718,113.690228,212.162940,77.123119,5.030887,107.156892,77.358406,112.560645,151.005633,16.676811,57.256622,40.813609,378.187036,168.459725,104.739697,59.559279,2.829992,356.172412,31.457403,187.539499,2.954125,58.862139,22.392128,2.180854,174.014137
2012-09-06 18:00:00,1.195360,62.957073,224.177295,116.127768,12.822870,139.301018,188.779461,50.448237,1.528794,76.876181,67.437610,73.008085,245.939586,3.867278,68.078940,18.179781,411.723425,91.868275,123.933710,72.563911,4.065305,331.552904,48.744136,196.151847,1.294469,93.242103,10.161520,1.894841,267.254541
2012-09-06 19:00:00,2.103311,100.605821,286.364207,115.303859,16.659221,161.930659,260.788121,46.090143,3.636677,49.439806,73.037248,87.078165,361.440726,2.367721,106.456183,10.544273,528.903523,97.449058,227.246871,128.566929,3.638561,284.375415,28.489723,161.333661,9.640893,96.362948,4.000236,3.181902,321.950248
2012-09-06 20:00:00,2.116375,59.505938,241.137362,108.062135,23.648736,171.416136,361.155404,32.487608,6.439466,39.117209,60.697306,111.935308,367.331495,1.720544,167.004267,5.332736,698.478347,159.266963,265.121350,119.046416,2.650310,253.087567,26.857499,181.491558,14.045951,116.840075,2.804763,6.149294,289.132824
2012-09-06 21:00:00,1.064720,23.739627,185.908426,113.179042,41.779434,147.973455,293.039104,53.749823,26.522262,39.796327,53.369385,122.722370,301.481118,1.799468,199.778553,3.423859,720.250480,200.908190,224.090665,94.245080,1.504837,239.491277,21.589868,216.591673,21.349072,131.896786,2.850743,10.081982,240.283899
2012-09-06 22:00:00,0.770779,18.196895,163.729877,93.925596,55.653359,105.830832,321.953778,88.086319,45.261571,68.862586,65.156277,121.940698,282.336120,1.294354,224.359268,3.787454,508.193445,236.539344,135.506468,48.242600,1.078092,212.953940,10.164302,231.745337,16.364402,130.089980,2.574865,8.580410,184.267951
2012-09-06 23:00:00,0.921015,42.041102,115.241480,60.839155,78.671463,82.388151,290.536872,91.784095,67.197450,118.166568,74.765531,99.741238,199.444592,1.294354,288.160682,4.211649,335.609464,296.425439,93.213300,38.322065,1.055632,180.027985,5.638591,238.018249,7.361083,82.784533,4.551993,5.005239,150.507497
2012-09-07 00:00:00,0.790375,47.792994,81.321346,56.416066,82.245049,54.744758,326.680215,73.823467,93.696548,123.327867,65.536499,75.822101,149.583444,1.120721,275.930571,6.332624,194.533123,261.008931,107.731850,52.082807,1.392536,175.768906,3.338639,186.848202,2.299131,48.893246,7.356756,5.756025,146.169562
2012-09-07 01:00:00,0.646670,90.043256,91.758311,56.025794,69.001757,63.010675,295.263310,72.370769,69.768604,104.720028,52.021324,48.932614,131.279984,1.862608,233.275802,4.969140,117.711125,262.940740,102.681920,54.162919,1.594678,140.385790,3.041871,148.153497,1.217187,45.005877,14.299695,6.900080,157.485915
2012-09-07 02:00:00,0.568286,206.754375,120.677399,26.581898,56.756967,55.557799,302.770004,76.464735,41.277441,144.788002,36.985260,29.547169,102.036526,2.052025,205.622498,7.090115,54.695846,323.900063,56.390890,35.761927,1.886661,135.143847,3.709599,141.457692,1.313789,38.435676,28.829289,6.149294,161.635245
2012-09-07 03:00:00,0.509498,261.345060,122.416893,21.898627,41.516670,30.760050,467.361227,76.596799,5.929868,196.265162,25.820551,29.859838,90.044605,1.247000,219.780507,3.635956,36.463898,246.198391,41.872340,13.120707,2.425707,131.703821,3.412831,104.947934,0.540972,37.614401,28.553411,5.112495,114.672379
2012-09-07 04:00:00,0.842631,218.781059,83.060840,10.884268,35.052682,18.293422,566.338382,65.767596,1.667775,194.091984,22.640510,20.323450,87.309605,1.136506,265.869347,2.484570,55.934911,205.630391,65.017855,10.800582,2.807531,96.320705,4.525711,57.020066,1.642236,23.050455,26.254425,6.506811,74.310719
2012-09-07 05:00:00,1.346850,212.610847,56.968430,7.631997,20.810888,14.770244,432.608013,45.693952,2.293191,234.974900,20.497439,19.385444,85.416144,1.010228,245.626406,4.060151,89.743670,235.895407,56.811718,31.121677,3.370354,56.842321,5.927645,35.452526,0.772817,15.494724,26.895710,6.006287,52.998254
2012-09-07 06:00:00,2.512741,147.681280,107.108922,8.973060,18.838199,34.051726,330.551973,41.194856,5.494643,233.941200,19.352054,46.910172,121.920002,3.766016,126.686933,12.495756,124.557666,130.182423,53.277719,44.926211,8.337942,64.919003,22.280999,28.562637,4.015562,25.499189,40.303153,10.804850,98.646277
2012-09-07 07:00:00,4.303158,155.231173,201.115803,21.159941,38.295333,70.937283,396.755707,90.443649,14.576403,229.134959,26.049448,107.119190,213.576485,10.430433,74.943845,23.228616,176.058828,120.383777,116.247901,34.389317,18.670756,120.342361,55.743503,53.712129,12.630896,37.258841,42.621149,24.495060,183.681082
2012-09-07 08:00:00,6.454687,146.994836,289.034151,35.352495,64.264057,111.824372,276.599324,156.373356,28.200789,221.786361,36.299556,183.816746,284.423099,18.117327,94.638848,35.925687,209.403144,144.104431,155.212491,49.419095,29.888799,197.855475,88.570016,87.485233,22.361449,70.346391,54.881773,42.436955,247.613878
2012-09-07 09:00:00,9.309937,164.175783,372.657023,67.443060,97.748008,169.619533,391.055916,217.417360,40.477987,272.319108,47.053363,267.053446,375.163756,23.630015,160.646946,47.809235,248.608154,237.225984,229.747353,63.635112,38.384935,263.861257,116.118595,105.841386,29.005277,85.585468,80.698426,57.761864,343.450417
2012-09-07 10:00:00,10.289202,193.507040,423.483512,74.712962,114.400079,224.329069,445.475567,243.416351,55.640024,315.484583,55.928805,327.941386,544.061918,27.714921,199.257063,56.982244,362.779963,344.358511,311.550556,94.916800,44.264882,308.447384,131.619751,122.436664,35.444103,93.312446,110.463537,67.029640,385.306845
2012-09-07 11:00:00,10.030237,198.916075,446.068105,77.902614,114.695886,268.152427,438.197885,263.433226,56.223995,359.554284,66.111980,391.220128,558.046696,30.784863,244.244391,60.331168,411.402035,394.996279,383.649285,100.459228,45.452972,342.953835,132.494471,130.149075,39.564303,107.124464,134.820173,69.016941,380.724894
2012-09-07 12:00:00,12.520478,202.995200,444.925386,81.045236,109.824984,324.166569,503.100623,253.937652,49.738881,399.004938,77.228401,412.671566,521.564276,31.756516,238.034089,69.085690,431.779590,395.371497,428.299488,97.528817,43.393650,341.101848,130.843245,137.850911,39.714686,111.357728,140.916018,67.895091,356.799849
2012-09-07 13:00:00,14.639602,203.669458,433.128417,78.928031,105.773764,354.818063,541.521391,235.751325,42.365259,326.452175,85.051866,379.281486,489.453094,31.334523,202.475372,82.610555,474.197940,375.600142,444.411917,155.017555,35.262693,304.536160,116.774362,134.119783,38.059331,98.090667,130.295504,64.080436,329.822625
2012-09-07 14:00:00,12.359152,161.841893,379.752015,68.924012,90.150561,366.249493,550.522961,201.609006,36.710378,215.760930,87.167847,349.840167,376.802051,31.045285,131.577274,91.173870,715.030270,317.359609,397.111266,150.786938,23.250187,254.400129,94.889744,120.562812,32.547791,87.629658,135.200613,56.191333,282.135999
2012-09-07 15:00:00,8.937963,124.612850,283.854361,55.642226,65.872840,295.382003,472.860925,134.570907,29.522097,157.112698,75.371638,278.598691,267.126781,26.650730,83.242188,72.807426,657.898535,254.008325,360.163363,168.854256,10.173194,195.788236,77.639147,101.663804,25.019497,69.899704,97.774138,41.380670,209.842423
2012-09-07 16:00:00,5.355907,98.922328,214.756203,51.586899,40.686649,202.749455,404.901944,93.898497,22.731265,103.077066,58.555345,194.432315,187.871684,14.902700,57.523551,41.166528,526.724452,165.537075,337.188827,187.478088,3.888853,127.578612,48.712192,67.275051,15.283322,47.525602,49.991103,22.969937,122.805867
2012-09-07 17:00:00,2.756513,74.298916,123.286640,53.569509,22.386078,114.367762,379.685101,66.511227,11.882512,44.326847,40.246856,103.962262,111.569900,6.195004,44.332937,26.542480,434.257452,127.871353,297.026584,182.368276,1.078092,59.742905,27.376843,28.563719,3.690202,25.678612,20.690878,3.324909,53.683844
2012-09-07 18:00:00,1.332533,60.970056,90.018817,57.500157,34.159286,138.352471,395.352567,31.299037,9.612872,19.286957,17.835883,77.385443,123.916524,1.973101,47.173283,12.392551,531.204643,156.476571,287.214796,121.206533,2.043883,55.695646,14.096478,11.841003,4.598262,21.134147,12.000709,4.790729,89.021978
2012-09-07 19:00:00,0.522562,67.244847,75.450554,71.723424,37.943083,140.249566,355.594890,26.148562,6.740592,19.830252,9.989477,109.277626,176.091902,0.694532,51.993031,4.544945,565.367421,320.036444,256.915213,112.406058,1.145473,71.421475,9.570766,12.334378,6.704188,23.105207,8.000473,11.941071,176.157898
2012-09-07 20:00:00,0.548690,64.944091,103.065022,47.353070,20.915993,159.627042,233.541601,27.469197,1.922574,16.570484,7.950103,110.371966,179.668440,0.584038,65.729313,2.060375,502.706160,360.819090,206.415908,93.765054,1.212854,73.878636,10.164302,39.117598,3.303793,15.768482,5.425608,23.739136,196.150122
2012-09-07 21:00:00,0.633606,57.728081,121.982020,39.677710,7.567596,107.592421,189.335512,27.073007,13.458021,22.275077,5.945294,85.514823,196.499207,0.315696,115.131730,1.454382,372.604390,434.657142,138.031433,52.722842,1.706979,51.927999,6.677279,65.689372,1.603595,11.607355,3.586419,53.699069,118.067285
2012-09-07 22:00:00,0.901419,41.099883,124.156387,25.324353,24.542133,62.604154,94.806769,59.692678,43.709614,24.584079,9.125335,74.415093,206.597668,0.536684,216.165696,2.575469,291.711180,311.665269,112.360953,21.841177,2.313406,50.453703,4.377327,70.059265,1.120585,7.281973,3.448480,46.155458,83.741014
2012-09-07 23:00:00,0.751183,44.864758,111.762492,23.199535,33.791416,57.183881,52.824886,105.914884,62.981685,19.286957,14.759539,66.129379,164.310365,1.341709,247.494058,3.151162,303.393788,169.355301,55.970063,7.520405,2.021423,50.126081,3.487023,46.870635,0.792138,11.333597,2.528885,17.947359,53.941284
2012-09-08 00:00:00,0.209025,49.570852,108.283504,9.323178,58.386102,59.623004,32.807034,128.101543,43.547469,23.497490,17.490226,73.477088,119.919217,1.357494,200.019541,4.423747,239.670472,129.001947,54.707580,9.680522,1.774360,40.461249,3.709599,40.315795,1.661557,15.932737,4.046216,6.256549,98.075061
2012-09-08 01:00:00,0.189429,44.028119,85.887518,10.060359,43.776438,66.262839,28.636649,72.238705,12.369334,27.979670,15.796508,71.288408,57.855762,0.710316,123.747029,4.847942,174.000055,107.537397,54.076339,5.440293,1.325155,21.950637,3.264447,18.677772,1.313789,7.336724,5.885405,4.790729,162.012456
2012-09-08 02:00:00,0.293941,29.177780,60.229981,9.106360,18.813883,59.080977,29.192700,50.712363,3.567186,38.845561,11.268406,68.005390,38.500380,0.662962,134.531215,2.969364,104.435435,133.724148,35.349513,3.840207,1.033172,17.200126,2.299952,10.854252,1.081944,4.927651,6.621081,5.219750,136.173450
2012-09-08 03:00:00,0.391921,17.151096,43.487351,12.098449,9.879916,67.617907,21.686006,35.128877,5.651906,40.339622,11.130144,61.439352,26.298074,0.820810,116.878888,4.272249,84.787412,222.158095,18.726825,2.880155,1.280234,18.510612,4.377327,8.739788,1.333109,2.463825,5.103750,3.789681,82.986590
2012-09-08 04:00:00,0.365793,15.477819,40.225800,16.868447,5.307827,50.544047,37.255446,26.280626,7.227027,42.512800,7.639012,64.722371,25.666920,1.041797,49.161429,3.302660,52.571736,153.471534,29.668342,2.240121,1.257774,15.398208,5.712783,9.444609,0.946701,1.423544,5.839425,2.359613,42.059113
2012-09-08 05:00:00,0.386739,8.470968,38.268869,4.206271,4.256773,49.053471,37.811497,21.922532,3.798822,19.151133,5.323112,57.530996,24.825382,0.694532,40.244896,1.908877,22.303161,94.658667,20.620549,2.560138,2.059039,13.760101,5.406489,15.717521,0.637574,2.682832,6.414462,1.644579,19.426406
2012-09-08 06:00:00,1.036887,17.537013,77.416894,4.293804,10.774561,60.374088,47.923132,29.544059,4.250778,30.476058,6.362986,64.368485,44.694762,3.344573,40.024047,7.842616,47.632650,60.486444,18.189756,2.687877,5.896561,37.758659,16.383486,19.539888,3.229828,10.882631,15.504327,8.040168,40.419178
2012-09-08 07:00:00,2.770052,54.920044,170.562069,12.697447,30.182736,108.317624,128.179308,77.165790,13.203498,89.124196,18.776449,114.439726,110.481279,10.369089,82.670661,19.055829,114.873922,69.493019,43.499221,14.716954,15.602745,101.900223,40.344290,43.428718,10.416637,31.156035,29.514029,23.726261,100.885466
2012-09-08 08:00:00,4.189729,85.198942,268.628933,24.124628,53.798983,156.731460,246.139197,120.899528,23.950059,153.234283,32.433405,179.949556,213.239992,18.582092,95.053009,32.772601,198.109145,126.512335,92.012898,40.625977,26.955550,177.822098,78.159425,72.489945,20.257369,55.469868,40.754638,39.776334,177.642145
2012-09-08 09:00:00,6.404026,125.855111,330.432413,38.452118,69.610283,200.012895,360.036701,153.897789,33.475305,203.246009,39.782874,240.825357,297.555182,23.945172,108.305719,46.023036,271.296468,216.995529,175.743656,70.115666,36.991992,226.947830,110.100915,104.201163,28.714527,79.337664,48.523831,53.433636,218.586472
2012-09-08 10:00:00,10.132452,151.773036,339.457784,49.114893,62.965422,246.166282,466.640520,173.479490,25.765820,233.305402,48.416357,287.219977,340.845081,27.756988,124.169266,56.414438,315.659575,326.513122,266.386770,96.802663,43.291819,259.207571,127.905025,123.928053,33.955015,95.825866,55.596958,62.099621,231.701887
2012-09-08 11:00:00,11.290484,166.953025,346.889174,55.721473,58.468841,268.858306,542.235841,198.835119,15.708507,251.998546,57.214441,309.168378,345.465028,31.140985,130.415179,61.861057,334.685657,419.517990,332.133410,108.485366,43.716432,288.719223,134.410001,134.014183,35.985089,104.919152,58.533637,67.000949,254.828155
2012-09-08 12:00:00,10.757147,161.624342,384.250667,59.488898,90.560382,273.664611,592.697118,279.313001,22.503493,256.418833,63.572105,310.686796,347.400918,33.470825,113.397482,65.705156,343.339467,436.705059,370.999881,113.503386,39.300366,316.943252,139.373356,138.574915,35.465163,106.992418,69.052231,66.529540,281.008575
2012-09-08 13:00:00,11.195412,176.108542,359.566966,59.918790,112.850082,252.763276,638.582682,256.221527,28.109783,246.332624,66.777449,239.228696,317.302999,33.411960,106.757085,60.187302,327.845041,445.479611,438.794182,115.189451,33.100019,307.795342,131.008041,132.723814,32.684666,104.967638,68.661811,61.349634,309.856854
2012-09-08 14:00:00,13.903672,170.602956,280.659878,74.613561,96.469797,225.966857,738.593130,167.146158,34.521221,255.491762,69.110315,195.528913,256.577896,28.609886,82.065714,56.490914,268.995463,500.885409,600.123963,159.607673,27.335680,250.209524,98.775788,112.683615,26.083537,88.424531,59.202947,49.559104,226.056080
2012-09-08 15:00:00,13.494994,123.895679,213.827281,79.876070,74.990134,189.394404,786.083871,122.379228,25.376517,205.644863,60.965406,160.893542,196.672164,21.590558,58.636121,47.927196,239.231479,447.485708,638.181157,195.859034,20.112177,180.344416,62.368644,87.438557,18.890917,66.968140,43.091956,41.326182,149.634495
2012-09-08 16:00:00,8.432180,80.946562,118.644300,88.871060,71.808912,145.706771,725.718245,98.815256,19.723107,126.392004,37.767382,111.492816,110.118500,12.527356,44.883357,40.461390,253.144671,380.731101,725.916955,253.826394,13.872427,123.416126,34.770001,54.062671,9.866767,41.286394,26.753846,30.350183,153.555599
2012-09-08 17:00:00,2.410316,59.790049,41.530420,82.733550,43.726160,68.159934,588.555497,61.647826,29.120927,60.566255,21.572163,64.878705,51.754609,3.590202,57.532757,14.634724,265.160663,235.358272,784.192305,253.628769,3.346577,78.784615,10.090110,22.426951,2.086606,18.011238,7.632635,18.018862,133.020587
2012-09-08 18:00:00,1.443577,35.661731,76.102864,99.823048,20.495571,72.089632,606.096059,33.676179,16.631427,27.843847,7.950103,58.781670,86.257682,0.710316,19.399486,6.665920,242.502619,228.168169,758.541639,194.970508,1.886661,140.713411,8.828846,30.589257,3.554959,9.745798,3.770338,19.091413,146.169562
2012-09-08 19:00:00,0.829567,25.726645,100.673218,105.547045,21.441521,75.612810,609.432368,45.826016,3.798822,17.249602,4.458971,46.118597,80.156529,1.436418,4.819748,2.272473,107.267582,414.480465,621.983103,156.968460,0.988251,137.764818,10.090110,57.442959,18.412367,17.301529,10.115540,16.016766,147.678409
2012-09-08 20:00:00,0.953675,18.406055,123.938950,96.700867,8.776309,61.113579,501.836416,52.297125,1.714102,9.100184,5.426809,44.398921,62.063454,1.310139,3.855798,1.211985,104.789453,490.035682,475.114292,106.725752,1.190393,117.779910,10.386878,49.830886,7.148558,37.231139,8.644189,14.014670,131.835515
2012-09-08 21:00:00,1.018995,15.791558,137.854903,69.815424,4.939958,52.170128,386.455744,43.184747,1.181341,9.643479,6.844001,38.301886,24.194228,0.931304,5.904191,1.211985,165.857631,490.250327,381.269751,72.483907,1.392536,82.069172,6.528895,36.227829,4.733505,51.630830,5.471588,8.830672,119.764738
2012-09-08 22:00:00,1.319469,16.000718,132.201547,46.962798,3.888903,51.357088,230.761344,33.940306,0.787561,11.137539,6.290951,28.609164,23.352690,0.726101,6.325919,1.211985,177.186220,461.702476,380.638509,81.444390,1.055632,56.023267,4.599903,22.906701,1.313789,40.680495,3.494459,4.611971,98.075061
2012-09-08 23:00:00,0.450710,29.909839,88.496759,33.259895,3.941456,48.917965,182.940921,35.657131,0.648579,15.212248,12.028851,31.735848,42.287303,0.568253,9.157521,1.969476,128.331678,273.243725,273.537900,70.643807,1.325155,51.764189,3.857983,13.744021,6.375741,39.475958,3.770338,7.972631,66.012060
2012-09-09 00:00:00,0.431113,24.890006,82.843404,27.969533,4.414431,45.530294,197.398258,32.619671,0.555925,19.151133,20.601136,35.956873,43.339226,0.994443,10.904680,1.757379,46.553423,180.516868,170.645567,76.724135,1.729439,43.901274,4.451519,13.603057,3.265152,36.190857,5.195709,5.756025,60.919701
2012-09-09 01:00:00,0.502966,18.510635,77.842358,33.129804,4.939958,40.787555,162.367018,31.166973,0.810724,24.584079,25.958814,50.652290,78.894221,1.057582,59.885369,2.514870,54.341828,136.729185,123.723297,57.363092,1.504837,38.823141,3.487023,21.567540,1.680877,17.794294,8.322331,4.683474,56.393160
2012-09-09 02:00:00,0.672798,11.085465,57.620740,28.229715,5.675697,35.502789,127.057752,33.015862,2.756462,27.436376,27.410572,49.714285,50.281917,1.183861,59.945615,5.878129,57.882012,133.724148,95.107024,49.282656,2.066343,37.348845,3.561215,20.721755,1.062623,7.555731,8.138412,2.466868,40.550266
2012-09-09 03:00:00,0.496434,13.281642,47.618649,31.915623,7.830359,34.418734,102.313463,33.808242,2.895443,26.757257,27.030349,45.493261,33.240765,0.347266,27.834045,6.059927,49.916598,163.559873,72.382337,43.602350,1.751900,49.307028,4.599903,20.439826,1.043303,10.293315,7.034898,3.396412,28.856701
2012-09-09 04:00:00,0.372325,28.759460,46.314029,29.227078,13.348398,36.586843,89.246255,30.770783,11.442792,34.906676,34.116310,46.118597,29.874612,0.441975,26.508614,4.817642,104.789453,182.234032,68.594889,31.681708,1.370075,54.057539,4.154751,18.536808,1.217187,18.615570,6.161284,4.361709,25.461795
2012-09-09 05:00:00,0.871330,44.132699,33.485260,22.679172,16.186246,35.096268,84.241792,33.676179,5.744560,33.548439,31.662148,34.393530,38.289995,0.631392,28.255772,3.454158,107.090573,201.122836,55.128408,28.481535,1.145473,49.307028,3.859071,19.946451,1.429712,15.658979,6.046625,3.610923,29.045307
2012-09-09 06:00:00,2.082366,76.080787,54.650370,17.334649,29.323516,46.773154,65.596979,55.373936,5.514961,46.346193,28.274393,47.414703,63.584156,2.499221,37.067705,8.444359,86.832469,179.010605,51.120213,31.036105,6.554852,71.499667,21.512416,32.460699,3.719311,26.056945,14.198597,7.612944,55.996471
2012-09-09 07:00:00,5.170960,87.714622,143.963014,24.596504,51.492049,89.176479,121.653121,102.744626,5.667181,87.186552,28.479332,90.853473,194.747133,6.504895,31.548665,18.390865,103.494313,189.953486,90.827810,42.615151,17.602303,131.772074,56.177316,59.984008,10.146273,46.830144,31.720484,21.573125,147.611555
2012-09-09 08:00:00,7.894015,124.990372,222.554037,32.637556,46.108822,141.626100,235.884906,151.010916,10.464412,134.327689,35.897887,149.449374,312.446086,14.523788,49.244128,18.645801,130.951990,261.664263,157.904858,73.491331,28.449478,173.023459,88.944600,87.311266,15.519118,66.867959,48.553370,38.063495,199.156507
2012-09-09 09:00:00,10.089928,111.985033,262.038914,47.389015,65.484578,169.236956,346.779386,225.417566,12.121034,196.747137,47.693519,199.070202,272.233419,21.796245,74.838362,26.665944,172.997673,364.150981,229.730323,103.886793,37.168571,214.901509,117.323529,110.182506,18.771287,70.988510,62.683059,50.430817,236.693293
2012-09-09 10:00:00,11.656752,152.730017,282.774461,59.589633,82.078008,188.092482,455.265105,277.605669,17.877249,247.288413,48.017637,236.457446,280.034240,27.373934,89.839450,36.709947,223.850707,466.294084,282.308359,118.999765,41.997259,282.903995,134.171841,121.231433,27.294482,88.487765,59.561412,51.793923,295.879217
2012-09-09 11:00:00,13.054819,165.576627,379.548993,44.285687,89.791928,227.656930,533.053013,311.676749,41.340759,315.443068,54.895324,253.092109,316.028211,30.460718,126.395413,49.949789,275.620656,561.469369,293.219968,121.867118,41.683317,382.878378,134.802396,126.951998,34.711370,95.565899,64.697360,55.250412,330.736166
2012-09-09 12:00:00,12.365000,143.604056,427.169463,81.214420,140.855889,244.996758,583.023299,319.785058,66.903617,390.817606,70.221967,281.543593,301.175615,31.739475,124.058357,55.197060,291.877959,517.657271,354.702720,147.122978,41.623913,337.727543,142.109969,119.923997,36.867856,105.018033,77.864596,53.408563,300.919985
2012-09-09 13:00:00,11.229349,144.757646,359.281244,84.517419,114.325226,246.042051,668.585432,318.356966,42.091143,463.666375,87.351879,263.857687,288.419086,29.488162,127.938204,54.919140,263.436788,518.055852,410.237411,190.345872,36.899815,280.685058,140.498610,134.983963,34.360015,89.320770,68.958181,51.403149,248.398176
2012-09-09 14:00:00,12.490029,135.560384,265.050253,98.406761,83.149675,225.215986,798.048996,306.814638,36.476916,378.361260,78.289005,219.316755,249.159381,27.251026,119.324964,66.879122,222.677480,576.467437,455.503182,213.814263,28.743216,312.824652,124.195165,131.981954,26.726639,83.570124,47.505203,49.503119,210.985374
2012-09-09 15:00:00,11.939438,104.197300,203.337512,114.429300,87.602722,195.748301,849.992398,307.554302,34.333115,376.267698,75.195043,196.016810,164.273964,19.948872,94.735126,67.440288,182.406584,474.607133,462.913184,185.986173,19.382808,267.643869,91.442792,116.301222,24.125149,89.411589,31.217247,41.686892,162.598816
2012-09-09 16:00:00,6.910688,74.943985,131.461385,111.017031,57.552706,149.732248,756.204394,266.170794,16.127972,254.680325,60.356048,129.948331,106.782737,11.405125,55.478984,75.532277,132.505422,383.875441,485.270100,198.565137,10.172645,168.629371,44.852294,109.708998,17.186040,54.937137,19.189310,26.248267,88.806528
2012-09-09 17:00:00,3.559952,37.076150,24.570353,94.199335,21.676377,61.384593,795.743427,131.503860,10.174698,114.844055,40.043099,41.584905,36.817303,7.865329,26.246227,43.601175,48.146505,291.314093,450.398660,145.082730,2.066343,91.417474,17.064157,134.306631,4.501660,36.096370,13.793918,11.512051,30.644048
2012-09-09 18:00:00,4.121706,18.510635,17.612377,84.515691,6.201224,47.562896,751.503508,115.555516,5.906705,97.928846,34.185442,30.485175,50.492302,5.619392,18.556030,33.814393,126.738595,249.847365,468.801879,108.405843,2.358326,59.954725,7.048239,167.465608,3.149230,57.270252,20.598918,15.301732,33.006030
2012-09-09 19:00:00,2.351528,26.772443,24.352917,75.409331,5.623144,73.038180,658.086868,112.650120,2.964934,157.283777,68.336318,26.264150,80.577298,3.898848,28.436513,14.665023,264.451762,289.556783,497.418151,120.166477,3.593640,101.235027,7.567583,113.264829,4.153892,81.634748,21.886351,13.120878,51.489407
2012-09-09 20:00:00,1.397853,44.551019,34.355007,60.578974,5.675697,77.509905,497.388004,82.143464,1.320322,136.366936,62.978640,26.576819,82.681144,3.362164,67.114990,11.241165,286.046885,389.366941,486.476635,84.964579,3.616100,138.583872,5.786975,67.592390,4.888068,44.841622,15.908986,10.010479,69.218360
2012-09-09 21:00:00,1.430513,76.761614,71.536692,45.098162,7.042068,73.715714,404.527416,58.504107,1.135014,143.429766,51.917627,27.358490,108.348064,2.714987,64.946104,4.817642,254.362236,432.725333,452.600018,57.443096,3.121975,108.115077,4.896671,55.117048,3.361754,30.551435,13.104222,38.540344,81.100531
2012-09-09 22:00:00,1.012463,61.179216,67.840268,29.053624,12.717765,57.725908,351.146478,44.241255,2.015229,94.533255,35.533503,27.358490,165.572673,0.710316,49.221676,5.878129,209.755915,319.821799,360.017960,45.522454,1.437456,95.993084,3.412831,57.372477,12.983327,26.992576,13.380101,32.212291,116.558438
2012-09-09 23:00:00,0.894887,17.151096,45.661719,21.681809,30.060171,42.955664,395.908618,30.506656,4.123111,47.130804,25.163803,20.636118,155.263828,0.457759,25.725405,4.847942,174.708091,236.110053,291.633485,28.881557,0.763649,117.616099,2.596720,35.875419,43.548243,17.246778,15.771047,19.198668,172.197174
2012-09-10 00:00:00,0.934079,12.235843,39.573489,18.776446,41.831987,41.600596,359.487250,25.884435,4.262093,54.736928,29.933865,15.946091,136.749984,0.647177,9.820236,4.514646,150.634839,168.282074,244.079973,20.961130,1.078092,123.840907,2.151568,23.822970,85.106482,10.676577,14.161756,18.412131,196.904545
2012-09-10 01:00:00,1.397853,11.190045,38.486306,16.217993,34.737366,34.418734,313.334981,27.205070,4.377910,41.290387,34.185442,10.161725,92.779604,0.805025,4.518514,2.969364,100.895250,144.671069,235.032181,15.440832,1.527297,120.892314,1.854800,10.078949,46.832716,6.351194,13.747939,7.650866,131.646909
2012-09-10 02:00:00,1.247616,18.615214,33.920134,14.396721,27.958062,25.881804,251.057221,26.940943,8.223059,24.040785,43.068817,10.787062,53.648071,0.568253,5.060735,2.363372,47.261459,136.299894,222.617768,18.480996,1.864201,110.244617,2.670912,10.854252,18.296445,4.653892,10.897196,7.543611,109.768626
2012-09-10 03:00:00,1.450109,31.583117,26.309847,12.532085,18.130698,18.293422,222.976624,24.431738,4.818018,19.694428,38.678978,10.474393,33.661534,0.568253,6.868141,1.908877,29.914557,179.228995,236.084249,17.440940,1.414996,110.244617,4.674095,16.281379,12.712841,5.913181,5.885405,12.227085,67.898119
2012-09-10 04:00:00,0.738119,28.027401,22.178549,10.147087,8.828862,14.634737,177.102381,27.865387,1.690939,18.743663,31.558451,11.256064,24.404612,0.678747,6.265672,1.757379,24.604280,195.971344,247.236179,16.720901,0.875950,97.139759,4.080559,9.374127,12.152549,8.322255,3.540439,12.548850,42.247719
2012-09-10 05:00:00,0.328853,29.282360,21.308802,8.759451,7.725254,8.536930,160.698863,30.638720,2.478500,24.448255,27.859925,9.380054,22.300767,0.978658,5.000489,2.878465,22.657179,181.375450,238.819628,12.880694,2.425707,65.688100,2.670912,13.814503,12.171869,7.117718,4.272757,15.337484,37.721177
2012-09-10 06:00:00,1.296417,36.881732,55.062635,9.392805,18.391629,33.975382,137.453441,34.372623,5.947326,37.272074,19.718873,35.422705,47.989124,2.507945,13.406585,7.368415,45.235676,151.860570,204.276847,17.789570,9.203406,85.105788,21.255203,17.051912,12.049489,23.284363,13.356369,19.628063,66.823080
2012-09-10 07:00:00,3.371458,74.843273,142.061618,20.891861,39.564630,88.282799,164.303567,64.157586,15.167227,69.006942,28.530874,95.647062,133.604941,6.043666,30.358695,19.611626,111.461214,167.380509,195.893863,37.324726,17.965382,136.741722,47.642027,27.378065,13.875856,37.361352,33.062466,28.462053,152.641396
2012-09-10 08:00:00,5.929745,105.696521,244.599516,39.470403,59.131345,143.050532,256.186552,122.263570,26.061886,127.518877,43.259457,164.657067,222.652978,13.091314,50.847082,33.394409,187.851750,266.393206,214.616823,70.416113,25.485241,206.674504,69.054727,47.273316,19.645357,53.860023,50.776146,43.550547,225.906037
2012-09-10 09:00:00,8.699861,146.609651,338.995597,56.714185,84.256328,208.894068,354.696960,188.364231,35.078180,208.185990,61.141944,219.218169,317.229445,22.264657,76.973531,45.890061,236.251607,357.510003,273.226460,99.096899,32.795169,285.189344,94.491655,79.866864,27.355746,71.989018,68.219851,71.269499,305.431392
2012-09-10 10:00:00,12.086325,175.422315,412.216251,69.517839,110.393272,279.802791,509.616226,247.388760,44.960368,291.606540,68.762497,283.738137,379.863863,27.368129,101.292070,56.044287,284.925438,441.770874,345.717526,118.645853,42.217879,326.170035,119.042940,102.849312,37.048036,85.807073,79.613333,86.062623,370.137430
2012-09-10 11:00:00,13.798558,178.915413,458.163687,74.281744,130.427971,339.290717,685.288010,285.672692,52.347471,310.468681,63.712446,330.449463,407.482531,29.980895,116.187841,59.791039,311.662354,522.087988,424.108266,135.282219,47.851704,378.193259,125.109080,155.777626,43.044177,96.298762,75.066076,90.633029,410.699543
2012-09-10 12:00:00,12.719201,174.092917,486.851985,73.116175,137.903370,370.860909,664.911545,310.891004,51.955275,320.730427,58.046196,370.480981,417.471909,34.709828,115.222126,64.857379,317.254141,495.016143,434.216791,138.405394,52.990133,422.602425,145.529065,172.438320,52.861057,100.628576,83.900443,96.184548,450.951698
2012-09-10 13:00:00,14.897246,145.809720,515.385360,78.484465,140.463712,430.453206,627.698823,311.487271,50.466907,333.802765,73.893412,424.221279,437.779819,28.350973,112.294961,68.771084,315.325937,428.502996,445.721635,141.047975,48.051307,454.602784,144.323614,150.779588,45.583323,78.987718,95.783589,111.456641,438.454876
2012-09-10 14:00:00,13.794724,164.214972,438.201833,94.342371,137.054346,495.279804,753.082912,281.352566,50.943206,275.332156,75.751319,450.310381,468.896915,29.293622,100.227554,64.770433,282.516480,432.464572,522.245438,132.741567,44.293030,439.375697,119.519931,141.341864,36.195239,81.246329,86.147525,81.032835,389.498944
2012-09-10 15:00:00,12.173160,190.535889,446.138045,90.774973,115.617040,559.340178,825.692126,237.405110,43.188477,253.520944,59.478046,367.522748,382.923020,18.096938,76.639041,48.711456,241.058768,428.520963,591.468184,123.978381,38.145158,361.792168,98.566828,120.959289,26.005324,66.535054,59.429819,60.150194,320.264523
2012-09-10 16:00:00,13.661367,146.803044,384.088603,75.051972,107.100925,433.512106,740.063071,191.102170,34.989824,207.177309,39.745091,207.705106,240.879207,7.801243,47.831333,44.338475,191.850201,333.568557,598.001033,141.420051,32.909473,227.129232,66.875975,85.277118,33.387991,70.698359,41.102651,62.288910,215.023616
2012-09-10 17:00:00,6.440574,58.955599,196.127953,66.491790,94.962814,191.606654,690.382481,92.439898,12.763115,116.812692,47.030722,68.005390,149.373059,1.862608,13.852571,20.573452,102.311324,242.796571,562.381821,169.640579,13.296469,136.842541,34.425082,44.372331,36.573569,37.795277,22.851925,74.935585,269.864357
2012-09-10 18:00:00,5.676327,33.570134,116.328664,60.925883,98.115979,178.733505,767.629000,69.861563,16.052338,95.212373,60.386215,66.598381,158.419597,1.104937,15.302700,15.483114,165.326603,228.168169,544.340422,156.408430,6.940218,82.724415,9.644958,34.747704,35.221139,22.995704,20.047161,73.827282,287.435371
2012-09-10 19:00:00,3.893085,50.093751,105.674263,56.849703,77.147433,197.297940,719.530551,50.976490,13.226385,122.241277,73.693996,50.808624,120.129601,1.278570,35.545641,5.666032,255.778310,350.516105,614.197793,128.006899,3.032134,57.497564,6.677279,59.205013,23.995971,25.514281,16.966520,59.169081,145.415138
2012-09-10 20:00:00,4.330731,67.872327,110.022998,43.190163,50.608296,155.697344,620.831422,27.601260,9.427564,105.534970,66.193247,43.929918,60.169993,0.820810,63.680920,3.423859,253.300181,454.833820,698.363301,99.045338,3.773322,37.512656,9.793342,59.416460,16.924694,23.433717,9.287905,74.435061,79.968896
2012-09-10 21:00:00,2.978602,54.590685,137.637466,25.020807,8.618651,110.031544,390.626130,16.507931,4.632709,87.198778,71.101571,67.223718,39.973072,0.805025,71.392517,1.090787,231.528048,338.710603,613.356138,84.004528,2.582929,23.588744,6.751471,75.627356,12.712841,17.411033,12.828344,89.808297,51.489407
2012-09-10 22:00:00,2.403784,39.949505,117.198411,19.079992,3.783798,94.583765,201.568644,8.848251,2.038392,69.677528,68.474580,77.854446,35.765380,0.520899,52.836487,1.393783,180.903414,229.670688,446.287605,72.483907,2.156184,17.363937,4.822479,83.662322,52.860689,25.459529,11.954729,80.977624,31.497183
2012-09-10 23:00:00,1.848562,23.216728,66.970521,14.873721,3.153165,64.365743,206.017055,10.961266,0.625416,50.526395,77.427087,53.466306,29.874612,1.168076,28.737747,2.242173,142.669424,179.228995,399.365335,38.802091,1.482377,13.432479,4.228943,37.919401,82.575506,24.200240,19.081587,42.115515,24.141553
2012-09-11 00:00:00,1.319469,12.863322,48.053523,12.705540,4.361878,58.132429,217.972161,13.470472,2.409009,49.575629,78.049269,42.522910,23.983843,0.647177,24.640961,2.939065,105.497490,149.822561,380.638509,29.121570,1.527297,12.613426,6.009551,19.382594,60.395655,14.399691,46.945302,19.484682,22.066889
2012-09-11 01:00:00,1.574217,7.425170,41.965294,8.716087,6.148671,44.852760,166.815429,15.451423,1.528794,43.191918,77.669047,34.237196,15.147691,0.505114,18.977758,2.939065,52.571736,104.961651,319.197688,23.921289,1.594678,11.794372,6.454703,12.193413,28.594232,8.212751,22.116249,20.843247,24.707371
2012-09-11 02:00:00,2.018395,5.019833,38.921179,5.767361,7.672701,36.993364,156.250452,17.300311,0.509598,34.091734,81.920624,33.142857,11.991922,0.883949,10.061224,3.302660,29.560538,56.881058,272.906659,15.760849,1.774360,15.398208,5.416015,13.532574,13.292454,8.650765,16.230844,5.112495,25.273189
2012-09-11 03:00:00,1.482769,3.764875,37.833995,6.417815,10.195233,26.288324,170.429763,21.394278,0.880215,36.808207,67.126519,33.611859,15.358075,0.883949,6.988635,4.060151,20.179050,34.557926,289.739761,9.360505,1.437456,22.605880,6.232127,12.193413,5.506322,6.570201,19.725303,16.088270,36.589542
2012-09-11 04:00:00,0.666266,5.333573,30.658582,5.290361,10.142680,17.480381,175.434226,19.809517,0.718070,23.090019,52.125021,31.423180,13.885383,0.741886,4.578761,4.847942,28.498483,27.045333,331.401687,4.800259,1.280234,21.131583,10.312686,12.475342,1.874081,7.117718,21.472533,35.108180,33.949060
2012-09-11 05:00:00,1.097380,13.595381,25.440100,6.027543,7.199726,8.401423,167.093455,20.205707,1.227668,12.903246,32.906512,19.072776,11.991922,1.278570,11.567395,3.302660,35.932870,33.055407,344.657755,4.560246,1.527297,17.855369,5.490207,12.404860,1.391071,5.256161,14.933452,11.512051,27.725065
2012-09-11 06:00:00,1.742742,18.775478,74.177648,6.523697,10.834888,30.736640,158.861421,33.332243,4.060798,25.015720,21.012333,47.975993,47.746587,2.725011,13.624365,9.201321,64.738929,40.777853,285.282236,9.066377,6.444996,40.836426,21.534368,13.812143,3.109349,13.207037,19.720450,8.921686,46.499974
2012-09-11 07:00:00,5.160890,60.052339,176.473982,12.727803,32.317669,90.155843,228.566934,78.316576,13.772193,81.403669,20.741066,116.615479,140.989690,9.366120,37.839858,21.830202,142.135935,107.408885,255.617002,35.172372,17.413452,114.198258,58.624202,42.217093,9.734638,35.161007,52.970761,20.694377,124.483710
2012-09-11 08:00:00,7.965412,112.928441,272.051779,26.410179,58.064081,152.564785,373.101006,119.801549,25.274875,143.342569,28.509006,177.785891,242.594884,16.498310,69.285394,34.722624,239.665176,213.277655,257.705538,66.281148,28.162494,202.295397,89.835267,81.185367,19.792075,63.465141,78.037725,34.687990,221.033084
2012-09-11 09:00:00,10.315572,153.257953,361.279603,37.276323,79.917114,202.709716,436.490260,167.017967,35.250897,189.758807,36.822374,236.079079,328.188826,21.446898,92.970899,46.172864,306.380609,304.212611,289.274071,90.408292,36.608961,273.962423,118.573454,113.104835,28.601368,86.619025,91.915045,52.405843,307.536856
2012-09-11 10:00:00,10.154405,178.177371,443.869914,43.664798,96.768358,250.752467,564.655515,222.959142,42.139329,218.918238,27.839974,276.694157,395.520855,24.128531,109.058785,54.058805,359.038444,372.520962,329.052642,109.693072,43.726087,325.254160,142.962479,142.970384,33.986240,102.287633,91.147171,63.110324,398.706550
2012-09-11 11:00:00,11.136847,198.103592,485.600626,56.552529,105.355690,288.138392,656.225387,259.698771,45.646837,253.091012,29.107388,301.060202,434.092589,27.764049,115.714107,59.044819,366.845133,411.948632,345.192205,119.104949,48.209564,353.072034,171.468304,170.271917,36.782943,117.129196,89.476850,70.139839,436.775986
2012-09-11 12:00:00,11.849968,203.406732,473.769214,60.914479,103.869323,294.843618,659.240209,272.634814,46.704343,275.744936,40.496431,307.188728,430.439413,32.771502,116.369969,62.708706,358.739519,419.679766,340.674879,122.209531,48.082592,353.341241,182.471602,183.985099,37.531384,131.837109,99.936030,74.389752,415.114474
2012-09-11 13:00:00,10.304619,181.603985,446.893089,53.680406,97.406985,291.041375,648.623010,255.069822,44.180437,269.395346,45.004067,303.217722,399.286195,34.701611,109.807519,67.316386,322.099845,399.258634,328.254311,115.768584,46.943419,341.000679,175.517176,192.306174,35.551505,132.083204,96.400908,78.103239,381.523408
2012-09-11 14:00:00,10.431804,157.799259,397.347854,58.360413,83.955167,276.336847,733.019561,222.131280,37.933504,236.512755,44.363159,269.686393,345.932923,33.337794,96.246680,73.372612,277.705610,363.102921,339.680344,99.795316,47.583543,289.167669,185.637418,173.825042,29.507014,119.249686,80.889512,86.397861,336.299319
2012-09-11 15:00:00,9.593585,128.677526,292.029710,76.876469,61.103888,208.240268,800.371184,184.825704,28.204151,181.173861,40.452044,202.964617,262.418162,27.255432,73.890431,72.838022,209.465897,292.683314,347.607014,78.723740,41.633722,253.401714,182.503439,126.378645,25.597748,99.801226,57.339882,64.689962,280.986722
2012-09-11 16:00:00,5.675138,94.963036,182.529588,80.993501,37.037843,118.997430,813.938798,128.326599,16.570133,130.074787,27.653705,116.199248,156.993893,21.428722,43.173743,56.557707,126.235616,203.196055,312.111593,55.182698,21.544884,187.293622,115.930444,101.692969,14.374763,75.278358,30.159822,37.682252,230.532601
2012-09-11 17:00:00,1.156168,55.102492,63.926406,79.551866,26.696796,28.998461,809.677113,69.248064,2.710135,73.107526,14.137018,30.172506,48.178071,11.365063,5.241476,30.360234,27.790446,115.574249,311.554915,39.851455,14.913607,111.448335,92.072256,82.224349,14.683525,49.279870,6.483142,21.629785,134.664603
2012-09-11 18:00:00,1.162700,39.008286,70.666945,93.968959,25.855952,14.634737,773.467540,52.297125,3.103915,42.241153,8.814244,24.075471,73.634607,3.946202,3.795552,16.149706,62.838270,69.974434,346.341065,27.761496,8.804418,148.576326,67.959860,72.455659,90.245715,41.556521,2.988682,17.375331,130.892485
2012-09-11 19:00:00,1.234552,44.446439,79.146979,98.522139,31.741859,14.228217,632.786528,62.201883,6.624774,33.955910,5.530506,17.040431,67.743838,3.898848,4.940242,4.120750,131.517844,97.449058,397.261197,43.202328,6.491013,258.820943,23.964012,58.006816,117.661402,35.862347,3.632399,12.191333,129.572244
2012-09-11 20:00:00,0.679330,34.302193,77.407485,107.628499,30.112724,16.260819,661.423176,80.294575,6.601611,26.621434,5.012021,14.382749,39.973072,5.382620,6.988635,2.060375,164.972585,134.797376,453.862501,39.602134,4.222527,314.516589,13.206174,175.641539,83.155119,81.689499,5.839425,4.933736,137.305085
2012-09-11 21:00:00,1.012463,22.275509,59.795108,120.073857,21.126204,20.190517,549.934865,66.692040,5.327616,37.487325,4.009617,12.663073,28.191535,2.130949,4.759501,3.332960,135.943074,139.734222,425.456642,25.361367,2.874912,246.207517,8.977230,180.434326,48.687477,115.854545,8.782128,6.149294,149.753074
2012-09-11 22:00:00,0.757715,13.281642,88.496759,122.328765,12.087132,18.022408,470.419510,54.410140,5.536088,50.798042,7.500749,15.008086,16.620383,1.152291,6.807894,5.999328,95.230956,101.098032,388.844646,22.561216,1.976502,228.679770,7.345007,146.320961,57.555553,139.835778,8.414290,29.244899,92.228278
2012-09-11 23:00:00,0.189429,10.876305,125.895881,119.076494,8.986520,13.415176,507.674956,48.467285,5.049653,55.008575,10.784487,18.760107,13.254229,1.894177,5.663204,6.696219,60.183132,65.681524,388.213405,24.241307,2.246025,163.646912,5.267631,109.670238,52.880009,133.867846,10.161520,64.782099,56.581766
2012-09-12 00:00:00,0.365793,14.745760,147.856994,127.532399,8.671203,14.499231,620.553396,51.636808,4.238929,64.244582,13.584306,17.196765,10.939999,3.583152,5.964438,4.605545,40.712119,51.300275,436.608572,22.641220,1.909121,127.772364,3.932175,88.878002,53.034573,104.082935,7.494696,72.397214,42.813536
2012-09-12 01:00:00,0.418049,18.406055,150.683671,144.400847,11.509052,29.811502,577.459410,59.164424,1.297159,87.877896,21.327015,17.978436,9.677691,3.251671,9.699743,3.545057,26.374372,30.479661,478.270498,20.801121,1.998962,86.000630,4.080559,44.333278,50.406995,72.874480,4.689932,73.291006,21.123859
2012-09-12 02:00:00,0.587882,21.334291,163.729877,128.746581,10.457997,64.094729,524.634525,91.784095,1.320322,107.436501,17.144569,25.169811,12.202306,4.672304,10.000977,4.272249,22.480170,24.684233,489.212014,12.480673,2.672770,90.751141,4.525711,66.605640,28.304426,36.464616,4.046216,67.070209,23.575736
2012-09-12 03:00:00,0.803439,28.654881,181.994564,104.159409,14.189242,82.523658,607.764213,92.972666,2.594317,97.385551,9.090770,35.018867,18.724229,3.504228,9.157521,7.090115,20.002041,28.977143,468.170637,5.840315,3.997925,108.606509,4.154751,93.882235,20.808100,56.229970,2.804763,63.244776,13.202412
2012-09-12 04:00:00,0.352729,39.112866,189.387414,84.342236,7.252279,110.573571,718.696474,105.386630,2.432172,102.546849,8.122931,37.832883,17.041152,1.720544,3.976292,8.090003,19.648022,26.830688,413.673471,5.040272,6.580854,89.932087,4.451519,76.332178,28.053260,72.491218,4.735912,60.205880,16.408712
2012-09-12 05:00:00,1.822434,21.961770,204.173113,54.898340,4.992511,95.532313,767.629000,69.465373,2.200537,53.378691,13.515175,63.002694,28.401920,4.056696,2.952096,5.666032,22.480170,17.815577,391.790439,9.520513,7.456803,44.392706,5.045055,33.549507,16.287120,38.161918,6.729024,76.580164,20.558042
2012-09-12 06:00:00,3.662701,28.359751,240.230744,48.104027,12.068466,151.798032,675.485942,83.183936,5.106471,68.408388,21.581525,68.012068,59.697107,6.601311,13.311569,10.589438,52.081473,25.392129,329.491762,17.229540,11.275313,40.821222,14.849322,24.477180,15.859226,18.498272,16.541015,102.260395,39.136974
2012-09-12 07:00:00,7.326144,78.418255,255.161355,36.778758,32.584100,214.343125,532.655239,139.515035,13.748011,110.647930,13.575099,182.568613,151.284147,4.472554,39.453490,23.364446,127.100528,101.822859,294.444349,38.207497,9.574604,119.535651,26.226584,48.312053,22.338715,34.106474,33.373783,129.669557,119.968487
2012-09-12 08:00:00,11.516206,136.330684,354.313581,46.811653,59.226549,260.650807,503.800722,187.643916,24.763693,175.041608,19.587711,205.324130,246.500139,8.010202,69.411563,35.847157,216.356658,207.044548,288.360279,66.125427,16.705633,188.488081,50.187025,58.373788,29.435811,68.620127,45.916184,168.172153,220.062677
2012-09-12 09:00:00,16.691833,170.276737,537.751151,60.291156,92.896176,310.786826,508.705119,211.893735,34.444877,226.209967,43.262525,236.090659,335.104797,6.826583,95.920640,46.357072,284.706306,301.687792,268.941894,87.526227,28.557108,233.727623,106.015437,67.393243,35.612039,98.047644,64.654266,221.927830,354.554869
2012-09-12 10:00:00,27.981465,206.566678,635.326846,77.427886,134.537023,491.229949,571.341448,262.761204,41.930663,268.755278,49.070400,308.348486,451.865900,12.392563,113.703174,54.049586,340.193695,374.237377,299.439625,106.930637,35.311046,252.125409,146.457371,85.055197,65.456046,105.489593,81.131001,254.387514,457.287432
2012-09-12 11:00:00,37.226114,241.725361,618.098662,87.670188,146.225408,543.793820,616.308485,312.111647,46.672547,320.632327,43.666880,410.487992,531.630584,18.643667,123.443824,61.671816,376.298264,404.465997,327.015302,115.301299,38.133624,342.440563,161.580059,83.751400,99.856950,102.351936,69.635480,314.198529,507.140457
2012-09-12 12:00:00,43.170610,246.859991,588.711773,105.545238,167.078250,502.784431,695.716836,333.330732,52.318844,338.553560,40.283503,391.343957,587.959920,8.140743,135.093706,77.279723,412.111687,409.514585,335.173939,118.817953,48.609739,388.086143,233.878364,103.872410,131.590394,129.796624,50.553878,349.339341,638.760384
2012-09-12 13:00:00,52.086183,272.716466,656.610762,152.667351,181.496442,566.136557,887.471216,364.410430,53.798918,356.745208,50.470150,382.089585,637.210613,8.893666,152.708069,93.417079,437.481688,406.700676,388.385701,124.082488,61.708987,450.758089,253.187073,117.201850,144.281071,123.519973,37.495849,351.580198,670.149113
2012-09-12 14:00:00,58.802856,321.308805,707.155625,217.825908,219.218017,634.127056,1132.687686,431.896785,65.203740,429.871310,57.220267,384.380584,602.713996,7.487783,171.590305,103.309582,470.021980,396.094069,495.165499,125.190518,52.912829,481.723342,218.066925,89.450422,128.501701,110.016024,43.792629,311.433522,795.129399
2012-09-12 15:00:00,49.338612,265.242616,785.396133,261.851956,224.708805,506.480702,1248.625495,454.220113,48.948360,394.893167,51.196716,311.965661,612.558021,5.985836,153.140600,97.439697,557.798779,378.231904,582.027791,128.834828,43.207460,387.169455,256.769617,71.374722,150.353818,65.173828,65.013485,291.138027,821.081984
2012-09-12 16:00:00,55.594503,246.038673,911.303087,288.499302,231.268837,518.358922,1431.756395,402.848074,33.879073,373.315973,34.802009,266.962509,590.546618,6.550960,115.404124,58.121955,568.558042,383.981641,723.183532,138.529349,45.193835,538.558107,269.675863,93.110080,166.243271,57.342160,40.428111,306.420749,558.416891
2012-09-12 17:00:00,62.465730,260.855075,869.529584,251.925301,219.565378,572.922865,1478.760440,417.781747,87.210755,401.503026,26.335546,232.468998,560.254164,13.417088,83.381640,27.512069,533.328753,314.578191,807.962353,146.812181,73.310260,830.520367,307.970939,294.994836,149.057096,260.024723,40.140303,170.926641,802.706653
2012-09-12 18:00:00,61.636163,393.952318,1278.962994,245.698257,253.987427,747.049138,1402.361707,465.259522,130.619243,466.418385,15.554549,267.487865,516.283785,0.000000,88.321882,12.301652,408.183241,353.950433,838.288458,192.250362,77.667549,801.362058,278.219952,334.649288,0.000000,326.429488,88.143139,341.214324,974.526615
2012-09-12 19:00:00,54.490131,310.915912,1297.010245,254.891344,265.076057,961.420939,1440.173205,419.565569,118.898488,490.730817,11.856023,534.819397,420.348412,10.465329,77.236461,5.787230,288.879033,599.504888,983.473959,216.411664,98.106377,796.939168,219.830858,274.880418,114.763338,324.786937,154.032089,342.680144,857.213754
2012-09-12 20:00:00,37.173739,384.749290,1043.044115,219.766814,198.491726,1136.766773,1451.016208,469.485552,129.461065,450.934490,9.851214,839.514809,564.461856,5.351050,159.895139,8.514197,284.984830,819.945819,1052.910503,191.850340,83.776737,758.935081,241.266757,286.721420,0.000000,409.214020,111.178982,0.000000,770.077834
2012-09-12 21:00:00,33.855472,601.647912,782.196537,226.488175,258.506963,1170.914494,1192.174267,476.352851,62.518414,239.728727,10.542528,1003.665749,431.709180,8.413304,214.418538,6.878017,172.052953,689.870645,1007.461129,187.050081,0.000000,759.590323,0.000000,209.825386,0.000000,311.263274,61.796754,0.000000,744.993251
2012-09-12 22:00:00,25.768828,469.458974,1135.274257,190.279554,222.508332,1261.839575,855.485126,531.819499,119.130123,359.796827,8.606850,1212.840947,523.436861,7.087380,92.719902,6.787118,155.591097,375.414984,829.661494,150.248098,0.000000,505.847513,0.000000,162.813786,69.630820,311.756039,99.454152,0.000000,571.287230
2012-09-12 23:00:00,13.749907,279.646535,382.005708,166.126019,192.710924,1235.009223,952.238075,575.268373,85.681961,349.610053,8.364891,1306.328816,759.698756,5.461544,212.309898,15.604312,241.617573,209.279365,695.207095,114.246158,0.000000,516.003778,0.000000,96.278628,57.999922,261.713007,124.743002,0.000000,349.675313
2012-09-13 00:00:00,13.736843,295.542673,0.000000,148.780572,192.027738,1142.458060,1049.825101,466.448093,96.615155,361.019239,5.012021,1309.455500,718.042607,9.849721,222.431369,28.421058,334.016382,132.865566,520.142838,50.802738,0.000000,579.234717,0.000000,103.044916,64.858674,195.901494,117.064387,0.000000,393.431879
2012-09-13 01:00:00,15.206548,296.379312,0.000000,139.847667,208.476748,1049.093856,1007.287166,537.234100,128.140743,422.954820,4.320708,1241.293777,721.408760,16.731898,202.971636,38.450237,325.165921,139.304931,580.952418,32.961777,0.000000,491.432170,0.000000,103.890701,34.395346,203.840487,99.959929,0.000000,515.271282
2012-09-13 02:00:00,13.664991,256.011487,0.000000,128.659853,247.786203,1100.315437,1065.950592,566.155995,131.846911,527.267377,4.631799,1182.981109,757.805295,18.341949,195.742014,44.085969,361.275800,128.572656,673.324063,32.881772,0.000000,448.677571,0.000000,72.314695,0.000000,220.484996,102.810672,0.000000,405.314050
2012-09-13 03:00:00,8.034388,175.903318,0.000000,142.102575,209.685461,1121.590009,1104.318141,602.605506,118.898488,528.625613,4.217011,1180.167093,872.464896,28.033822,188.572639,71.355641,286.400904,159.052317,710.356886,23.761281,0.000000,324.836664,0.000000,36.791687,70.751404,137.536208,102.442834,0.000000,220.480281
2012-09-13 04:00:00,7.152565,122.567591,1144.152206,117.298586,170.796428,1164.545673,1055.941666,620.434071,73.358954,431.647533,3.871354,1158.749304,813.136442,42.019163,176.222035,54.872639,260.380550,227.524233,672.061580,17.440940,0.000000,235.559820,0.000000,11.065699,44.610866,100.852586,91.453679,0.000000,160.503609
2012-09-13 05:00:00,13.194685,105.625655,1128.714196,80.699692,92.650493,1190.562984,949.179792,659.921042,91.565502,366.316361,6.014426,1359.482454,958.722578,25.366189,188.873873,68.416576,318.970599,226.451005,708.883990,26.161410,119.555917,229.826445,128.797290,7.612073,62.540223,48.564736,87.613735,305.176600,158.051733
2012-09-13 06:00:00,23.393880,96.661271,1191.756593,51.967846,87.566850,1259.663626,921.664528,672.231143,83.684077,368.306325,12.638161,1464.480620,990.368064,37.281539,241.656925,84.525622,376.797521,234.277104,612.680193,69.311188,113.637492,215.386639,111.398105,19.190330,67.406274,26.944625,93.214933,290.010240,148.992334
2012-09-13 07:00:00,30.591986,101.863482,617.252418,55.497430,105.723588,1291.024432,930.287010,775.317863,75.081124,416.883420,26.088035,1549.313752,1226.648758,34.552364,274.116819,141.999739,398.992111,322.055436,598.346662,50.545657,0.000000,328.277033,0.000000,37.937355,92.974992,40.284549,98.866290,0.000000,224.104730
2012-09-13 08:00:00,19.229444,113.369968,0.000000,67.882084,147.793990,1305.432497,857.330630,730.680237,59.157568,362.867601,47.473068,1570.855190,1255.796501,42.164696,316.819518,95.643075,438.338314,353.235960,563.720929,76.337651,0.000000,542.105697,0.000000,69.203695,0.000000,53.612436,114.591263,0.000000,390.534223
2012-09-13 09:00:00,29.991186,167.831407,0.000000,94.455710,339.158458,1257.705743,662.233825,699.995533,0.000000,381.647661,65.991360,1549.462312,0.000000,31.995358,0.000000,68.977706,573.571011,425.854149,460.943205,92.877594,0.000000,850.553522,0.000000,105.314860,0.000000,63.936432,158.430922,0.000000,0.000000
2012-09-13 10:00:00,37.108433,252.568897,0.000000,117.152417,0.000000,1383.800104,676.256338,841.454010,0.000000,499.950338,61.002050,1542.261438,0.000000,38.279695,0.000000,65.986670,0.000000,520.555510,418.078345,112.014009,0.000000,792.315450,0.000000,152.015611,0.000000,155.861975,161.087895,0.000000,0.000000
2012-09-13 11:00:00,51.870288,394.096022,0.000000,137.072394,0.000000,1458.901487,659.915061,807.707792,0.000000,41.875382,55.430052,1557.152172,0.000000,48.257634,0.000000,77.410394,0.000000,601.801007,389.395862,119.096434,0.000000,868.436802,0.000000,187.346847,0.000000,211.909733,170.108283,0.000000,0.000000
2012-09-13 12:00:00,41.914319,392.824790,0.000000,170.352289,0.000000,1344.783801,670.320293,667.911492,0.000000,0.000000,58.892501,1258.377550,0.000000,71.367091,0.000000,102.794342,0.000000,655.431377,376.615395,118.403910,0.000000,952.499025,0.000000,207.331958,0.000000,308.618844,153.789764,0.000000,0.000000
2012-09-13 13:00:00,41.508030,390.400989,0.000000,169.731981,256.672982,1299.800260,717.218504,591.050474,0.000000,506.283341,65.961780,1213.663041,0.000000,91.233303,0.000000,96.622202,0.000000,580.599183,391.630211,118.592429,0.000000,965.078499,0.000000,222.592501,0.000000,349.957123,147.118410,0.000000,0.000000
2012-09-13 14:00:00,40.553375,358.791160,0.000000,179.592569,231.603853,1277.404055,727.363104,544.253195,76.287522,507.033545,68.004196,1027.044165,0.000000,77.136587,281.965981,93.262282,665.485977,491.285381,389.853269,121.436107,0.000000,944.538711,0.000000,246.457522,0.000000,332.493554,138.934235,0.000000,0.000000
2012-09-13 15:00:00,38.079206,300.914346,0.000000,215.160944,217.047620,1234.267254,629.233170,462.264648,79.829410,353.528186,68.507170,1177.465803,1184.140508,86.057890,233.921745,85.565941,600.279014,643.101009,354.066967,94.920356,0.000000,978.420432,0.000000,286.697718,0.000000,343.025934,115.430468,0.000000,0.000000
2012-09-13 16:00:00,32.213778,308.820231,0.000000,178.476409,201.645298,1221.067047,604.465636,445.637092,90.873297,314.854653,60.159786,1282.180813,1180.989136,62.380885,249.077589,69.085940,490.832593,667.910907,365.387632,76.461528,0.000000,946.892291,0.000000,316.563117,172.292736,358.385325,88.783051,0.000000,887.649462
2012-09-13 17:00:00,29.132820,283.372512,862.642304,152.999478,191.870080,1232.163580,639.070037,470.525104,78.547589,371.432923,78.237792,1331.498627,1063.914874,54.852213,237.372587,57.963202,385.880080,315.945301,345.842578,70.734685,0.000000,902.924706,0.000000,364.425025,162.059743,342.228956,84.096923,0.000000,791.013088
2012-09-13 18:00:00,31.314515,256.429807,1826.468744,136.248486,220.774091,1137.986335,617.773139,380.210662,86.955956,391.579559,85.273493,1390.436631,1042.876415,52.026732,191.343994,70.598150,393.314467,211.855111,377.903130,110.085933,131.122947,866.394915,0.000000,409.360376,157.712647,345.592574,103.776246,343.073413,796.671264
2012-09-13 19:00:00,28.055036,223.696312,1696.441564,142.579575,246.367279,1145.439210,702.014931,307.839894,80.817616,380.713667,68.612843,1421.859811,948.203349,29.059834,119.650243,90.989805,387.827182,217.865185,358.545063,99.285351,116.052118,739.113983,222.650154,367.775903,134.354251,297.246845,103.730266,333.956727,774.604375
2012-09-13 20:00:00,34.959384,319.177721,1641.864939,114.610041,296.344941,1138.934883,718.140422,348.251308,98.514566,434.499829,69.615247,1439.994581,1076.117180,8.602721,173.269939,75.082496,533.859781,186.097651,292.264726,49.762682,100.913909,593.158629,305.151643,295.249762,79.774044,254.047773,115.363138,310.467853,678.415373
2012-09-13 21:00:00,36.024104,354.107392,1460.740121,100.256684,273.326838,1159.667427,631.674425,392.096372,88.415260,500.238472,79.984946,1402.318032,1060.127951,4.577595,173.571174,59.932678,459.161894,235.466116,265.121350,18.961022,104.395248,540.739197,0.000000,248.308644,54.599527,210.082178,147.778846,210.736061,570.910018
2012-09-13 22:00:00,36.618518,301.922044,1517.925988,44.014072,214.677972,997.736769,487.379079,455.618890,79.057187,375.688193,74.108784,1347.757386,1068.122565,2.588709,266.471816,50.176196,404.466048,143.812487,199.261840,3.840207,102.553507,433.934606,317.541705,215.604923,59.390993,196.613266,144.054488,187.767983,458.312304
2012-09-13 23:00:00,22.123960,161.157558,1318.971357,41.672437,148.514064,901.120401,337.523218,500.256335,50.334388,224.788127,67.645004,1261.460892,856.896437,2.762342,265.507866,36.814057,424.291079,121.274709,181.587083,5.600302,109.628486,336.794847,277.848992,166.337894,78.363653,154.344972,109.891550,199.637551,335.907084
2012-09-14 00:00:00,16.303928,67.976906,1083.487351,56.416066,116.351782,832.418439,336.133090,449.279845,37.733418,146.825357,63.255165,1171.412376,655.347999,2.557139,163.690690,16.725399,433.141540,108.395979,201.155564,8.160440,110.100151,334.010065,256.778468,124.048599,114.589454,138.685993,120.696786,257.591073,237.832023
2012-09-14 01:00:00,19.334786,66.721948,822.998118,57.066521,113.986909,854.099532,268.016789,318.404969,48.018033,132.971345,56.342032,1029.617231,614.743773,1.183861,115.493211,15.331615,305.694908,100.239450,152.549983,8.720470,104.395248,342.528222,206.847260,113.053382,106.977205,166.335589,139.042697,280.758182,191.812186
2012-09-14 02:00:00,34.025305,38.589967,771.248171,44.664526,96.802160,912.638481,221.030444,257.919911,27.773093,146.010415,55.201365,1039.153619,587.393776,0.741886,94.105579,13.150042,227.102818,112.688889,107.100609,5.200280,100.599465,367.263641,180.880065,70.059265,96.505534,139.835778,139.226616,271.820254,171.065539
2012-09-14 03:00:00,39.133346,16.732777,783.207192,57.716975,118.716656,887.569718,143.183243,249.599914,33.865106,121.426336,47.493222,936.129362,548.262243,0.647177,77.597942,8.998992,102.311324,141.022095,62.913717,3.760203,107.629524,385.774253,205.585997,51.170047,99.983211,131.458772,117.202327,254.015902,175.592080
2012-09-14 04:00:00,29.531273,15.164079,835.392013,66.563153,114.092014,906.134153,97.030975,250.788485,29.487196,85.704718,44.071222,939.256047,595.178006,0.741886,73.079429,8.362699,36.286888,148.320042,57.863787,2.480134,123.755984,406.905836,248.765733,37.214580,105.702057,129.378208,105.707395,229.883498,199.733634
2012-09-14 05:00:00,25.363843,10.353406,819.954004,66.129517,104.369756,838.651754,68.116300,293.444978,21.356791,73.616414,35.982856,947.541761,637.254924,1.120721,83.622627,8.847493,32.923713,177.941121,55.128408,3.040164,127.888670,418.700208,242.978758,24.598273,119.168395,86.343392,95.278220,221.303087,198.979210
2012-09-14 06:00:00,18.046469,14.381737,817.750201,45.093147,85.503797,707.774061,77.006834,428.860330,14.804804,113.796895,30.473907,874.754539,686.298027,2.624938,56.328703,18.396890,68.456987,188.200219,53.189980,8.623254,112.176134,402.091540,171.883161,33.503372,123.027695,115.063492,95.726098,234.736300,225.832584
2012-09-14 07:00:00,20.295609,47.685789,870.551982,42.924152,118.723371,683.491168,146.951943,524.741989,23.577761,202.938247,33.602700,830.353610,768.796835,9.477286,54.725835,31.139485,149.427035,246.047561,99.732814,32.752430,106.170817,443.298574,149.429292,83.392003,127.098522,221.027738,107.926267,232.816285,340.778204
2012-09-14 08:00:00,17.925930,103.565005,947.286374,62.677527,142.095264,694.777637,276.036374,505.982808,31.399928,217.079641,50.866184,834.197790,692.507690,16.838680,77.102811,38.453624,222.979743,369.823729,184.793117,65.784784,116.459667,432.723931,173.030320,125.430457,143.234100,244.047322,122.580386,200.143936,426.071374
2012-09-14 09:00:00,22.752634,167.196923,1032.894854,86.173701,169.775161,543.379677,383.484288,418.326597,39.268294,235.982730,65.795712,638.224249,665.139495,24.271167,104.402455,47.809594,286.296302,388.534142,249.537168,93.430553,123.027183,504.034300,209.453720,143.580229,184.280638,205.985281,124.747472,178.361764,532.204900
2012-09-14 10:00:00,28.760896,201.114004,971.508804,128.304897,272.782325,479.484233,472.086007,423.311372,74.603372,273.855063,80.609679,542.211820,728.343552,28.676495,121.810390,55.162511,336.045159,484.418674,304.020112,115.565189,129.009761,621.069806,229.912382,182.261901,192.614282,260.698787,123.684272,212.362862,684.953955
2012-09-14 11:00:00,34.331845,232.235889,883.688937,122.019839,320.774316,465.981867,507.872167,435.026314,95.294207,299.503363,89.214487,416.164960,647.064485,31.156957,144.788699,59.367141,362.244130,506.031816,319.659209,124.389460,130.812883,597.980384,282.394645,178.896366,182.886104,220.816299,126.815067,270.170733,721.798834
2012-09-14 12:00:00,37.451909,244.959601,839.595555,114.914795,247.636441,499.364973,529.855022,482.876688,77.989906,325.025412,93.393368,396.852172,537.366171,32.308532,137.355507,59.086262,362.178786,501.813650,326.839547,122.619225,131.041607,538.028860,304.407220,155.957350,163.451668,167.224649,136.730127,293.543221,723.394153
2012-09-14 13:00:00,38.082703,226.342927,806.589473,97.365251,185.806244,545.585258,546.726456,526.981271,66.804903,318.238306,91.962196,406.031806,472.090275,33.129893,116.877884,54.240603,337.592167,487.472393,332.269778,116.172080,120.630285,580.075059,366.180696,165.709611,160.803462,221.886535,138.566066,263.764217,630.371701
2012-09-14 14:00:00,34.194499,212.309812,739.735179,82.071366,137.787884,524.463376,536.050269,551.823574,55.279995,290.961354,90.510337,411.486363,437.878918,27.936713,97.967015,46.789640,285.033891,414.897795,326.049557,104.279033,120.220106,621.652571,359.057021,175.673368,165.355505,273.855923,108.673322,249.721105,535.431732
2012-09-14 15:00:00,31.454354,194.468035,687.930148,81.871463,112.572245,427.202013,505.149816,472.314372,48.161866,244.110442,90.043466,368.328544,393.756726,22.430722,82.193439,42.925685,210.739302,327.374252,315.958325,82.420622,116.774157,540.213144,358.651578,183.843148,154.639178,240.186966,81.804347,236.670409,488.783292
2012-09-14 16:00:00,22.013722,157.786338,663.502573,94.000951,100.698475,401.548278,435.845425,352.233031,34.771411,185.872997,87.447751,282.422887,293.933121,16.393864,55.065790,43.877976,134.512186,223.710953,323.011753,71.755234,97.402196,483.291940,281.739077,205.439559,153.655656,261.397489,62.839830,253.518646,433.748666
2012-09-14 17:00:00,16.473760,122.985911,628.392223,86.389388,75.255534,337.683013,385.384758,242.827540,21.866389,97.400148,80.089368,179.784363,185.769593,6.992671,18.315042,41.540800,41.243146,117.936398,299.690149,67.382266,72.479231,505.519892,168.267427,185.957264,142.893880,249.612887,20.093141,227.595388,451.333886
2012-09-14 18:00:00,16.310460,132.711837,663.834414,97.654867,74.940218,279.144064,439.836681,179.870414,20.360758,88.964485,88.730059,146.328838,207.439206,4.293468,35.304654,10.513973,37.525953,62.461841,329.928791,99.285351,65.336871,531.238175,104.759086,225.965800,135.841924,233.680150,13.977837,217.549158,518.666188
2012-09-14 19:00:00,14.363917,108.867630,641.438428,123.152674,81.614416,269.252066,448.733504,136.553604,18.692983,75.925416,105.252447,139.293798,225.111512,2.052025,38.557984,1.575581,37.171934,68.686561,361.070029,119.766455,56.420151,399.042922,74.859715,233.225462,120.366261,240.086096,18.621790,160.096159,407.200109
2012-09-14 20:00:00,8.818230,80.735649,547.288313,120.941129,37.049687,227.109442,438.168527,109.744724,15.542740,82.309127,118.076308,130.226413,196.078438,1.231215,42.534276,2.242173,35.401842,101.098032,355.388857,70.483799,51.366594,267.175290,53.789191,225.965800,118.955870,235.103693,28.277533,111.652592,231.796634
2012-09-14 21:00:00,3.573016,33.047234,505.323019,87.377689,35.262893,164.505288,402.581236,81.747273,10.238288,53.650338,118.007177,97.083556,130.017677,0.820810,25.665158,1.666480,48.677533,96.375831,255.652730,57.763113,59.834109,265.864804,57.498790,212.292261,120.404902,189.112286,38.255134,82.943968,189.360310
2012-09-14 22:00:00,3.370524,28.131981,532.720050,61.186064,49.872557,193.232736,284.698332,72.238705,20.754538,30.288672,96.852991,73.164419,99.932680,0.710316,48.558961,1.211985,55.580892,59.456804,165.174809,56.483044,61.788151,297.152652,54.902071,269.876185,127.282974,196.065749,55.083714,91.595882,174.083233
2012-09-14 23:00:00,6.257677,24.680846,558.812461,48.653979,48.874055,278.737544,214.913878,64.843152,23.464673,21.595959,108.259660,123.191372,97.408065,0.552468,30.786140,1.605881,27.259419,47.436656,88.163369,53.602889,59.384904,273.400097,50.079591,275.726204,127.785306,203.019212,61.750775,107.576897,135.419026
2012-09-15 00:00:00,12.025453,11.817524,455.312565,27.058897,54.339541,241.202152,193.783923,57.447599,18.878291,30.696143,110.437296,140.231803,107.716910,0.473544,13.615788,2.878465,15.399801,28.977143,90.898748,63.443419,52.983733,202.142432,43.921656,213.913351,123.187044,106.218250,58.026417,102.428650,100.904149
2012-09-15 01:00:00,14.030784,8.784708,348.116245,18.516265,59.594815,174.532793,164.869249,28.657768,21.588426,28.794612,114.032126,90.361184,141.588829,0.473544,21.869606,2.090675,9.912516,24.040296,84.586335,19.681061,51.703498,176.424149,38.728217,185.720487,124.887241,71.067674,47.772937,74.935585,94.302943
2012-09-15 02:00:00,14.664390,9.412187,297.018608,13.182540,60.015237,162.472686,118.160929,23.639357,12.739951,33.684263,121.152652,76.603772,119.077678,0.457759,25.303677,2.423971,9.027470,28.762497,64.176200,7.040379,51.636118,145.955354,44.886152,219.410959,126.413555,68.494346,29.473006,56.809468,110.523049
2012-09-15 03:00:00,13.024853,11.190045,266.142588,10.624086,36.892029,170.467589,68.672352,25.092055,4.632709,36.264912,118.421965,75.040430,85.416144,0.441975,16.206403,2.484570,9.912516,43.358391,77.642681,4.880263,43.527967,115.158938,40.137865,167.958983,129.736669,49.659769,40.600100,49.873636,109.957232
2012-09-15 04:00:00,12.031985,9.307607,229.830650,6.417815,28.851458,171.551643,42.259909,28.129514,6.856410,34.091734,105.874629,61.752020,90.465374,0.552468,16.808871,1.817978,8.319433,55.807831,79.325991,6.240336,34.409105,88.293980,27.302651,106.850952,123.728016,29.182643,42.991046,48.908340,80.157502
2012-09-15 05:00:00,9.308132,7.216010,175.036588,3.642544,14.662216,147.702442,38.089523,29.582212,11.280647,27.028905,82.819331,50.652290,79.104606,0.915519,23.436024,2.545169,9.027470,78.130963,60.388752,10.400561,27.985473,68.472882,20.106029,94.516574,123.051801,20.367623,27.227064,42.902052,54.129889
2012-09-15 06:00:00,8.692390,17.515922,203.953098,4.777951,15.632224,127.890096,57.849431,40.173553,14.031630,38.682441,64.729332,67.917622,95.773440,2.950438,23.300690,6.993190,36.087894,122.873991,68.070397,17.018667,27.184350,82.329008,29.531415,87.748615,115.849637,24.401748,35.242488,48.635100,64.439908
2012-09-15 07:00:00,12.138727,64.779013,310.740344,19.591433,32.449949,172.282966,175.352508,87.429230,15.482755,89.330917,68.234133,127.143685,183.696734,9.697910,42.838875,21.992145,116.047396,246.826906,151.632361,41.620513,33.737525,134.886650,61.928101,110.132580,129.870012,44.602519,54.836474,65.131457,141.776882
2012-09-15 08:00:00,14.348027,120.331863,359.697607,40.321172,60.644813,220.447799,289.847746,153.930413,26.983143,157.448608,83.862047,190.232620,291.205029,17.769136,70.541664,36.017432,208.771202,299.798666,204.946731,70.594776,45.291344,216.226054,97.597571,146.140505,105.422042,68.860378,109.267806,75.556660,232.593585
2012-09-15 09:00:00,13.584127,167.975689,396.878841,59.908318,81.413639,255.207552,387.894271,204.685910,35.078924,219.282109,103.097616,234.117765,338.335882,26.353760,91.538008,46.508232,283.767775,347.120441,264.326209,93.631753,50.775580,264.428709,123.793091,129.339144,89.733910,85.100153,106.353944,79.862658,307.571867
2012-09-15 10:00:00,13.108511,192.455915,436.955487,79.071533,95.945814,294.795085,518.692356,244.635058,41.561485,261.425257,111.580102,274.635705,394.018066,34.000338,109.724443,54.090585,334.008502,452.011696,323.862996,111.822483,55.353350,307.849528,144.744071,137.334370,92.329292,100.462335,88.837410,83.834940,372.392542
2012-09-15 11:00:00,13.037630,210.136479,462.889335,83.501304,106.316272,320.075267,650.927067,274.367951,44.982255,277.714521,133.311479,302.158300,433.702944,41.554168,118.873010,58.511647,364.474964,564.806937,362.414559,120.581117,58.133218,336.411353,159.164032,144.280429,102.996258,107.736705,88.618647,99.681754,419.540198
2012-09-15 12:00:00,12.855804,216.278813,459.718976,85.416334,110.310024,319.789007,719.959811,296.486136,44.704179,280.419525,135.189220,320.098263,462.763031,42.591064,118.301400,61.054744,395.030484,586.379035,376.695873,120.003184,57.516745,346.081787,170.590789,143.074559,90.787285,108.614604,79.732749,106.213439,428.778201
2012-09-15 13:00:00,13.132351,210.535167,437.775312,82.484344,106.508659,320.794250,686.283307,313.673184,42.677781,269.089293,137.096845,342.562268,480.986915,45.175498,111.103268,62.846482,396.377876,561.021056,356.461493,113.494283,53.529932,346.085100,177.824118,132.059914,76.875647,103.214706,78.153678,86.318648,414.847556
2012-09-15 14:00:00,11.020370,198.223132,383.108098,78.288856,102.944716,280.274383,625.641605,306.958129,39.293300,238.882986,131.952332,313.355830,440.620377,41.816308,96.356200,79.081313,371.176603,483.798252,302.839213,101.484734,46.120665,336.752115,156.246519,113.775916,72.000265,92.496367,70.944574,70.483186,384.261152
2012-09-15 15:00:00,8.414530,178.767774,272.060580,71.818212,91.298284,202.733343,537.981964,266.239087,31.983689,191.340824,110.703646,221.672511,354.818106,35.738958,72.524345,70.345227,285.063283,353.993739,249.658426,85.604517,35.076505,290.484325,114.591418,89.493311,68.362348,78.614314,64.622056,53.089268,333.879553
2012-09-15 16:00:00,6.398588,132.381242,158.637036,75.753340,70.816462,108.874040,478.152047,204.957128,20.601495,131.322886,90.915879,116.919564,251.598251,21.433117,42.136514,39.917688,161.494418,225.615501,188.008824,62.590890,20.830121,216.070811,73.317373,55.636543,58.198764,56.628975,43.221425,33.924081,288.912507
2012-09-15 17:00:00,4.794504,62.747914,43.704788,81.502710,35.998632,24.662243,348.643421,131.332906,6.694265,30.288672,75.825057,29.390835,125.389216,9.013126,5.542710,18.634276,51.332671,142.965442,134.791699,51.396177,7.524184,113.029399,22.035020,8.951234,40.630858,15.111462,15.587128,12.977871,201.619693
2012-09-15 18:00:00,3.755913,47.583834,54.141752,74.845604,36.786923,17.073860,279.971895,91.519968,7.736625,34.770852,54.164395,17.822102,104.561141,11.191430,8.555053,9.089891,96.293011,154.330116,134.454399,66.563588,5.974427,114.503696,12.241678,16.633789,39.548914,17.903798,7.356756,7.364852,173.706021
2012-09-15 19:00:00,2.233952,19.451853,38.486306,68.341061,16.081141,19.241969,239.102115,47.146650,4.308420,37.079854,42.239241,11.256064,43.128841,9.786582,6.145179,4.272249,131.163825,219.153058,183.270393,99.765377,5.255699,80.758687,8.680463,22.201880,26.411024,12.428630,5.839425,9.938975,84.118225
2012-09-15 20:00:00,1.241084,10.353406,27.614468,51.646069,7.199726,19.512983,227.425035,22.318722,2.084719,50.254747,34.842189,9.849056,29.874612,4.135620,3.735305,2.545169,168.512769,274.102307,200.945150,93.045015,4.694193,65.196668,10.090110,22.836219,19.745477,6.679704,3.632399,8.723417,37.909783
2012-09-15 21:00:00,1.835498,7.320590,19.134434,32.479350,5.833355,16.938353,219.084264,14.923169,2.501663,84.889776,32.076936,10.474393,23.563074,2.083595,4.940242,3.090563,174.354073,312.094560,245.132042,78.484230,2.762611,62.903318,8.532079,40.527241,19.378388,7.610483,3.632399,6.757073,23.009918
2012-09-15 22:00:00,1.574217,11.712944,20.656492,22.679172,4.046562,17.480381,171.541866,13.338408,1.968902,81.358361,26.027945,12.037736,19.355382,1.625835,5.361970,1.757379,194.356114,246.198391,247.657007,84.884575,2.223565,52.091810,5.193439,60.967067,9.621573,7.993745,3.264561,9.438452,19.615012
2012-09-15 23:00:00,2.109843,18.824374,21.961112,13.876358,2.522532,18.157915,112.878440,14.394916,2.223701,53.107044,25.302066,17.822102,16.830767,0.883949,5.422216,2.514870,175.416128,218.723767,163.701913,70.723812,2.335866,40.788870,3.709599,55.258012,2.627578,5.037154,2.666824,7.507859,17.728953
2012-09-16 00:00:00,2.469104,20.602232,18.047251,8.846178,2.680190,14.363724,85.631920,16.904121,2.293191,35.857441,34.461967,25.482479,13.674998,0.568253,5.723451,2.787566,125.676540,227.953524,110.467229,47.682570,3.975464,33.417388,4.154751,52.720654,2.241170,5.420416,3.770338,8.544659,15.465683
2012-09-16 01:00:00,2.965538,18.301475,14.133389,7.501906,2.837848,13.686190,73.954840,17.696502,1.783593,22.410901,30.659744,38.145552,15.358075,0.457759,3.916045,1.666480,81.778256,169.999238,105.206885,33.041781,3.885623,27.356391,4.228943,37.214580,0.656895,4.982402,4.827871,8.830672,13.202412
2012-09-16 02:00:00,2.567085,15.582399,19.134434,7.718724,2.942954,19.106463,60.887632,18.753009,1.366649,16.298837,25.855117,53.153638,15.568460,0.615608,3.132836,1.605881,50.447625,161.842709,91.740404,24.241307,2.403247,29.158309,5.490207,21.567540,0.540972,5.256161,5.241689,7.615114,10.373324
2012-09-16 03:00:00,2.201292,16.419037,28.266778,7.892178,4.624642,19.648490,47.542397,22.054596,2.316355,12.495775,29.484511,49.088948,16.830767,0.805025,9.699743,1.575581,43.898284,157.979090,71.961509,20.801121,2.133724,29.977362,4.377327,7.330144,0.753497,5.146657,4.551993,5.040991,11.127747
2012-09-16 04:00:00,1.691794,15.268659,42.400167,7.068270,5.623144,19.648490,36.421369,24.035547,3.150242,14.804777,29.104289,34.862533,15.568460,0.852380,19.038004,1.545281,39.827073,124.494391,47.553512,23.681276,2.470628,27.356391,4.006367,6.766287,1.217187,6.022684,4.781892,5.183998,10.939141
2012-09-16 05:00:00,1.730986,14.327440,39.356053,3.555817,5.307827,24.933256,32.250983,26.148562,5.999359,18.472015,27.168612,37.363881,16.409998,1.420633,35.425148,0.969588,32.215676,90.365757,30.509997,17.600949,2.762611,20.967773,3.635407,4.369894,2.473015,5.803678,5.662340,8.508907,9.430294
2012-09-16 06:00:00,2.285396,64.817982,60.979403,4.063576,15.148138,57.206428,37.061044,56.104478,8.189858,73.743707,24.081861,81.935236,56.179735,2.782015,88.827905,6.320488,108.334704,76.614215,27.985595,17.951143,8.274135,32.550781,19.440580,25.640652,6.437114,10.301988,12.572625,22.224815,44.499804
2012-09-16 07:00:00,4.698726,67.209673,160.359992,17.678092,38.873853,92.357132,116.804370,107.567016,13.411744,88.637202,28.474797,137.640960,147.002901,11.144671,117.642633,19.064604,152.506970,139.810170,77.458573,36.872276,22.535158,97.658977,56.141489,43.722795,12.364333,30.993117,24.602650,32.610998,119.221434
2012-09-16 08:00:00,8.011186,118.217788,281.675594,38.778391,65.481022,139.622166,235.403198,145.573091,25.173896,144.134952,39.912369,187.106215,258.849553,20.476501,168.650274,33.675733,221.065128,222.191359,154.710092,68.227262,33.758279,187.402797,91.080015,76.096585,21.517539,59.072818,40.748735,42.045382,222.136816
2012-09-16 09:00:00,10.348994,142.558404,371.789400,56.378880,90.179422,187.827804,338.770901,164.677043,36.534946,184.270128,48.523104,234.786706,364.740983,25.597675,119.911625,46.044815,282.961290,279.536763,221.713922,92.761033,38.741086,256.259434,120.900328,91.291615,29.570126,74.610909,54.736200,57.135024,303.394898
2012-09-16 10:00:00,11.919551,157.542516,449.509462,66.443115,114.655581,228.515928,459.082862,209.094230,47.893103,227.252672,55.538560,282.281303,440.517464,27.887706,125.324845,55.074065,340.962506,395.418677,316.517788,117.260459,44.628635,264.740098,140.355405,90.481931,35.211099,84.593939,53.698583,70.407865,362.827867
2012-09-16 11:00:00,10.757767,167.011044,523.570728,71.991984,145.673768,245.303418,544.267685,274.085023,50.333729,272.275982,73.180864,315.406636,485.291946,25.778512,114.191034,59.809308,384.058507,522.931441,473.752498,143.516343,48.766196,288.018825,154.402232,113.530090,37.426274,87.912089,64.821630,77.608229,413.679726
2012-09-16 12:00:00,13.046618,182.292694,570.341177,76.764959,163.312237,270.606795,590.527433,318.887893,52.874801,317.603450,93.386322,338.753716,502.941642,24.555778,113.865499,63.574688,399.008435,615.887323,522.439398,149.334467,49.687207,306.314757,161.560593,132.943867,35.530283,94.353875,87.136054,72.610424,445.883553
2012-09-16 13:00:00,11.304437,196.662316,552.958980,79.944107,167.471458,271.780509,655.095979,329.827224,42.291662,328.433135,98.091238,327.170762,489.991168,24.210528,101.534697,66.759617,375.754142,627.579884,559.907570,178.150569,46.654242,330.748617,150.775884,131.009518,29.456118,96.910927,90.036018,64.791977,436.089601
2012-09-16 14:00:00,10.599275,191.236132,493.505275,79.318691,159.365389,236.671465,668.439262,310.298881,42.608128,313.519926,91.310256,274.899794,473.382673,24.270275,102.886908,64.065697,321.697772,603.521461,539.226644,191.377717,44.239364,347.015832,136.380307,131.747440,23.412559,91.774776,85.294305,47.697271,418.349063
2012-09-16 15:00:00,8.718664,148.713800,336.570103,73.275823,151.163124,175.297829,672.197339,271.472501,37.952351,278.474581,62.378511,190.616930,317.741526,18.916316,79.308527,54.667480,230.803721,455.982255,457.560636,167.292394,36.262761,315.959578,119.596763,119.133640,16.098138,76.887401,68.127056,32.495884,364.547685
2012-09-16 16:00:00,5.235555,95.332605,228.324833,57.353027,105.746436,117.278900,619.157061,225.337198,31.619585,220.351729,41.400295,104.014347,217.118374,15.229885,43.879847,41.338409,139.714131,340.861111,460.290663,188.096277,14.136872,240.250210,64.874397,95.080188,10.994241,55.877887,39.595628,17.526396,229.165505
2012-09-16 17:00:00,3.109243,46.642616,106.978884,56.616567,83.453763,46.885362,518.126596,149.102765,11.998717,150.220948,23.665836,35.800538,102.667680,2.935975,4.398020,12.877345,91.867781,256.882138,405.364245,143.673886,2.493088,117.288478,18.547997,44.192313,0.676215,17.958549,15.403209,1.859089,81.854955
2012-09-16 18:00:00,2.834898,47.792994,110.892745,54.161158,63.010744,41.058569,483.764744,118.328848,7.250190,129.575754,11.337538,22.824797,98.249604,1.799468,5.181229,8.120302,243.387665,285.907809,362.753339,94.885114,1.212854,48.979406,13.428750,33.197097,1.622916,20.969892,14.529594,2.681378,81.666349
2012-09-16 19:00:00,2.175163,45.178498,67.187957,48.610615,51.869561,32.115118,433.164064,84.256479,4.377910,147.368651,6.636607,12.663073,50.702686,1.341709,9.880483,3.060263,326.227976,304.367322,398.944507,84.164536,0.898410,66.670964,13.354558,29.743471,1.661557,19.820106,7.862533,3.181902,74.310719
2012-09-16 20:00:00,0.921015,65.153250,38.921179,45.184890,36.944581,16.125312,342.527681,43.580937,2.385845,119.932276,4.389839,15.164420,22.300767,0.994443,35.605888,1.272585,227.279827,276.678053,320.249757,55.923014,1.167933,113.848453,7.790159,26.219363,1.043303,20.915140,10.437398,2.967392,88.456161
2012-09-16 21:00:00,1.110444,66.094469,33.267824,40.414892,20.863441,11.789094,234.375678,26.280626,3.312387,77.962770,4.597233,15.789757,27.770766,1.183861,48.799948,1.969476,190.638920,245.983746,238.188387,39.922152,0.831029,171.018395,5.416015,61.319478,0.579613,37.012132,15.403209,7.293349,126.177338
2012-09-16 22:00:00,1.077784,60.133417,26.527284,32.912986,8.671203,12.195614,202.680746,29.978402,5.999359,58.404166,4.597233,13.757412,44.180764,0.820810,43.558472,2.120974,201.436482,219.796994,200.103495,48.962639,0.831029,192.477600,4.303135,113.264829,1.410391,81.525244,11.127094,7.543611,143.906291
2012-09-16 23:00:00,0.907951,24.471686,25.874974,31.135077,6.831857,10.976053,170.707789,24.563801,2.385845,29.473730,5.115718,7.816711,32.399227,0.741886,25.604911,1.878577,160.724364,197.259217,141.608467,45.202436,1.302695,214.428237,2.967679,151.113748,1.622916,113.500223,10.851216,7.722369,126.365944
2012-09-17 00:00:00,0.659734,26.877023,40.225800,21.725172,10.037575,9.620985,137.344703,21.790469,2.455336,23.904961,6.844001,8.442048,32.609612,0.931304,10.904680,2.787566,106.205527,169.999238,103.313161,46.242492,1.257774,216.066344,5.045055,153.792070,4.018649,126.859631,11.173074,7.829625,80.911925
2012-09-17 01:00:00,0.496434,45.073918,54.141752,20.337537,12.560107,10.163012,88.968229,21.394278,3.103915,22.275077,6.532910,10.474393,28.822689,0.978658,8.615299,0.878689,75.228915,147.676106,85.217577,22.881233,1.437456,142.842951,3.116063,126.374510,6.182537,64.059460,8.368310,9.366948,59.033642
2012-09-17 02:00:00,0.587882,73.310479,62.186912,22.982717,13.348398,11.924601,59.219477,23.243167,5.397106,23.904961,7.742709,8.911051,29.243458,0.615608,10.061224,1.060487,82.840311,169.784592,80.588474,12.560677,0.920870,79.939633,3.190255,64.914068,2.279810,30.387180,7.080878,7.221846,43.379354
2012-09-17 03:00:00,0.516030,46.851775,41.530420,21.595082,13.295845,13.957203,43.372012,21.790469,8.732657,19.286957,8.053800,17.822102,23.773459,0.331481,6.386166,0.999888,84.787412,158.623026,63.124131,7.840423,1.864201,79.448201,5.861167,66.112265,3.439036,25.404777,12.414527,4.862233,42.436324
2012-09-17 04:00:00,0.209025,20.602232,58.925361,21.421627,16.659221,22.629640,27.246520,23.243167,1.714102,12.631599,6.602042,45.180592,38.079611,0.552468,9.519002,1.848278,79.831154,140.378159,38.505720,4.640250,2.829992,85.509198,9.496574,55.962834,3.419716,16.754013,24.921013,5.327005,57.336189
2012-09-17 05:00:00,1.678730,36.080050,64.143843,21.464991,17.815381,20.868051,28.914674,22.714913,2.756462,14.533130,6.602042,77.072775,34.292688,0.694532,38.015762,3.302660,53.279773,92.082921,22.724687,3.920211,4.155146,62.575696,12.093294,46.165814,9.737495,10.676577,35.956379,10.618258,80.346108
2012-09-17 06:00:00,5.762807,23.426618,120.837329,18.344981,17.699201,22.013094,44.690053,28.168221,5.393615,21.280428,9.325730,81.169996,56.980165,1.607980,49.230043,6.722904,69.199239,70.878102,42.729368,6.285287,5.119966,49.956785,19.787361,39.721836,10.281717,10.908612,84.058940,10.745996,52.400982
2012-09-17 07:00:00,9.996830,46.036813,178.587957,24.571373,26.605592,61.558214,93.599676,62.084107,10.780474,62.999328,15.872905,86.162405,106.481182,9.364347,45.427261,17.719537,131.444725,111.328523,92.456624,27.354201,10.462262,106.472976,44.657521,49.362941,13.467094,26.704108,116.521796,24.104561,103.949094
2012-09-17 08:00:00,7.660759,84.379818,265.776458,37.160473,43.518630,128.989391,192.037259,102.981569,20.445105,110.292780,24.408546,139.246509,181.032061,16.986670,51.469310,28.665023,209.819172,213.383553,148.090009,56.457484,26.387351,184.943920,96.708768,84.275909,21.368745,54.114143,117.159503,41.064319,171.331283
2012-09-17 09:00:00,14.211119,124.834125,302.278371,52.563386,62.829877,173.250835,325.460843,158.033505,26.768997,158.764002,32.068437,182.960260,243.164961,22.363683,61.241451,37.513955,277.716354,315.414918,212.712790,85.889704,39.636126,241.159924,121.071234,92.768986,28.191513,70.791893,83.732138,54.300210,237.539456
2012-09-17 10:00:00,9.420512,152.647113,340.605356,64.857398,84.395098,196.025859,427.816160,199.635888,35.865644,204.678365,37.622323,214.418104,299.790572,27.271294,80.876291,46.904136,322.073408,386.733849,264.254694,105.323194,46.187405,277.616100,137.596633,107.966425,32.848262,76.706985,88.053666,57.685071,271.579464
2012-09-17 11:00:00,10.499522,154.572244,319.442673,66.849876,107.870113,164.055270,493.999291,237.235910,47.199990,233.671168,37.983380,192.334396,335.104649,31.701153,88.079216,54.864716,337.978793,426.401178,295.420258,116.647757,50.823072,292.338375,145.752367,114.501150,34.425743,82.133934,97.207920,57.301707,277.285417
2012-09-17 12:00:00,7.688705,174.286095,334.855041,77.364119,137.656520,151.911412,495.730988,291.527443,62.743021,266.118802,31.996694,189.399295,411.038367,31.854694,99.301359,57.542565,349.633485,409.455717,306.847995,118.769406,56.782484,324.898303,155.064316,120.929389,35.347353,99.042154,87.235765,55.835263,328.338125
2012-09-17 13:00:00,6.973693,173.231977,360.042199,83.287354,162.073085,152.834298,489.262835,277.503556,66.015272,289.090722,29.648162,220.079226,400.551583,31.672525,90.197358,61.906241,317.363455,392.923069,297.311462,112.865607,62.561351,325.263074,161.940302,144.537075,35.622625,106.058048,79.398013,59.963525,313.527758
2012-09-17 14:00:00,5.597465,135.881057,312.293055,71.858328,163.935314,120.060116,453.026631,232.450657,69.294215,275.381348,23.765338,202.917482,360.946863,29.268012,95.029634,71.592143,276.983859,357.130591,266.216308,99.032644,58.875627,283.987110,145.710583,155.744228,27.264173,98.890315,69.411831,51.119007,245.967098
2012-09-17 15:00:00,3.062397,108.925725,277.926666,58.956287,152.578931,96.457234,403.691598,221.967508,64.422547,272.465261,18.035371,158.392728,337.987777,16.376647,73.918893,73.096953,234.560812,302.395084,229.178421,76.180874,44.313342,216.027031,126.739903,136.988545,17.177830,83.011221,50.793381,40.748466,215.733952
2012-09-17 16:00:00,3.624156,100.775866,209.477329,65.340700,125.091017,71.374300,313.800986,218.810886,49.372076,323.897019,9.619855,92.322928,211.845399,8.183669,39.066825,49.902655,140.029857,252.240378,224.108329,61.557966,24.160727,161.384889,102.769624,105.152987,8.660743,61.224867,34.678569,20.676763,160.195238
2012-09-17 17:00:00,1.920415,68.186066,133.941041,58.504241,114.092014,36.180323,265.320112,125.679981,36.644732,212.156528,4.665861,34.862533,120.129601,2.446645,5.843944,17.391991,92.398808,194.393035,233.312843,36.262458,7.389423,75.352933,66.476021,80.490625,2.608258,47.579206,15.771047,5.684522,91.851067
2012-09-17 18:00:00,0.502966,66.826528,144.378005,51.862887,124.917880,32.521639,194.896026,112.782183,30.830681,156.604659,2.765253,29.859838,156.526135,1.199646,11.085420,6.665920,157.715207,194.683471,240.292525,39.282117,4.155146,99.433109,35.612154,31.435043,1.622916,29.511153,8.828108,6.757073,116.558438
2012-09-17 19:00:00,0.365793,73.728798,103.282459,56.025794,67.004753,44.310732,148.743758,73.031086,12.878932,165.297372,2.177637,36.269541,113.397294,0.994443,14.459244,2.423971,180.372386,161.628063,244.921628,42.322281,2.021423,81.413929,11.054606,21.638023,1.217187,24.528750,6.391182,10.332244,96.754820
2012-09-17 20:00:00,1.358661,60.237997,80.234163,57.847066,30.217830,65.178784,138.178780,47.410777,4.632709,116.129214,1.693718,55.029649,55.751916,0.268342,24.098740,1.242285,180.018368,115.908571,182.428738,35.521915,1.639598,124.168528,6.009551,10.713288,0.502331,35.205327,11.494932,15.373235,91.662461
2012-09-17 21:00:00,1.750582,66.617368,63.491533,54.724885,12.244790,45.123773,225.756881,31.695227,5.837214,93.989960,2.592425,40.334231,31.978458,0.647177,40.064155,1.575581,159.839318,111.401016,155.495776,36.961992,1.639598,154.801133,7.122431,12.263896,0.502331,54.587420,10.805236,16.946311,59.788066
2012-09-17 22:00:00,0.685862,57.728081,65.665900,51.776159,8.093123,28.049913,187.667358,31.959354,6.647938,48.081569,1.901112,34.706199,30.926535,0.410405,35.425148,3.120862,168.335760,128.358010,132.139847,29.441587,1.392536,86.819683,4.377327,41.584473,5.429040,37.888159,10.069560,10.439499,33.194636
2012-09-17 23:00:00,0.195961,28.445721,53.489442,56.893066,9.932469,20.190517,122.887366,23.903484,7.273354,30.017025,1.797415,46.900269,24.404612,0.931304,40.365389,4.726743,130.809807,87.146074,141.187639,18.801013,1.370075,52.255621,5.119247,82.252679,9.795457,20.641382,16.874560,8.937928,51.112195
2012-09-18 00:00:00,0.189429,14.432020,44.574535,31.568714,13.926478,15.447778,98.699129,15.319360,10.539414,24.855726,2.177637,25.638814,22.721536,0.852380,20.664669,3.575357,109.922720,30.694307,121.198331,24.401315,2.403247,24.899230,4.896671,60.121281,11.225168,4.708644,14.759493,7.472107,61.296913
2012-09-18 01:00:00,0.300473,8.993868,46.748902,7.198361,8.986520,13.008655,74.232866,14.130789,6.300485,18.879486,2.834384,19.541779,21.669613,0.520899,10.904680,3.878353,110.099729,9.444402,86.269646,15.360828,1.954042,25.226851,3.190255,52.156797,11.089925,4.106376,14.529594,3.146151,43.190748
2012-09-18 02:00:00,0.241685,14.432020,55.663809,12.792267,6.043566,10.976053,92.860589,21.658405,3.057588,13.310717,2.557859,17.353099,23.773459,0.615608,7.591103,4.454046,92.044790,15.454476,55.759649,8.320448,1.235314,26.701148,4.228943,32.280829,8.790794,3.668362,13.426081,3.968440,34.326271
2012-09-18 03:00:00,0.640138,21.961770,53.924315,22.765899,4.361878,10.027505,133.730369,21.262215,3.219733,11.409186,3.698526,12.194070,27.770766,0.773456,6.747647,3.787454,57.350984,63.320423,31.772479,5.440293,1.010711,45.211760,3.412831,37.707955,12.577598,3.832617,14.713513,3.861185,22.444100
2012-09-18 04:00:00,0.979803,29.596099,68.927451,38.203347,7.304832,7.723889,140.402986,36.977765,4.262093,11.137539,3.145475,9.380054,29.033073,0.678747,5.301723,2.726967,42.659220,74.052698,77.853095,4.800259,2.695230,49.143217,4.228943,54.200780,21.078586,6.789208,9.195946,8.937928,25.273189
2012-09-18 05:00:00,0.627074,30.328158,84.800335,37.032529,9.301836,7.317369,176.824355,43.052684,5.860377,15.348072,3.698526,8.911051,31.557689,0.536684,7.470609,1.969476,38.233990,63.749714,97.000748,3.840207,4.626812,65.196668,5.638591,64.561657,34.332399,17.684791,7.665643,7.972631,33.194636
2012-09-18 06:00:00,1.846210,29.799859,97.080581,27.363729,9.243416,26.070568,138.522604,24.892808,6.420457,19.275299,5.488318,25.036586,66.447471,0.989773,11.176947,5.882337,44.491322,42.672964,54.435973,6.093069,8.810030,86.771787,14.951628,55.250241,52.284474,19.903094,12.692264,12.330648,66.681329
2012-09-18 07:00:00,4.704383,63.228194,180.300747,37.108761,25.012322,70.377968,104.517543,61.982916,9.793526,57.793766,7.845279,79.457479,134.571122,1.326673,22.026762,17.761445,118.008454,74.702180,75.374813,19.519062,17.499437,128.833992,45.429418,73.270016,77.665192,27.147012,28.075217,13.422085,144.991075
2012-09-18 08:00:00,6.886279,70.358673,285.424518,39.261585,38.218540,131.270887,139.109970,117.773136,16.634209,77.133707,16.628851,167.806887,176.772835,2.970562,40.838116,35.545874,187.916351,124.851341,105.520171,48.588062,26.737921,176.066354,68.202787,70.746677,71.460490,44.708927,43.136314,29.740382,165.742858
2012-09-18 09:00:00,9.329460,66.779167,340.914592,50.982281,49.215450,183.749177,193.948784,136.507622,18.009522,123.872396,32.910937,227.243122,226.431675,6.579997,51.869933,42.329504,218.504979,136.332405,131.365313,57.058887,42.156093,244.608058,87.769902,100.343380,64.279008,57.779486,62.351799,42.739435,213.294578
2012-09-18 10:00:00,10.313763,111.642321,375.521478,43.709201,64.044934,219.055575,279.244079,187.831830,18.749931,191.181021,45.314184,292.933110,286.614883,11.561509,62.518323,42.855677,250.047824,155.587142,133.005323,58.715629,50.508737,245.430884,127.737640,132.516050,39.248269,73.508194,81.081194,47.306248,243.694218
2012-09-18 11:00:00,8.822702,155.996734,332.596610,47.369860,53.758935,204.401298,354.386794,246.170698,23.291199,224.005700,44.013954,296.515109,289.152124,13.562534,64.525682,42.029510,260.923454,165.583361,171.522240,59.635181,61.594273,240.978271,127.690163,181.551665,27.291568,68.963882,70.887350,42.120853,274.141631
2012-09-18 12:00:00,6.863072,169.578104,335.352427,58.465970,71.054986,191.068482,363.938127,260.443688,29.476400,253.813445,59.064209,245.269532,345.472066,14.599583,61.164471,41.795570,263.350073,252.734530,246.777451,73.657131,57.776922,270.625611,150.860945,152.444994,58.597888,80.609484,67.479984,54.263286,327.592905
2012-09-18 13:00:00,6.941083,163.086125,665.380148,50.048095,75.097112,164.888177,395.634316,275.039048,32.728737,253.622268,80.162192,272.322440,471.923334,12.989368,55.130242,39.582534,236.844763,302.091912,376.696367,98.371616,41.248136,202.910055,137.277960,147.219330,57.202233,68.055341,55.673383,63.220400,418.599654
2012-09-18 14:00:00,7.347363,112.806638,873.436623,58.381057,64.774219,159.937456,480.729270,239.949981,30.095172,242.095077,97.523893,364.369449,474.479218,11.469388,47.314422,61.616288,276.394273,394.727399,401.969481,105.800718,30.446589,168.092786,147.044639,120.410089,51.269176,61.639308,44.869868,57.535878,362.165430
2012-09-18 15:00:00,5.422964,88.436246,685.416495,92.306204,90.917834,93.257469,557.073658,187.040275,30.893579,213.841009,167.100544,447.694299,381.592290,7.740604,56.847718,40.740726,331.474027,406.065414,442.815723,104.927944,19.791417,188.230415,76.493701,79.676023,58.032470,52.305694,33.428432,74.686994,284.117733
2012-09-18 16:00:00,4.902508,70.173888,406.081124,93.939347,63.062640,44.457941,622.935436,125.659247,19.441717,177.797982,186.504359,328.091402,373.929472,5.200649,56.424224,40.357085,295.478157,377.772495,533.755515,121.417082,23.617950,275.644982,74.701909,160.195126,81.364751,77.711082,27.962165,47.726213,174.465846
2012-09-18 17:00:00,2.122907,66.094469,183.734058,93.505099,20.705782,12.466628,687.714258,63.654581,6.207831,64.108759,189.427626,115.530995,288.016504,3.804139,49.763898,25.663791,290.649125,358.248438,506.168918,124.086688,13.678293,393.473357,78.346738,360.798169,79.233072,260.672726,25.518749,53.663317,134.664603
2012-09-18 18:00:00,2.292740,69.859344,178.298139,151.165571,11.929474,20.597038,754.839817,47.410777,3.103915,57.045929,197.992123,43.460916,180.089209,3.267456,50.125379,21.452142,107.090573,370.048846,446.077192,133.687205,12.667582,481.112094,87.398161,425.853201,80.102491,369.245298,32.691587,89.450779,333.643813
2012-09-18 19:00:00,0.725054,102.383679,265.490278,123.803128,4.939958,33.063666,669.207896,37.506019,1.042360,67.096879,186.101535,16.571428,47.757302,1.988886,118.626047,5.999328,88.150587,391.298751,419.144229,139.687529,6.805456,437.538442,53.121463,401.959749,67.660136,329.659836,35.450370,105.717808,514.894070
2012-09-18 20:00:00,0.581350,87.010440,337.026971,89.068871,41.411565,52.034622,549.378813,30.902846,0.509598,55.280222,180.259938,11.881401,19.565767,1.862608,144.833426,3.817754,77.530035,356.955470,402.731955,131.767102,3.324117,367.263641,25.744620,449.464724,54.908654,306.937891,28.047634,127.311841,492.827181
2012-09-18 21:00:00,0.711990,89.938676,393.995400,79.789056,60.435659,111.251105,539.369887,21.394278,1.273995,40.882916,166.675632,27.983827,31.557689,0.915519,114.167780,5.453934,149.218765,382.068994,409.886023,109.845920,7.793707,419.683073,18.547997,497.533556,71.369658,324.129917,32.185810,172.180237,363.066331
2012-09-18 22:00:00,0.862227,155.614826,431.611959,94.359232,84.294607,189.167531,482.096590,35.260940,1.922574,22.139254,168.369349,50.808624,42.076918,1.325924,81.754975,2.908765,95.053946,322.826836,380.848923,103.045554,12.263297,489.957873,12.686830,518.537239,72.799370,337.106064,19.725303,196.634407,275.930412
2012-09-18 23:00:00,1.541557,213.865806,469.880828,75.973058,105.473364,279.144064,329.738498,44.109191,6.902737,19.422781,173.588765,88.016171,25.877305,3.741000,57.114013,2.333072,51.863699,307.157714,274.589969,141.207611,16.822728,580.872824,13.799710,497.533556,100.466221,354.900359,32.323749,215.225297,405.502656
2012-09-19 00:00:00,2.220888,190.126178,586.861802,53.510704,157.605689,310.175127,201.568644,56.523155,4.401074,25.534845,178.358826,107.557949,24.194228,6.014012,21.086397,4.757043,48.323515,255.857439,201.576391,131.687098,17.833439,615.928319,15.877085,480.899767,88.159109,348.384909,28.507431,223.126425,459.066727
2012-09-19 01:00:00,3.448908,205.708577,484.666527,31.742168,200.225967,298.386033,106.761875,142.232332,14.013946,26.213963,219.837623,119.439351,49.019610,9.281468,8.314065,5.393335,88.150587,210.137947,128.352399,88.644778,12.667582,582.183310,14.764205,489.005215,68.220428,336.230037,34.576755,194.346298,510.367529
2012-09-19 02:00:00,4.605076,198.387987,430.524775,37.205984,177.680838,313.291784,81.183509,284.992917,41.346932,43.327742,284.855637,236.064685,90.886143,13.054038,27.050835,8.332400,122.313365,191.678434,95.317438,58.163135,9.702829,558.266945,12.909406,468.635871,56.608852,295.823301,23.173783,184.407322,551.295006
2012-09-19 03:00:00,2.730385,155.301086,494.886055,45.141526,256.825276,338.225041,95.362820,284.332600,54.573317,82.037480,265.084077,286.404307,120.339986,6.124506,13.615788,9.029291,99.302167,198.761735,76.169785,66.883605,13.813054,557.447891,13.131982,440.302044,66.694115,287.884308,45.060133,195.347346,534.509082
2012-09-19 04:00:00,1.515429,154.150708,475.534184,36.468802,227.605948,403.810345,115.102646,245.241820,78.315953,133.242992,212.094914,306.258754,154.632674,4.135620,6.506660,11.210865,99.302167,177.726476,58.074200,41.122216,9.680368,582.674742,12.761022,392.656104,91.211737,343.183500,84.786618,197.492448,387.207885
2012-09-19 05:00:00,2.645469,197.760508,498.365043,38.420165,184.039721,394.595881,135.120498,277.201174,48.550795,109.609679,184.580646,287.029644,148.321136,14.885075,20.544176,14.816522,124.614485,174.936084,48.605581,23.201250,16.014159,518.624750,9.348190,364.040348,84.159781,311.153770,103.552949,225.235776,429.644209
2012-09-19 06:00:00,3.752262,187.198672,581.464274,22.253086,194.969189,371.435057,121.241809,315.061543,51.665347,118.748345,202.605224,298.290787,172.678036,19.780118,84.283619,13.055422,112.256205,149.898354,40.778640,16.187573,13.598687,493.199794,14.619964,421.715067,92.163885,270.935971,117.489558,188.597383,415.845709
2012-09-19 07:00:00,4.815199,153.736769,717.439938,22.120801,264.711014,478.125205,154.263022,347.101630,91.613075,216.856615,212.225839,526.677267,250.566440,19.802182,163.859492,15.453470,139.784045,162.812737,85.216772,31.325683,22.895132,538.360232,44.440743,421.400776,96.657766,358.086808,97.735534,187.475532,443.611316
2012-09-19 08:00:00,6.241655,204.129155,766.329223,28.479494,289.087460,533.715641,234.839904,318.366819,109.463927,442.287465,242.827034,627.441710,398.620382,23.220755,178.818749,28.821678,240.381735,205.680280,150.955887,60.499703,34.586799,625.604480,84.547391,517.860162,105.168854,360.391117,105.171513,176.134306,468.629044
2012-09-19 09:00:00,8.077527,251.227822,816.530108,38.842429,263.295579,436.247467,296.209155,246.352154,104.193970,504.502846,233.509110,479.100081,597.442928,27.717510,221.778159,45.872677,406.081880,265.365515,193.259423,90.088924,34.407557,696.863180,90.478557,552.251670,103.765812,421.111872,116.465498,191.162648,518.465358
2012-09-19 10:00:00,13.042047,262.456985,809.778342,54.779884,218.311456,393.276124,343.968984,278.117239,68.333907,481.836696,237.593072,415.903339,626.987799,36.245592,180.972250,77.735271,431.131341,324.215834,230.497656,110.607136,41.915943,600.414217,87.807749,445.130348,102.467582,343.460433,112.783182,177.438806,638.887913
2012-09-19 11:00:00,10.126841,268.697330,817.518668,59.178089,212.786231,371.335829,386.613877,277.012627,49.227844,356.698385,283.815473,432.545214,600.288631,34.550119,159.903048,86.313325,441.204069,386.527292,286.961224,120.073473,45.247052,571.289513,116.359913,448.728725,112.063822,337.408824,100.762668,175.474432,628.021690
2012-09-19 12:00:00,12.316837,258.214312,736.225999,63.790981,215.557701,345.890826,444.069994,286.422493,47.556819,308.676813,297.327552,374.388145,534.922152,33.805974,149.816682,91.407175,484.101072,410.392189,318.241349,113.399870,46.892371,587.255973,135.840203,521.508366,110.540649,375.663396,91.642352,145.425706,605.871885
2012-09-19 13:00:00,14.306437,268.180634,613.431284,73.472921,152.428978,344.738805,528.914335,276.011967,36.552565,279.342034,281.079665,312.764043,428.649447,34.045104,116.850009,97.220877,530.747012,404.544932,353.035060,119.478815,42.894744,552.300164,124.298714,471.165022,115.801724,348.449904,72.111971,124.807123,552.991165
2012-09-19 14:00:00,12.055574,240.367500,579.524500,71.527480,129.894336,356.653101,758.512872,231.131867,32.380653,240.688217,277.798198,392.971604,335.912707,35.222752,89.562138,126.534113,460.185799,390.133723,410.884289,142.543771,37.456885,505.978651,119.581542,408.896174,134.690090,289.929647,54.970683,112.335116,486.831692
2012-09-19 15:00:00,9.887745,175.617023,555.706902,66.098083,111.855943,284.486913,906.034055,169.913407,23.072915,166.531730,277.910286,360.370458,206.079570,31.354427,61.039437,113.954392,346.881864,299.643189,353.085861,135.102759,31.791462,468.608882,99.535414,359.687526,117.156606,263.021777,42.423429,103.957141,495.489921
2012-09-19 16:00:00,9.066000,125.312067,586.048657,59.083867,139.657884,219.898049,874.208614,105.372718,13.868856,99.939094,264.339895,246.210740,209.829491,23.855970,58.539464,112.337283,431.955721,200.477410,314.165423,118.478869,21.824892,532.288607,77.191716,376.666150,126.630868,265.106696,30.979107,69.026672,555.761275
2012-09-19 17:00:00,9.203620,101.233301,409.433410,47.598338,186.352042,160.033563,897.492815,40.411415,7.296517,37.487325,237.501328,141.951480,270.764968,15.516468,62.355489,76.445980,547.666499,111.673031,332.482546,102.805541,10.241875,524.194314,48.892520,392.585622,105.586135,305.404844,23.541621,76.866177,550.917794
2012-09-19 18:00:00,12.443503,197.342188,277.014426,40.718437,200.698942,146.482880,749.835354,105.914884,86.747484,57.181753,218.731522,83.482478,344.820344,12.059595,216.768165,45.116157,606.079539,151.110434,410.096437,79.604290,5.704904,516.822832,25.967196,419.932700,98.167091,328.510051,22.989864,95.421315,483.396887
2012-09-19 19:00:00,9.092575,258.835144,207.217228,26.755352,195.338561,96.074340,495.997876,192.680568,122.396183,65.602819,202.209134,52.997304,400.361876,6.945316,398.171429,28.542256,566.783494,237.183280,397.892438,66.963609,2.874912,403.465811,13.428750,412.814002,94.051840,306.773636,25.104931,113.082660,365.518208
2012-09-19 20:00:00,9.268940,214.807024,176.123772,23.633172,122.500454,64.636757,362.545533,226.620874,73.382118,132.971345,169.648279,41.897573,375.957263,4.309253,402.147721,26.269784,535.629873,274.531598,364.436649,50.962747,2.066343,327.293825,11.796526,366.225295,88.564838,250.762672,48.876451,125.667262,256.315400
2012-09-19 21:00:00,11.960133,129.260702,145.465189,16.825084,65.533276,34.147720,267.460738,213.678656,42.852562,343.633813,151.639568,18.134771,308.003040,2.888620,418.293877,12.907645,526.425394,370.478137,289.108519,33.681815,1.998962,225.731177,14.764205,251.973716,68.587517,162.557724,58.991991,101.284596,171.819963
2012-09-19 22:00:00,17.825889,79.271531,97.194230,17.215356,35.946079,19.377476,200.456541,186.341523,33.123872,367.674598,143.412940,17.196765,269.502660,1.846823,422.932884,8.514197,442.700037,274.102307,195.684806,20.161087,1.886661,175.441285,16.248045,205.103081,40.804742,100.524076,66.946484,52.090242,109.014202
2012-09-19 23:00:00,14.474962,39.426606,55.881246,16.217993,21.651732,25.610790,130.950112,141.968205,21.032501,325.025974,137.778737,56.905659,284.019197,2.004671,347.925556,8.514197,403.049974,166.779555,123.512883,19.121031,4.289908,159.060212,12.093294,205.103081,18.238483,75.666815,74.349220,25.705480,90.908037
2012-09-20 00:00:00,8.942339,29.491519,39.356053,8.412542,14.872427,35.367282,92.582563,104.594250,19.550034,351.511584,127.685563,90.986521,284.019197,1.404848,330.333476,14.483226,342.158805,135.870603,69.857372,11.840638,4.626812,148.740137,10.461070,196.151847,6.124575,42.706307,69.383410,20.092461,95.623184
2012-09-20 01:00:00,7.420377,46.433456,53.054568,9.236451,21.231310,44.446239,82.017586,63.258391,23.233038,383.973435,98.996062,74.884096,256.038047,1.483772,329.670761,9.271688,286.754922,120.845418,60.388752,6.560354,3.840703,129.410471,8.903038,177.333111,5.718846,35.752844,60.785200,8.294397,87.324525
2012-09-20 02:00:00,4.193558,66.826528,103.717332,8.152360,42.935594,76.154837,94.528743,56.391092,9.612872,357.895296,74.074218,92.393529,259.614585,1.578481,270.689095,4.878241,310.474156,126.426201,49.026408,5.520298,3.279197,105.494106,7.641775,173.033699,3.941367,30.825193,49.428208,2.538371,98.075061
2012-09-20 03:00:00,3.749381,92.134853,124.591261,5.854088,61.644372,108.540969,86.744023,51.636808,17.835931,325.433445,58.208578,118.970348,292.644965,1.625835,286.232782,4.211649,324.103866,110.757079,50.078477,3.280177,4.424669,70.110990,9.570766,146.179997,0.483011,26.554562,45.106113,1.680330,107.505355
2012-09-20 04:00:00,4.115174,74.670017,144.378005,6.027543,74.940218,93.635218,79.793380,56.259028,17.905422,322.309502,47.182131,141.482477,307.582271,1.247000,253.699484,4.241949,371.188316,102.171259,46.501443,4.480241,3.593640,42.263167,13.131982,103.961184,0.579613,16.480254,39.174728,1.859089,106.562326
2012-09-20 05:00:00,1.476237,53.858626,179.820197,5.593907,82.507813,78.458453,81.739560,60.485058,13.041077,318.642263,41.478797,155.396223,322.729962,1.594266,217.973102,3.726855,334.193391,110.113143,59.547097,7.040379,3.571180,43.901274,11.722334,50.676672,1.197866,11.990617,27.949305,2.109351,75.630960
2012-09-20 06:00:00,1.706576,58.481450,140.189959,5.740943,76.797277,73.888479,57.323524,75.333764,27.477253,333.921049,35.542508,169.423233,293.590596,3.504701,238.702265,4.711625,302.379290,120.455971,64.524097,12.366021,8.513956,110.430377,22.080219,28.348190,4.058814,33.338459,21.948666,6.129909,94.671996
2012-09-20 07:00:00,5.248546,108.175347,182.515021,9.540531,81.399623,78.946468,64.004902,135.041374,52.419933,369.078900,35.575957,168.150439,330.192821,10.456660,270.597108,5.811843,238.126308,179.295804,96.619895,30.693878,19.311461,242.743836,58.801993,48.100804,13.514728,86.209589,34.959090,20.807270,182.248439
2012-09-20 08:00:00,8.866639,187.085995,280.147011,17.879694,108.542148,110.256594,131.235075,198.858526,64.619785,452.031982,44.810065,150.762547,410.342456,19.411296,358.918318,11.641489,267.173980,251.470773,140.374810,48.570728,31.683535,317.795561,101.259021,86.916654,24.971715,155.122998,51.498260,37.279677,280.450780
2012-09-20 09:00:00,10.906887,258.358883,404.126934,42.989964,129.405262,166.579433,217.605302,275.358008,50.032570,418.693583,53.140473,166.662544,459.474676,28.040498,349.352860,31.663672,409.531265,363.334787,195.426963,72.606691,39.890430,315.706722,138.169562,107.615244,37.235873,100.000862,68.373067,54.253880,380.714623
2012-09-20 10:00:00,12.031452,329.649798,449.735394,62.948709,149.861373,216.385920,250.983177,400.216211,44.754093,386.645270,64.278460,196.327269,505.269516,33.332133,313.610797,40.843532,638.633441,447.767163,251.615276,94.562664,45.317270,357.900962,155.276071,125.001221,46.984870,106.001845,72.225982,68.138791,437.127793
2012-09-20 11:00:00,13.840658,347.193451,390.870269,62.917624,137.658646,254.857940,260.095481,517.845115,31.516813,353.155501,74.351122,222.085262,484.019054,40.165171,184.030334,41.406326,736.086712,516.802729,236.451227,78.570518,48.413917,426.920835,161.162867,134.885299,48.197770,113.641404,90.624360,69.902301,435.117225
2012-09-20 12:00:00,13.257229,317.777172,368.550453,57.664789,99.622484,260.552019,285.975207,492.530405,25.366688,301.682226,77.786462,237.670484,384.666583,44.126156,136.236209,48.637431,821.562277,626.666624,265.413177,66.689806,53.096307,398.812720,180.118117,135.313701,56.472252,105.975978,82.310491,71.492866,406.862929
2012-09-20 13:00:00,17.077642,267.809164,355.991924,51.792585,89.227491,291.155731,328.645735,425.056397,31.920566,289.460372,80.172162,227.205792,371.455225,33.633784,158.080505,55.882977,828.252310,657.747982,320.359421,77.648121,52.493531,346.404488,194.937357,137.122333,62.334457,91.291104,74.286509,81.113020,351.472416
2012-09-20 14:00:00,16.432850,206.604770,312.654032,45.098836,80.516644,252.562164,346.333158,347.645927,34.537481,269.891152,76.582023,199.953633,435.086507,26.008333,183.167538,61.504500,832.936813,620.412096,281.578722,84.200936,44.805494,262.683370,162.444578,120.528726,59.695782,86.635110,61.860510,72.909562,264.186975
2012-09-20 15:00:00,12.210907,248.243534,253.162697,41.280326,66.384134,192.758023,310.872996,312.043444,31.199861,254.672932,54.539590,158.375536,416.682477,19.977621,187.320618,62.058159,806.502649,520.233605,234.363579,84.360091,34.447712,197.458573,121.663007,98.041129,51.688617,91.527762,43.393783,53.182377,143.801662
2012-09-20 16:00:00,8.439391,293.181052,204.165833,47.946417,46.096022,153.171888,270.495032,319.617506,25.681230,263.021014,36.215189,102.276132,361.704118,14.124177,233.289257,60.367066,876.435362,411.063670,197.065258,71.352794,18.283555,217.592313,79.516416,55.453278,49.880410,27.275619,24.201684,37.929246,110.691389
2012-09-20 17:00:00,6.904348,218.258159,165.034497,40.688577,40.728379,140.249566,234.786513,214.471037,11.558610,161.901781,16.132747,60.032344,309.475732,7.497785,233.697530,36.965555,867.168126,275.790861,133.166210,45.842471,5.008636,124.659960,32.347706,22.695255,46.562230,85.029352,13.518040,23.024101,65.446243
2012-09-20 18:00:00,4.572416,166.909450,249.834832,25.801352,35.998632,166.402384,249.945118,196.246281,23.325692,109.609679,5.150284,48.932614,387.949185,5.966658,231.709384,15.392215,747.332890,248.559492,129.404468,89.764838,3.863163,156.603051,16.693197,17.902468,45.287081,71.998453,7.264797,40.578191,46.774260
2012-09-20 19:00:00,1.717922,120.057675,319.632030,30.094351,37.995636,144.721291,271.075072,174.455813,57.515088,111.647033,5.115718,43.460916,366.910726,6.708544,252.374053,6.393223,695.115172,279.253799,156.758258,125.526766,3.189356,130.884768,8.383695,40.879652,38.853379,52.452105,4.735912,51.053442,36.778148
2012-09-20 20:00:00,1.940011,72.683000,332.243362,29.270442,52.079772,185.237833,233.541601,128.629797,78.339117,134.329582,7.915537,43.304581,288.226889,15.437544,332.442116,5.150938,652.986980,278.180571,187.268255,97.845274,3.661021,186.252792,4.599903,102.410576,39.954643,114.321498,4.597973,82.407692,36.589542
2012-09-20 21:00:00,1.874690,108.658470,260.706669,21.118082,90.390725,243.641275,152.080066,95.349808,66.479380,131.748932,7.500749,55.185983,248.884970,20.504468,305.391281,2.454270,642.012409,232.890370,205.574253,99.765377,2.133724,305.506999,2.819296,138.920334,58.482933,151.716892,5.563547,62.029218,64.503213
2012-09-20 22:00:00,2.854494,66.408209,237.006063,21.595082,91.284122,243.776782,98.421103,73.691403,74.331823,143.837236,13.376912,58.156333,254.775739,19.462670,258.278244,2.393671,626.966626,195.971344,212.728321,66.883605,1.662059,373.488449,2.374144,122.216063,32.728804,162.283965,6.161284,71.467669,120.896373
2012-09-20 23:00:00,4.872889,47.583834,309.629939,22.288899,99.324692,212.881226,87.022049,63.918708,81.350378,161.222663,29.449946,66.598381,242.152664,25.634531,281.473281,2.302772,485.005239,194.254180,168.962257,52.242816,2.111264,412.803022,2.670912,79.080982,30.854722,165.350059,6.161284,43.509832,138.248115
2012-09-21 00:00:00,4.474435,56.786862,267.882082,11.924995,94.594945,172.093671,96.752949,37.638082,88.438423,126.587634,46.352555,75.353098,213.119590,41.798176,291.474258,2.575469,371.542334,170.428529,123.092055,32.561755,2.313406,435.408902,2.670912,85.071965,17.774793,177.066918,9.333885,53.162793,152.959374
2012-09-21 01:00:00,2.064119,98.409644,205.042860,8.195724,72.049816,111.522119,68.672352,33.808242,47.369454,98.607964,55.823547,54.873314,163.889596,47.007163,281.292541,1.908877,301.269677,75.769862,93.844541,24.241307,3.683481,423.614530,3.783791,98.181647,42.640183,143.066127,11.540912,39.505640,188.983098
2012-09-21 02:00:00,2.462572,142.228604,163.729877,7.848815,56.862072,78.051932,35.309266,44.505381,14.245582,100.645318,50.500435,54.716980,143.482291,48.648783,255.747877,1.514982,211.171989,56.666413,80.798888,16.880910,3.840703,397.896247,3.338639,61.319478,21.812762,127.133390,9.793682,34.965173,140.511385
2012-09-21 03:00:00,2.266612,110.122588,139.376960,4.683271,49.557241,71.683112,34.197163,59.164424,8.408368,135.823642,40.338130,48.307277,125.809985,40.014492,263.760708,2.939065,85.495449,67.184042,82.271784,12.560677,2.964753,269.468640,4.377327,33.479025,19.417029,82.237016,14.713513,38.647599,93.548520
2012-09-21 04:00:00,3.239883,114.096623,113.067113,4.336362,34.316944,47.562896,43.372012,106.707265,9.010620,157.555424,40.752918,32.204851,129.596908,35.310619,217.792361,3.605657,81.070219,37.777608,71.540682,11.360612,4.244987,177.570824,4.970863,23.329594,24.092573,48.455233,18.024053,25.991493,72.047449
2012-09-21 05:00:00,1.900819,149.549194,125.678445,3.902726,26.171268,25.068763,37.811497,113.310437,12.091372,133.922111,38.471584,44.086253,134.014984,38.057176,217.611621,4.544945,84.079375,20.391323,59.126269,9.280500,4.132686,143.006761,5.712783,14.307878,18.547610,37.888159,20.126149,27.207052,83.929619
2012-09-21 06:00:00,2.419601,143.786793,152.455183,5.407003,35.558333,46.276332,42.845845,118.456857,10.325382,168.043701,41.046163,69.323564,130.806364,59.780599,157.793394,9.500849,102.549479,19.272410,44.032367,11.010235,8.640066,218.097689,18.845697,30.844035,25.394565,71.086740,27.549734,41.214487,133.648396
2012-09-21 07:00:00,2.850109,175.949588,197.334406,10.920097,55.189189,101.517372,70.065212,144.202779,11.810500,148.542915,53.028227,120.203929,251.974828,73.858942,162.332930,19.645921,168.077603,63.407901,55.903013,21.067126,20.806549,243.312541,51.159494,62.600355,34.720198,106.397597,26.741098,44.583206,161.825829
2012-09-21 08:00:00,4.756666,181.588874,288.074880,25.656688,64.436530,166.303482,128.871987,197.959331,17.114501,180.832546,60.822826,184.328033,373.154011,63.281423,160.386534,28.840371,229.422356,88.658782,75.225328,34.889543,33.452189,248.090947,88.375760,58.665798,34.890186,91.182783,37.828356,54.172098,174.543504
2012-09-21 09:00:00,7.640739,259.320682,366.213429,36.060088,84.264283,230.596314,163.673128,251.997704,30.925262,226.607105,69.502821,241.459608,530.715926,53.250337,217.470362,43.384578,333.782571,137.147547,98.799507,51.199105,46.996882,254.675847,117.664667,56.362759,58.801946,72.607218,39.703222,83.618708,250.959428
2012-09-21 10:00:00,11.364940,312.182918,445.501524,40.052440,118.958268,308.178909,201.460726,308.106791,43.640660,265.618633,67.546073,307.582713,619.889633,39.229317,193.013589,54.929543,434.723035,190.851764,127.964322,72.603684,56.381804,361.275595,139.464945,77.309487,71.963148,113.462781,47.084080,97.287787,302.732470
2012-09-21 11:00:00,13.520621,318.474787,480.746612,45.468528,127.006871,365.080715,303.166564,341.085699,45.824871,286.609405,84.926556,368.217740,639.593114,36.785404,154.602292,66.252389,444.725602,292.398414,167.410357,71.102256,59.479109,420.210306,149.540404,129.265168,79.312596,113.016401,51.709509,90.956740,370.937128
2012-09-21 12:00:00,14.917794,321.555769,496.408735,45.202160,136.900026,373.319036,351.148684,404.110469,46.924970,278.335536,102.418368,369.345983,614.926438,41.201086,142.251351,60.568997,422.344992,370.792557,204.917400,87.707674,62.320527,439.104669,161.189737,169.488791,95.949722,122.989192,64.747261,92.698220,400.643808
2012-09-21 13:00:00,14.367081,295.464589,506.564684,50.640767,149.250252,372.201804,411.920767,471.813860,47.651381,282.182861,119.118677,353.500306,583.881275,35.393928,130.695475,47.092404,393.214314,434.586760,248.548512,104.283442,67.601067,416.400364,162.843343,206.239358,80.502912,117.631474,75.478844,90.410310,417.666902
2012-09-21 14:00:00,15.842306,337.722002,491.836792,52.540448,151.346786,361.572682,459.637744,458.344770,45.369892,298.889737,106.523363,336.845277,518.116339,27.538523,108.344398,42.223613,363.210817,442.445060,265.698201,100.755570,64.083960,410.444760,146.352166,242.364340,74.001001,156.633694,64.500109,84.085152,402.459576
2012-09-21 15:00:00,14.425326,409.254112,477.510089,52.907784,123.992290,322.269693,554.531219,445.988864,31.793611,326.426771,93.590838,248.790202,381.044240,21.326897,73.991963,35.262435,307.729602,459.448785,377.114362,166.703080,44.203972,406.273809,106.752229,277.443403,79.244103,179.813673,58.311827,77.071031,373.144451
2012-09-21 16:00:00,10.242293,391.778182,390.831722,38.517504,106.085993,269.880096,537.181939,411.619556,21.052772,287.189282,73.828824,161.511973,257.883361,19.560398,43.114715,26.991162,221.514868,427.291948,487.409989,286.657443,21.574366,401.296953,55.509328,267.507926,73.115064,175.784934,38.224689,65.862783,342.648335
2012-09-21 17:00:00,4.095578,251.096234,319.197157,24.194992,62.590322,154.477783,474.427850,227.941508,7.504989,126.723458,50.604132,67.067384,104.561141,7.150519,9.338262,9.150490,147.094655,241.261545,361.911684,238.732867,10.825841,368.246506,20.180221,215.041065,49.943304,142.244852,16.598682,56.702213,315.537648
2012-09-21 18:00:00,1.874690,183.642227,248.312774,18.689719,59.174393,108.676475,474.033844,156.495184,12.693624,105.942440,53.645911,40.021563,103.509218,4.782797,15.061712,8.665696,159.308290,198.547090,255.863144,139.367512,12.982025,279.788715,10.461070,164.998733,36.805414,92.256573,14.851452,79.833569,333.832419
2012-09-21 19:00:00,0.574818,143.378983,129.374869,25.974807,41.306459,98.648970,370.330253,107.763772,18.113894,113.276917,38.022230,26.733153,95.724989,12.643632,26.267626,3.090563,155.414087,272.170497,293.527209,94.645101,4.492050,172.328881,4.228943,192.134364,31.666180,98.443512,22.208209,66.819947,321.195825
2012-09-21 20:00:00,0.509498,79.271531,61.317165,36.989166,21.388968,96.345354,214.635852,60.485058,10.052979,63.837112,15.105195,16.884097,48.809225,12.185873,61.030059,1.757379,177.540239,308.445587,242.186249,74.244002,2.178644,127.117121,4.896671,157.598106,27.782774,105.451726,15.954966,42.365777,190.303339
2012-09-21 21:00:00,0.542158,76.657034,45.661719,28.533260,12.507554,58.132429,105.927797,27.733324,6.601611,33.820087,7.535315,9.536388,33.451150,5.745671,57.716482,1.090787,157.184180,223.016677,152.760397,43.442341,1.931582,123.513285,4.525711,85.706305,40.572897,61.759890,5.839425,39.326881,65.069031
2012-09-21 22:00:00,0.627074,64.839511,47.183776,19.556992,12.875423,49.324485,66.726172,14.130789,14.870997,22.003430,6.809436,10.318059,34.923842,4.561810,28.075032,1.878577,143.731479,120.845418,96.159093,25.041350,1.572218,84.362522,6.677279,37.848919,29.386370,18.506066,4.506013,23.417370,31.685789
2012-09-21 23:00:00,0.522562,47.583834,36.746812,13.919721,20.180255,35.502789,47.542397,13.602535,30.135775,20.645194,14.794104,13.288409,34.923842,2.020456,27.171329,3.332960,157.007170,68.257270,53.234684,16.080867,2.605389,59.627103,5.267631,24.175380,29.637535,11.278845,6.575101,13.800160,22.066889
2012-09-22 00:00:00,0.418049,35.557151,27.614468,6.200997,19.759833,22.765147,33.363086,15.451423,13.017914,19.422781,27.998188,11.256064,37.238073,0.631392,21.929853,2.575469,98.771140,69.330497,34.928686,26.561432,1.954042,30.632605,5.786975,19.171147,17.620230,9.198281,9.747702,10.975775,19.615012
2012-09-22 01:00:00,0.509498,29.596099,27.179594,3.208908,10.878419,11.924601,24.188237,18.885073,2.686971,24.991550,36.259382,11.725067,22.300767,0.394620,12.350604,2.454270,54.164819,76.199153,21.041377,11.680630,1.909121,19.165855,4.599903,13.250646,14.838088,6.953463,11.081114,17.196573,23.198524
2012-09-22 02:00:00,1.352129,18.824374,28.266778,3.685907,5.255275,7.723889,24.744289,22.186659,2.061556,17.385426,38.678978,11.099730,14.306152,0.426190,25.122936,4.757043,48.500524,80.492063,13.045654,5.120276,1.841741,21.950637,3.932175,8.387377,6.337100,8.486510,22.897905,20.163965,27.159248
2012-09-22 03:00:00,1.332533,22.380089,25.005227,7.285088,6.516541,7.588382,27.246520,25.488245,1.505631,17.928721,38.506150,15.789757,24.404612,0.647177,21.568372,2.242173,66.378454,92.726857,9.679033,3.840207,2.088803,23.916366,3.116063,7.823520,4.540300,12.373879,39.818444,9.581458,38.098389
2012-09-22 04:00:00,0.979803,31.164797,35.007318,12.271904,6.989515,13.008655,26.412443,35.789194,7.180700,27.979670,32.353462,22.043126,30.084996,0.836595,20.845410,1.242285,64.608362,95.946540,10.941516,4.160224,2.942293,38.659331,2.448336,6.343394,6.472343,9.198281,39.956384,6.149294,62.428548
2012-09-22 05:00:00,1.998799,15.164079,27.831905,19.600355,6.621646,11.111560,24.466263,52.165061,3.196570,49.575629,21.327015,17.196765,21.669613,1.957316,13.736282,1.090787,76.644988,89.936466,11.362344,4.080220,3.795782,31.287848,2.522528,3.665072,5.487001,5.475168,63.038207,6.649818,52.621042
2012-09-22 06:00:00,2.301638,20.270685,52.210466,36.770945,6.279265,26.248917,28.103195,104.252433,3.588814,64.980950,21.529205,32.589058,42.572417,2.671775,7.130402,5.508698,113.848423,88.548835,17.051064,5.151266,8.112744,44.841615,17.300091,5.854397,3.428992,7.674787,46.059302,7.397435,38.185915
2012-09-22 07:00:00,5.803066,65.148800,145.647732,44.587744,22.510291,77.941332,87.262338,191.167693,10.248165,107.081730,31.753533,92.756098,125.649231,8.895165,19.516070,21.125910,201.000205,144.681409,71.984179,25.542897,18.295201,111.973838,53.969625,20.891837,7.949730,27.046411,78.467380,22.840353,90.786824
2012-09-22 08:00:00,8.690284,124.862732,239.113676,78.619184,46.752806,133.755644,181.111630,258.566042,10.921767,186.134030,40.859264,160.006327,228.684688,17.177828,60.870846,34.504162,269.165805,247.525970,152.619924,56.634582,30.753088,195.518114,87.385585,41.066606,16.762232,48.724560,128.294709,40.811786,142.595799
2012-09-22 09:00:00,12.251973,167.888551,323.737849,104.764097,83.557042,184.238054,308.335284,350.125918,32.390417,299.493978,57.541536,219.395733,317.853847,24.083688,92.622997,45.616624,297.728403,359.719218,224.386152,86.482289,41.433056,266.058354,118.316966,51.337476,26.985786,58.526333,150.325040,56.326905,254.695617
2012-09-22 10:00:00,12.297569,243.164300,396.148995,136.544334,103.455464,218.725183,485.799702,511.622834,42.110265,419.214510,81.256055,258.447469,392.399880,29.221814,95.598132,55.836525,335.288082,482.505288,292.328593,105.794238,53.310298,370.341772,146.961598,75.346660,35.891358,72.791304,168.445584,68.063994,344.549547
2012-09-22 11:00:00,12.233261,245.452724,414.985877,138.530486,158.234572,242.612501,608.461480,547.357010,49.489820,393.815584,111.569400,283.498048,423.810316,30.898353,84.968662,60.734007,345.018279,646.391400,393.979697,121.037102,59.242124,506.009975,159.750785,142.996009,36.821867,128.048200,148.385568,72.035777,428.315832
2012-09-22 12:00:00,11.263221,239.586400,414.944453,193.959313,145.416249,247.976832,669.314196,595.070806,47.518655,387.419741,155.073866,296.515234,431.495006,30.953914,110.997068,66.363481,343.884826,795.747373,468.776626,134.934504,61.555561,548.385170,165.920525,201.966705,37.483912,145.474478,129.317530,69.808643,459.934101
2012-09-22 13:00:00,11.478213,218.175188,411.317066,197.044549,153.637435,242.196104,749.765123,666.679144,53.323589,360.901999,175.571360,280.224502,435.956684,0.000000,110.557850,69.527371,335.435692,879.521429,526.765031,150.054343,66.812325,0.000000,168.309526,193.337633,37.269607,139.681957,109.749505,64.374982,433.419506
2012-09-22 14:00:00,10.519779,179.388102,392.530862,187.176574,143.699316,208.558846,694.173861,645.407896,53.789267,325.114980,166.620163,243.110666,502.774415,0.000000,113.280604,64.343363,344.723298,927.936045,516.067160,156.750278,63.109110,231.766243,160.257546,169.647610,30.918080,122.203717,105.829869,52.531037,425.034110
2012-09-22 15:00:00,8.777675,160.158763,335.365628,184.021278,130.554489,162.128863,549.031210,635.884396,46.238451,315.404489,124.045314,219.780654,479.236733,23.178853,105.084635,57.576013,320.883252,835.651205,435.092194,151.351032,59.385675,441.249518,147.020151,136.589214,26.105230,103.407806,95.883520,36.007485,385.649432
2012-09-22 16:00:00,5.350848,175.936234,317.641873,175.181930,115.125506,158.884757,366.825997,643.060055,38.909653,305.091179,96.387606,176.037063,384.960792,13.551430,76.657832,49.296472,243.457093,671.088948,371.192030,155.237508,35.098540,289.979739,110.946793,98.073639,18.570923,80.053407,83.047859,23.792725,268.798142
2012-09-22 17:00:00,1.606878,228.820725,340.723395,143.753865,80.195492,109.489516,147.858412,585.437258,20.685048,234.703253,76.493814,93.018866,331.355730,3.914633,36.630085,11.635060,225.863753,460.414603,210.203356,102.645532,9.949891,140.713411,49.189288,78.164714,7.419044,58.529541,73.153747,10.654010,140.134174
2012-09-22 18:00:00,2.155567,347.414282,268.751829,197.261096,67.320069,106.372859,183.496972,506.199190,9.520218,175.076674,60.247952,71.132074,231.423049,4.561810,32.051324,6.908317,303.924816,402.889608,191.897358,89.284812,4.828954,103.364566,29.083259,52.368244,12.925366,52.999622,63.314085,17.303828,163.144092
2012-09-22 19:00:00,3.938810,346.891382,133.941041,232.515718,68.528782,134.829293,426.491447,469.221425,4.238929,160.543544,28.136450,81.137465,152.108059,4.656519,27.472563,3.181462,339.326658,379.922539,236.715491,76.884144,4.065305,76.171986,22.331788,70.623123,23.841407,38.764186,41.335775,36.109228,209.918352
2012-09-22 20:00:00,3.279075,259.985522,122.851767,232.255536,40.833485,137.132909,598.033313,500.256335,4.377910,160.000250,29.104289,93.800537,157.367674,5.051139,25.243430,1.999776,318.085553,469.644359,324.037205,65.363523,8.332753,111.718913,23.444668,161.474625,35.085896,61.431380,12.966283,59.562350,236.323176
2012-09-22 21:00:00,2.965538,211.251309,140.899017,236.721988,27.432534,110.980091,599.701468,501.444906,4.748527,198.709988,44.555141,101.304580,196.499207,10.512683,34.581692,1.636180,301.977714,576.323174,252.706937,41.762251,13.790594,180.355606,24.409164,161.756554,28.188503,88.423955,7.172838,37.861061,138.436721
2012-09-22 22:00:00,1.959607,254.442790,185.473552,233.686535,22.177259,83.743219,497.944056,505.406809,5.651906,288.625238,98.926930,115.374661,264.663815,17.252797,39.160452,2.545169,328.706105,626.979513,147.710466,28.961561,15.205590,271.106747,11.277182,108.683488,15.456342,103.699673,5.701486,37.718054,89.210584
2012-09-22 23:00:00,0.921015,308.405995,319.632030,242.142441,37.627767,69.108482,479.038307,517.820773,9.612872,281.834056,210.919682,168.215630,302.322656,25.460898,50.547107,2.908765,246.927850,555.717206,91.950817,13.520729,10.780921,399.042922,7.419199,113.758204,21.677519,116.292558,4.000236,39.612895,102.790208
2012-09-23 00:00:00,0.757715,402.632446,466.184403,187.374192,53.866566,68.295441,576.625333,586.625829,25.039795,289.847651,267.883896,168.371964,261.508046,23.361518,51.812291,2.454270,156.122124,475.869079,78.484336,8.800474,12.038695,441.306088,7.196623,124.330527,30.700159,151.771644,3.080642,51.339456,123.159644
2012-09-23 01:00:00,1.535025,499.682552,550.549864,152.639934,109.152056,70.734564,682.553131,613.962962,35.301246,387.504849,245.796437,152.269539,182.613824,0.000000,74.103625,1.757379,118.773181,455.692402,85.007163,5.920319,16.912569,0.000000,5.712783,121.511241,48.088543,203.128715,3.172601,71.896690,161.823851
2012-09-23 02:00:00,1.286808,503.029107,536.416475,137.245850,126.389357,85.911328,701.458879,569.721708,36.922694,466.690033,199.582144,190.727759,173.777672,0.000000,87.418179,1.363484,119.481218,485.742772,93.844541,9.120492,16.575665,0.000000,4.896671,172.904971,46.987279,228.916754,2.804763,78.439253,278.382288
2012-09-23 03:00:00,1.626474,414.240810,554.028852,124.800491,139.369886,111.386612,692.840082,603.662013,47.369454,489.236757,198.510608,249.665763,192.501900,0.000000,113.866546,1.121087,161.963428,515.793142,139.293915,6.880371,13.768134,0.000000,3.857983,245.277911,0.000000,208.439627,3.494459,66.247919,334.021025
2012-09-23 04:00:00,4.448307,370.840169,544.461635,110.707316,151.877439,113.419214,727.315271,769.929893,62.518414,443.871661,219.008047,265.924523,235.841126,0.000000,91.273977,1.605881,126.738595,577.181756,168.541429,5.280285,15.969239,0.000000,3.709599,291.796136,0.000000,200.500635,3.540439,43.116563,340.433625
2012-09-23 05:00:00,3.605676,475.942925,508.367134,111.097588,169.324951,113.148201,763.180588,822.623208,56.055784,445.773192,265.775390,272.803229,246.360355,0.000000,86.695217,1.757379,87.619560,648.014772,186.426600,4.080220,14.374561,0.000000,7.048239,0.000000,0.000000,0.000000,8.598209,0.000000,330.248907
2012-09-23 06:00:00,2.582396,597.106460,428.019986,81.387689,193.650749,149.213417,822.686376,890.994933,54.021207,0.000000,279.308943,280.874453,287.069408,0.000000,104.371970,0.000000,0.000000,822.873416,0.000000,6.137329,20.581537,772.078120,15.206044,340.163423,51.693401,0.000000,0.000000,29.880197,363.625833
2012-09-23 07:00:00,4.677799,546.748086,0.000000,87.438440,221.554316,0.000000,764.001826,963.481730,66.842433,0.000000,0.000000,299.173251,0.000000,0.000000,127.579201,0.000000,0.000000,951.661020,0.000000,27.562696,0.000000,986.634621,45.545702,481.649397,63.424487,0.000000,0.000000,45.914826,485.746636
2012-09-23 08:00:00,0.000000,606.717008,0.000000,0.000000,204.688628,0.000000,0.000000,1038.368248,61.236532,554.918438,314.195328,0.000000,0.000000,0.000000,145.903452,0.000000,0.000000,0.000000,0.000000,0.000000,0.000000,1099.874362,0.000000,0.000000,74.226750,351.699507,0.000000,71.139191,0.000000
2012-09-23 09:00:00,0.000000,826.195390,0.000000,0.000000,323.288664,0.000000,0.000000,1050.462514,86.884722,688.204747,351.123679,0.000000,0.000000,0.000000,186.796139,0.000000,0.000000,0.000000,0.000000,0.000000,0.000000,1376.693913,0.000000,0.000000,81.101034,422.005435,0.000000,97.427501,0.000000
2012-09-23 10:00:00,0.000000,1091.039679,0.000000,0.000000,441.685751,0.000000,0.000000,0.000000,161.074558,57.805104,374.761977,0.000000,0.000000,0.000000,0.000000,0.000000,0.000000,0.000000,0.000000,0.000000,0.000000,1680.820699,0.000000,767.468668,90.465617,577.845400,0.000000,99.597228,0.000000
2012-09-23 11:00:00,0.000000,1105.186933,0.000000,0.000000,564.169190,0.000000,0.000000,0.000000,190.381214,0.000000,368.678410,0.000000,0.000000,0.000000,0.000000,0.000000,0.000000,0.000000,0.000000,0.000000,0.000000,1840.257802,0.000000,791.347808,92.401193,619.070852,0.000000,88.734895,0.000000
2012-09-23 12:00:00,0.000000,0.000000,0.000000,0.000000,0.000000,0.000000,0.000000,0.000000,0.000000,0.000000,351.396072,0.000000,0.000000,107.091772,0.000000,0.000000,0.000000,0.000000,0.000000,0.000000,0.000000,1877.351272,0.000000,763.829811,111.270051,621.586449,0.000000,0.000000,0.000000
2012-09-23 13:00:00,0.000000,0.000000,0.000000,0.000000,0.000000,0.000000,0.000000,0.000000,0.000000,0.000000,362.095029,0.000000,0.000000,100.115822,0.000000,0.000000,0.000000,0.000000,0.000000,0.000000,0.000000,1761.204093,0.000000,709.345084,122.016024,575.469146,0.000000,0.000000,0.000000
2012-09-23 14:00:00,0.000000,0.000000,0.000000,0.000000,0.000000,0.000000,0.000000,0.000000,0.000000,0.000000,355.447455,0.000000,0.000000,0.000000,0.000000,0.000000,0.000000,0.000000,0.000000,0.000000,0.000000,1701.034678,0.000000,704.376509,115.677184,554.716464,0.000000,144.389032,0.000000
2012-09-23 15:00:00,0.000000,966.096450,0.000000,0.000000,521.627498,0.000000,0.000000,1088.695665,176.708965,1079.725158,0.000000,0.000000,0.000000,0.000000,448.164167,0.000000,0.000000,0.000000,0.000000,0.000000,0.000000,1594.103767,0.000000,0.000000,129.664862,550.059897,0.000000,144.838685,0.000000
2012-09-23 16:00:00,24.417675,913.983862,409.774952,324.736326,0.000000,0.000000,1329.087311,0.000000,175.799782,0.000000,345.885499,0.000000,0.000000,0.000000,499.331356,0.000000,1556.791449,0.000000,0.000000,0.000000,0.000000,0.000000,106.325041,701.375042,164.306724,0.000000,0.000000,118.623027,0.000000
2012-09-23 17:00:00,33.718300,0.000000,0.000000,0.000000,0.000000,330.772165,0.000000,0.000000,0.000000,0.000000,0.000000,547.795138,0.000000,142.347413,0.000000,148.831808,1378.724746,0.000000,0.000000,396.901392,133.099449,1559.805706,85.002491,684.311276,0.000000,0.000000,132.513576,0.000000,0.000000
2012-09-23 18:00:00,33.202270,0.000000,0.000000,0.000000,0.000000,341.477205,0.000000,0.000000,0.000000,0.000000,327.578798,501.207538,0.000000,114.992338,0.000000,131.864012,1387.929225,0.000000,0.000000,345.218606,142.667516,1456.768761,0.000000,675.994381,0.000000,535.635638,134.214826,0.000000,0.000000
2012-09-23 19:00:00,31.569264,0.000000,0.000000,0.000000,0.000000,421.561739,0.000000,0.000000,0.000000,0.000000,329.134253,552.641499,0.000000,120.816933,0.000000,140.469109,1328.454130,0.000000,760.645777,279.535066,146.148855,1573.401996,80.837433,679.307043,0.000000,492.162808,98.488577,0.000000,0.000000
2012-09-23 20:00:00,0.000000,819.696911,0.000000,158.103750,477.389156,0.000000,638.625068,0.000000,186.420228,0.000000,333.247567,0.000000,813.029270,0.000000,509.146126,0.000000,0.000000,0.000000,0.000000,0.000000,0.000000,1476.426048,0.000000,680.716686,20.305769,0.000000,0.000000,103.787215,0.000000
2012-09-23 21:00:00,0.000000,0.000000,0.000000,0.000000,0.000000,0.000000,0.000000,0.000000,0.000000,0.000000,328.684899,0.000000,0.000000,33.418832,0.000000,0.000000,0.000000,0.000000,0.000000,0.000000,0.000000,1565.211460,0.000000,701.861333,73.842673,539.139746,0.000000,128.956419,0.000000
2012-09-23 22:00:00,0.000000,0.000000,0.000000,118.295949,0.000000,0.000000,0.000000,0.000000,0.000000,0.000000,328.028151,0.000000,0.000000,145.535945,0.000000,0.000000,0.000000,0.000000,0.000000,0.000000,0.000000,1608.457491,0.000000,701.297476,44.147176,545.381437,0.000000,0.000000,0.000000
2012-09-23 23:00:00,0.000000,0.000000,0.000000,114.479950,0.000000,0.000000,301.657901,0.000000,0.000000,0.000000,302.587823,0.000000,0.000000,137.627755,0.000000,0.000000,0.000000,0.000000,0.000000,0.000000,0.000000,1626.640481,0.000000,683.747419,0.000000,534.704860,0.000000,0.000000,0.000000
2012-09-24 00:00:00,0.000000,880.457808,0.000000,88.548507,0.000000,0.000000,255.783658,0.000000,0.000000,0.000000,258.067247,0.000000,0.000000,98.355149,0.000000,0.000000,0.000000,70.366044,0.000000,0.000000,0.000000,1599.939333,0.000000,633.987015,0.000000,529.777209,0.000000,0.000000,0.000000
2012-09-24 01:00:00,0.000000,696.711001,0.000000,59.408156,0.000000,0.000000,215.191904,0.000000,0.000000,0.000000,249.633225,0.000000,0.000000,63.849555,0.000000,0.000000,0.000000,192.581067,0.000000,0.000000,0.000000,1582.411586,0.000000,624.542406,0.000000,506.945761,0.000000,0.000000,0.000000
2012-09-24 02:00:00,0.000000,178.148579,0.000000,37.162620,0.000000,0.000000,150.689938,0.000000,0.000000,0.000000,260.314016,0.000000,0.000000,151.518387,0.000000,0.000000,0.000000,583.621121,0.000000,0.000000,0.000000,1555.382817,0.000000,587.468790,0.000000,502.565627,0.000000,0.000000,0.000000
2012-09-24 03:00:00,0.000000,0.000000,0.000000,27.839442,0.000000,0.000000,123.721443,150.684392,0.000000,0.000000,249.806054,0.000000,0.000000,146.735590,0.000000,0.000000,0.000000,397.308825,0.000000,0.000000,0.000000,1504.765303,0.000000,505.568522,58.656817,442.776797,0.000000,0.000000,0.000000
2012-09-24 04:00:00,0.000000,0.000000,0.000000,24.847353,0.000000,0.000000,138.734832,171.022163,0.000000,227.232952,236.636536,0.000000,0.000000,121.179983,0.000000,0.000000,0.000000,242.764063,182.428738,16.800906,0.000000,1451.199197,0.000000,414.364609,70.693443,377.786559,0.000000,0.000000,0.000000
2012-09-24 05:00:00,0.000000,0.000000,1059.998511,14.656903,0.000000,0.000000,97.030975,163.230420,0.000000,253.718563,217.867380,0.000000,0.000000,88.110807,155.918847,0.000000,1461.919075,165.491682,104.575643,8.160440,0.000000,1317.202025,0.000000,0.000000,67.505573,362.018076,0.000000,0.000000,1759.504314
2012-09-24 06:00:00,0.000000,0.000000,1501.533564,7.846970,0.000000,0.000000,62.037903,109.157673,0.000000,180.282426,181.371911,435.236873,0.000000,77.759365,123.502258,205.557039,1423.363432,140.456049,59.548777,9.917344,18.608138,1275.463099,0.000000,0.000000,60.022676,364.499898,0.000000,261.641919,1657.153968
2012-09-24 07:00:00,65.559292,0.000000,1651.582227,17.835966,0.000000,594.265401,105.636888,132.138098,0.000000,198.346687,185.309337,0.000000,0.000000,52.902112,0.000000,0.000000,1381.016733,195.493078,75.360016,35.705700,20.742193,1207.411578,261.051888,0.000000,37.831541,327.938235,284.751326,291.279613,1694.195220
2012-09-24 08:00:00,72.216540,0.000000,1678.306165,48.213986,0.000000,1098.864579,229.808028,183.062245,0.000000,288.635004,215.330172,5.732802,0.000000,29.385940,0.000000,0.000000,1290.041169,342.808053,149.710170,60.996758,29.368906,1167.904390,228.135033,0.000000,40.841417,360.852933,324.835942,301.691792,1677.663319
2012-09-24 09:00:00,74.469819,0.000000,1890.323544,65.923264,0.000000,1067.625098,338.798270,248.431258,0.000000,346.557675,257.308775,822.642134,0.000000,46.922192,0.000000,0.000000,1094.409681,427.617448,216.414731,81.798023,41.060981,1238.061794,198.034160,0.000000,32.671463,329.087486,281.013572,296.627823,1605.141926
2012-09-24 10:00:00,71.378814,0.000000,1721.330729,88.067832,0.000000,917.771617,431.589243,319.677140,0.000000,395.228699,281.685538,717.089279,0.000000,49.156597,0.000000,117.789071,857.360753,533.363841,279.792898,98.802710,47.886171,1299.576328,196.134007,0.000000,0.000000,291.840988,210.817478,208.564973,1652.663904
2012-09-24 11:00:00,66.557315,0.000000,1421.914856,97.633378,0.000000,643.266459,487.256715,340.592102,87.121952,443.263162,315.788207,493.217825,731.012633,0.000000,137.676711,219.112633,762.979642,623.354681,368.234319,115.359356,47.057712,0.000000,189.979490,0.000000,0.000000,0.000000,165.904205,177.190988,1699.693241
2012-09-24 12:00:00,67.274434,470.830780,1063.810631,105.619105,243.583388,423.897120,537.291757,326.568033,87.073168,446.984332,0.000000,397.896737,649.942774,0.000000,134.696153,168.417791,731.628631,550.297771,386.583917,124.229634,49.928236,0.000000,207.036502,0.000000,42.524791,0.000000,131.462022,144.176167,1577.152589
2012-09-24 13:00:00,59.512545,396.153683,902.400180,89.390586,259.511857,332.177468,710.066261,358.590423,101.120057,443.646084,0.000000,357.560399,678.557279,0.000000,151.659488,149.354900,758.963891,616.542794,470.381125,118.655119,56.517788,0.000000,243.278433,0.000000,36.573074,0.000000,113.146790,126.354102,1339.185131
2012-09-24 14:00:00,42.867174,423.538789,907.866746,76.536668,236.319151,319.363593,878.771399,318.808174,88.869094,487.106331,0.000000,373.835387,815.485050,0.000000,139.702190,160.227626,779.302035,678.326094,567.121416,119.852947,66.757279,0.000000,330.253600,0.000000,0.000000,0.000000,119.475654,0.000000,1092.520742
2012-09-24 15:00:00,32.948209,0.000000,0.000000,95.865276,0.000000,272.318999,908.140718,0.000000,0.000000,0.000000,331.578495,428.504321,0.000000,23.537465,0.000000,198.750788,700.124561,598.129406,641.214689,114.191213,90.858334,1198.893202,283.216043,663.429822,0.000000,446.402330,172.112580,0.000000,0.000000
2012-09-24 16:00:00,20.736938,311.687309,0.000000,87.580911,0.000000,160.332919,873.011629,288.103739,0.000000,0.000000,323.401502,387.600320,0.000000,9.031368,0.000000,206.746338,579.333987,549.976909,665.731345,144.197096,70.716847,1194.523004,178.076620,671.912321,0.000000,421.269630,148.658265,0.000000,951.716761
2012-09-24 17:00:00,10.529620,224.532951,548.158060,73.371241,201.907655,73.580207,757.220992,236.129442,80.169037,394.024384,291.423113,331.897568,873.727204,1.688975,167.968217,168.162975,554.569859,523.949671,663.855443,128.326916,33.622996,757.582861,72.708147,568.227161,0.000000,399.249216,137.249488,0.000000,759.515905
2012-09-24 18:00:00,8.648398,264.273296,540.982647,69.468515,163.123727,38.619446,716.194242,261.221497,70.949945,372.292602,300.755842,368.167109,701.422224,2.225658,174.715864,135.590868,484.828229,451.828783,592.735589,180.489728,25.492385,1100.644249,47.557064,514.096863,23.938009,344.826050,99.132294,6.685570,662.761085
2012-09-24 19:00:00,6.342594,250.259595,478.795735,54.161158,120.188133,18.970956,571.898896,250.788485,61.383400,326.384211,309.224430,382.862526,601.910313,1.467987,200.682256,126.894872,435.973687,493.040719,582.846142,209.211276,19.899783,951.085059,27.673611,437.341793,17.291782,264.943356,46.807363,2.609875,654.462426
2012-09-24 20:00:00,1.717922,168.791888,390.516412,46.268980,66.111356,34.825255,503.504570,170.625973,63.004848,299.898601,320.250877,284.997299,659.555691,1.215430,201.887193,129.500641,438.274807,687.938835,697.942474,130.087011,24.683816,957.965109,18.770573,408.655554,17.465666,247.696579,48.140775,2.431116,618.438702
2012-09-24 21:00:00,1.025528,133.653056,331.808488,48.090252,64.114352,107.863434,294.429232,188.982792,74.771930,233.616664,316.206694,276.242582,635.782232,7.024240,179.836846,128.561352,489.076451,697.168592,650.178548,123.126636,28.479599,974.673803,19.289917,500.705253,11.399052,276.167450,51.267397,7.329101,635.413231
2012-09-24 22:00:00,1.430513,233.317659,383.123563,42.106073,80.931231,138.623484,210.465466,187.001840,76.949304,187.029154,319.559564,328.927217,558.991857,19.604734,149.291693,117.865581,445.532185,598.002370,566.223454,116.886300,31.489272,1105.067139,21.960828,538.906583,17.330423,400.234746,43.358884,15.087222,792.333329
2012-09-24 23:00:00,2.233952,304.222801,511.628685,40.371528,49.820004,248.384014,191.281692,124.007576,64.278843,105.127499,314.236451,349.250667,534.797629,46.738821,116.818641,123.683111,426.415190,455.692402,394.525818,97.845274,32.724586,1157.978002,22.999516,479.701570,4.849427,319.366521,36.323985,42.544535,681.998885
2012-09-25 00:00:00,2.841430,283.934309,778.423584,32.089077,51.659350,326.300440,155.694401,113.574564,61.499218,133.786287,290.997135,253.574119,682.908380,90.304896,113.023090,139.075326,504.476252,310.377396,305.941621,105.045662,36.183465,1094.583252,28.638107,0.000000,8.249822,322.377864,41.795573,62.136473,732.733869
2012-09-25 01:00:00,4.755312,227.042867,759.289149,53.163795,45.615785,402.455277,181.272766,92.576476,36.505750,132.292227,0.000000,221.681936,553.521857,81.118137,114.408767,127.561464,465.888244,299.430476,209.361701,73.043937,29.086025,1110.964325,22.554364,0.000000,15.243817,305.295341,47.634998,51.303704,904.365225
2012-09-25 02:00:00,9.053383,175.903318,585.575972,56.719612,40.938590,355.027887,220.196366,85.048859,34.397868,116.808332,300.064529,137.886790,555.836088,89.799782,114.167780,70.234554,385.526062,250.062010,145.816742,35.361906,0.000000,1074.762155,0.000000,411.192912,0.000000,319.585528,43.910640,0.000000,942.652220
2012-09-25 03:00:00,17.264135,192.008616,0.000000,45.271617,30.953568,289.849103,181.272766,97.594887,26.105318,123.327867,288.450466,108.652289,633.257617,87.274212,128.868011,50.327694,298.968558,215.933375,124.985779,40.082160,0.000000,1005.634030,0.000000,422.399575,0.000000,322.761125,46.163647,0.000000,819.115365
2012-09-25 04:00:00,45.273447,201.734542,472.924943,56.546157,31.058674,331.043179,157.362555,78.577751,29.209233,141.935705,262.076864,123.660375,501.767248,79.113466,117.842838,69.083168,336.317501,197.259217,84.165508,22.801229,40.226310,1008.582623,0.000000,458.768369,4.231174,334.915997,61.842734,0.000000,708.215103
2012-09-25 05:00:00,49.395153,222.650513,499.017353,66.996789,48.033211,348.117039,146.797578,75.804418,45.539534,154.838951,257.237671,135.072774,488.723403,73.920263,104.166803,92.080591,428.362291,255.642793,87.321714,20.161087,28.052854,1006.944516,36.725034,464.547906,5.873410,314.876884,75.544693,8.830672,732.168051
2012-09-25 06:00:00,43.539261,197.627904,536.365038,71.256664,56.188055,313.282119,151.454443,104.174467,35.999660,121.804708,262.730204,155.500319,636.809345,57.035474,97.439463,136.039527,617.062882,196.460700,107.503555,27.569970,24.526219,1092.585859,31.898413,480.873994,11.089939,297.825004,90.526333,23.374209,801.078299
2012-09-25 07:00:00,44.086634,189.599777,621.041257,72.105719,99.568902,373.442958,141.301343,175.936436,61.625301,155.495892,245.286197,229.864162,633.686029,29.228885,123.804713,184.657185,694.605276,205.834404,123.543353,39.570130,30.443971,1175.653216,64.221633,504.955087,0.000000,321.723518,110.422373,61.312287,867.470997
2012-09-25 08:00:00,37.595695,211.220879,700.592767,106.441208,118.968900,389.023554,118.226206,291.932564,60.208236,217.543223,237.042831,295.405736,752.916695,33.493361,129.127752,182.738859,694.987589,313.106379,145.410736,63.557546,36.112436,0.000000,109.011540,534.704755,0.000000,325.990367,153.162231,0.000000,1004.429410
2012-09-25 09:00:00,48.152205,0.000000,0.000000,115.652907,0.000000,538.658091,212.112713,0.000000,0.000000,0.000000,237.060578,369.283638,0.000000,54.098795,0.000000,236.133161,971.008817,480.381732,172.600496,66.379257,49.509875,1293.437586,166.173594,603.015148,0.000000,401.135532,198.266045,0.000000,670.332744
2012-09-25 10:00:00,39.804759,0.000000,0.000000,121.580312,0.000000,543.757204,0.000000,0.000000,0.000000,0.000000,277.384160,399.751517,0.000000,31.795377,0.000000,224.594329,1202.698685,0.000000,0.000000,96.793432,65.494929,1466.638562,0.000000,696.311934,0.000000,519.460359,241.806774,0.000000,0.000000
2012-09-25 11:00:00,39.042896,0.000000,0.000000,0.000000,0.000000,479.683197,0.000000,0.000000,0.000000,0.000000,335.460045,364.116430,0.000000,49.664343,0.000000,191.535482,1303.048087,0.000000,425.632133,102.657259,55.535445,1656.340529,62.465385,706.641136,0.000000,556.689206,247.881429,0.000000,0.000000
2012-09-25 12:00:00,31.451898,0.000000,0.000000,0.000000,0.000000,327.880440,0.000000,0.000000,0.000000,0.000000,324.695301,359.622837,0.000000,113.169793,0.000000,204.812579,1251.534948,0.000000,570.995357,164.277100,54.706155,1666.029365,179.166065,720.438179,0.000000,565.167883,269.810167,0.000000,0.000000
2012-09-25 13:00:00,27.542867,0.000000,0.000000,0.000000,0.000000,285.604137,0.000000,0.000000,0.000000,0.000000,341.273692,380.789898,0.000000,78.832104,0.000000,230.291041,1121.928010,0.000000,742.845010,199.705232,75.103982,1638.347181,96.598648,700.429213,0.000000,546.535845,269.798228,0.000000,0.000000
2012-09-25 14:00:00,24.294096,0.000000,0.000000,0.000000,0.000000,276.354779,0.000000,0.000000,0.000000,0.000000,330.938192,456.546962,0.000000,33.487699,0.000000,237.972304,1109.601717,0.000000,0.000000,155.806438,57.022946,1574.380407,0.000000,655.062509,0.000000,513.938463,234.737562,0.000000,0.000000
2012-09-25 15:00:00,16.678004,0.000000,0.000000,0.000000,0.000000,276.749922,0.000000,0.000000,0.000000,0.000000,321.767902,504.058424,0.000000,11.438116,0.000000,248.769523,1067.983546,0.000000,0.000000,259.927924,58.778982,1539.321823,0.000000,556.412916,0.000000,456.635620,254.133813,0.000000,0.000000
2012-09-25 16:00:00,10.169739,0.000000,0.000000,0.000000,0.000000,279.699509,0.000000,0.000000,0.000000,0.000000,283.477381,447.258920,0.000000,14.912977,0.000000,226.474551,1020.151277,0.000000,799.226695,326.605564,92.193533,1604.734200,206.578918,541.125714,0.000000,495.415738,274.780312,0.000000,1166.399921
2012-09-25 17:00:00,4.461371,0.000000,1614.685344,0.000000,0.000000,248.248507,106.155521,0.000000,0.000000,0.000000,239.816577,502.301877,0.000000,34.363530,0.000000,194.917553,990.543546,1455.940443,991.048855,369.139896,118.208302,1516.559675,209.963324,424.795969,0.000000,469.057601,265.165091,0.000000,1838.152969
2012-09-25 18:00:00,2.286208,0.000000,1597.942714,325.660768,0.000000,179.953067,1017.852143,0.000000,0.000000,0.000000,197.162547,684.900256,0.000000,5.871949,0.000000,179.737436,924.873129,1335.095025,893.206452,459.064742,133.144369,1388.951122,132.952041,328.728787,0.000000,430.293415,231.829789,0.000000,1570.144004
2012-09-25 19:00:00,2.116375,0.000000,1229.387414,208.795819,0.000000,120.194556,842.695943,683.692462,0.000000,0.000000,167.574339,580.625326,942.312580,5.256342,54.904682,186.918450,518.813998,1193.858284,681.319786,332.817938,133.189290,0.000000,67.069556,157.598106,0.000000,295.567000,185.850061,0.000000,1512.996421
2012-09-25 20:00:00,4.180494,0.000000,1089.793017,120.594221,0.000000,110.167051,916.650783,648.167395,0.000000,568.693587,200.273457,483.541770,573.087624,2.115164,124.951966,200.401787,498.103920,1362.355004,840.813423,270.894600,86.022762,0.000000,152.687110,72.808070,0.000000,0.000000,112.558374,0.000000,1393.608895
2012-09-25 21:00:00,5.591411,333.400581,753.725361,88.548507,0.000000,125.479322,688.947722,0.000000,0.000000,0.000000,213.304713,429.450127,36.773727,1.878392,0.000000,159.042785,580.413204,1318.567321,814.722116,274.414790,100.374863,1039.542849,166.412627,224.485675,0.000000,294.618764,114.581482,0.000000,1292.704745
2012-09-25 22:00:00,3.468504,345.531844,0.000000,92.668051,0.000000,87.943931,745.386942,0.000000,0.000000,0.000000,226.508796,479.164411,0.000000,2.320367,0.000000,75.446092,677.467048,1409.362369,792.839084,197.290633,0.000000,1130.621612,0.000000,89.864752,0.000000,198.748581,127.363847,0.000000,0.000000
2012-09-25 23:00:00,15.454765,350.133358,0.000000,68.471152,515.069475,104.746777,816.283500,284.200537,0.000000,731.817781,237.569809,509.962254,0.000000,11.096721,0.000000,0.000000,0.000000,1317.064803,754.333364,203.930991,0.000000,478.818744,0.000000,38.694705,0.000000,105.287471,100.511685,0.000000,0.000000
2012-09-26 00:00:00,28.753963,205.499417,0.000000,76.276603,420.842400,129.409020,836.301351,185.681206,0.000000,572.768297,207.048327,492.609155,0.000000,10.781025,182.246720,0.000000,0.000000,992.520803,735.816952,204.811039,0.000000,505.683703,0.000000,93.529824,0.000000,126.421618,69.981146,0.000000,0.000000
2012-09-26 01:00:00,24.286059,117.861498,0.000000,53.554068,409.491006,65.043277,904.695677,262.145941,0.000000,416.299462,200.584548,488.075462,0.000000,9.960215,316.115220,0.000000,0.000000,1121.952041,710.988127,180.089706,0.000000,412.475401,0.000000,145.193246,0.000000,96.746210,96.511449,0.000000,0.000000
2012-09-26 02:00:00,9.079511,62.120434,0.000000,38.723711,326.720429,90.654067,569.396665,250.260231,92.167754,360.204298,194.155335,420.226407,0.000000,10.244341,299.065361,0.000000,0.000000,1130.537861,644.286963,126.966843,0.000000,375.290367,0.000000,185.297594,0.000000,86.945660,87.407463,0.000000,0.000000
2012-09-26 03:00:00,2.024927,27.609082,0.000000,40.371528,138.056067,15.902973,378.671024,92.180286,126.982566,463.566089,224.538553,0.000000,0.000000,14.411531,281.714269,0.000000,1223.133649,827.458412,630.820481,129.366973,0.000000,355.960702,0.000000,174.443342,0.000000,87.328922,73.981382,0.000000,0.000000
2012-09-26 04:00:00,0.927547,16.419037,0.000000,54.898340,0.000000,85.911328,396.742696,43.448874,0.000000,394.024384,238.641344,407.407000,664.966496,15.358620,199.236332,66.204703,1207.202820,703.178666,524.561528,117.606339,0.000000,420.502126,0.000000,24.758186,0.000000,93.406358,106.351111,0.000000,332.889389
2012-09-26 05:00:00,0.646670,16.837357,649.701025,46.615889,113.146065,88.485958,301.657901,29.582212,82.994990,200.204048,252.882398,504.803225,1117.773329,17.126518,115.011236,59.932678,1252.517178,503.343703,449.654226,82.324437,69.424636,486.190226,44.515192,142.796853,3.149230,91.216291,113.386009,38.004068,346.091802
2012-09-26 06:00:00,1.645386,34.616808,783.734018,27.726739,69.356131,145.173875,176.367759,36.382973,23.299328,169.225452,253.732147,593.178868,976.545075,27.915122,115.514274,58.313266,1402.510807,253.897020,350.845261,62.505843,62.985817,496.113750,36.738443,168.702907,21.249490,116.225809,86.020898,110.384541,352.719726
2012-09-26 07:00:00,4.886386,68.480394,711.340021,29.359967,24.154131,238.292298,199.396920,71.197498,13.985481,128.211263,247.638760,708.576105,856.706606,35.965728,166.057765,77.812382,1360.189055,175.799311,313.345226,65.215200,56.974369,621.773955,28.540306,258.271124,19.850115,212.187157,79.673742,106.268803,244.720812
2012-09-26 08:00:00,6.338095,240.266273,601.905453,42.689628,47.136478,425.187242,209.960595,99.059661,19.578451,201.638396,224.573266,743.060550,791.135764,35.352279,127.562887,89.809495,1424.849298,220.885654,341.639596,45.764703,41.388648,992.796672,28.144133,280.742835,27.299711,285.825028,70.212238,31.015619,559.730025
2012-09-26 09:00:00,6.264424,390.094760,479.497818,56.926584,150.009528,506.299781,232.459465,158.011844,34.822086,346.838609,215.053692,788.220927,634.640609,48.201181,65.782665,179.553124,1292.163415,252.376686,165.885701,44.700261,33.098355,1061.315857,55.101556,0.000000,0.000000,362.441994,95.971549,22.189387,1018.096820
2012-09-26 10:00:00,10.477660,377.518175,0.000000,70.267703,226.615926,520.637841,316.511538,206.462082,21.168913,371.431978,191.334373,636.014090,360.544578,36.460829,58.627837,283.756762,1270.695521,317.022585,129.170616,42.003972,0.000000,1180.104360,0.000000,433.348859,0.000000,349.558616,152.080038,0.000000,1232.082639
2012-09-26 11:00:00,33.552146,352.673638,0.000000,72.784847,208.660858,419.682356,383.012122,242.814738,40.546055,298.750312,151.326096,507.945958,350.082314,40.505519,40.768914,139.439854,935.960726,315.222140,200.998901,52.106911,0.000000,1105.365407,0.000000,538.521568,37.225910,369.165600,221.785189,0.000000,1190.159497
2012-09-26 12:00:00,38.464678,299.869132,0.000000,69.971460,203.252656,0.000000,425.929012,274.363435,43.359108,260.039152,121.017120,402.535750,391.614410,39.758940,82.265374,207.543793,660.703746,306.430063,265.030116,77.735360,0.000000,1234.797824,0.000000,545.760966,0.000000,371.318490,236.944261,0.000000,1302.212061
2012-09-26 13:00:00,41.720770,322.641780,0.000000,58.704477,187.578405,328.472944,445.214021,260.458250,48.487563,276.209465,107.706875,360.235023,455.141904,35.646364,90.819586,211.403011,481.731008,312.454665,240.796469,62.797455,0.000000,1264.032377,0.000000,490.118425,0.000000,357.338855,187.701796,0.000000,1197.352188
2012-09-26 14:00:00,28.103153,299.943352,653.756316,61.798627,184.455457,277.173944,406.735003,218.157304,52.464402,250.728457,116.753313,330.515596,539.437123,64.576681,94.339801,178.549114,306.601081,253.417712,192.573121,47.786332,64.741185,1202.707036,130.607207,432.215880,31.619277,315.772246,215.594446,116.779081,1160.065208
2012-09-26 15:00:00,29.465224,244.131278,626.555930,61.823394,164.477049,197.079746,317.752028,159.133326,48.920088,189.218070,111.518425,302.473131,492.421519,45.185444,73.234231,151.548079,290.459520,191.768466,138.254483,39.981674,52.334504,968.533255,167.831909,408.223761,25.198706,281.780396,195.383405,88.413629,974.440552
2012-09-26 16:00:00,32.881189,153.687362,498.774126,47.504339,112.993544,150.185476,232.728470,98.414643,44.883116,123.928886,103.601550,228.931846,357.782127,30.755573,46.438970,106.304696,178.542881,147.549093,107.990087,22.960994,31.012781,838.553613,196.423676,345.623701,38.123046,232.898650,93.530421,66.577992,798.905717
2012-09-26 17:00:00,25.703508,83.245565,363.554255,23.806626,56.178887,92.957683,72.286686,12.810154,14.569871,38.981385,60.870134,112.247976,175.671133,50.022062,21.688866,69.810360,177.186220,48.509884,47.974339,13.200711,10.825841,654.915271,172.347986,250.705037,45.828053,160.696167,67.958038,57.846267,598.069266
2012-09-26 18:00:00,29.942791,35.452571,324.198202,37.769711,35.157788,65.720811,98.699129,13.866662,10.400433,36.536560,47.493222,85.045820,149.162675,37.599416,19.640473,75.264294,141.607369,38.206899,55.970063,13.280716,8.871799,371.031288,169.454499,203.341027,23.300435,108.517820,27.403918,40.184922,339.679201
2012-09-26 19:00:00,25.742700,18.092315,256.140498,42.366254,18.761331,43.362185,151.524015,13.206345,5.095980,41.833682,39.646817,97.552559,109.399987,33.637429,18.495783,66.659197,105.674499,24.469587,54.707580,7.600410,4.986176,303.049838,136.068105,140.541424,19.629554,110.926894,28.599391,23.774887,176.346504
2012-09-26 20:00:00,18.942865,9.621347,170.905290,37.943165,10.825866,21.545586,150.411912,9.904758,2.432172,37.487325,34.738492,73.164419,45.232687,43.566074,20.785163,43.661774,91.513762,15.669122,49.868063,4.800259,4.222527,289.289737,69.666276,123.625706,19.842079,102.604639,24.507195,21.594033,113.352138
2012-09-26 21:00:00,20.902472,8.261809,73.928497,28.359806,5.833355,20.732545,127.891829,10.829203,1.945738,20.237723,36.017422,43.617250,23.142305,37.899328,25.665158,23.724614,46.907441,31.338243,56.601304,5.200280,4.267448,231.955984,22.480172,82.323161,20.015963,87.328922,25.840607,12.084078,63.937395
2012-09-26 22:00:00,14.808095,6.170212,52.184821,36.642257,5.307827,29.947009,96.752949,13.338408,1.204504,19.694428,36.605038,25.795148,12.623075,33.747923,26.388120,7.726407,22.657179,40.568000,48.815995,5.600302,5.165858,196.081436,9.199806,57.724888,6.433702,51.795085,31.588073,7.364852,37.155360
2012-09-26 23:00:00,9.105639,10.771725,27.397031,27.665988,6.253777,43.497692,103.147540,16.904121,1.922574,11.680833,34.323704,22.043126,12.202306,22.793265,23.857752,3.969252,26.551382,51.300275,51.130546,6.160332,4.155146,157.258294,10.980414,34.324811,3.844765,24.309744,41.197836,8.187142,35.269301
2012-09-27 00:00:00,3.409716,11.399204,26.527284,33.086440,5.465486,45.665801,107.873977,21.526342,1.598285,8.964360,39.543120,39.708894,11.571152,15.216556,18.797017,6.059927,19.471013,36.919026,57.863787,14.720793,2.538008,84.690144,7.270815,14.237396,2.975346,10.348067,36.921722,13.514147,19.049195
2012-09-27 01:00:00,0.607478,6.693111,22.830859,36.685620,3.521034,29.811502,183.218946,37.506019,2.455336,9.779302,38.402453,28.452830,10.308845,8.271240,6.325919,3.272361,12.390645,32.196825,80.378060,27.201466,1.774360,53.402296,3.116063,7.612073,1.391071,6.022684,21.104695,12.834864,14.145441
2012-09-27 02:00:00,0.398453,4.915253,29.571399,37.552893,4.782300,21.274572,269.128892,32.487608,1.436140,16.842132,27.410572,50.964959,19.355382,5.256342,4.879995,3.726855,24.958299,62.461841,139.293915,40.882203,1.437456,22.114448,3.041871,5.286162,1.081944,3.120845,12.000709,7.901128,9.996112
2012-09-27 03:00:00,0.437646,3.346555,30.876019,24.847353,4.046562,39.161473,202.402721,55.730774,1.135014,11.816657,15.865640,72.226414,41.024995,5.335266,5.904191,10.756370,35.401842,142.953905,160.124879,63.363415,1.774360,17.363937,4.154751,4.863269,1.217187,3.394604,12.644425,5.219750,8.298659
2012-09-27 04:00:00,0.574818,9.621347,22.830859,16.955174,3.363376,46.207828,221.586495,52.957442,1.135014,25.806492,13.757134,70.819406,48.598840,6.550696,7.350116,11.968356,34.339787,97.878349,150.866673,74.804032,1.123013,19.002044,5.490207,7.330144,1.062623,9.526791,16.736621,2.538371,9.996112
2012-09-27 05:00:00,0.646670,23.321308,16.742630,6.461179,5.728249,40.652048,222.698598,41.864113,3.405041,61.663933,14.448448,89.579513,52.806532,3.788354,5.964438,8.120302,56.996966,78.130963,147.289639,92.084963,0.943331,27.520201,3.635407,2.678322,1.622916,7.610483,22.851925,4.039943,14.711259
2012-09-27 06:00:00,3.777287,36.380727,31.791136,7.289987,10.758717,58.433292,277.929772,40.799679,4.280552,97.986284,12.112237,147.150863,68.260771,2.663480,9.262838,7.960283,108.808291,133.558034,170.966078,125.496467,5.142473,40.125969,15.774263,7.182786,2.421754,12.020992,31.909010,8.128861,29.671010
2012-09-27 07:00:00,4.356321,64.225461,74.406921,13.002512,27.473719,94.509567,350.271933,71.108288,6.910060,67.101618,13.587513,186.675157,92.462927,7.995750,25.877178,9.039990,189.810325,227.037874,228.814780,115.068270,19.539574,97.891830,56.077289,54.948197,7.163808,37.452133,30.928626,16.074298,90.413824
2012-09-27 08:00:00,7.156849,72.508361,128.659290,33.947364,39.110432,130.577146,365.923695,103.806572,9.588691,102.307714,19.929438,175.521614,89.316408,14.749082,47.037066,11.973050,288.569731,297.832995,302.748823,125.737862,35.019815,166.853178,94.721687,83.073433,16.994455,57.708726,51.693183,22.199217,192.358799
2012-09-27 09:00:00,9.575959,146.154256,170.169681,60.754870,68.029958,104.037671,425.201639,171.715479,27.132969,262.702925,33.415160,115.566751,141.907124,20.921989,54.162801,19.372378,372.442576,455.358079,400.563288,102.547443,40.742838,207.835586,110.559218,103.295273,25.565863,65.197365,70.185160,37.705379,233.784711
2012-09-27 10:00:00,12.938879,215.074135,178.707222,53.054634,97.733703,101.945690,524.725519,205.162185,46.613173,375.257410,54.827348,70.304614,119.042591,24.921120,137.224499,17.159744,380.219494,584.660500,363.563719,70.634237,34.706720,262.397135,127.045993,127.412124,25.114900,97.851066,93.637144,37.442194,313.961564
2012-09-27 11:00:00,12.979598,200.207084,260.076215,55.604925,135.609713,110.904602,579.363210,273.489491,53.573294,442.850096,53.954092,70.065923,112.779649,24.056899,220.432377,11.129904,311.046692,484.477519,375.264179,90.031291,35.790611,350.336749,118.364598,143.849371,31.125104,117.300329,137.213307,40.336436,514.839076
2012-09-27 12:00:00,11.702357,203.888104,339.922542,60.401628,155.461815,198.611554,627.393085,325.628104,69.163153,538.354779,47.052767,108.984003,189.887585,27.838931,252.459863,15.451440,314.940277,377.213785,324.904878,115.381237,38.728437,357.790537,128.876614,148.021836,32.949179,110.948943,151.991446,47.489971,664.317727
2012-09-27 13:00:00,11.719989,199.387083,278.551052,57.733044,79.676975,216.268139,590.283853,345.410065,51.838808,491.606707,46.617000,165.197586,352.351763,27.182302,197.506243,15.498951,355.416959,344.934277,304.909413,96.657403,43.461579,323.290372,149.515396,141.181673,30.594959,100.032154,152.709507,46.319870,526.453666
2012-09-27 14:00:00,11.138712,172.954579,233.399315,58.274213,44.305085,243.896609,436.903356,346.809033,21.342502,523.325366,62.570607,283.463998,321.954345,27.481718,124.806079,16.226332,434.148259,240.256623,166.546561,76.206496,35.403599,322.075904,112.406561,115.972077,28.619259,87.454857,167.723792,36.655332,449.616307
2012-09-27 15:00:00,7.715773,152.590041,153.447684,73.952944,35.031266,185.292592,310.783171,289.638368,20.307044,289.475630,68.765656,196.222541,265.368964,26.121955,82.593848,21.126902,384.379272,158.305178,71.787710,70.522145,28.995842,274.853486,98.449198,98.221589,21.279518,77.127040,165.095747,12.822963,499.149368
2012-09-27 16:00:00,5.375508,88.443324,134.003405,78.947450,37.121567,151.135853,287.185946,274.454295,21.220347,206.023991,53.810843,126.647664,270.877575,14.997211,99.512324,18.610742,407.113775,111.176335,74.941121,53.444791,17.532414,259.597592,67.740703,84.432513,11.905833,64.812459,133.208841,4.719650,385.881723
2012-09-27 17:00:00,5.480367,48.315893,110.240435,77.013785,50.187874,118.297460,280.249921,339.535121,12.786278,185.127624,33.286734,126.630725,325.254577,8.934202,169.775622,22.876225,437.566770,126.426201,69.226130,97.765269,2.695230,252.104703,10.609454,44.756171,3.516318,45.717649,114.627462,3.968440,434.925174
2012-09-27 18:00:00,9.379984,47.270095,149.161614,99.172593,64.797537,82.794671,271.075072,353.533846,11.396465,166.248137,35.153280,122.878704,327.568807,4.167190,241.529620,12.241053,398.447734,131.363047,75.538543,182.489836,1.235314,357.598809,28.341339,94.516574,2.028645,118.263618,107.914422,16.874807,493.958816
2012-09-27 19:00:00,6.584279,86.801280,160.685762,73.197787,77.883171,77.645412,221.308469,322.498936,22.584459,167.742197,28.585804,110.997302,398.468414,2.825481,303.945356,15.513413,450.665452,65.037587,84.165508,148.247990,5.300619,348.589219,54.531111,169.439109,1.719518,155.385254,87.683341,39.219626,429.266997
2012-09-27 20:00:00,4.912081,119.848515,84.800335,58.324066,44.407071,69.515002,112.322389,371.890665,12.276680,235.789842,26.961218,80.512128,437.179179,1.641620,356.420362,14.392327,589.794692,30.050370,47.763926,46.082484,7.973389,323.689989,36.502458,282.844902,4.037969,189.605051,81.843916,24.525673,400.410297
2012-09-27 21:00:00,6.388318,110.227168,73.276187,82.781146,61.381609,74.664262,114.268569,382.191614,12.809442,320.407971,25.336632,90.048516,510.393016,1.057582,444.922984,15.452814,618.824202,27.689270,14.097723,60.643268,3.818243,326.966204,21.441484,280.096097,14.954011,120.891699,67.728139,18.769648,424.929062
2012-09-27 22:00:00,9.882950,216.794041,69.144888,70.639333,37.102240,118.568474,127.613803,453.373811,29.649340,417.793522,25.267500,138.043124,567.828009,1.610051,437.572869,15.604312,601.654309,47.222011,16.201860,97.365248,4.244987,249.975164,7.790159,299.126280,31.105888,115.197525,69.291450,17.732848,281.022771
2012-09-27 23:00:00,10.568812,188.557480,48.705833,49.217706,37.943083,254.346315,129.838009,292.256407,27.518294,445.637368,30.763441,232.625332,548.893396,1.625835,370.759112,12.119854,561.650227,109.254561,16.412274,31.601703,2.762611,270.287693,4.748287,279.320794,6.684868,178.380958,67.498241,5.327005,295.922636
2012-09-28 00:00:00,8.805166,232.271860,67.840268,51.255796,45.037704,326.842467,131.506163,231.903412,26.058991,482.717222,39.024635,440.393523,580.030316,1.026013,354.673204,11.816858,659.890339,118.698963,17.253929,23.041242,8.175531,252.432324,6.528895,313.504641,14.142553,140.219040,71.728376,3.789681,286.492341
2012-09-28 01:00:00,7.773107,189.917018,81.756220,57.413430,41.306459,339.444602,118.160929,195.850091,39.100068,308.319666,37.538311,577.967644,495.455710,0.741886,407.268703,14.968020,503.237187,124.065100,34.507858,22.721225,11.432268,176.260338,8.012735,223.639889,13.215172,123.355524,69.705268,5.148246,198.601998
2012-09-28 02:00:00,8.863954,174.752939,49.140707,76.840330,44.827493,267.219463,126.223675,139.458999,41.439586,299.898601,31.904108,537.320744,423.083411,0.773456,316.838182,32.784205,492.616635,87.575365,37.453651,17.200927,6.199029,205.746268,4.674095,238.159213,8.172541,132.334799,89.338612,4.504716,219.725858
2012-09-28 03:00:00,10.235679,188.034581,78.929542,35.601530,51.606798,252.042699,103.981617,83.199971,32.220494,251.137913,31.904108,501.207538,408.566875,1.073367,271.050576,32.541808,601.831318,54.090667,59.336683,17.680953,9.927431,149.723001,6.603087,199.816919,7.167878,112.514693,108.696077,4.111447,263.482423
2012-09-28 04:00:00,9.830694,129.051542,150.031361,13.789630,49.294477,270.878148,89.246255,112.253929,30.552719,287.267002,38.886372,478.695409,431.498795,1.499557,238.878759,30.269336,792.293229,45.934138,51.130546,9.280500,8.332753,233.266470,4.451519,167.536091,5.757487,79.718439,130.766346,6.363804,308.182018
2012-09-28 05:00:00,9.131767,101.860780,153.727786,15.914448,70.420681,201.769666,151.245989,115.423452,11.929227,234.431605,46.248858,442.582202,462.635714,1.562696,185.259063,37.783645,865.929061,37.348317,34.718272,18.881018,4.020385,223.437826,8.161119,171.835502,3.458356,92.585083,147.732866,7.579363,287.812583
2012-09-28 06:00:00,5.202881,119.852091,148.468336,26.092371,42.517483,283.204759,146.088070,55.588850,6.428167,139.062652,49.583030,605.749653,493.408682,2.961541,187.951168,55.769661,1007.430818,48.273968,98.870722,12.532695,5.195387,211.403740,17.203792,283.035149,1.911280,134.827739,158.983541,10.918991,268.110177
2012-09-28 07:00:00,9.959638,95.958769,222.190929,30.054002,65.307956,372.913713,197.166164,68.799435,6.070434,75.969205,74.902768,727.891051,515.894289,4.359185,228.333122,109.124718,902.458674,46.944306,231.664732,48.054142,13.328507,233.544594,37.713399,189.871508,2.645308,118.970958,154.088383,17.183774,309.605052
2012-09-28 08:00:00,17.778465,113.581095,321.918988,31.789795,87.907104,403.698779,144.615010,78.585034,7.528913,79.564314,96.862455,715.545193,761.903908,5.394451,158.903105,126.602639,964.717373,111.749574,86.765935,14.481695,24.117203,366.906072,57.850338,279.681960,2.796231,150.408774,190.327128,21.969912,351.486090
2012-09-28 09:00:00,29.321328,114.217843,283.282921,46.663531,81.026142,329.476900,149.712855,120.111110,4.502635,90.848103,126.214962,662.927525,976.755905,7.326939,136.267359,131.647475,1115.991942,187.178974,120.758829,21.652415,24.623899,427.485407,73.419059,332.225794,5.805149,133.626106,221.980874,26.659598,428.235527
2012-09-28 10:00:00,27.114831,81.797139,394.761819,37.340175,110.370966,312.058904,218.270135,140.130933,13.006841,104.392933,191.434975,704.801124,870.928786,7.155178,161.268456,133.703960,1046.532563,322.555734,169.875245,37.057889,26.597674,433.526974,85.807620,363.419585,14.421332,124.944279,256.041781,37.920638,668.611037
2012-09-28 11:00:00,22.314792,104.670134,428.991342,37.494490,132.818067,311.037555,342.144425,164.598798,12.878642,165.612336,210.576199,550.705883,817.368071,3.948174,128.042088,138.205538,1209.524817,325.247114,217.823614,58.594149,25.952675,426.992493,100.933984,330.716258,16.992149,132.162827,286.574523,40.244549,790.967560
2012-09-28 12:00:00,19.035945,73.572113,421.294567,43.345238,141.346978,311.700701,415.795040,169.130241,7.594363,187.533115,216.874030,500.128128,817.005440,5.302848,56.456344,120.416608,1015.838201,283.764809,212.516322,53.392486,30.060707,400.297975,98.250698,331.971854,15.796021,143.385469,310.710182,38.035627,891.554114
2012-09-28 13:00:00,14.534949,68.352023,437.296274,56.125614,163.921775,362.387985,354.049520,110.127831,11.317131,181.583982,186.931800,710.238666,876.602562,8.266559,47.576387,170.107354,1068.194882,235.020207,197.229035,50.243645,25.904541,503.798914,51.412099,376.470392,15.191250,203.851759,347.396902,36.530862,860.707112
2012-09-28 14:00:00,18.785094,83.894720,332.182367,57.864654,229.331315,324.804601,275.544125,58.787773,9.504280,245.379579,168.934550,645.654396,959.365041,10.509379,20.766707,134.848876,909.003445,183.436231,249.557510,59.697830,17.126281,574.239697,39.864604,460.367966,15.418134,336.687041,379.274511,31.051944,744.254231
2012-09-28 15:00:00,27.307291,157.603084,376.247828,51.977854,199.450292,278.178335,233.230781,35.173851,4.081812,288.688933,180.291079,678.398774,732.650317,11.354962,27.131011,145.201434,944.849354,134.544986,249.117661,58.878623,14.100040,566.628612,48.847375,421.563086,18.258061,342.127133,356.716179,18.197470,690.103676
2012-09-28 16:00:00,26.605684,158.046727,489.886527,87.414596,171.351808,338.279587,177.951680,67.591418,9.380186,419.798271,170.844574,880.337673,604.059378,6.567638,29.054874,121.051039,562.645827,123.166227,283.318678,59.407907,10.592995,461.148907,45.327422,348.711635,12.751159,308.275659,359.514684,11.241605,683.107358
2012-09-28 17:00:00,28.277125,190.335338,535.981602,49.521251,187.350544,478.474607,73.954840,182.775810,21.889552,454.330081,183.509110,1031.805910,839.644900,3.362164,18.194549,119.047267,298.614539,67.827979,179.903773,58.963178,3.458879,481.931148,45.257112,357.978883,18.644212,268.830725,340.801744,27.350058,588.450366
2012-09-28 18:00:00,22.306856,209.578031,571.858666,47.786707,260.083546,521.023751,112.322389,252.373246,42.250310,277.623523,184.822605,1231.444720,929.268736,4.025126,55.427102,75.991485,356.142533,57.739640,138.662674,72.963933,3.908084,478.327312,23.444668,474.556373,22.740143,279.781060,298.730293,36.574000,602.218595
2012-09-28 19:00:00,8.628802,199.329206,630.566590,26.104898,244.948355,631.055294,147.075603,226.092620,59.414499,166.248137,152.330881,1336.813990,1084.111794,2.778126,106.757417,149.286303,429.955374,67.613333,108.783919,50.002695,5.390460,607.901594,11.277182,533.972832,80.005889,311.756039,284.476577,42.580287,615.421007
2012-09-28 20:00:00,31.190407,270.757247,510.758938,26.711988,202.222971,563.030867,140.959038,165.475498,85.983087,156.468835,124.505522,1171.725045,1239.586007,2.351937,84.707071,252.426261,209.224888,80.921354,82.692611,38.082053,12.263297,599.874868,26.412347,509.092630,101.451563,374.337203,322.823670,20.521482,582.226371
2012-09-28 21:00:00,7.655530,281.842712,506.845076,24.543808,256.299748,392.698785,172.375943,129.158051,120.566263,171.001965,112.684065,753.687317,1153.538709,5.729886,104.347544,211.552053,67.794528,69.330497,58.495028,28.561539,7.681406,509.123728,39.841097,472.935283,99.693404,362.018076,324.524920,35.322690,397.958420
2012-09-28 22:00:00,12.802764,367.284454,340.723395,47.699979,190.976683,193.774763,200.178515,80.162512,103.077785,149.134358,104.699396,536.070071,967.769116,4.909076,122.240858,133.530492,115.055987,61.603259,51.130546,23.361259,6.827916,533.203904,47.482872,484.846768,86.033862,358.623473,317.581981,29.459409,319.121160
2012-09-28 23:00:00,16.192884,401.691227,511.411248,75.539422,115.405833,210.171089,190.447615,123.215195,85.913597,187.029154,114.101257,666.609152,763.064909,5.650962,114.830495,69.961858,140.014286,71.047661,47.974339,22.321203,12.869724,657.044811,49.486055,506.061897,97.104467,374.939472,303.006408,17.303828,475.852651
2012-09-29 00:00:00,21.313989,354.421132,502.278905,119.510130,138.213725,220.198594,241.604347,218.565004,54.804953,386.418260,136.638070,706.787048,443.069947,15.926873,60.126356,33.511397,164.795576,71.906243,63.544958,29.201574,14.127498,883.595041,77.901587,486.890750,52.339037,380.688398,300.109685,23.560377,645.220737
2012-09-29 01:00:00,27.153617,335.910497,390.298976,124.757128,155.661237,226.838429,183.774998,296.482437,79.311986,393.209442,145.452314,542.167105,321.888423,20.283480,25.725405,6.029627,174.000055,104.747005,55.338821,27.361475,14.486862,1021.687481,65.140565,524.598705,37.558910,456.136206,278.591172,21.451026,772.906922
2012-09-29 02:00:00,24.664917,418.424004,395.734894,142.883120,181.096767,355.976435,234.653704,304.406244,76.115416,238.370491,151.051952,591.725056,240.679971,24.498024,11.627642,2.999664,145.501572,110.327788,55.128408,30.561647,10.533858,1062.803972,37.170186,533.831868,43.239116,481.759990,192.425162,21.772792,737.260410
2012-09-29 03:00:00,25.892937,463.602502,425.523730,163.654293,176.314467,368.714077,285.254384,530.366801,33.563980,199.932400,183.681938,542.792442,116.553063,0.000000,39.160452,6.362923,130.278779,138.231704,69.646958,34.081837,7.950929,1131.768287,40.137865,576.191645,0.000000,520.907438,189.942256,22.523578,600.521142
2012-09-29 04:00:00,24.005182,406.711060,470.315701,164.001202,150.616173,294.049815,360.877378,648.299458,11.674428,222.750772,178.566220,458.840962,119.498447,0.000000,63.741167,9.271688,150.103811,155.403344,81.850956,37.282009,6.535933,1093.764199,28.860683,608.331509,0.000000,525.561330,141.111785,20.986254,533.000235
2012-09-29 05:00:00,34.619719,526.977894,522.935396,179.785559,151.824887,221.147142,609.988419,635.357241,6.925901,193.548689,159.244014,298.285709,160.523442,0.000000,39.582180,18.997871,148.510728,206.059682,90.477921,23.441263,7.007598,1176.488614,22.480172,652.664787,0.000000,526.930122,168.929521,16.410035,754.989363
2012-09-29 06:00:00,20.017781,632.238797,455.572792,176.896258,192.256066,133.379413,758.311495,761.989774,6.208623,221.756501,172.398242,249.192723,190.225988,0.000000,33.620685,26.160511,152.029914,112.906680,98.665336,29.629923,15.764840,469.062240,38.120599,645.044352,0.000000,509.073511,320.859285,25.003120,1050.759588
2012-09-29 07:00:00,14.827873,697.137494,362.391810,179.714908,243.230360,148.373640,595.858553,958.218730,28.620090,250.156249,190.657442,209.343900,136.348741,0.000000,16.399504,50.114328,172.159802,66.215217,98.582349,31.197557,47.179741,0.000000,73.311677,656.266853,0.000000,502.824713,279.317243,27.403898,1198.508280
2012-09-29 08:00:00,4.106427,721.668367,307.468774,155.119202,254.290129,135.294977,596.504950,984.588105,10.873386,209.931693,185.943311,185.323562,92.596675,0.000000,16.666305,69.947163,205.879131,89.566641,116.017638,36.521106,74.035713,692.657035,82.512260,611.350783,47.216126,478.784220,167.977733,37.671325,1210.578531
2012-09-29 09:00:00,4.196147,716.217516,457.592086,167.451748,260.021239,78.272479,824.339302,955.695610,14.114149,223.548559,187.988842,250.798500,84.797471,0.000000,30.916010,102.923654,305.906633,130.453840,192.311777,32.395062,73.486041,0.000000,133.315289,620.002284,0.000000,465.998042,110.113926,65.129512,1274.866290
2012-09-29 10:00:00,7.268058,579.076252,632.444468,147.365603,259.715423,89.377811,710.837710,1028.095688,34.099813,277.599639,179.182156,276.625112,131.754343,0.000000,29.398278,122.449813,453.837296,196.104510,206.623273,53.137700,68.540225,0.000000,138.780439,695.868779,0.000000,487.764145,81.666839,31.872413,1265.706600
2012-09-29 11:00:00,1.672148,549.084896,655.519014,151.401411,288.821283,213.781667,686.173749,1010.057739,50.200596,237.465697,182.057080,332.569910,139.228648,0.000000,43.696373,110.994881,575.696958,262.329913,192.597652,65.799801,76.749376,0.000000,145.214638,645.316303,0.000000,542.969691,62.102869,68.737915,1253.343636
2012-09-29 12:00:00,3.538756,598.298876,789.608302,151.656980,311.293065,224.349482,681.260458,941.220705,55.664769,289.522264,193.134125,343.518944,171.357445,0.000000,47.615362,105.075457,659.593643,284.670870,184.179710,67.901697,75.099685,0.000000,121.311668,0.000000,0.000000,388.667616,69.576138,131.804031,1350.965677
2012-09-29 13:00:00,1.436963,501.559372,985.889356,143.298508,323.064734,281.517793,766.451614,844.761582,78.705128,322.787588,204.436365,418.201222,207.244975,0.000000,77.487582,62.746570,529.093513,237.124573,188.231504,79.502607,70.690955,0.000000,86.837503,0.000000,0.000000,0.000000,66.624517,0.000000,1156.337301
2012-09-29 14:00:00,1.178029,489.876423,1136.869973,141.988421,308.624724,373.055877,1114.488065,779.361146,134.222445,420.507911,211.611593,300.902960,251.683250,0.000000,119.454201,37.007569,328.010431,229.922791,254.818659,70.003430,59.365502,0.000000,76.953970,0.000000,0.000000,375.786222,42.510062,0.000000,1059.710413
2012-09-29 15:00:00,0.910130,350.288951,1062.559558,149.856437,266.963596,345.243585,1000.623393,661.509494,82.802182,358.560008,255.629358,269.480085,328.231382,0.000000,101.831388,19.176646,189.684954,196.103465,211.589940,48.767029,76.457627,233.558755,68.915969,611.968993,0.000000,495.673565,15.495984,242.305308,1018.906915
2012-09-29 16:00:00,2.007063,384.097802,1244.940136,137.223896,263.036770,453.876467,684.161644,628.556299,68.236788,334.482542,185.004688,280.924254,466.898610,0.000000,77.266060,10.595231,141.193073,134.598162,188.253838,35.163938,58.505616,1232.433583,47.285303,520.363285,0.000000,450.583669,8.031745,240.796127,1129.214770
2012-09-29 17:00:00,1.959607,353.375333,1442.475434,107.628499,210.473753,567.909113,382.563384,611.849947,48.157015,453.379316,146.662112,511.994599,351.973420,65.428036,54.101671,9.392887,126.738595,80.921354,150.656259,27.921505,71.558360,1069.028780,66.179253,424.091147,0.000000,328.783810,5.195709,219.873019,1098.817894
2012-09-29 18:00:00,4.676928,302.654103,1631.645411,99.519502,208.371643,669.674740,299.989747,519.933788,64.904259,540.578094,136.810898,817.940685,411.722643,25.050493,39.341193,7.271912,182.319488,65.896169,126.879503,18.561000,71.468519,1044.293360,97.488271,430.575506,173.999767,308.799448,5.425608,241.860321,999.988410
2012-09-29 19:00:00,1.822434,283.411410,1708.183149,104.939955,192.080291,604.902477,253.281427,475.164280,76.833486,576.163888,106.496811,977.714267,573.929163,21.483126,91.996939,9.574685,253.123172,34.343280,101.629851,25.841393,76.971281,934.376365,117.742684,438.962883,156.881869,360.704036,9.149966,202.855205,850.801154
2012-09-29 20:00:00,0.992867,197.028449,1846.472925,60.535610,153.821891,508.963643,295.819361,402.265258,86.168396,439.796952,98.719536,1098.716960,655.558384,16.510911,245.445665,28.451357,256.132329,21.464550,86.900887,26.401423,98.690344,859.023432,123.010315,385.607889,148.844571,367.712251,12.782364,167.174998,772.152499
2012-09-29 21:00:00,1.730986,209.578031,2008.028434,24.413717,132.327817,684.173971,332.518755,387.077961,52.048491,354.228057,89.006585,1235.665744,861.524898,11.159860,238.939006,42.995182,267.814937,29.621079,75.959371,11.760634,78.678260,830.520367,90.662608,335.565556,128.983172,296.097059,13.242162,123.343401,748.010945
2012-09-29 22:00:00,3.298671,229.239044,1921.271169,9.583359,75.675956,722.115882,260.510095,387.606215,41.787039,323.939385,93.569252,1229.881378,934.107581,11.096721,173.571174,40.601511,267.637927,47.007365,83.534267,8.240444,56.195549,772.039938,56.089142,260.431575,111.111777,224.372365,14.069797,131.316032,660.875026
2012-09-29 23:00:00,7.825363,186.884203,1557.499477,7.068270,73.205977,839.058274,231.595421,484.408721,39.239049,347.572699,110.782953,1208.307254,888.874894,12.470000,172.968705,49.661102,230.111975,28.547852,78.905164,6.400345,52.152703,532.384850,44.960344,157.316178,75.620152,154.837737,20.920776,199.101275,510.744740
2012-09-30 00:00:00,5.382386,141.287385,1235.475643,13.963085,75.728509,980.527402,188.779461,530.895055,63.259647,296.503010,143.067283,1099.185963,809.559904,13.306594,190.500538,32.541808,175.770147,23.396360,71.961509,5.920319,44.156854,396.749572,34.425082,90.992466,102.572148,71.231929,34.438816,188.661776,496.599299
2012-09-30 01:00:00,2.501765,149.862934,1080.660673,16.694993,61.434161,853.150984,169.595686,485.201102,65.900292,190.153098,143.067283,975.994590,682.066842,11.238784,241.409126,9.150490,121.251310,26.830688,99.946541,6.320341,41.147180,351.537812,21.886636,62.658639,115.362271,54.149407,44.186519,177.364235,558.462030
2012-09-30 02:00:00,3.161499,80.212750,1021.735313,15.003812,55.811018,839.871315,195.452078,452.977621,39.123231,178.743912,108.017700,915.493244,593.074160,4.530240,266.170582,9.241389,91.159744,24.684233,135.085640,8.160440,45.998594,347.114922,29.231643,41.936884,120.153737,55.572950,36.553884,172.180237,436.434021
2012-09-30 03:00:00,2.018395,44.028119,957.591470,15.827720,49.294477,787.972200,191.837743,362.646224,36.528914,186.757507,80.226906,944.727745,520.070707,2.809696,206.345460,9.514085,113.462904,17.171640,155.706190,10.080543,54.084285,357.926430,37.244378,44.121831,134.508814,75.064547,21.196655,138.323368,393.054667
2012-09-30 04:00:00,0.777311,24.680846,838.001255,11.578086,30.585699,683.902957,185.165126,344.289405,13.481184,156.197188,59.764033,868.905644,528.486091,2.478215,163.811184,8.423299,138.952231,13.522667,156.968672,10.560569,51.815800,240.474142,44.070040,41.795920,139.435523,55.025434,12.552466,108.184676,269.517812
2012-09-30 05:00:00,0.875291,18.824374,749.287058,6.721361,23.438525,553.138869,157.084529,274.031651,4.702200,104.312557,44.382313,760.722357,427.501488,1.562696,134.290228,8.514197,117.534116,15.239831,130.877365,13.760742,43.527967,265.373372,42.660393,55.539941,131.939197,65.044990,6.115304,77.759970,258.767276
2012-09-30 06:00:00,1.273589,19.385223,825.515560,5.629643,27.119125,484.831186,160.669976,251.692562,8.215802,89.360298,32.979720,682.847976,499.576636,2.889369,177.026434,10.081321,157.677286,23.138126,111.560377,11.654558,33.306562,239.971850,33.132754,85.077376,119.221341,85.728056,7.924963,75.066816,262.471086
2012-09-30 07:00:00,4.564056,43.934488,934.052769,17.177961,49.154865,458.721100,225.942909,246.849716,20.193797,118.993170,28.793465,553.694544,583.976686,6.637485,237.389154,20.136488,252.944315,106.682115,182.765210,36.208039,34.047454,271.692378,49.136584,94.155558,106.012884,99.332798,8.951691,81.560304,398.135977
2012-09-30 08:00:00,7.365970,91.723251,1005.894302,37.469529,70.423805,543.177711,349.546937,293.653724,30.594959,177.072517,39.807059,462.942801,593.083572,13.922698,184.002248,31.661874,256.710556,221.785586,254.858382,64.303941,38.821819,342.681299,78.932305,117.019323,125.756987,122.185644,13.601090,102.373562,546.704514
2012-09-30 09:00:00,8.077235,127.838406,1078.309091,56.707960,88.007010,538.648322,417.898450,319.943384,46.861266,227.356649,52.874832,458.687492,583.008022,19.204695,204.019381,44.773477,304.518986,313.399079,282.946009,95.167542,44.179006,373.411877,110.659918,122.588891,149.171957,123.368976,26.543058,115.650394,640.609982
2012-09-30 10:00:00,11.625929,147.941822,905.690355,74.841611,117.189189,441.407674,501.581847,334.560220,60.523589,262.565303,63.311071,407.772231,566.732217,14.906291,230.115307,50.658966,352.366816,392.654351,326.408639,117.410795,0.000000,457.254735,0.000000,161.133829,157.724287,165.183859,46.522249,0.000000,663.743229
2012-09-30 11:00:00,12.713458,190.066707,879.940464,85.968650,124.821441,431.890198,534.714834,336.725583,67.146731,285.066059,61.474327,369.505568,535.727872,20.869568,199.009476,55.972820,380.962761,419.693995,319.855929,124.386107,0.000000,460.416183,0.000000,193.410969,151.198149,192.539638,75.918473,0.000000,560.227028
2012-09-30 12:00:00,12.632699,205.169994,720.219740,83.507645,119.662470,380.545136,537.081435,315.018887,61.305298,291.606162,62.321685,317.505492,477.348718,26.977662,166.366068,55.628339,385.788331,414.453529,311.043981,126.403650,44.129681,438.635074,0.000000,180.314715,141.005538,171.556068,86.718389,25.079005,475.718430
2012-09-30 13:00:00,13.634678,197.654621,649.748533,79.797110,106.681537,359.365485,516.159458,287.423524,49.809713,280.439335,75.309809,274.200150,411.950673,27.906883,133.727200,49.022278,341.704758,376.262804,281.840043,120.802718,35.721976,403.131699,110.586294,157.698008,129.552461,147.058074,87.751592,162.798642,446.523868
2012-09-30 14:00:00,13.196130,175.554116,586.658186,88.040716,90.083815,349.806566,487.595202,255.681663,40.972827,253.991447,71.597687,235.043226,326.000708,25.757054,110.694362,37.673762,279.301287,330.806036,240.906291,102.762608,29.102909,343.566320,106.513241,132.645067,117.470776,120.226085,91.570447,191.839709,380.506803
2012-09-30 15:00:00,11.560257,132.727094,392.689423,95.340796,68.351510,240.903535,504.192949,189.445989,29.704350,198.114093,64.795836,181.646760,214.715767,20.400573,86.236410,27.470417,201.791133,271.776570,197.895499,77.008900,24.820178,289.325303,87.606398,88.789227,109.227869,90.636070,102.144385,161.486458,311.944148
2012-09-30 16:00:00,10.570649,83.848818,239.390436,83.522405,38.946650,161.194280,477.668604,115.903143,18.388140,128.179891,50.381083,132.331083,104.063301,13.683481,57.065456,29.932256,105.185230,185.652490,166.677659,52.505083,15.355227,239.273747,64.578871,55.951868,105.477157,73.856572,96.165971,133.012629,192.040416
2012-09-30 17:00:00,11.816429,28.445721,139.376960,56.199248,8.933967,106.779380,392.572310,43.713001,3.242897,74.838827,29.035158,61.283018,21.879997,3.093823,35.545641,28.390758,25.312317,83.282455,124.775365,15.600841,5.435381,145.627733,46.518376,18.889218,92.699410,46.265166,68.969592,102.714664,101.469967
2012-09-30 18:00:00,14.076508,25.517485,134.158478,51.819523,11.088630,103.527216,476.536076,58.372043,3.520859,84.618129,25.405763,47.994608,25.246151,1.104937,40.546130,26.724278,29.029511,143.597841,167.068533,18.480996,5.008636,174.949852,32.570282,26.430809,73.166458,52.397353,58.991991,116.836590,131.646909
2012-09-30 19:00:00,11.470231,16.209878,179.385323,58.020520,9.879916,98.919984,504.338647,44.901572,3.289224,84.074834,19.149378,35.331536,20.196921,0.520899,34.400951,8.908093,18.939986,183.951196,187.478669,26.241414,4.761573,214.919669,16.173853,56.949584,64.356343,54.094655,55.313613,138.573630,157.108703
2012-09-30 20:00:00,6.727983,10.980885,202.216182,54.464704,11.509052,115.045296,497.944056,31.431100,2.223701,62.343051,17.179135,32.361185,15.358075,0.410405,19.158498,2.514870,13.806718,170.857820,130.666951,29.521591,3.256736,215.083480,7.345007,92.331628,42.717465,70.684413,48.140775,130.100474,178.986986
2012-09-30 21:00:00,3.605676,8.052649,163.729877,42.062709,9.774811,124.666281,446.787324,22.186659,3.173406,46.723333,16.729781,29.078167,19.986536,0.568253,12.169864,1.999776,14.160737,127.284783,97.000748,23.041242,1.549757,138.420061,4.822479,84.437626,30.313750,85.084103,33.749120,85.732602,126.177338
2012-09-30 22:00:00,1.267212,7.738909,158.076521,32.132441,8.618651,107.592421,330.850601,17.564438,2.501663,38.438091,6.705739,29.390835,21.459228,0.505114,8.615299,0.999888,24.604280,84.999619,89.636266,15.840854,1.212854,81.741551,4.303135,53.073065,22.199171,60.719608,29.564965,57.452999,66.955090
2012-09-30 23:00:00,1.476237,5.019833,116.328664,29.096987,7.620148,133.338718,256.617735,18.620946,0.764397,25.534845,3.283738,35.331536,21.459228,0.757671,5.181229,1.030188,48.500524,61.817905,92.582059,6.640358,1.235314,43.737463,5.341823,27.629006,20.576255,41.228011,27.357938,61.886211,23.952948
2012-10-01 00:00:00,4.173962,3.241976,90.236253,32.002350,4.204220,156.645892,271.353098,19.017136,0.625416,20.781017,2.557859,48.463611,24.404612,1.562696,5.361970,1.908877,62.130233,47.436656,122.250400,3.360181,1.010711,19.165855,7.270815,17.620540,16.654208,22.283932,22.438107,78.260494,14.899865
2012-10-01 01:00:00,6.009461,3.974035,62.839222,33.650167,3.521034,130.222061,230.483318,18.753009,0.741234,18.200368,2.212202,51.277627,26.298074,2.004671,5.301723,2.696668,50.624634,39.280127,106.048540,4.240229,1.190393,9.664833,5.267631,10.149431,12.558278,8.322255,31.771992,78.975528,20.558042
2012-10-01 02:00:00,4.892485,3.241976,68.710015,27.752715,4.677195,131.848143,207.685209,18.092692,1.505631,17.385426,2.799819,47.994608,24.825382,2.351937,5.181229,3.423859,44.075294,40.782645,80.798888,8.640466,1.706979,8.190536,4.080559,7.894002,7.109917,2.737584,33.335303,70.323614,21.689677
2012-10-01 03:00:00,4.807568,4.078614,83.930588,32.045713,6.043566,115.045296,178.214483,17.300311,0.787561,16.298837,3.110910,46.587600,18.934613,2.762342,2.229133,5.605433,31.861658,41.855873,64.176200,10.800582,2.470628,11.302940,4.599903,8.387377,4.540300,3.887369,37.427499,42.044011,20.935253
2012-10-01 04:00:00,6.140101,4.183194,89.583943,24.110171,6.569093,83.472206,145.129423,17.036185,1.297159,17.792897,3.663960,43.617250,17.041152,3.030683,1.747159,7.756707,27.613437,34.343280,51.761787,6.160332,3.256736,18.019180,5.786975,4.933751,5.023311,3.449356,30.070742,30.925229,28.290883
2012-10-01 05:00:00,10.013590,4.183194,72.406439,7.935542,7.357385,65.585304,125.667623,16.507931,1.343486,18.064544,4.942890,36.425875,18.934613,3.109607,2.590615,10.635172,27.259419,22.323132,42.713995,3.200172,2.268485,18.346801,6.157935,3.453626,5.699526,1.806805,25.472769,23.524625,41.681901
2012-10-01 06:00:00,8.332955,11.337683,87.588624,3.837440,11.124203,67.314894,103.753818,23.287219,2.381901,27.786029,6.933260,45.735939,48.024945,3.972364,6.807726,19.310742,38.441881,21.563710,39.543819,2.845162,4.514934,23.168758,13.453188,4.776064,7.095383,4.227380,25.774251,32.123373,71.675239
2012-10-01 07:00:00,11.226450,54.821083,183.308142,16.215970,32.098289,137.982989,122.083866,72.168852,12.498149,81.385281,15.412567,113.940325,142.391470,10.531112,32.456110,32.672481,99.889281,90.809881,87.693673,17.443644,16.122325,81.423195,48.481334,12.630817,13.512463,21.969445,36.047324,50.965098,139.120342
2012-10-01 08:00:00,15.520423,111.648305,296.372528,34.757489,60.776653,197.413679,251.064070,142.037791,25.099395,151.320620,31.293379,178.527209,257.232836,19.506644,67.700351,42.748772,198.874372,211.495184,179.464583,43.339113,28.813951,175.039601,90.929560,30.303739,23.816386,47.811701,52.814542,57.945413,247.246538
2012-10-01 09:00:00,17.143600,161.510786,379.655361,55.750426,85.576932,218.462868,370.260371,199.729983,35.589993,211.327279,44.977142,235.240903,360.016800,24.683775,94.120887,54.790182,285.855322,305.505726,249.087274,69.615075,38.150255,258.241851,120.464340,73.501337,32.102302,79.680769,67.948375,66.464074,335.471455
2012-10-01 10:00:00,19.324872,194.611296,454.736897,68.374649,108.490555,259.780529,452.032242,240.050439,42.979214,248.788161,49.840961,289.939242,471.264153,28.571465,116.139913,66.941183,355.660941,379.660135,297.469899,102.299023,44.376682,344.034093,140.952927,124.263495,40.937779,102.511034,79.857365,81.781225,479.789709
2012-10-01 11:00:00,20.083877,219.275431,483.878886,76.027661,123.469079,279.693159,511.497301,264.399235,46.396783,266.599730,52.027420,313.031199,533.748231,30.730151,127.369203,75.725392,415.963399,426.464990,325.620652,117.321566,47.481620,403.717899,152.011210,147.171821,44.669466,114.189761,77.487608,108.726014,611.687349
2012-10-01 12:00:00,19.476120,219.163553,482.049564,79.982548,127.644840,273.603083,547.162188,270.377755,46.944271,273.310347,53.392732,303.513121,559.753117,30.693525,127.879977,82.194184,444.741909,451.935607,353.440261,118.478875,47.188571,408.307800,154.839773,157.017780,43.503985,123.325458,79.306288,141.333719,628.241101
2012-10-01 13:00:00,19.522218,208.664990,437.154108,83.117046,118.792507,262.271514,557.652346,255.921738,45.006792,260.662730,59.834359,288.093935,526.134450,28.548366,120.172626,78.448277,399.749698,466.698513,377.393889,114.190281,43.193059,385.602923,152.747330,165.755550,40.837428,127.410323,97.026312,124.238314,567.331006
2012-10-01 14:00:00,20.891910,175.383052,358.672030,89.433941,107.582083,224.204515,551.102347,209.692986,40.167372,224.343885,65.793092,254.369143,441.754369,24.965181,105.120288,74.598975,356.842562,481.744965,356.331810,103.706667,34.069902,326.111048,127.549390,149.132580,34.438429,108.368202,88.889516,101.670303,524.635130
2012-10-01 15:00:00,14.043579,122.918993,282.611951,98.838552,84.888536,160.233915,496.079716,157.544510,29.115918,168.508898,63.362657,192.716801,359.824465,17.342428,88.510991,47.173131,301.895462,463.162021,339.699306,85.857454,22.710232,234.045186,91.901769,112.606540,23.335249,85.731000,64.007403,87.640639,477.448116
2012-10-01 16:00:00,11.471608,58.335492,164.876089,100.927835,58.541050,85.367150,399.683519,101.683421,16.843036,104.841541,56.805248,121.819231,209.817455,8.568376,80.760882,31.778546,206.069239,348.560489,276.841430,70.004243,11.529257,125.457987,57.329854,91.225163,13.585403,48.084084,33.806227,60.832894,369.996980
2012-10-01 17:00:00,7.786171,7.634329,60.882291,91.497233,27.485087,12.737642,278.025715,17.828565,3.335551,33.684263,39.785079,35.956873,124.758062,1.199646,34.641939,28.208960,170.105852,156.047280,187.057841,31.521699,1.370075,27.847823,15.506125,49.407993,2.936705,22.393435,16.414763,33.749615,217.839799
2012-10-01 18:00:00,4.683460,5.542732,34.355007,127.228854,24.121711,7.046355,324.734035,16.772058,3.798822,26.078139,24.230530,28.921832,82.681144,0.441975,33.256261,24.754802,174.354073,94.014730,166.437292,27.601488,1.302695,19.821098,8.977230,22.836219,2.956025,11.059838,8.414290,25.097701,168.047845
2012-10-01 19:00:00,3.207223,3.660295,26.744721,139.197212,12.244790,7.046355,268.016789,13.206345,2.316355,24.176608,16.556953,26.576819,54.279224,0.284127,16.146156,8.302100,99.302167,60.530032,154.233293,36.721979,1.998962,15.725829,4.525711,17.620540,7.573607,6.953463,9.517804,22.309067,98.452273
2012-10-01 20:00:00,2.782642,4.392354,33.485260,122.935856,7.882912,12.737642,258.841941,11.225393,1.783593,28.794612,20.359176,24.075471,38.921149,0.394620,9.579249,3.757155,74.520878,45.934138,124.354538,35.921936,5.098477,12.121994,3.561215,16.633789,4.694864,6.953463,10.667297,25.598225,53.186860
2012-10-01 21:00:00,2.266612,10.667145,36.529375,117.818949,7.042068,17.480381,292.205027,13.602535,1.459303,31.511085,27.272309,31.110512,29.664227,0.615608,5.904191,3.757155,55.580892,55.163894,103.733988,30.641651,3.908084,12.941047,5.416015,14.942218,2.550296,9.636295,8.920067,15.551994,30.176942
2012-10-01 22:00:00,2.135971,19.765593,52.184821,120.377402,4.151667,20.868051,285.810435,12.149837,0.833888,32.326027,31.904108,32.986522,20.407305,0.836595,5.964438,3.878353,30.799603,48.295238,87.111301,17.040918,3.413958,13.432479,3.709599,14.237396,2.105927,10.676577,7.218817,12.799112,15.842894
2012-10-01 23:00:00,4.676928,24.994586,47.183776,93.231778,3.678692,37.941912,218.806238,12.281901,1.273995,26.485610,33.839785,46.431266,21.248844,1.073367,4.879995,3.484458,20.887087,26.186751,91.109162,11.360612,2.785071,15.234397,3.264447,12.052449,1.758159,10.293315,8.230371,14.944215,9.807506
2012-10-02 00:00:00,7.341993,20.288492,41.747857,82.954600,3.521034,41.871610,169.317661,15.451423,1.320322,23.497490,32.906512,45.649595,15.147691,1.736329,4.940242,3.242061,21.595124,25.542815,111.098470,7.280392,3.077054,18.510612,3.783791,9.444609,1.874081,8.048496,10.207500,15.623497,9.430294
2012-10-02 01:00:00,6.290338,17.778576,41.095547,66.476426,3.310823,36.857857,133.452343,14.526979,1.227668,19.694428,39.232029,42.366576,13.254229,2.130949,4.759501,5.332736,18.585967,28.762497,112.992194,4.800259,3.413958,19.984908,4.525711,8.739788,1.564955,7.391476,11.494932,11.261789,8.487265
2012-10-02 02:00:00,2.887154,19.556433,41.965294,73.544695,2.942954,31.302077,115.936723,14.394916,1.111850,19.830252,56.722255,43.148247,11.150383,2.399291,5.542710,3.969252,21.241105,29.406434,108.152678,4.800259,2.874912,23.752555,5.193439,8.457859,0.734176,8.815020,10.115540,9.331196,8.298659
2012-10-02 03:00:00,0.855695,22.380089,53.054568,73.674786,2.837848,29.540488,95.084795,16.375867,1.135014,18.200368,48.322798,39.708894,10.308845,2.162519,4.639007,3.393559,22.834188,27.689270,107.100609,3.680198,2.538008,24.899230,5.786975,6.907252,1.120585,8.158000,6.437162,8.330149,10.561930
2012-10-02 04:00:00,1.064720,24.367106,52.619695,80.266056,2.627637,36.044816,90.358357,16.904121,1.111850,13.446541,39.059200,33.142857,9.888076,2.525570,3.675058,2.726967,21.064096,29.406434,99.315299,3.280177,2.627849,18.346801,3.709599,7.118698,1.139905,6.077436,5.747466,5.791777,8.864477
2012-10-02 05:00:00,1.476237,21.020551,41.312983,59.278065,2.627637,36.586843,89.524280,12.810154,1.065523,13.854011,23.193561,32.048517,7.363461,2.557139,2.409874,2.787566,17.169893,33.484698,101.629851,2.800151,3.571180,12.285804,3.561215,9.162681,1.120585,4.325382,4.873851,3.718178,7.732841
2012-10-02 06:00:00,1.772266,20.412996,73.069827,42.380107,5.567878,49.853949,84.192562,14.127379,2.360015,18.908016,14.074098,44.096182,33.255595,3.450771,4.676257,7.624936,38.601350,33.617710,85.544796,4.187739,6.089597,25.320932,11.793938,9.845172,2.524356,7.684835,9.982009,8.691932,24.385439
2012-10-02 07:00:00,4.467133,49.132026,170.099579,47.341404,22.522797,102.896170,136.807171,50.496622,11.624853,66.000244,15.823736,100.508508,115.654421,8.505028,26.671403,22.142544,117.680376,89.501038,124.744102,27.558876,15.844761,88.313876,46.734017,30.666331,10.171498,31.550720,28.490201,28.104636,92.977443
2012-10-02 08:00:00,7.758393,97.016977,282.248242,58.429800,49.710100,159.410135,286.581529,99.247482,21.460584,109.271117,28.116535,168.932437,206.478616,17.904821,58.480774,36.510197,207.599086,203.007774,212.101075,61.810295,27.668400,174.044733,86.311432,66.381900,19.607378,58.754127,50.494361,48.155307,179.147307
2012-10-02 09:00:00,9.988834,140.409080,345.644488,66.601919,68.189562,203.667069,399.809950,151.012853,27.667930,155.108517,37.120960,223.253501,298.085475,25.934950,76.928966,44.336681,269.290569,302.649728,275.987545,93.496251,38.447238,248.212360,118.022269,97.803075,27.309623,76.339006,66.069344,57.516417,258.712542
2012-10-02 10:00:00,11.383861,172.693532,416.913218,77.018342,80.068428,233.543638,480.617146,194.454725,32.442773,194.674334,37.435220,251.876886,339.217794,27.102079,89.860177,49.934523,308.863186,375.593404,320.377338,112.219029,44.089370,310.153622,139.090517,119.762129,32.470726,97.967370,66.708312,61.941421,314.461708
2012-10-02 11:00:00,12.860372,183.620704,416.277143,80.674196,92.940734,244.181890,521.946990,214.932209,35.880419,207.312188,41.085237,279.449789,352.392010,29.017372,93.026437,49.968819,318.690349,417.641158,332.635004,120.145757,47.298537,365.498900,149.659847,130.381032,35.756223,113.986610,63.582145,63.799811,366.651709
2012-10-02 12:00:00,12.508467,181.256309,417.521677,88.225612,98.814319,246.302540,548.006805,224.463818,37.093216,219.427506,53.440423,274.458141,370.461596,29.986766,96.055555,50.200771,323.874014,427.869847,332.691733,120.467278,47.162600,415.400470,150.590172,133.388352,36.633409,123.281825,62.168930,61.988824,426.764341
2012-10-02 13:00:00,10.797903,184.313646,408.043072,92.355264,114.481053,208.089188,563.574510,221.007128,39.349083,217.741510,97.486690,264.755236,387.689202,30.071550,91.466283,52.853839,291.512207,407.216245,320.355832,112.865140,43.225049,415.924708,144.121748,132.446556,33.656876,126.303712,67.842276,65.905694,459.359859
2012-10-02 14:00:00,9.182300,168.921943,354.064282,88.740162,98.006736,167.112227,605.921124,217.461044,36.177956,195.592588,123.586853,239.258561,324.583950,31.618781,83.027940,49.317196,225.957896,370.492988,322.171849,95.325621,36.138549,347.037550,120.832297,123.777840,31.333233,113.574883,60.778649,61.651615,442.250812
2012-10-02 15:00:00,9.142498,135.845004,247.967887,103.011219,96.755737,130.055729,556.612463,181.390671,30.446262,149.931674,107.808759,186.145659,223.971806,23.636227,64.965614,38.603683,155.327262,290.088994,293.386483,73.026465,25.150626,279.708023,83.394542,100.261833,21.112820,87.603026,38.037773,42.479118,418.043971
2012-10-02 16:00:00,7.414155,77.872221,149.198185,105.043363,73.188376,73.327122,394.058204,119.376881,21.304063,91.629588,88.241661,96.720197,130.911046,10.554101,36.610704,30.306952,89.920315,183.751838,212.004371,45.916341,14.266853,190.805662,53.199229,71.259628,9.402941,53.277278,9.655743,18.573125,349.383921
2012-10-02 17:00:00,3.886553,27.609082,81.321346,93.882232,40.780932,31.031063,229.093189,45.561889,7.296517,16.706308,49.463465,34.862533,44.811918,1.925747,4.699254,15.513413,15.045783,53.017439,155.285362,12.080651,4.649272,83.871090,17.657693,49.407993,1.178546,27.923354,7.632635,3.646674,198.601998
2012-10-02 18:00:00,4.278475,16.732777,106.978884,109.363044,33.528653,34.960761,341.415578,38.034273,3.798822,14.804777,25.544026,31.423180,47.967687,0.599823,3.675058,6.544721,13.629709,78.774899,210.413770,25.361367,2.717690,56.187078,5.861167,63.433943,1.023983,32.303488,6.805000,2.252358,114.672379
2012-10-02 19:00:00,2.397252,10.562565,125.243571,100.560229,18.918989,42.278130,323.065881,18.885073,1.829920,12.767422,19.978954,44.711589,36.606919,0.615608,4.879995,1.787678,9.912516,67.613333,182.849566,26.881449,1.976502,55.859457,4.080559,63.504425,8.520308,29.182643,11.678851,2.645627,60.542490
2012-10-02 20:00:00,1.201892,13.804541,121.982020,93.622050,10.930971,50.950567,312.500904,10.168885,1.690939,11.137539,22.052894,49.401616,29.033073,0.899734,9.217768,0.757491,9.027470,85.858201,159.283224,56.963070,3.009674,55.531835,4.377327,46.729671,12.287792,14.728201,11.494932,3.968440,41.304689
2012-10-02 21:00:00,0.914483,21.752610,120.459962,97.177867,8.723756,51.763608,371.164330,8.584124,2.107883,12.903246,34.565664,35.018867,28.191535,1.136506,12.772332,0.848390,17.877930,86.716783,167.910188,69.603751,1.864201,29.485930,3.116063,29.179614,7.708850,8.869771,6.115304,4.004192,39.795842
2012-10-02 22:00:00,0.614010,30.851058,138.289776,104.766500,9.459494,43.633198,298.043567,7.659680,2.988098,15.076424,34.980452,36.582210,30.295381,0.962873,11.446901,1.969476,26.905400,41.641227,186.005772,52.642837,1.639598,26.537337,3.338639,12.686789,3.477677,7.227221,4.506013,2.466868,48.094501
2012-10-02 23:00:00,0.509498,37.962488,93.715241,115.260496,10.983524,45.259280,227.703061,9.772695,2.524827,14.804777,38.886372,39.865228,25.246151,1.089152,12.109617,2.605769,26.728391,23.181714,174.433015,25.601380,1.864201,19.657287,4.525711,21.426576,1.487673,7.774738,3.494459,1.608827,50.169166
2012-10-03 00:00:00,0.522562,34.511352,62.621785,133.256397,8.145676,41.329582,215.747955,10.036822,1.737266,12.359951,38.125927,39.239891,20.407305,1.152291,7.048881,3.090563,25.666336,21.893841,201.365978,13.840746,2.762611,16.217262,5.638591,16.845236,1.081944,6.022684,4.689932,1.287062,45.265413
2012-10-03 01:00:00,0.692394,28.445721,58.707924,120.420766,5.885908,31.031063,214.357826,10.829203,1.389813,11.816657,34.876755,34.706199,13.674998,0.947089,3.494317,3.302660,21.949142,22.967069,200.734736,10.560569,3.705941,18.346801,6.528895,19.664522,0.830778,5.913181,5.287669,1.144055,31.308577
2012-10-03 02:00:00,0.653202,28.236561,63.274096,109.449771,5.412933,23.713695,238.546064,13.206345,1.575121,12.224128,34.876755,27.671158,11.781537,0.757671,2.952096,4.544945,16.638866,21.464550,180.955842,10.000539,2.403247,18.510612,6.825663,17.409093,0.753497,8.158000,4.919831,1.287062,23.764342
2012-10-03 03:00:00,0.483370,21.125131,68.492578,85.513054,3.521034,15.989806,229.649241,14.394916,1.111850,11.952480,43.345343,22.512129,11.991922,0.773456,3.132836,4.787342,15.222792,18.888804,140.135571,6.720362,1.662059,17.691558,6.751471,10.713288,1.139905,8.924523,6.805000,1.394317,19.049195
2012-10-03 04:00:00,0.326601,11.190045,81.538783,70.335788,3.048059,16.260819,222.698598,15.055233,1.320322,9.507655,46.421687,16.415094,12.412691,0.662962,4.940242,7.453710,14.691765,16.956995,107.731850,5.920319,2.807531,20.640151,6.899855,7.541591,1.159226,9.307785,6.529121,1.001048,16.031500
2012-10-03 05:00:00,0.176365,14.850340,78.712105,34.170531,3.783798,14.363724,220.474392,14.791106,3.683004,8.828537,48.288233,13.288409,13.464614,0.962873,8.976781,7.847606,11.859617,15.239831,109.204746,5.680306,3.369038,27.356391,5.564399,6.061466,0.869419,8.760268,4.184155,1.072551,16.408712
2012-10-03 06:00:00,1.019319,25.382327,89.498517,23.416354,9.203846,23.732270,180.342746,19.123672,7.511439,16.824502,46.414917,26.885424,32.341530,1.840489,15.882466,12.103172,23.286162,17.732894,120.524618,8.323111,8.679720,37.962593,15.180106,7.024509,2.057996,14.256106,9.329606,4.626990,36.586252
2012-10-03 07:00:00,3.960416,57.488782,173.972472,33.420357,31.364164,81.349940,162.749963,62.001440,14.207160,76.903290,59.893877,90.812281,124.273730,7.596206,42.548277,20.801325,102.099242,84.788274,161.064089,30.133787,20.442467,101.866498,50.601527,26.903479,9.811731,34.776905,27.036570,21.190310,118.569933
2012-10-03 08:00:00,7.397112,112.826197,298.911363,52.873358,61.439228,144.823180,282.671343,131.285633,23.941735,153.775113,75.833779,166.356554,234.861892,12.748167,83.981967,34.709557,211.896840,199.683390,243.039724,61.672822,34.903485,203.758947,88.901265,62.281393,19.794367,62.134327,45.552754,40.139365,230.716606
2012-10-03 09:00:00,10.134048,160.679547,373.113443,70.302772,84.799385,195.588307,404.247822,193.162844,34.378247,214.523163,116.210864,232.962629,327.709184,19.555067,109.387808,45.587804,294.082606,304.506494,295.681773,88.987276,48.015555,283.062549,117.281178,101.212434,28.374484,85.113564,51.579580,53.743776,303.241828
2012-10-03 10:00:00,11.947985,195.229215,413.126815,79.647422,104.136341,227.892402,474.415698,236.584533,42.230060,262.769560,128.828201,265.508870,393.158029,25.398079,147.321798,53.798224,351.525743,378.842745,315.820889,108.558238,57.985322,372.806138,138.434593,127.883021,36.051989,104.498179,51.039401,63.658226,363.742072
2012-10-03 11:00:00,12.419941,226.490711,443.121253,84.372266,136.424119,246.838768,539.581411,270.663078,46.350294,295.930339,135.733969,293.244304,435.479394,27.502173,163.883670,58.920956,387.794352,428.652636,335.522676,118.831101,64.032882,444.697899,150.542902,163.635134,39.883137,119.441261,57.076187,70.209596,440.569557
2012-10-03 12:00:00,11.623312,253.581637,448.967616,83.634108,197.747784,246.740306,564.260639,290.884913,47.353439,303.454760,134.346423,296.087118,446.403977,26.722164,149.806382,61.381971,396.290794,441.994210,331.071296,120.402799,64.440301,576.921388,154.224492,207.904029,41.504259,142.943178,70.193856,77.533283,559.108158
2012-10-03 13:00:00,10.467390,255.972377,421.021605,96.675030,202.245388,228.736690,571.953711,307.219216,49.568718,286.786744,127.171872,276.387711,435.434320,25.966850,128.244022,59.675697,386.047109,418.798714,320.537743,113.244190,63.651605,634.335158,151.149588,262.874308,40.882904,180.384192,70.593540,72.467368,580.816259
2012-10-03 14:00:00,9.349407,211.889814,374.687999,109.885584,161.304816,194.719326,625.081043,272.595368,39.128164,235.811078,132.921113,236.103078,381.816929,28.135085,98.225786,57.937961,345.895289,378.061750,320.334290,103.209551,51.159269,589.881634,127.149695,224.734114,33.177249,165.441951,57.494286,61.799911,506.855371
2012-10-03 15:00:00,6.633330,171.464407,296.942900,105.421233,113.644020,148.233402,612.083495,212.513224,29.905580,184.939768,111.429597,175.773254,290.932541,16.505569,70.779793,47.880066,276.805611,309.000116,294.509526,86.155341,36.346019,459.463029,94.140057,185.102875,25.053877,145.538704,40.722900,46.648521,403.877868
2012-10-03 16:00:00,4.399889,136.522837,216.109075,94.049043,85.530424,113.584675,522.356402,139.756123,18.507190,134.884441,86.814062,105.141523,162.602337,8.117975,40.348363,30.932271,217.930586,195.013911,225.762021,61.295823,21.259515,306.782626,57.871150,138.768846,13.197417,108.809652,17.610236,36.238961,288.492122
2012-10-03 17:00:00,1.828966,65.676150,171.122726,65.999426,66.269014,76.019330,402.025184,38.166336,4.169438,46.315862,75.145754,47.056603,68.585376,5.856164,8.796040,11.604760,244.980748,54.305312,140.135571,17.440940,7.411883,120.073260,13.502942,57.936334,4.366417,53.163877,22.851925,39.469888,201.053875
2012-10-03 18:00:00,1.724454,61.492955,188.517667,104.853227,64.797537,87.130890,420.930933,34.600623,3.127079,29.202083,60.628175,46.900269,57.434993,2.572924,10.482952,4.484346,298.260521,74.481989,164.543568,20.961130,5.098477,62.084264,7.419199,45.672439,4.752825,40.625743,31.036316,41.936756,235.757358
2012-10-03 19:00:00,1.704858,41.831942,140.899017,133.516579,48.506186,99.055491,286.644512,17.168248,1.714102,14.668953,47.631485,55.342317,47.126148,1.136506,15.182206,2.696668,327.998068,61.173968,188.951565,17.280931,4.087766,64.377614,5.564399,31.435043,5.892730,28.525623,38.393073,20.914751,300.260571
2012-10-03 20:00:00,2.162099,23.425888,108.935814,119.510130,32.792914,81.304096,311.944852,13.338408,1.111850,13.989835,41.305968,48.776279,41.235380,0.710316,16.387143,1.757379,247.635886,44.002328,212.938735,19.761065,6.333791,72.895772,4.303135,35.804936,6.375741,23.652724,43.083005,25.312211,322.893278
2012-10-03 21:00:00,1.619942,15.268659,116.111227,105.416954,26.539137,62.875168,333.908884,10.961266,1.111850,12.224128,35.913725,40.334231,46.284610,0.836595,13.736282,2.333072,182.319488,37.562963,215.253286,27.281470,7.973389,72.404340,3.338639,34.959151,9.969340,26.445059,37.013681,20.235468,277.250653
2012-10-03 22:00:00,1.959607,11.712944,139.594397,71.289787,31.531648,58.403443,319.729572,14.130789,2.779626,13.582364,45.419282,41.741239,56.383070,1.357494,10.784186,2.878465,189.930884,29.835725,187.478669,15.520837,6.446092,61.756643,3.857983,19.100665,10.896721,25.569032,27.449898,14.586698,206.523446
2012-10-03 23:00:00,0.992867,12.549583,171.775037,36.685620,23.438525,56.641854,290.814898,15.715550,5.049653,12.495775,63.946478,48.463611,55.541532,1.168076,7.410363,3.242061,173.823045,28.333206,167.699774,9.440509,3.863163,74.533879,3.932175,10.078949,4.656223,23.159959,26.438344,11.369044,162.201062
2012-10-04 00:00:00,0.529094,16.209878,176.341208,22.852626,12.612659,58.945470,288.868718,19.149200,2.571154,12.631599,74.212481,61.908355,45.022302,0.662962,4.578761,3.545057,121.074300,26.401397,153.181224,7.040379,4.155146,94.518787,4.303135,9.444609,3.690202,22.064925,24.829053,18.090365,114.483773
2012-10-04 01:00:00,0.444178,13.490801,167.861175,31.091714,8.093123,51.763608,315.559187,20.866025,1.714102,16.706308,72.726157,57.999999,28.401920,0.915519,3.193083,3.272361,69.564620,20.391323,172.749705,7.680414,5.592603,108.115077,5.416015,11.206663,3.129909,15.056711,17.426317,16.660297,71.481631
2012-10-04 02:00:00,0.535626,8.680128,170.470416,58.410793,5.675697,36.857857,353.370684,20.469834,1.181341,13.718188,62.978640,49.557951,25.456535,1.104937,3.795552,4.120750,36.817916,16.313058,173.380946,8.720470,7.299582,110.408427,5.045055,11.347628,2.260490,9.910053,14.345675,9.438452,56.770372
2012-10-04 03:00:00,0.705458,4.392354,159.816015,53.467341,3.100612,25.610790,311.388801,17.564438,2.061556,12.495775,56.445729,40.803234,29.874612,1.136506,6.446413,3.393559,21.418115,11.590857,146.027156,10.320556,7.636485,94.191166,7.048239,13.744021,2.337772,7.062966,10.529358,5.362757,37.532571
2012-10-04 04:00:00,0.803439,3.241976,144.378005,46.485798,5.623144,22.900654,289.702795,19.281263,1.598285,13.174893,55.581588,34.237196,23.983843,0.883949,9.398509,3.029964,14.337746,9.444402,167.068533,12.160655,7.277121,91.078762,14.244862,13.250646,2.415053,4.763396,10.299459,4.611971,35.080695
2012-10-04 05:00:00,0.744651,5.438153,106.326573,42.236164,4.677195,18.699942,309.442621,21.262215,1.899411,11.409186,61.665145,25.013477,19.355382,1.562696,9.820236,3.151162,10.974571,10.732275,159.072810,13.280716,6.019347,85.345387,12.464254,10.713288,2.163888,3.723114,9.517804,4.683474,37.721177
2012-10-04 06:00:00,1.318019,10.182196,97.721511,28.359806,6.356169,27.230321,268.613525,25.483545,3.052400,14.016374,65.095574,44.204620,33.951053,2.955538,19.064870,7.684203,21.455914,17.694848,153.976495,20.736988,10.034090,64.170708,17.329861,10.197239,2.443839,5.586467,14.158172,5.305973,46.012861
2012-10-04 07:00:00,4.498316,47.883418,195.310256,26.829816,27.735458,86.680340,306.472168,73.975623,12.000448,70.678814,74.248320,104.187873,124.723568,8.359395,33.732645,20.690276,96.791559,94.802617,199.946485,54.418601,19.076952,129.572116,53.652200,38.141818,10.372428,31.858331,31.635701,12.314006,110.449746
2012-10-04 08:00:00,8.122294,107.701784,317.095783,43.220906,56.795443,151.019342,378.467640,150.639056,25.654221,148.573627,69.283453,173.912531,240.607608,15.699310,71.524197,34.673591,192.015976,203.972106,270.313035,101.277680,27.860119,212.295281,92.108399,75.427373,19.235449,62.098374,50.222535,24.641635,206.757210
2012-10-04 09:00:00,10.097723,154.754036,369.051791,59.855636,80.156884,196.230836,434.780163,206.215007,35.483244,210.340686,61.983622,228.545984,332.160440,22.132859,102.018101,45.440789,269.630013,305.532239,303.820284,108.108306,37.509518,268.030600,116.850367,104.779923,27.592270,84.834113,62.215965,44.520359,287.990811
2012-10-04 10:00:00,12.146941,184.250374,418.570169,70.135976,95.764391,235.835013,498.288738,242.219670,41.458470,251.502833,63.906666,269.909363,389.474757,26.808380,115.991377,53.192231,320.794079,377.575093,329.655381,118.543251,43.132434,333.069406,134.980964,129.759530,33.843110,100.751033,69.343641,60.685994,347.932608
2012-10-04 11:00:00,14.125086,202.338383,434.906757,78.546689,104.894268,263.039886,552.036313,267.449964,44.490244,279.296255,67.272297,291.779978,419.170991,29.218003,124.809027,57.982555,344.738251,415.361691,342.113681,130.618559,44.341604,368.604789,139.216793,145.638723,36.426020,110.713316,59.013473,66.234744,381.823890
2012-10-04 12:00:00,14.813920,204.470630,432.126358,81.087600,108.835724,264.269648,561.158158,269.867288,44.447570,287.318475,67.636698,294.793120,422.414995,29.190895,118.964200,61.695709,345.129944,419.685008,333.317382,127.263011,47.804621,358.013563,138.151390,144.208569,38.261690,111.089815,64.025607,66.741306,393.197891
2012-10-04 13:00:00,12.835155,190.751694,397.437683,77.278097,103.357621,240.346897,538.542914,258.628255,41.434514,284.059466,63.344903,285.793592,398.610850,27.684519,108.697976,62.777002,343.128243,394.162263,307.243668,114.970918,47.476494,316.530924,135.306776,132.225618,35.134653,100.995601,59.572744,63.270970,354.672406
2012-10-04 14:00:00,11.385785,163.292730,333.748740,68.960011,86.507735,204.542818,472.050875,229.575769,34.764947,256.480820,53.562398,239.162490,334.576852,23.463707,92.083929,64.852240,324.190476,337.405076,256.321556,96.139686,40.895075,263.080613,111.796302,111.158879,28.314689,83.817443,51.976463,51.606657,291.115509
2012-10-04 15:00:00,9.698709,121.907713,242.458226,57.314439,65.331469,149.101740,369.917328,173.097769,24.752653,183.400022,45.167220,172.342510,244.459421,18.811253,63.301532,63.701994,276.348820,251.530243,195.790257,70.744056,30.630410,190.930957,86.940224,79.543817,19.213203,59.394833,45.204692,34.061474,222.941121
2012-10-04 16:00:00,3.991558,76.542824,172.786508,39.970154,42.849049,103.487161,266.764629,106.236061,14.581705,108.950088,31.393173,121.097569,167.711761,11.539489,33.564854,41.193698,255.330174,148.169515,126.151917,41.005433,17.840149,102.014193,48.535902,44.987146,10.499784,31.428915,38.852870,16.003318,136.568173
2012-10-04 17:00:00,2.233952,33.151814,138.724650,11.794904,18.813883,55.964320,143.461269,18.885073,2.316355,29.881201,14.241054,60.188678,86.888836,3.535797,2.048393,17.058695,246.042804,12.020148,41.241099,9.600517,5.323080,14.906776,21.812444,5.427126,1.758159,1.095034,30.530539,1.644579,70.538602
2012-10-04 18:00:00,1.502365,57.728081,180.689944,13.225903,12.822870,57.048374,191.559718,20.998088,0.972869,32.461850,16.384125,47.212937,59.749224,3.109607,1.566418,7.999104,242.325610,23.825651,75.328130,19.201035,3.930544,17.036315,10.683646,4.299412,0.869419,1.040282,22.897905,1.859089,105.996508
2012-10-04 19:00:00,1.868158,55.636483,137.420029,16.738356,7.515043,60.436045,162.645043,10.300949,0.671743,26.893081,10.093174,47.681940,61.642685,2.572924,2.289380,5.302436,180.726405,22.537778,68.594889,23.601272,5.255699,17.036315,6.083743,3.242179,1.236507,1.368792,12.506486,3.003144,122.971038
2012-10-04 20:00:00,1.652602,50.093751,113.284549,12.705540,4.992511,54.473745,134.564446,11.093329,0.532762,21.188488,9.194467,47.838274,82.891529,2.257228,5.602957,3.605657,146.386618,15.239831,56.811718,28.161518,6.625774,16.381072,5.119247,2.255429,2.299131,1.587799,9.058006,8.258645,96.377608
2012-10-04 21:00:00,0.947143,40.786144,105.239390,9.670087,4.099114,42.820157,108.430029,17.168248,0.671743,19.694428,7.155092,50.026953,106.244218,1.704759,7.711597,2.333072,159.485299,13.951958,53.024270,38.402070,6.491013,22.769691,6.157935,2.043983,3.013987,1.806805,6.161284,7.758121,61.485519
2012-10-04 22:00:00,0.261281,39.844925,147.856994,11.534722,4.151667,49.731006,87.022049,24.959991,1.019196,23.361666,5.219415,55.967654,97.828835,1.436418,26.508614,2.605769,198.604335,13.308021,61.019993,27.521483,7.681406,32.598334,5.712783,1.621090,1.584275,2.354322,4.827871,5.791777,38.286995
2012-10-04 23:00:00,0.287409,29.596099,187.647920,12.488722,4.466984,46.749855,84.519817,24.167611,1.598285,26.893081,5.979860,50.183287,117.604986,1.325924,61.331293,2.514870,209.047878,13.737312,52.813856,22.161194,8.692117,50.617513,5.193439,1.903018,1.236507,3.777866,5.195709,7.293349,24.895977
2012-10-05 00:00:00,0.339665,18.196895,195.258206,11.838268,4.834853,47.698403,74.232866,24.827928,2.200537,25.127374,7.639012,45.962263,148.952290,1.310139,95.129776,3.332960,192.054994,14.381249,27.774618,6.560354,8.961640,52.583242,5.935359,1.550607,0.946701,7.884241,4.368074,9.045183,18.671983
2012-10-05 01:00:00,0.280877,18.301475,144.160569,14.743630,5.728249,37.264377,85.631920,23.375230,5.489761,32.190203,7.915537,40.959568,133.173446,1.657405,140.435406,3.575357,160.724364,17.600931,19.147653,19.041026,8.175531,47.177488,6.454703,2.678322,0.966021,11.881114,3.494459,13.907415,15.842894
2012-10-05 02:00:00,0.320069,24.157947,105.674263,15.263993,8.513545,21.410079,86.187972,25.488245,11.581774,43.327742,9.851214,35.175201,86.888836,2.572924,163.871431,2.605769,123.198411,16.956995,29.668342,22.081190,7.636485,50.781324,7.567583,6.343394,1.294469,15.494724,4.368074,13.549898,15.842894
2012-10-05 03:00:00,0.320069,23.739627,95.237299,10.407268,7.777807,10.840546,61.721709,25.752372,6.161504,51.612984,12.201679,29.234501,62.273839,3.772569,157.184031,2.636068,72.927795,25.972106,42.293168,19.041026,7.681406,52.747053,7.567583,5.497608,1.816120,16.425503,5.977365,8.258645,18.106165
2012-10-05 04:00:00,0.404985,18.615214,98.063977,4.813362,7.462490,8.807944,46.708320,23.375230,3.312387,44.821802,16.626084,20.792452,62.484223,5.508899,121.939624,2.363372,40.535109,34.557926,42.713995,12.560677,7.636485,57.333753,8.977230,5.709055,1.970684,24.747757,11.356993,4.397460,22.444100
2012-10-05 05:00:00,0.535626,28.236561,84.365461,3.425726,9.354389,6.775341,46.708320,23.771420,6.323648,50.933866,23.262692,18.760107,83.733067,6.803253,133.266031,3.060263,19.825032,37.992254,33.876617,5.440293,6.603314,62.575696,7.567583,8.034966,1.990004,36.519367,13.839898,2.431116,28.856701
2012-10-05 06:00:00,1.314577,34.199511,82.132524,3.685907,10.883737,21.001947,70.974413,29.883940,5.534326,61.371339,24.749015,34.696218,82.053515,7.222724,118.390861,8.668128,21.030499,58.797889,70.808008,8.109515,10.164651,85.792923,14.509116,10.913176,3.316399,45.646086,23.212240,5.317724,44.690778
2012-10-05 07:00:00,4.355323,88.352757,186.450125,19.051628,32.892631,79.362220,199.263501,87.480009,12.539611,113.770452,32.798336,103.756278,178.878588,16.859300,119.933148,18.393212,83.365786,155.280972,221.528004,34.329411,20.301969,176.752005,47.827585,37.589420,10.718564,60.421435,46.057581,20.405569,116.329037
2012-10-05 08:00:00,7.356315,149.756825,289.637906,47.200522,60.384579,140.385707,471.203183,176.176883,23.741587,169.024232,46.379162,167.645448,297.199300,30.313224,187.998006,33.585193,171.717847,328.616884,472.134463,72.539346,35.522874,279.134858,85.606893,73.197619,19.928383,83.609822,70.850406,38.280326,214.869105
2012-10-05 09:00:00,9.780329,193.880841,353.873248,66.065223,82.792296,188.354368,605.007069,228.974985,33.791400,218.954539,57.404959,224.492874,377.951020,37.996648,124.006729,45.598756,272.724276,504.580816,583.445603,80.173266,48.654082,326.106703,115.939198,104.501438,28.334239,95.843746,81.102512,52.516117,291.854928
2012-10-05 10:00:00,11.486632,194.477087,409.942649,92.530510,100.538403,221.227764,686.820712,256.634308,40.666011,276.077623,60.476503,272.708320,479.266841,43.030802,113.919860,56.455161,339.340270,693.050805,814.637831,122.093292,59.664543,374.270603,136.187710,126.518383,34.688153,104.276689,87.909606,62.787910,349.215734
2012-10-05 11:00:00,12.294515,214.061690,459.063024,108.374749,118.113282,241.531023,821.929628,303.300536,43.642374,291.493844,78.724371,295.685921,521.110620,46.635709,117.685478,57.789403,353.504591,830.442501,833.677643,133.203041,62.877582,493.757782,145.201545,140.690413,38.892577,120.467482,96.237500,66.639764,396.374446
2012-10-05 12:00:00,12.451006,226.335118,449.453320,113.187552,128.556059,246.347314,1085.991512,322.973289,44.209226,306.348097,79.965510,292.024587,469.457899,43.186227,113.151577,56.260677,342.844881,881.466718,711.168765,119.102712,62.576022,522.614304,144.592425,144.295774,42.867179,129.044353,110.930044,66.074473,424.861568
2012-10-05 13:00:00,12.107147,213.435816,425.798385,101.705015,130.872267,231.857319,1187.660528,363.110162,41.518844,296.494485,90.785066,280.703993,429.687134,47.207256,103.525156,52.608334,315.403387,906.518379,732.831326,120.732589,66.919109,506.135835,140.925072,145.302739,41.238114,125.099328,113.368929,59.906417,420.938616
2012-10-05 14:00:00,9.989833,186.098436,376.130092,71.887358,117.003621,188.342451,986.852661,402.843195,35.810281,261.241472,85.483547,230.798482,347.549492,38.750287,88.835392,43.241496,267.534558,944.657571,840.136180,140.992456,65.522247,459.889194,131.703260,157.326512,38.470412,121.262240,84.325366,48.189836,434.407152
2012-10-05 15:00:00,6.697812,161.673893,286.967666,47.277870,87.521710,141.897544,857.445918,361.508255,24.670166,228.838860,78.455787,171.389979,239.112892,23.822946,68.529680,36.104883,197.980926,960.885544,880.113933,141.228322,56.100115,395.873604,103.332615,134.276238,33.788652,97.004687,60.256061,32.032808,348.278748
2012-10-05 16:00:00,1.593813,138.342366,177.847641,42.395618,47.004640,100.377913,644.468506,380.001834,12.413933,169.060532,56.161629,105.037122,132.742407,14.418229,40.630973,25.223866,122.829700,1071.351580,714.387774,143.062262,29.480749,256.641113,43.103991,94.201448,19.756048,64.486547,30.162702,17.151440,192.398543
2012-10-05 17:00:00,1.678730,102.697419,91.323437,42.322891,14.031584,48.782458,299.711721,335.441154,0.972869,68.455115,21.949197,45.024258,41.445764,6.329709,9.278015,7.938504,63.192288,818.657946,332.874584,100.565420,20.506209,97.139759,22.776940,31.857936,7.786132,18.232308,22.070269,5.863281,71.293025
2012-10-05 18:00:00,0.934079,107.403512,56.750993,27.839442,9.459494,38.077418,234.097652,338.478613,1.389813,51.205513,10.369699,29.078167,35.554996,7.103164,6.386166,6.665920,105.143471,511.714878,190.845289,96.645209,21.539381,53.893728,17.880269,8.880752,4.868748,7.555731,13.104222,5.577267,36.589542
2012-10-05 19:00:00,0.424581,154.150708,35.442191,8.369178,6.148671,41.871610,209.631389,323.687507,1.042360,59.083284,12.236245,22.043126,35.975765,8.302810,10.121471,3.363260,100.364223,464.278222,163.912327,79.844303,15.003448,24.571608,12.019102,4.369894,3.071948,1.642550,10.023581,4.290205,29.988336
2012-10-05 20:00:00,1.064720,160.634659,36.094501,7.024906,3.678692,54.609251,197.120232,238.902775,0.926542,74.567179,16.695216,19.698113,25.035766,11.791253,11.507148,1.727079,59.829113,513.646687,168.120602,47.602566,6.558393,25.718284,7.196623,5.215680,2.820782,3.011342,9.655743,3.503668,30.176942
2012-10-05 21:00:00,1.136572,112.527925,49.140707,7.588633,3.994009,48.917965,235.209755,176.832955,1.273995,54.872751,21.154186,22.043126,22.511151,19.746797,10.964927,0.939289,59.652104,522.661798,159.493637,20.161087,4.806494,38.986952,5.341823,8.669305,2.260490,8.869771,7.172838,3.932688,26.970642
2012-10-05 22:00:00,0.215557,102.592839,61.969475,11.057722,4.519536,33.605693,185.721178,206.811357,1.829920,67.640174,29.691905,18.291105,22.511151,26.108075,12.049370,2.030076,144.970544,441.096507,104.996471,6.080328,4.312368,54.712782,5.416015,11.700038,1.932043,25.404777,5.149730,3.825433,20.180830
2012-10-05 23:00:00,0.274345,69.127285,93.062931,6.677997,5.097616,22.900654,149.855860,207.471674,2.501663,63.429641,50.949789,21.886792,37.238073,31.427556,14.700231,3.181462,188.514810,379.063957,78.484336,8.000431,3.436418,60.937589,6.009551,13.814503,1.449032,27.868603,5.333648,5.541515,17.917559
2012-10-06 00:00:00,0.404985,48.525053,139.376960,5.420452,8.093123,20.326024,101.757412,179.606287,3.219733,43.191918,67.161085,31.266846,52.596148,28.270594,27.653304,7.756707,141.784378,305.225904,54.707580,10.640573,3.436418,83.707280,6.157935,14.025950,1.410391,34.000790,4.827871,4.468964,18.860589
2012-10-06 01:00:00,0.372325,29.491519,153.075476,7.068270,12.612659,16.938353,69.784455,180.398668,5.976195,42.376976,77.046865,37.520215,48.388456,31.238138,30.364412,12.847045,74.520878,290.844656,39.557789,7.280392,4.536971,99.596920,7.419199,8.105448,1.371750,25.842791,3.862297,5.505763,22.821312
2012-10-06 02:00:00,0.385389,38.694547,113.067113,7.285088,18.866436,14.228217,67.004197,171.154227,14.523544,54.601104,79.086239,38.458220,51.123455,28.002252,19.640473,7.544609,83.371338,272.170497,29.878755,8.640466,4.334828,127.772364,11.425566,17.268129,1.719518,20.039113,5.517567,4.147198,27.159248
2012-10-06 03:00:00,0.489902,30.641898,68.057704,10.407268,20.285360,21.816599,69.228403,113.178374,7.342844,51.341337,75.422279,30.797843,48.178071,20.820164,13.013320,8.029403,54.164819,236.753989,18.516412,4.640250,4.200067,132.031443,17.806077,9.656056,2.704860,22.393435,6.069324,3.503668,33.006030
2012-10-06 04:00:00,1.201892,11.922104,55.446373,12.965722,27.485087,23.984708,55.605143,64.579025,8.014587,27.708023,84.996968,27.202156,60.380377,22.319721,13.314554,7.938504,37.348944,180.302222,15.781033,2.800151,3.705941,88.949223,25.076892,18.466326,1.526314,19.984361,6.483142,2.109351,41.681901
2012-10-06 05:00:00,1.116976,10.771725,83.495714,15.610902,19.602175,19.377476,44.206089,46.090143,8.686330,29.745378,100.655214,24.075471,52.385763,29.517594,6.084932,8.180902,20.002041,141.022095,12.835240,4.000216,3.211816,113.357020,18.547997,27.417560,1.816120,17.903798,5.011790,1.680330,30.176942
2012-10-06 06:00:00,2.552284,20.548519,85.281640,16.304720,18.432959,26.846779,32.087984,50.392849,4.236828,29.337054,112.995156,30.322898,56.207335,34.140032,15.618649,5.783551,28.409918,105.510322,12.362160,4.127954,5.979082,142.926628,28.912613,27.964350,2.865180,19.590516,12.876993,4.935732,50.564541
2012-10-06 07:00:00,3.961925,51.048837,177.313533,21.367674,40.702050,77.188098,86.982057,104.185619,16.093914,68.095701,124.254996,87.046546,150.082913,36.160256,37.210398,16.675838,98.507795,119.616414,56.953977,18.846412,16.539164,153.344445,60.041150,29.955803,10.326749,25.261613,31.512698,20.041715,121.571306
2012-10-06 08:00:00,7.346693,96.039414,292.088735,25.670083,61.761952,140.906152,191.108237,164.160859,26.367765,136.576693,137.761376,157.984750,271.914831,47.124531,69.246168,31.452019,199.652941,144.977689,133.483996,39.940179,28.263354,186.292009,94.765435,49.467804,18.394855,38.949265,51.617095,38.226261,189.616578
2012-10-06 09:00:00,10.043087,110.243009,372.154475,45.748043,82.655284,189.571783,320.710290,181.154744,33.759976,180.152956,196.936208,217.414789,352.051106,55.414860,91.484488,43.972261,271.600089,165.485549,196.908835,70.730847,35.953664,213.437952,115.885146,47.608462,19.730958,45.223357,65.847317,51.463849,261.739053
2012-10-06 10:00:00,12.120589,119.760506,398.576001,57.078908,95.400885,224.712287,404.466034,210.668114,41.140322,231.773618,273.920145,262.638628,419.480912,48.704289,103.517798,52.638211,329.813148,207.314614,271.927110,100.205763,41.207059,276.258508,131.404423,98.925525,26.109909,55.662167,78.314668,54.944290,286.993423
2012-10-06 11:00:00,13.575767,161.012991,436.865203,59.735615,105.972459,243.159146,422.774265,257.589991,46.849918,271.847659,299.119989,276.676126,424.597237,27.540825,105.559338,55.705981,366.501984,259.861275,307.978862,115.323083,45.261205,386.929628,139.893478,187.622477,23.155285,114.774032,93.846558,47.683325,309.454766
2012-10-06 12:00:00,12.700613,181.263169,424.164651,67.341674,121.578460,237.548391,460.306219,281.719358,47.537259,272.728001,314.638662,271.611822,412.161643,23.813297,116.476126,53.884534,384.545682,283.132863,316.135819,121.417311,48.296207,433.665869,131.913361,187.748784,27.701222,137.609531,92.582634,40.250063,287.930791
2012-10-06 13:00:00,12.318018,178.256188,392.333456,67.460238,123.575463,181.775095,500.878889,232.947579,45.904658,249.547559,316.363326,253.528503,393.516694,33.955065,99.977318,50.525778,343.823556,315.307820,325.481477,115.873908,46.871837,416.038096,124.315851,191.515225,26.573126,128.381830,76.620014,41.189786,293.277430
2012-10-06 14:00:00,9.759443,147.022497,323.412223,48.336333,138.470261,143.618760,487.121561,190.933615,45.168176,197.716384,300.685017,207.272264,339.418340,30.999119,88.852713,44.785889,261.024250,279.355220,344.660405,99.411755,38.553957,400.379252,96.836597,156.069683,21.414707,121.601906,51.939883,31.181154,324.711830
2012-10-06 15:00:00,4.446096,101.138795,238.604905,40.794009,109.571860,113.654788,423.516046,140.928936,37.241070,144.870940,276.704892,146.838014,234.008459,20.282676,63.606171,38.228564,183.194664,213.062408,312.014372,72.730264,28.710253,359.927143,83.824108,111.131674,12.679446,85.533427,32.503178,21.685720,332.429664
2012-10-06 16:00:00,0.894887,45.384228,149.142650,36.855571,85.141907,66.773403,321.091939,76.952257,24.430269,82.317185,276.302399,83.828160,120.660046,3.619965,31.546605,27.939690,87.500859,123.822749,234.951749,47.859447,16.530745,229.678182,53.047271,98.185484,5.282324,59.289416,8.552229,14.766205,284.896763
2012-10-06 17:00:00,1.848562,25.203745,110.675308,31.481986,66.636883,42.142623,161.532941,17.696502,14.176091,34.363381,281.952121,39.552560,59.328454,3.409519,5.542710,14.574125,13.806718,32.411471,176.116325,28.481535,16.395983,177.898445,25.967196,97.547307,4.868748,40.954253,3.494459,4.504716,216.330952
2012-10-06 18:00:00,0.516030,23.007568,120.242526,45.575162,61.066292,41.736103,212.133621,17.696502,10.585741,30.017025,274.451372,40.177897,75.528068,7.355721,10.543199,4.272249,21.241105,47.436656,209.782528,37.842040,12.173456,207.220565,15.357741,86.270162,1.236507,42.323045,3.586419,3.932688,164.464333
2012-10-06 19:00:00,1.084316,28.550301,108.718378,41.889255,38.994138,36.315830,230.205292,20.469834,3.821985,28.387141,261.350986,41.428571,48.809225,8.839493,11.989123,1.514982,32.923713,52.588148,229.140595,54.402932,7.614025,164.629777,14.170670,63.222496,2.473015,38.764186,3.770338,2.323861,101.658573
2012-10-06 20:00:00,1.606878,50.512070,143.943132,27.665988,18.078145,26.017311,233.263575,15.979677,1.320322,37.623149,275.038988,45.805929,48.178071,11.112506,13.495294,3.120862,33.985769,48.724529,169.593498,55.843010,8.085690,158.077348,13.206174,52.368244,1.081944,34.712562,11.035135,1.644579,60.353884
2012-10-06 21:00:00,0.783843,46.747196,223.959858,18.689719,7.515043,24.797749,219.084264,16.375867,0.833888,52.971220,286.687617,62.690026,40.604226,12.896189,21.086397,8.362699,33.277732,44.860910,120.777504,55.843010,4.963716,169.707909,10.090110,44.756171,1.255828,29.675408,18.989628,2.967392,74.499325
2012-10-06 22:00:00,0.470306,36.812109,227.221409,14.396721,3.888903,30.895557,213.801775,17.432375,1.088687,61.799757,295.398165,61.595686,29.453843,7.971329,26.327873,8.665696,30.622594,60.530032,144.133432,49.922691,2.268485,137.437197,6.677279,52.791137,1.178546,21.791167,33.013445,3.467916,61.485519
2012-10-06 23:00:00,1.358661,16.000718,251.574326,13.399358,5.991013,51.628101,188.779461,33.676179,0.579089,44.142684,302.000206,76.603772,40.393841,8.034468,17.351093,8.998992,41.066137,57.954286,162.860258,43.202328,2.066343,128.263796,7.419199,33.126614,1.468352,25.295274,37.105640,5.219750,56.958978
2012-10-07 00:00:00,3.435844,18.301475,274.405185,11.664813,11.298841,76.832371,225.478855,46.750460,0.486434,36.129089,296.607963,73.320753,46.915764,10.781025,11.567395,13.786334,75.936952,46.792720,196.947288,18.961022,3.908084,114.176074,8.235311,37.003133,1.642236,33.891287,21.012736,9.760217,67.709513
2012-10-07 01:00:00,4.500563,21.857190,231.787581,8.759451,14.924980,108.676475,212.133621,49.919983,0.509598,49.983100,279.428828,76.916441,40.393841,13.401303,9.217768,10.059479,91.513762,34.557926,185.795359,11.440617,4.739113,110.244617,8.457887,20.792237,2.086606,27.321086,14.851452,13.371140,90.530825
2012-10-07 02:00:00,8.537353,19.974752,210.913653,7.718724,14.767322,103.662723,176.824355,53.749823,0.671743,52.292102,272.377432,77.385443,42.497687,6.235000,5.422216,8.059703,100.718241,21.893841,134.664813,7.920427,8.512435,102.054081,10.164302,18.889218,1.738838,19.655851,11.540912,28.601368,97.697849
2012-10-07 03:00:00,11.881749,8.366388,185.908426,5.854088,16.816879,114.367762,150.411912,37.109828,0.370617,36.672383,239.090698,109.590294,49.861148,3.330595,1.988146,13.756034,89.389652,24.254942,107.731850,10.720578,11.185205,98.777866,11.425566,23.822970,1.004662,16.863516,13.380101,31.640264,109.391414
2012-10-07 04:00:00,9.608605,9.098447,109.805561,4.509816,17.500065,115.451817,123.443418,27.337133,0.440107,16.842132,229.550575,132.102423,65.429608,2.083595,4.217279,15.089218,42.305201,26.186751,98.684058,16.480888,6.670695,113.684642,10.386878,41.091098,1.139905,21.572160,11.908750,23.596129,137.493691
2012-10-07 05:00:00,9.288536,18.615214,57.185867,4.162907,22.229812,92.822177,92.860589,21.790469,0.509598,7.198653,198.959962,159.304579,102.246911,2.257228,2.530368,13.180341,26.374372,26.616042,74.696888,18.561000,6.131649,128.427607,9.719150,77.671339,1.255828,43.253823,9.103986,21.737040,145.226533
2012-10-07 06:00:00,9.152175,10.819527,74.817059,4.683271,35.850215,106.324862,74.872802,28.249781,1.463038,19.961905,165.051046,166.418980,112.667335,4.166011,3.704950,11.523334,41.001165,41.334463,66.673503,18.508917,7.717283,135.544743,14.691619,62.713775,2.295963,28.951983,11.102661,26.295021,184.487882
2012-10-07 07:00:00,8.256795,40.643543,154.350966,13.586525,54.114332,156.688408,86.724894,53.028959,9.505735,62.153203,177.274053,176.361846,131.467618,5.039782,23.266006,24.346065,140.481952,99.182703,113.015416,41.623012,17.175918,164.778731,40.005378,55.920339,6.545918,30.034217,24.314146,47.170851,225.228337
2012-10-07 08:00:00,7.410914,96.567933,251.637455,33.185679,88.940047,200.744550,194.280549,91.797094,20.833616,112.493351,167.521176,204.892028,230.488003,5.520167,51.037030,34.338201,218.287452,191.222341,207.931911,88.482903,30.799606,219.239573,75.508498,75.740731,14.455470,50.904770,48.780130,81.524402,256.470322
2012-10-07 09:00:00,9.404421,140.589559,348.738522,51.331104,80.383999,249.588852,340.101261,120.693462,25.881201,153.807245,150.776664,247.310968,308.432491,14.478152,76.010464,40.412486,259.540856,270.655712,300.778915,104.619695,33.788654,277.696802,103.850771,87.933752,26.568044,71.775628,66.081500,113.719054,320.374556
2012-10-07 10:00:00,11.794927,172.490868,425.796714,65.547371,96.071272,335.688406,436.980945,146.021260,34.841858,175.889440,136.695714,295.889949,382.681811,19.708916,91.772815,47.638538,294.868957,326.927438,349.674860,124.408541,40.714500,277.344033,117.466218,101.246470,34.626267,79.962169,69.887400,180.345921,372.529287
2012-10-07 11:00:00,12.655226,184.296934,425.207983,71.873250,105.652596,355.774769,481.589585,173.555891,38.741238,202.273538,138.654276,296.643609,416.700693,22.748192,102.222091,51.647922,371.279871,380.878207,343.960733,124.233861,45.163151,284.491577,135.894773,128.887527,43.895017,89.524532,61.959772,195.952903,376.253366
2012-10-07 12:00:00,13.314769,184.062742,435.450422,73.536571,112.086512,327.296753,481.924864,198.192867,37.898153,204.604150,127.880590,282.369578,398.691743,25.787875,87.651098,54.549540,345.737924,397.823819,322.443204,121.497376,50.078294,306.692791,138.503193,144.281805,47.942640,100.598584,71.523904,208.545987,389.176357
2012-10-07 13:00:00,11.879456,154.283463,416.912610,67.075299,102.660462,307.503953,458.694796,186.838359,37.505310,195.976553,138.727759,270.710488,357.040142,28.221687,87.515132,52.416513,300.532141,371.750006,283.670894,110.941683,48.669489,305.551145,130.195295,136.681093,47.077737,99.200563,74.160383,207.013803,384.252598
2012-10-07 14:00:00,11.054789,116.183991,381.944893,61.630142,92.510666,287.373032,460.454427,156.231433,32.588608,170.239915,93.681855,236.196763,308.372883,28.021816,86.259702,44.382373,237.524269,319.366015,248.425586,97.781430,47.203929,254.785478,112.051755,108.568498,42.840212,86.784999,59.791648,221.371546,335.072128
2012-10-07 15:00:00,8.834225,90.176154,306.970329,50.068009,77.439320,249.993983,413.798938,126.813723,23.460489,126.830186,47.517922,188.012020,224.354698,17.796927,60.829014,33.774264,156.368936,237.477328,190.954089,72.874747,36.640274,190.942501,82.061052,88.030399,32.793185,65.634843,40.264258,231.711674,257.500877
2012-10-07 16:00:00,3.481568,55.320045,232.772802,31.077194,55.314098,155.777981,310.351384,71.644100,13.210901,65.919205,33.830743,130.275298,131.360298,8.142516,33.195511,21.774677,77.485325,140.215348,122.881977,42.350042,16.283682,97.622051,19.512493,44.528052,15.456140,32.002183,10.529358,212.479475,178.314960
2012-10-07 17:00:00,0.829567,17.673996,169.818106,7.415179,25.488082,118.026446,187.111306,9.772695,5.003326,11.137539,21.603540,80.981131,68.585376,5.903519,9.699743,8.877793,17.700921,13.522667,48.815995,5.200280,11.297506,11.302940,15.728701,8.669305,9.177203,2.901839,7.126858,169.355852,90.342220
2012-10-07 18:00:00,0.431113,15.791558,170.687853,19.253446,15.240297,130.493075,266.070609,8.848251,8.524185,11.816657,21.396146,68.787061,63.956915,10.260126,15.061712,6.241725,18.939986,13.522667,64.807441,7.680414,14.239799,8.026725,9.051422,7.682555,16.963335,2.463825,3.816317,192.165443,55.638736
2012-10-07 19:00:00,0.241685,12.235843,163.077566,33.563440,5.885908,138.216964,341.971630,6.074919,3.960967,8.013595,26.477299,76.134769,48.178071,8.160747,13.676035,1.211985,14.160737,13.522667,95.527851,12.400668,17.968201,13.760101,7.864351,5.990983,20.769459,2.244819,3.356520,180.224372,20.935253
2012-10-07 20:00:00,0.280877,11.922104,93.715241,27.926170,2.364874,139.030005,348.922273,5.678728,0.810724,6.927006,26.062511,75.665767,39.762688,2.336152,7.410363,0.818090,12.036626,17.600931,110.467229,14.800798,14.778845,15.562019,7.938543,4.087965,10.935362,2.737584,3.816317,140.325463,12.259383
2012-10-07 21:00:00,0.280877,12.549583,77.190048,21.378263,1.997004,122.498172,307.774467,5.810792,0.810724,9.643479,24.679884,70.975740,26.508458,3.204316,2.349627,1.393783,10.797562,46.578074,142.450122,16.400884,16.508285,16.381072,7.715967,2.325911,3.342434,3.449356,5.103750,75.078592,14.334047
2012-10-07 22:00:00,0.378857,19.556433,107.848631,9.019632,2.627637,114.232255,252.725375,5.942855,0.787561,10.458420,25.371197,53.622640,16.620383,2.336152,2.349627,1.272585,6.726350,50.656339,212.938735,13.520729,19.270896,19.657287,12.909406,3.665072,4.772146,3.504107,2.758784,30.388954,11.882171
2012-10-07 23:00:00,0.267813,26.144964,142.638511,6.200997,4.099114,110.709078,183.218946,5.546665,1.019196,9.643479,27.099481,58.781670,13.464614,4.104050,2.711108,1.090787,6.195322,34.987217,232.928043,7.760418,18.372485,40.625059,13.577134,5.286162,5.197195,6.460698,3.310540,17.983110,13.391018
2012-10-08 00:00:00,0.587882,35.975470,117.198411,4.856725,5.150169,100.275052,147.631655,5.414601,1.042360,10.186773,42.342938,66.129379,13.674998,3.693645,2.711108,1.242285,6.195322,27.045333,272.065004,6.240336,15.564954,70.110990,10.757838,10.290395,2.337772,9.253033,4.368074,13.764409,12.259383
2012-10-08 01:00:00,0.587882,39.322026,76.102864,5.160270,6.096119,54.473745,107.039900,7.263490,0.694906,9.236008,62.529286,49.714285,13.885383,2.888620,2.349627,1.302884,7.257378,17.600931,256.073558,5.440293,9.321004,91.570194,5.861167,10.995217,1.816120,10.786080,7.632635,9.724465,14.145441
2012-10-08 02:00:00,1.985735,28.341141,89.149070,5.723998,6.989515,71.547605,105.649772,13.074281,0.486434,8.149418,90.665737,69.568732,13.254229,4.340823,1.626665,2.848166,10.797562,21.035259,203.470115,4.400237,7.793707,114.176074,6.899855,8.598823,1.120585,10.950335,17.610236,13.478395,17.728953
2012-10-08 03:00:00,3.226819,22.902988,111.110182,7.328451,6.306330,128.595979,113.712518,20.866025,0.718070,13.718188,122.742673,153.520213,11.781537,5.524683,1.626665,4.726743,15.930829,30.908952,179.272532,3.840207,11.948854,118.762774,13.725518,5.215680,1.101264,9.964805,17.334357,26.492017,21.689677
2012-10-08 04:00:00,11.535552,20.602232,186.125862,8.542633,7.147174,244.047796,126.779726,24.563801,0.509598,25.127374,140.613121,216.366573,21.669613,6.455987,1.265184,14.816522,23.188207,36.489735,170.855981,5.600302,19.585339,113.520831,27.005883,6.061466,1.642236,9.472040,17.242398,57.703261,30.742759
2012-10-08 05:00:00,5.552219,24.262527,252.444073,8.759451,7.199726,243.776782,139.568909,30.110466,0.996033,29.202083,136.534373,260.452825,29.243458,14.301037,1.204937,28.602856,13.452700,36.704381,178.641290,8.560461,16.912569,102.873134,14.986781,9.515091,1.275148,7.555731,13.747939,28.351106,35.080695
2012-10-08 06:00:00,2.052682,25.007868,241.985259,5.984179,8.978672,98.919339,141.515089,28.910744,2.112296,23.176177,140.129202,190.498489,35.892375,17.871026,4.380110,20.053348,19.757465,27.879500,165.905251,8.974037,9.913999,119.847949,13.653759,15.324779,1.610512,10.317004,53.550866,19.724316,48.033827
2012-10-08 07:00:00,3.105063,50.322179,321.395349,14.736056,24.012207,65.937813,177.614666,59.899300,9.223295,57.891013,160.605735,178.672702,113.023659,17.718884,25.873984,20.570050,86.377290,78.625266,162.682846,27.158163,8.972785,166.498800,28.262696,33.826617,6.893888,24.602110,41.784927,22.959409,90.779321
2012-10-08 08:00:00,6.227807,103.493119,449.729015,24.013886,47.544618,134.199425,304.111723,122.970888,19.468357,124.002248,143.225518,227.709842,218.215961,23.859748,57.935904,31.965230,181.023740,189.358686,239.476935,58.022231,19.696891,237.340711,74.680892,70.432828,16.707224,45.693923,36.025662,41.928023,170.579358
2012-10-08 09:00:00,8.755982,137.177613,470.251832,38.061884,69.519003,170.365035,418.275195,187.551022,30.847269,181.517449,145.841020,283.984931,282.285929,27.411518,87.071458,42.609897,263.149350,291.664311,285.625775,85.557291,33.953431,287.985894,104.515237,101.839542,20.874652,63.115234,48.161087,49.313433,208.069289
2012-10-08 10:00:00,12.151244,167.859870,471.388027,42.972941,95.515416,196.325435,488.138935,236.454312,40.010966,224.438668,197.009866,347.994172,352.147418,33.476575,109.407779,50.425830,318.116952,361.441329,313.109812,104.495230,42.266248,382.883863,119.155496,148.498585,23.784204,94.814468,57.840817,48.458960,335.957906
2012-10-08 11:00:00,13.684382,193.257450,478.232658,40.635515,125.071734,224.423879,539.655277,258.855426,49.624986,246.644081,234.929151,360.985759,413.362436,38.768044,120.974249,54.431070,354.065511,399.145544,331.245371,114.251977,44.092363,455.638118,121.991773,222.500819,27.915944,143.350510,85.305308,46.593309,454.659715
2012-10-08 12:00:00,14.556487,212.886717,435.121156,40.644027,152.962537,234.555108,573.710782,265.624392,56.177263,263.950932,258.807631,344.959494,430.764164,46.594027,122.850226,56.203715,362.991938,404.142456,311.664878,115.440743,42.720814,564.046523,127.148816,307.701895,25.223097,182.896771,95.471928,48.954743,581.881954
2012-10-08 13:00:00,13.996720,220.445148,387.720852,38.194936,161.588045,225.191824,552.608977,252.870177,59.627710,276.290031,272.709836,327.050795,407.392092,49.058011,121.384752,53.589932,343.563044,387.595727,294.428542,108.575734,42.331873,665.644381,135.731373,330.087776,25.559715,209.472959,87.377522,51.224665,578.078378
2012-10-08 14:00:00,13.199016,202.248908,343.762968,38.276113,129.408415,197.800549,508.850247,220.633147,51.968593,243.329243,224.680272,294.456937,388.362633,49.578105,109.844473,48.348178,314.627284,351.589353,276.624943,92.640183,35.516777,563.757308,145.621946,320.172465,20.070690,181.868485,77.339800,46.302455,408.681728
2012-10-08 15:00:00,12.785351,222.888942,261.303300,42.778418,99.599233,162.587891,437.287470,185.405566,41.201357,217.818757,185.035580,231.333540,313.100439,34.612045,78.837062,43.007618,256.819009,278.065549,247.663534,69.497476,23.678875,456.279179,126.741507,315.691657,12.932257,183.521122,49.390938,34.319545,347.963921
2012-10-08 16:00:00,6.741047,230.472257,194.025208,41.906479,92.298249,70.469670,358.384035,129.586316,32.210586,209.645925,175.181956,130.467160,229.059496,11.622324,41.837171,29.753926,156.285552,214.003821,246.159855,50.141917,7.883548,415.965502,54.976263,286.160860,6.397799,199.235654,27.771756,21.395665,345.358442
2012-10-08 17:00:00,4.062918,144.738521,172.862220,28.793442,85.976294,35.231775,264.124429,50.580300,24.298561,141.256587,172.828320,62.377357,190.818823,0.868165,16.447390,15.755810,101.603287,88.863238,185.795359,24.881341,7.187280,227.041662,39.989481,161.404143,1.738838,130.692249,35.726249,17.840103,344.017137
2012-10-08 18:00:00,2.874090,124.240869,161.338072,32.305895,65.480723,17.480381,336.689141,41.599986,21.426281,114.770977,155.165266,46.274932,188.925362,0.883949,13.314554,19.331167,154.706051,94.658667,169.172671,28.721548,3.166895,168.069802,23.741436,115.379293,65.051878,78.130641,46.163647,21.951550,228.778940
2012-10-08 19:00:00,3.723253,106.043974,136.332846,40.241437,44.880046,17.615888,344.751887,20.205707,12.369334,143.293942,122.984633,45.962263,134.225369,1.041797,14.398997,27.663567,162.140437,77.272381,144.554260,29.121570,2.919833,171.018395,17.954461,145.475175,70.171792,71.779446,24.783073,26.027245,194.641275
2012-10-08 20:00:00,6.029057,69.963924,168.296049,27.839442,25.540635,52.712156,401.747158,19.677454,7.945097,129.304107,95.228404,68.318058,153.159982,0.726101,19.278992,32.269111,212.588063,113.118180,149.604190,25.681384,5.435381,222.946394,23.593052,142.514924,35.530266,136.714933,9.471824,36.323738,162.201062
2012-10-08 21:00:00,5.970268,36.289210,250.922016,18.429537,23.806394,66.398345,416.482521,29.186022,3.381878,81.630009,61.284922,111.153637,139.274599,0.820810,24.580715,40.631811,226.571790,115.908571,220.934458,16.640897,5.300619,193.788086,18.473805,75.697838,42.987951,148.869805,6.805000,48.229057,192.566610
2012-10-08 22:00:00,6.976200,18.196895,367.468116,15.914448,28.115720,64.230236,355.872915,40.675541,2.524827,61.120639,56.514861,180.878703,128.755369,0.947089,27.653304,49.812600,232.413094,92.726857,276.062866,8.560461,6.648234,115.158938,9.125614,40.456759,51.875347,105.232720,8.460270,69.215311,201.431087
2012-10-08 23:00:00,12.227946,28.968620,444.005854,9.062996,32.950572,118.568474,293.039104,60.352995,1.389813,45.636744,80.123209,290.625331,134.435753,1.294354,28.436513,44.510164,241.440564,51.300275,297.525070,8.880479,14.352101,96.320705,11.277182,29.320578,46.021258,54.806427,7.816554,89.522283,186.531222
2012-10-09 00:00:00,16.970194,16.941937,386.385114,8.282451,36.051185,270.336120,275.523484,55.202521,1.204504,41.018740,79.639290,396.932607,116.342678,1.247000,25.363924,51.721477,258.787467,37.562963,308.466586,10.400561,17.384234,59.790914,16.915773,15.858486,34.274438,14.399691,9.885642,104.037477,150.507497
2012-10-09 01:00:00,9.595541,10.457986,308.760192,7.935542,32.898020,312.749757,211.855595,41.203795,1.806757,36.129089,89.455938,320.016166,89.834220,1.041797,12.953073,45.328254,226.217772,42.070518,299.208380,9.200496,11.859013,28.339255,17.657693,8.387377,28.343067,4.215879,18.161993,107.719903,121.650797
2012-10-09 02:00:00,7.250545,7.738909,332.460799,8.716087,25.855952,410.721193,209.909415,36.449511,1.389813,24.584079,92.497717,304.070075,96.776912,2.699202,6.566907,20.240156,202.675547,54.519958,283.216934,7.120384,12.173456,20.803962,16.619005,7.541591,28.401028,3.175597,24.783073,129.993219,86.758708
2012-10-09 03:00:00,6.362190,12.549583,298.758102,9.713450,17.079643,431.995765,177.380406,32.487608,0.787561,18.472015,70.099167,300.318054,81.208452,2.762342,4.578761,15.695211,189.399856,52.802794,192.739013,5.440293,10.421557,24.571608,13.577134,6.554841,21.464995,5.146657,17.012499,142.291807,63.182972
2012-10-09 04:00:00,6.584279,12.967902,248.312774,11.664813,12.244790,401.642236,156.250452,29.450149,0.694906,13.446541,53.023729,239.504039,55.962301,1.815253,2.952096,15.907308,187.098736,52.802794,115.306746,5.920319,10.376636,27.192580,13.057790,5.990983,26.526947,9.745798,8.874088,157.236022,49.414742
2012-10-09 05:00:00,4.487499,10.353406,198.737194,12.315267,11.298841,342.154739,143.739295,24.431738,0.857051,10.594244,39.093766,180.253366,34.713457,1.262785,2.952096,18.240380,167.273705,52.802794,93.423714,8.800474,11.387347,28.830687,11.499758,4.863269,22.411696,9.253033,5.379628,145.509461,44.322383
2012-10-09 06:00:00,2.528800,13.189833,171.948015,12.878994,11.028486,297.316259,158.752683,22.041509,2.529240,11.380941,28.966026,155.374408,39.924918,1.659718,6.227288,13.220558,128.706202,40.110100,92.360748,10.319743,7.814428,54.788457,15.240526,7.608188,14.948645,12.088199,8.010553,114.177491,49.732201
2012-10-09 07:00:00,5.961827,42.533789,239.587692,18.001607,27.016698,387.859190,196.890394,55.887354,11.263951,53.539349,26.477464,235.716639,130.971388,6.042454,27.781703,25.019169,186.103143,74.095691,146.476234,31.414323,14.421677,110.260396,39.848089,31.938207,15.520951,30.212265,17.135860,105.773019,101.012210
2012-10-09 08:00:00,9.080044,84.228093,347.380488,18.461506,51.658475,423.859548,295.449033,107.841466,22.187657,121.341413,22.717456,322.070043,238.524168,10.249067,57.836179,44.539135,325.946233,183.240314,271.047101,67.590133,23.619379,205.673803,71.441192,63.817097,21.536575,60.058348,33.975690,100.559930,196.055764
2012-10-09 09:00:00,11.024481,123.722864,412.716823,18.294679,71.310528,385.045106,428.815580,153.883874,31.654760,175.306621,16.230398,319.925652,313.861971,18.475939,83.778356,47.774579,381.570241,289.365221,347.111024,104.977368,34.122894,342.178555,104.375188,92.591772,29.030516,80.819894,54.105332,114.689764,291.952452
2012-10-09 10:00:00,12.793141,144.025953,488.430489,13.741902,90.918095,396.920956,488.119114,195.104075,39.322283,220.849152,15.402041,359.949296,386.171732,26.265065,104.086464,53.034601,425.231117,360.267443,375.823172,116.598417,42.201956,445.931334,128.399311,125.541469,35.117651,110.478415,78.103410,124.739911,434.652354
2012-10-09 11:00:00,13.913308,126.538711,510.010291,13.061418,103.543628,384.737581,559.965989,219.715708,42.840491,243.714252,23.012461,357.448456,436.934467,29.350406,113.133246,56.632054,451.925418,410.904461,409.627711,126.674023,46.529904,537.806175,143.967514,129.970139,36.651677,121.646419,118.601482,146.174920,554.787858
2012-10-09 12:00:00,13.803535,121.173611,457.035232,12.045745,112.698367,322.494957,605.225148,228.169243,44.051510,259.206583,49.525214,327.897528,430.011595,29.379486,112.929971,57.355545,403.000343,416.284230,389.994125,124.719333,46.008381,595.380899,154.800010,143.590705,36.662638,106.161208,147.499911,169.288014,607.488660
2012-10-09 13:00:00,16.392587,103.054803,408.900832,15.470067,118.913159,283.048728,637.027604,246.641444,44.502625,274.613703,77.374915,281.603271,396.393956,26.210341,105.535710,55.296417,340.935822,415.524955,352.772393,115.851493,42.721848,615.552705,168.367875,162.423950,34.055931,108.833342,143.615252,134.824663,760.862095
2012-10-09 14:00:00,19.797498,68.053829,359.342092,15.802163,103.928802,227.884890,718.877725,222.953424,38.994065,256.219125,67.562014,238.472599,344.531140,21.080884,89.576348,60.181444,269.339977,425.876467,333.050480,104.807849,33.151241,775.483293,145.714414,150.655347,28.777516,112.767362,106.277267,110.691136,883.012501
2012-10-09 15:00:00,17.086029,40.721923,336.831239,13.161191,76.370367,207.815711,751.141852,172.112681,29.038232,179.774677,45.282606,212.908703,278.907291,15.239381,67.916406,65.296182,216.253389,367.135642,346.516926,93.920169,22.226138,729.691619,116.566747,149.578439,17.714326,100.630447,70.418851,86.072753,860.257122
2012-10-09 16:00:00,7.662062,22.605159,268.093604,12.267291,51.576470,73.986728,632.226570,139.109443,20.364444,160.528380,27.290971,95.992949,165.170996,7.749372,39.933656,46.793210,129.115071,292.809726,362.567010,100.333761,3.638561,494.888318,69.814660,122.654794,4.920642,84.920460,37.381519,29.049924,659.849213
2012-10-09 17:00:00,5.722052,28.864040,183.951495,11.751540,42.725383,43.226678,527.136756,78.445687,11.929227,162.988370,19.978954,48.463611,99.932680,2.304582,18.616277,14.786222,49.208561,206.703619,384.005130,77.204161,2.762611,347.770165,56.608486,66.535158,1.120585,53.601890,26.254425,22.452074,346.657619
2012-10-09 18:00:00,2.834898,48.734213,134.375915,11.578086,50.082768,31.166570,487.935130,64.050772,5.605578,124.550279,10.784487,37.676549,115.921909,3.993557,24.279480,5.696331,36.463898,229.456042,409.675609,61.683325,1.504837,210.005347,42.882969,53.566440,1.062623,26.499811,21.242634,11.547802,161.069427
2012-10-09 19:00:00,1.659134,39.426606,84.582898,18.082629,31.794412,40.110021,321.397727,34.864750,1.575121,90.186898,6.048991,52.059298,80.787683,1.467987,32.352558,2.999664,30.622594,188.673397,358.965891,71.843872,1.123013,100.743595,21.960828,43.910385,0.830778,20.586630,12.782364,17.589842,91.285249
2012-10-09 20:00:00,1.463173,33.256394,41.530420,19.643719,11.141182,40.381035,272.743227,27.337133,1.366649,54.736928,3.387435,48.463611,50.071533,1.357494,30.484906,4.454046,25.312317,118.698963,313.516517,59.523208,1.257774,56.023267,11.425566,35.593490,0.540972,29.182643,12.092668,14.836960,41.116083
2012-10-09 21:00:00,1.744050,63.898292,30.006272,17.302083,9.512047,40.245528,234.375678,30.902846,6.230994,48.353216,4.458971,45.649595,42.287303,0.363051,40.847364,4.605545,18.585967,67.613333,252.706937,45.762466,1.370075,34.236441,7.790159,35.452526,2.202529,24.309744,9.701723,11.583554,34.514877
2012-10-09 22:00:00,1.443577,66.094469,42.617604,17.215356,5.412933,42.413637,241.326321,29.978402,7.713461,60.305697,3.249172,56.905659,32.819996,0.710316,32.593546,3.272361,16.107838,41.855873,216.515769,29.201574,3.593640,23.097312,5.861167,26.430809,1.758159,16.151744,4.827871,14.264932,34.514877
2012-10-09 23:00:00,2.207824,34.615932,51.532511,17.735720,4.572089,48.917965,165.703326,24.695864,4.956999,87.877896,5.599638,70.037735,27.981151,0.505114,25.544664,3.029964,16.107838,24.254942,154.022879,19.761065,6.356251,19.657287,6.083743,22.483809,1.816120,11.552603,3.678378,13.192381,25.461795
2012-10-10 00:00:00,5.166830,11.817524,51.749948,20.597718,7.567596,39.161473,102.591489,19.281263,6.624774,80.271772,9.920346,67.223718,35.344611,0.378835,20.965904,3.787454,13.983728,28.118561,145.395915,16.560893,3.908084,13.104858,6.603087,17.620540,1.874081,9.855302,2.436926,10.546755,36.778148
2012-10-10 01:00:00,4.298071,4.078614,58.490487,27.622624,10.878419,26.423831,78.403252,17.960629,3.659840,45.908391,12.132548,57.687330,41.024995,0.631392,26.689354,2.484570,12.390645,37.992254,137.821019,7.680414,2.672770,15.070587,9.051422,18.043433,5.738167,7.500980,2.988682,6.471060,47.340077
2012-10-10 02:00:00,3.514228,3.137396,90.671127,34.300622,9.774811,24.255722,73.398789,22.186659,3.474532,27.028905,10.784487,52.371967,44.180764,0.836595,22.050347,3.120862,15.222792,49.583111,139.293915,5.680306,3.795782,14.906776,10.164302,21.074165,4.830107,7.227221,2.942703,4.862233,45.076807
2012-10-10 03:00:00,1.221488,3.660295,98.063977,28.273079,7.147174,18.699942,77.291149,16.772058,4.123111,21.052664,12.962124,38.301886,49.650763,0.599823,14.639984,5.453934,22.126151,71.691598,119.515021,4.320233,2.919833,12.285804,4.822479,24.880202,4.424378,6.351194,2.023108,2.752882,32.628818
2012-10-10 04:00:00,0.587882,3.346555,104.152206,18.212719,4.309325,15.312271,70.340506,17.564438,2.895443,17.928721,13.307781,27.514824,54.068840,0.631392,7.350116,5.423635,19.825032,101.098032,110.046402,5.040272,2.874912,14.415344,4.748287,25.866952,3.400395,7.117718,1.885169,3.253406,28.102277
2012-10-10 05:00:00,0.587882,4.810673,105.674263,6.981542,3.783798,15.718792,72.286686,18.092692,2.154210,14.668953,14.966933,31.892183,51.123455,0.347266,5.482463,5.605433,13.806718,97.234413,114.044263,3.600194,3.077054,18.838233,5.712783,24.245862,4.192533,7.391476,1.977128,2.002096,25.650401
2012-10-10 06:00:00,1.273175,4.472121,129.796391,5.333725,4.791285,26.254823,71.730635,14.817095,1.791433,14.502894,13.895397,47.640215,70.040011,0.719327,5.463082,9.083992,24.620463,69.083048,99.220851,4.482152,5.294789,16.067855,9.831138,8.709883,5.889562,4.803820,6.826315,4.432988,31.522980
2012-10-10 07:00:00,4.220142,28.045939,163.520485,9.046989,21.756033,71.502718,94.042740,31.865445,9.674249,50.182145,23.267209,98.250423,134.413444,3.338184,28.659339,18.185196,90.881081,87.446100,117.189032,19.254542,14.290098,46.698291,39.666880,16.312513,12.334172,11.812263,24.098149,13.387082,69.015412
2012-10-10 08:00:00,8.076479,51.895913,256.608913,23.787037,47.597794,135.268876,166.746290,67.147676,23.361498,108.534561,30.396219,171.113879,222.730201,8.008902,64.642392,33.145436,181.154674,150.793490,187.087519,49.713610,26.571045,83.686709,81.238677,19.626306,21.169042,16.714392,42.360228,32.702835,121.427979
2012-10-10 09:00:00,10.031545,55.324789,329.249332,26.766367,69.408617,181.204934,232.931416,109.607136,32.996209,152.180868,34.363429,220.945642,312.273589,11.045666,95.526071,43.479664,251.303196,225.507354,245.558832,80.074018,35.845735,86.660221,109.895580,31.285324,25.370919,25.491815,51.070096,50.938352,155.735168
2012-10-10 10:00:00,11.734306,54.892531,364.431602,16.466756,84.337229,212.528269,339.471953,141.479678,38.522227,198.139400,35.979055,257.111518,411.659685,10.501768,119.248658,50.819175,294.563979,278.209792,289.800232,103.437981,41.444404,218.515622,129.861561,32.799289,13.505344,33.148720,48.524409,51.643007,190.075389
2012-10-10 11:00:00,12.558545,78.630772,308.391183,19.209540,90.822486,209.087126,499.723674,158.389051,40.417596,234.574637,56.898803,278.097686,511.528209,9.754253,134.502841,56.735364,327.837266,360.492120,342.138236,112.452518,42.447702,214.758265,137.009827,34.734966,6.944892,24.709588,42.205601,25.045482,206.654147
2012-10-10 12:00:00,11.106567,63.569813,303.920906,34.138360,95.519337,192.758448,664.713154,184.912790,37.383301,288.670738,76.599528,296.850277,622.264058,13.488467,124.462765,59.793703,360.192277,434.646230,391.630199,122.044339,38.098265,112.775172,120.361827,29.871451,12.770682,18.385865,47.444624,27.572726,208.625364
2012-10-10 13:00:00,9.060781,52.365536,400.593924,52.816506,107.518156,166.423956,842.197266,229.737963,29.706434,369.654138,98.727829,295.245820,655.673951,15.467010,134.358130,67.337635,357.952546,466.671846,532.541191,126.187940,41.157261,80.285891,172.308590,21.856306,10.275745,16.432418,43.959655,40.138541,176.085253
2012-10-10 14:00:00,10.377100,56.256520,431.544596,55.962833,124.775114,149.174002,942.425711,184.709764,53.871300,327.888225,111.971425,286.506519,690.493697,11.615913,200.623358,76.572363,320.737867,505.754101,591.588638,155.414386,37.272467,88.657498,205.486696,19.113552,12.069915,14.372334,27.933682,31.029515,183.731619
2012-10-10 15:00:00,9.206696,55.866224,399.011017,54.054129,109.372134,96.847325,862.109289,185.618540,67.112023,302.133389,98.976760,256.115360,758.876903,5.747521,207.902589,60.501693,262.731831,502.737826,608.548291,183.860500,17.225838,54.896941,108.153953,11.124623,13.351818,10.714097,23.475842,18.797366,119.206820
2012-10-10 16:00:00,3.122307,71.982614,303.305307,77.569016,75.337720,39.432487,755.103917,227.963074,63.363617,318.023617,80.466319,140.399972,696.769250,4.396141,180.680639,33.464352,217.099764,486.027974,692.277839,226.681439,11.140285,32.724879,91.775488,12.260354,27.388991,9.512731,22.805945,28.780127,56.738258
2012-10-10 17:00:00,1.097380,115.456161,160.250889,118.903039,81.719522,28.456434,664.203434,110.272978,47.577926,258.200743,56.653123,109.590294,556.467242,5.256342,90.972743,24.027611,172.583981,476.727661,566.854695,193.450426,5.682444,47.505110,35.092810,27.206113,11.669538,43.637085,15.311249,33.678111,43.190748
2012-10-10 18:00:00,4.291539,180.818571,65.448463,121.244675,57.965680,20.326024,589.692542,77.785370,44.705646,259.694803,43.621868,43.929918,322.309192,4.040911,73.922884,9.271688,196.834243,474.366560,464.804017,138.727477,8.647197,109.753185,45.257112,11.277145,3.091268,62.197903,11.908750,13.406891,69.972784
2012-10-10 19:00:00,1.260680,105.311915,37.833995,109.579862,69.947707,11.518080,477.926204,45.561889,60.619003,291.885006,59.487508,29.547169,278.128429,2.194089,96.093725,3.302660,282.152683,416.841566,491.105738,97.045230,3.346577,112.537967,15.877085,14.660289,2.975346,10.402818,4.781892,35.644455,122.216614
2012-10-10 20:00:00,0.483370,34.302193,50.010454,99.519502,106.944841,23.171667,521.298216,22.714913,91.889792,234.431605,73.797693,47.369271,340.612652,2.257228,140.977628,3.908653,326.404985,490.250327,487.949532,74.964040,4.896335,87.966358,10.609454,31.364560,2.550296,37.997663,4.092196,22.452074,337.227325
2012-10-10 21:00:00,0.542158,10.980885,120.894836,50.995614,46.246418,26.423831,668.929871,31.166973,22.352823,170.594494,85.619150,62.690026,403.307260,1.294354,155.497119,5.847830,397.208670,552.282878,560.752696,88.564773,2.223565,191.658546,5.564399,45.038099,8.249822,87.219419,4.184155,21.057757,252.166070
2012-10-10 22:00:00,1.495833,10.771725,201.998746,40.848528,20.232808,21.410079,604.427905,59.032361,23.186711,158.642013,85.619150,78.479783,348.817651,3.267456,117.662097,6.938616,494.209718,472.220105,423.562918,91.204916,1.841741,335.484361,4.451519,58.500191,1.004662,99.757552,3.678378,25.991493,129.195032
2012-10-10 23:00:00,1.064720,12.445003,165.686807,57.586884,5.045064,81.439603,589.692542,88.482509,16.469282,112.054504,79.362765,87.859837,247.833047,4.261899,108.625070,10.513973,579.705167,441.311153,293.316795,56.003018,4.851414,258.329510,4.525711,66.394193,1.391071,76.378587,3.724358,50.338408,205.957628
2012-10-11 00:00:00,1.665666,29.073200,79.799289,52.036341,2.995507,85.233794,552.159070,112.650120,9.427564,137.046054,108.847276,99.115901,227.215358,7.908190,93.021136,15.240717,587.670581,455.907047,213.359562,29.681600,5.278159,237.197927,29.009067,86.129198,0.830778,79.006667,4.735912,50.874684,147.301197
2012-10-11 01:00:00,2.240484,40.472404,20.439055,38.636983,4.677195,53.389690,570.230742,106.971392,10.956358,124.414456,123.295723,69.881400,236.261895,11.002012,78.260658,19.573564,540.409122,538.116275,295.000105,26.801445,8.422594,319.430910,25.967196,106.005166,3.168550,85.357862,3.172601,18.555138,116.935650
2012-10-11 02:00:00,3.880021,21.648030,11.524148,37.726347,7.515043,46.207828,482.374616,95.349808,8.454695,103.633439,131.729746,64.409702,197.340746,15.532253,66.331781,16.089106,486.421312,600.363470,380.848923,29.441587,9.792670,302.886027,22.554364,101.846719,6.182537,67.125554,8.322331,10.689761,121.273585
2012-10-11 03:00:00,5.545687,14.432020,30.441146,35.731621,7.882912,59.894018,303.604081,87.029811,16.585100,105.263322,132.421059,73.477088,209.753437,8.965772,87.839907,12.483450,397.916707,572.674200,462.699879,40.642190,11.656870,266.847668,27.525227,118.832919,9.582932,51.904588,13.196182,6.542563,143.151868
2012-10-11 04:00:00,7.609806,14.745760,91.975747,39.027256,15.608166,35.231775,230.761344,77.917433,25.757864,77.691123,138.642878,73.477088,259.404200,7.655633,69.344124,10.847269,315.961442,525.022899,421.458781,39.362122,4.536971,308.783213,23.370476,136.242012,4.984670,57.927272,13.885878,5.076743,136.173450
2012-10-11 05:00:00,8.968467,44.446439,162.860130,29.270442,20.443019,34.960761,182.662895,62.994264,29.649340,95.755667,121.014390,91.924527,319.784577,13.622291,76.874980,17.058695,329.768160,432.296042,306.993690,41.842255,2.627849,331.389093,11.944910,174.936717,2.086606,93.789620,11.265033,9.724465,155.977068
2012-10-11 06:00:00,14.929126,55.082641,180.146580,29.443896,37.536084,46.050846,155.138349,48.776293,37.229510,160.575581,120.184814,105.044209,292.459246,7.995507,71.755469,28.968629,422.731719,301.935372,228.987186,29.834598,6.822776,522.380165,19.323000,172.686453,2.973431,117.566098,11.826984,8.445312,220.175458
2012-10-11 07:00:00,34.223868,98.733164,283.054860,31.059435,55.663006,87.155260,186.827207,46.955422,46.811024,251.902905,90.725130,129.192792,296.908595,4.495829,75.332190,47.623310,590.373773,223.956147,152.755104,25.793354,12.501317,601.703653,45.960980,195.298045,4.246112,160.448772,15.958913,10.461779,294.420371
2012-10-11 08:00:00,31.347025,144.545345,289.063886,42.081189,45.008368,116.545099,261.318926,62.659545,17.861924,250.261554,90.264334,166.489349,204.094197,5.112505,58.924320,65.806517,619.500746,269.908412,165.631735,36.309705,22.736109,717.030750,58.210995,176.581861,9.046666,145.524872,38.014607,13.429595,327.325717
2012-10-11 09:00:00,31.459068,230.828180,381.560391,39.669214,66.653867,132.215678,301.629097,118.390598,18.580658,274.056473,103.768249,224.965841,292.549395,8.366588,79.672319,81.957894,667.616866,336.600702,239.956999,40.131482,32.712929,854.634277,55.662891,312.291495,17.894884,248.335605,73.760681,24.576643,500.738633
2012-10-11 10:00:00,34.138637,243.590573,519.929983,30.649101,111.124752,151.485994,478.300993,167.603172,37.622436,384.107083,125.465125,273.464675,524.695072,7.591150,171.084744,133.118480,824.276196,450.467371,401.517055,56.878496,39.267921,778.071112,96.206665,366.419382,22.121406,301.919346,54.119685,42.820269,666.539535
2012-10-11 11:00:00,23.649873,283.195102,414.663431,21.339489,134.544099,176.421182,649.658044,205.302908,65.634666,430.325129,86.670339,297.938295,612.163676,5.553819,166.278745,148.375521,1015.494198,521.332744,458.904149,83.208247,50.529865,822.208444,147.367660,375.422014,24.443013,286.157893,20.240122,61.982911,822.028050
2012-10-11 12:00:00,21.625366,410.352676,389.513603,38.181440,146.776016,189.842478,776.184858,234.679883,91.944948,492.855092,94.720016,274.276616,773.099673,11.792817,171.468803,182.498176,1068.296435,534.795496,514.774471,172.842341,64.558714,907.685521,220.349122,357.088195,28.999520,291.897535,31.581489,80.541940,880.238961
2012-10-11 13:00:00,23.386837,421.075214,421.999533,57.395748,163.591573,205.054783,894.201873,229.525538,105.467464,547.574674,80.387468,241.983593,828.748377,31.449091,204.720817,170.897771,946.265199,668.026991,625.973246,203.179481,61.040542,978.363730,280.288585,337.979563,20.908952,270.709440,55.960842,73.429546,981.788026
2012-10-11 14:00:00,24.582507,430.724804,471.416549,84.208463,158.741061,146.375605,960.879076,195.836273,102.700737,540.494878,75.146542,305.148057,973.734629,27.010938,265.574506,157.145943,1083.221288,829.496727,819.508347,205.318361,52.835919,848.270353,62.569538,257.104015,17.411428,238.848244,48.210070,62.922186,970.075110
2012-10-11 15:00:00,29.337842,359.272166,439.859234,123.414607,191.658955,86.213261,906.519410,175.312801,86.327810,517.188184,76.943333,257.452455,960.008679,28.069390,279.869321,141.041231,962.293604,648.790977,885.740044,240.464902,37.178819,642.655427,303.385795,273.830712,11.471468,229.785637,39.966255,46.018064,884.352742
2012-10-11 16:00:00,21.836551,393.207926,381.801644,108.223574,116.704507,13.550683,947.756177,139.635578,69.098365,439.891830,50.560176,172.280320,893.303986,54.766801,265.249474,142.482734,798.369604,533.706084,931.270702,341.806995,17.137172,514.336182,234.595064,308.636405,9.984643,272.316111,8.736148,31.640264,759.512618
2012-10-11 17:00:00,21.274797,312.066290,335.287477,91.974233,94.016865,8.401423,953.350177,124.403767,21.379954,267.572574,31.316492,205.266842,776.319139,54.836429,227.793338,124.531501,646.968667,474.581206,894.679348,389.540995,8.265372,425.088827,159.661156,267.620755,25.348400,251.091182,6.805000,23.345867,616.929854
2012-10-11 18:00:00,25.324651,317.504443,292.234999,98.001776,71.787053,7.588382,863.269846,130.082495,24.066926,226.825481,27.894491,141.013474,748.548373,23.629860,156.461068,69.477064,543.772297,454.404529,795.995290,324.497489,5.188318,331.389093,96.449583,174.654789,12.616239,159.382127,5.655507,35.036676,441.337774
2012-10-11 19:00:00,20.634659,180.609411,277.449300,78.358057,41.306459,15.176765,610.822496,80.558702,27.680439,208.625113,38.609847,123.660375,611.377620,13.874848,128.807764,58.266198,604.309447,469.859005,671.009511,241.052992,7.479264,218.523505,49.040904,179.659022,16.190518,104.958961,5.701486,54.271096,288.567006
2012-10-11 20:00:00,21.150689,172.452183,260.054359,69.251697,35.052682,26.423831,430.661833,87.954255,38.405161,168.557139,39.059200,126.943394,475.469174,18.689215,110.974697,32.329711,517.928952,494.113947,486.476635,145.687852,6.535933,203.780540,14.838397,123.837152,13.698183,73.038735,4.322094,58.597053,218.782828
2012-10-11 21:00:00,22.672650,209.682611,215.914698,93.101687,44.669835,49.324485,416.760547,106.707265,37.246984,141.664058,38.229624,131.477086,393.419184,28.160100,85.610773,61.023465,422.343978,497.548275,371.590717,109.045877,5.053557,261.278104,7.196623,85.142447,26.411024,51.192816,3.586419,60.563397,154.468221
2012-10-11 22:00:00,19.811624,156.765204,175.036588,73.414605,48.033211,99.055491,384.231538,114.631071,31.896204,119.524805,34.738492,151.487868,361.230342,36.715467,91.394471,64.235227,348.000109,388.293714,306.993690,100.165399,3.728402,271.106747,6.380511,71.609873,35.684829,52.397353,6.759020,56.487702,172.951598
2012-10-11 23:00:00,16.989790,120.162255,149.596488,78.227966,29.849960,170.332082,344.751887,146.854552,19.017272,75.517945,29.519077,201.045818,290.541119,27.907543,64.825610,82.263510,337.556566,300.932994,222.407354,72.963933,3.009674,202.306243,5.935359,69.072515,41.770764,34.329300,8.092432,76.258398,200.110845
2012-10-12 00:00:00,13.377582,116.606539,106.326573,75.929694,27.800403,213.829773,414.814367,203.377707,13.434857,96.706433,21.015924,206.986519,179.668440,13.543367,34.099717,103.230857,369.772242,348.584296,311.622793,69.283734,4.918795,152.180162,8.828846,53.214030,36.766773,47.305447,6.391182,104.001726,212.370228
2012-10-12 01:00:00,10.281403,83.559305,79.364416,51.646069,33.896522,191.335640,409.531878,144.081220,8.593676,117.623274,8.917941,158.679242,128.334600,9.281468,25.122936,93.444075,366.940095,332.271238,400.206990,62.803385,6.625774,193.132843,9.719150,41.513991,32.419677,48.071971,10.437398,137.644085,219.914464
2012-10-12 02:00:00,18.217810,67.767747,171.122726,65.435699,28.063167,193.232736,302.491978,134.440588,3.752495,123.871161,4.562668,93.644203,82.681144,9.013126,37.172306,97.413327,399.686799,286.122455,410.517264,51.522777,4.761573,303.868892,7.345007,59.698388,33.772107,71.888950,15.954966,171.071934,210.295563
2012-10-12 03:00:00,24.188079,61.179216,255.705624,88.505144,18.551120,239.711577,284.142281,157.551692,2.872280,113.820212,5.634203,81.293799,66.481531,13.874848,40.606377,55.842228,337.910584,347.296423,333.505825,41.682247,5.727364,335.975793,6.083743,81.406893,49.344371,151.169375,19.403445,179.509338,229.533364
2012-10-12 04:00:00,22.639990,38.380807,292.669872,83.691782,11.351393,358.009037,378.949050,118.857102,2.154210,74.431356,4.597233,89.892182,80.366914,13.653860,33.376755,23.361019,268.345964,443.028317,319.618516,18.721009,5.592603,309.602267,6.083743,93.459342,35.298420,175.698126,22.851925,176.541946,274.232959
2012-10-12 05:00:00,20.308058,68.813545,355.074221,62.356882,4.519536,415.057412,420.930933,110.405041,1.111850,42.784447,4.666365,133.509431,66.691915,8.902633,28.737747,21.300644,254.185227,539.618793,409.675609,13.520729,8.355213,300.920299,21.441484,70.200230,42.099211,181.228045,28.507431,133.246625,304.787112
2012-10-12 06:00:00,15.818065,68.593001,454.449191,42.539709,19.103822,389.948705,426.491447,108.556153,3.313179,96.777994,9.712952,221.854676,65.625311,3.960038,34.636851,31.476944,248.278333,486.601354,478.746374,40.679846,17.574292,257.352248,23.038140,68.334691,65.671170,173.154179,54.849762,186.831178,365.837772
2012-10-12 07:00:00,6.647867,53.051910,700.954646,50.832338,51.335673,461.777738,320.900142,175.249485,5.270410,124.486965,15.435360,333.118325,117.666063,3.181691,28.133177,23.957645,282.519303,287.024030,462.379116,73.149587,19.187403,251.536683,33.833100,85.212094,65.760061,155.488568,63.202324,243.103198,360.242245
2012-10-12 08:00:00,6.674934,80.041250,776.235257,71.386336,65.396082,678.335900,411.702427,232.628614,7.432282,163.106375,26.034854,452.578627,137.809691,5.848465,24.773900,16.877215,290.567605,329.954935,467.200798,92.431685,28.239701,310.585935,62.962906,112.871104,65.663729,154.619801,85.843463,286.320054,370.838660
2012-10-12 09:00:00,11.184336,123.081299,661.619080,94.515849,64.163753,617.325078,571.002529,260.351251,24.475982,181.645972,36.834073,534.256125,189.138392,15.578484,33.171967,20.573518,272.397792,412.685579,613.554657,124.380476,33.339605,364.853127,95.598115,142.272494,89.113848,198.190634,83.269991,274.712549,388.077477
2012-10-12 10:00:00,11.555909,199.233899,512.526506,129.315942,79.209317,556.842109,777.229988,295.945163,25.662253,165.599637,41.479468,476.144462,224.743894,24.514603,31.549548,26.444331,286.290485,471.013439,773.364365,146.913447,40.743198,459.535163,115.541523,178.659980,94.463329,220.876092,105.298220,240.651198,373.702632
2012-10-12 11:00:00,8.838752,232.362873,460.218021,131.914604,108.621326,487.544110,757.401246,347.338396,26.979811,157.976736,33.381172,518.998859,293.526447,27.605650,24.089660,33.757412,321.989652,504.157074,777.319491,177.658086,48.097951,436.651165,143.335250,147.272991,86.289535,169.859567,118.774216,328.737000,373.962316
2012-10-12 12:00:00,10.727400,235.404227,399.084456,131.819366,89.959233,386.971630,717.515010,328.707773,26.671912,137.628497,29.647915,481.499087,319.906151,29.017548,20.722773,36.728361,289.382529,519.432554,636.717549,180.542062,55.308962,391.604017,147.265095,119.422504,72.779838,145.143943,128.550873,338.058467,365.744604
2012-10-12 13:00:00,10.804129,227.694801,333.433123,150.592471,79.289485,390.960598,755.321520,279.726887,21.635740,131.854997,30.673488,458.710351,240.508354,26.432673,22.358351,27.753854,258.729794,578.890555,659.900495,196.214575,42.597681,354.822392,127.127846,131.459510,75.091170,140.491197,121.611987,303.410843,311.100359
2012-10-12 14:00:00,12.418368,211.101414,348.731537,190.280809,51.295592,392.651858,958.395319,227.660525,13.436087,118.685506,27.285677,246.906575,137.122309,19.716792,18.238231,12.337407,264.590489,813.454797,869.911295,266.434747,30.489787,311.342473,118.680313,126.248061,70.541175,124.343273,123.209925,254.423840,267.654011
2012-10-12 15:00:00,13.049239,143.324543,290.912782,172.879960,24.618525,216.455404,987.672425,147.267613,4.990088,90.165668,21.348408,125.018369,90.487253,12.228679,13.075879,9.162141,278.659198,971.432684,1020.485923,325.594754,21.711166,258.134961,92.783736,93.647134,62.525246,95.371727,110.874383,199.231782,194.293159
2012-10-12 16:00:00,8.406713,84.219262,129.157433,161.149296,13.448076,128.053952,884.067641,85.492238,7.459390,66.616995,14.789717,114.905658,42.420464,6.331736,9.510510,9.604984,161.593356,927.468395,997.476729,397.350146,6.827916,191.817218,37.763721,67.024157,52.049231,67.480581,90.718003,163.421068,123.291264
2012-10-12 17:00:00,2.959006,36.393790,156.119590,147.566391,9.774811,139.707539,906.919883,47.146650,5.211798,23.361666,6.532910,98.646898,26.087689,2.841266,8.012831,10.968468,77.530035,727.218962,859.750663,391.301090,7.389423,148.576326,39.766905,37.003133,65.998579,47.907716,76.234389,159.416877,120.141950
2012-10-12 18:00:00,2.534425,75.715816,149.379051,117.385313,10.825866,127.782938,902.193446,88.218382,3.984130,36.808207,5.599638,56.436657,24.194228,1.310139,6.988635,13.301540,98.063103,782.168211,802.307703,325.857563,5.435381,171.018395,31.679979,61.671889,52.068551,71.341433,75.728612,151.909017,236.700387
2012-10-12 19:00:00,2.521361,64.316611,121.112273,104.072682,31.689307,77.916426,676.714591,87.029811,2.825953,33.955910,3.802223,28.609164,32.188842,0.457759,8.374312,8.241501,87.442550,635.136042,656.911789,230.652431,3.863163,179.536553,13.873902,88.314144,33.888029,89.245231,47.680978,132.638846,295.545424
2012-10-12 20:00:00,4.820633,41.309043,119.807652,90.413143,43.618780,77.645412,484.598822,84.388542,1.019196,21.595959,3.318304,43.773584,42.918456,0.299911,6.747647,3.423859,126.030558,513.217396,614.618621,135.367296,3.324117,167.905991,9.348190,91.556324,28.478310,84.481835,28.829289,147.904826,231.230817
2012-10-12 21:00:00,4.559352,33.988453,121.547146,110.186952,25.645741,74.799769,377.280896,69.465373,1.343486,23.633314,4.735496,49.557951,27.560381,0.584038,8.555053,2.302772,119.481218,491.538200,566.854695,106.005713,4.492050,152.507783,10.609454,98.111164,31.086567,80.649218,25.518749,120.733526,113.540744
2012-10-12 22:00:00,1.365193,33.883873,106.326573,89.242325,18.866436,73.851221,324.177984,68.805056,1.621448,17.792897,7.224224,78.479783,20.828074,0.931304,2.952096,1.302884,165.326603,415.768338,356.230512,55.042967,3.705941,110.408427,8.161119,89.089448,37.249784,87.109915,25.058952,106.039573,81.666349
2012-10-12 23:00:00,0.770779,33.465554,96.107046,72.113696,14.189242,112.606173,278.581767,98.387268,3.474532,24.584079,7.293355,95.363880,19.565767,1.404848,2.289380,1.545281,253.123172,396.235597,368.013683,25.121354,3.616100,64.049993,4.674095,106.850952,17.774793,82.072761,22.392128,116.443321,45.454019
2012-10-13 00:00:00,0.391921,17.883155,117.415848,71.680060,15.345402,213.965280,241.604347,85.312986,3.544023,28.930436,9.401861,134.916439,16.830767,1.341709,2.108640,1.969476,261.973633,441.525798,424.194160,57.923122,3.413958,39.969816,4.006367,84.296661,6.163216,40.461488,20.506959,107.827159,30.554154
2012-10-13 01:00:00,0.960207,13.490801,78.929542,59.971883,8.408440,221.011635,294.151207,65.107279,3.266060,14.533130,17.179135,215.272233,18.303459,1.515342,1.927899,0.757491,235.422251,409.328973,438.291882,69.523747,3.885623,30.304984,3.857983,60.967067,7.631569,12.921395,23.035844,61.028170,14.522653
2012-10-13 02:00:00,1.326001,5.124413,46.531466,50.778796,7.147174,220.740622,334.742961,77.389180,0.833888,10.050949,25.509460,219.336923,10.308845,1.483772,7.771844,0.878689,247.989905,393.874497,401.048645,45.762466,4.110226,20.148719,3.264447,41.302545,4.559621,8.267503,18.391891,76.365653,8.110053
2012-10-13 03:00:00,7.146033,3.241976,55.228936,52.773523,5.412933,265.999902,346.420041,54.146013,1.737266,9.236008,33.217603,146.172504,11.150383,1.436418,9.699743,1.393783,240.909536,422.851640,431.348228,19.601056,5.996887,10.647697,7.419199,16.704272,3.670881,5.694174,17.932094,47.371016,9.807506
2012-10-13 04:00:00,15.827090,3.346555,33.267824,48.567252,5.885908,232.394209,352.814633,45.826016,1.829920,10.730068,34.150876,168.059296,10.939999,1.436418,3.253330,3.363260,168.866787,415.124402,420.827539,17.680953,6.625774,11.630561,6.232127,19.453076,10.220506,5.037154,17.380337,28.744375,9.618900
2012-10-13 05:00:00,12.926872,4.496934,18.264687,34.517440,13.926478,156.239372,339.469398,42.656493,0.463271,9.236008,35.118715,135.229108,10.308845,1.515342,3.313577,2.817866,135.766065,364.897354,392.000853,32.641759,4.447130,9.009590,5.416015,11.065699,6.375741,2.244819,20.414999,17.589842,14.334047
2012-10-13 06:00:00,10.331750,5.483400,42.803632,27.275715,9.494114,90.676401,319.173521,54.278076,1.551586,21.110766,36.985260,56.700617,22.749284,2.511867,4.193778,1.911689,161.955400,226.236360,334.584440,55.993285,3.457719,10.368316,10.424673,6.827031,5.226857,3.171776,24.968036,34.586798,14.583724
2012-10-13 07:00:00,8.455468,44.874539,110.567732,35.552686,28.273014,118.780858,323.681397,70.370558,10.197975,69.882355,42.233653,66.070131,80.170334,9.844115,18.932310,6.139282,167.205523,194.489500,361.970392,56.420741,13.177774,70.340764,35.576898,29.745931,10.936927,22.336239,28.517631,42.035453,77.330130
2012-10-13 08:00:00,7.595379,98.907515,232.661585,71.438133,59.720867,133.919822,365.438124,156.790374,22.651914,132.280192,56.585102,126.968787,195.515273,17.443493,36.668723,11.722133,206.331977,285.720586,325.143841,111.551721,27.067475,166.353403,78.926196,70.198610,22.509810,53.788307,32.802565,51.574498,181.467041
2012-10-13 09:00:00,8.083111,151.537385,312.791660,83.113349,83.980839,146.220770,376.456831,214.449296,33.189293,189.377590,65.228012,161.461003,295.229647,24.693028,58.141618,13.342095,262.727265,357.328460,332.848719,123.213250,36.560310,245.368250,113.567695,102.237401,30.666200,79.678820,49.827012,69.240308,273.427882
2012-10-13 10:00:00,13.270594,188.240391,299.081308,93.487563,100.274612,124.163653,512.563039,245.487526,39.428127,236.301579,66.256958,156.892061,353.063831,26.751343,81.291628,10.945020,320.157678,419.761846,445.263076,133.010478,48.027390,298.197155,136.890281,125.388603,40.163343,98.309024,51.182080,91.102516,346.647903
2012-10-13 11:00:00,18.608729,206.087276,300.167277,110.613960,114.660020,148.637452,608.170920,259.007120,43.026107,257.334719,74.530684,176.937532,353.852515,29.473127,87.235172,25.753720,330.590352,466.813102,543.875896,142.207946,51.425189,338.319239,170.327415,141.131308,42.491111,109.421360,61.604779,113.443992,410.154653
2012-10-13 12:00:00,17.939751,210.810374,393.617896,110.567387,124.523947,187.621970,558.012001,266.723293,44.598933,259.989109,76.297244,180.068788,302.245010,29.917668,72.859592,41.595504,275.876716,482.590820,580.853395,148.285897,46.163659,359.131202,172.992993,145.446655,48.655770,112.426207,71.187450,163.973883,490.626191
2012-10-13 13:00:00,19.073159,197.803427,412.368896,100.309713,126.719316,247.975763,581.067056,273.242600,44.685800,247.410588,68.755754,191.496246,299.106857,27.271933,72.911094,40.722080,325.972674,532.299751,626.733365,161.445660,43.366158,363.456695,215.969568,142.011867,42.469755,117.842649,84.970939,169.024305,522.477682
2012-10-13 14:00:00,21.446106,169.747927,397.363937,85.659733,132.294490,233.622456,591.610738,250.301528,48.183301,221.735275,63.730778,172.526576,311.196701,23.259122,56.781039,33.003960,279.424807,538.170519,682.395747,181.096909,35.285983,352.893357,196.255932,135.834618,37.328687,126.620339,52.725463,178.494941,636.035795
2012-10-13 15:00:00,19.971665,160.723990,329.112159,80.089966,111.060793,146.893903,584.714184,226.416565,38.285806,177.759408,76.006333,126.966374,310.383493,16.458854,55.825582,25.821803,213.851349,450.269959,559.611590,177.573161,24.769412,321.326121,158.301370,104.317533,29.773333,114.757488,28.495633,141.860316,546.468262
2012-10-13 16:00:00,10.692921,103.183611,140.029270,65.016442,79.851463,51.492594,519.402130,214.776270,24.233096,145.224004,82.450011,55.342317,208.604178,1.531127,33.567460,11.483562,160.852461,400.684294,516.335048,173.563312,4.110226,207.698172,71.595268,70.671375,6.510984,81.907361,46.485505,85.017567,399.832901
2012-10-13 17:00:00,11.927473,32.210596,74.798244,49.477888,47.350025,47.156376,406.751621,155.966930,21.217809,87.062954,100.171294,44.086253,102.667680,1.215430,6.807894,12.119854,141.784378,284.619936,453.441673,159.208581,3.571180,82.888226,32.050938,53.989333,2.183208,55.791957,30.806418,45.583431,247.450923
2012-10-13 18:00:00,9.569413,47.897574,34.789881,37.119257,43.145805,32.386132,331.406653,152.005027,27.031860,100.509495,162.631449,27.358490,98.459988,0.599823,10.000977,8.423299,64.608362,273.458370,443.341813,203.370961,4.716653,81.577740,18.028653,44.615206,1.564955,49.057501,18.805709,34.643407,167.104815
2012-10-13 19:00:00,8.504693,62.329594,30.006272,41.195437,43.303464,35.096268,304.716184,103.801869,23.348856,125.772692,212.855359,18.760107,70.058069,0.568253,14.398997,4.332848,30.622594,231.387852,425.246228,166.888995,3.032134,85.673008,14.467438,44.262795,1.796800,28.361368,15.127331,22.058805,171.819963
2012-10-13 20:00:00,8.831294,80.421909,45.009408,31.135077,22.440023,26.965859,264.680481,57.975853,14.801507,130.798167,220.425239,21.886792,59.959608,0.473544,20.423682,2.060375,22.303161,152.827598,339.818238,100.405412,2.627849,167.086938,5.786975,52.297762,2.840103,26.937824,13.839898,17.339580,92.794096
2012-10-13 21:00:00,4.507095,90.670735,53.489442,27.015534,17.710276,30.218022,267.738764,29.450149,11.164830,115.993390,212.578834,31.110512,48.809225,1.499557,43.678966,1.181686,23.542225,148.749333,317.724792,76.564127,5.345540,249.811353,4.080559,79.574357,1.429712,35.424334,23.357702,11.905320,74.876537
2012-10-13 22:00:00,2.201292,80.212750,70.232072,15.394084,10.720760,38.754953,283.586230,23.507293,8.686330,71.443235,245.450780,45.493261,59.959608,2.257228,60.307096,1.424083,31.684649,177.726476,237.346732,43.202328,5.974427,247.518003,3.412831,78.164714,1.313789,57.544011,14.161756,10.904272,57.524795
2012-10-13 23:00:00,2.299272,59.505938,118.937905,12.445358,12.665212,74.122234,263.012327,21.526342,8.987456,44.957625,302.276732,85.358489,89.623836,3.204316,51.752044,2.726967,44.252303,229.885333,238.819628,26.401423,8.445054,369.065559,3.635407,105.088898,2.473015,74.571782,24.783073,8.830672,73.556296
2012-10-14 00:00:00,2.985134,45.596817,141.116454,11.664813,15.030086,81.981630,215.747955,17.696502,12.091372,27.979670,313.856229,109.902963,118.446524,8.413304,39.100205,1.787678,68.148546,226.451005,292.054312,20.321095,10.825841,402.646758,4.154751,77.107481,5.197195,84.646090,42.209390,5.756025,112.031897
2012-10-14 01:00:00,5.166830,52.185348,203.303366,13.052449,10.247786,68.295441,216.582032,13.998725,8.709494,23.904961,293.427922,145.703501,157.367674,15.548037,25.303677,3.757155,106.913564,200.478899,309.097828,9.600517,12.600201,406.742026,7.048239,140.118531,3.554959,108.408317,32.139830,5.577267,253.297705
2012-10-14 02:00:00,6.061717,73.624219,295.496550,20.857900,11.876921,68.972975,197.398258,10.433012,5.651906,21.052664,248.907346,144.296493,148.531521,24.892645,12.049370,4.938841,153.643995,187.385524,269.960866,10.960591,12.847264,443.763249,7.345007,154.214963,4.443698,106.382505,41.013917,6.435308,360.991667
2012-10-14 03:00:00,6.375254,96.736367,413.347272,24.977444,14.031584,61.926620,170.985815,16.375867,5.582415,30.017025,181.642564,118.657680,139.064214,19.083835,13.073566,8.756595,250.822052,192.537016,228.298940,8.720470,13.723213,481.112094,7.493391,138.145030,3.419716,116.511565,50.853579,13.657153,363.443543
2012-10-14 04:00:00,6.897816,101.860780,452.268451,41.585709,14.504558,78.458453,146.241526,16.375867,7.296517,29.066259,106.082023,120.690025,168.728442,38.783277,26.207380,12.544049,256.132329,169.999238,209.992942,8.800474,19.562879,543.360169,11.870718,135.114298,2.415053,195.080219,58.302295,15.695001,315.537648
2012-10-14 05:00:00,4.102110,116.188220,510.106628,57.023157,20.443019,82.252644,127.613803,13.470472,13.017914,29.745378,93.396424,146.954175,203.021130,49.943138,36.328850,24.663903,134.349991,172.789629,186.005772,6.080328,21.314778,504.209406,13.354558,137.087798,1.990004,188.455266,64.877396,11.118782,274.044353
2012-10-14 06:00:00,4.559981,158.876360,591.503690,54.377976,29.874752,100.527060,90.636383,29.186022,15.511220,42.453845,108.812710,231.087538,264.976529,74.392166,51.890279,28.635037,146.601673,160.340190,128.983641,4.718690,27.487414,544.924773,22.231813,206.971030,2.642031,168.007789,87.409551,7.915498,304.837127
2012-10-14 07:00:00,9.217518,81.558568,747.414496,50.850268,56.600704,176.556587,140.837677,81.012401,20.301872,71.479064,169.007399,342.390143,384.916745,81.739560,85.639237,63.453125,235.614088,130.903201,142.615292,15.417179,30.979475,585.191806,63.608940,239.545543,6.169365,170.221889,107.994700,16.272866,418.547657
2012-10-14 08:00:00,9.465397,65.934717,861.113439,55.273241,67.242252,206.986669,258.842024,142.193535,31.615706,135.204523,201.163993,460.500397,616.292089,89.338861,180.316553,91.936792,350.580527,128.663132,178.491865,49.605399,40.526650,703.090378,92.127400,233.665521,16.457608,230.567291,146.515192,21.938252,508.772216
2012-10-14 09:00:00,14.937514,97.241824,0.000000,61.259110,98.086316,241.630349,355.391678,153.443166,32.609961,172.752888,228.905765,509.355680,863.604100,58.041164,141.984170,117.132347,453.005624,196.282460,226.566844,81.164186,0.000000,764.126277,0.000000,433.556809,0.000000,259.888284,207.001835,0.000000,628.852444
2012-10-14 10:00:00,22.365189,197.946971,0.000000,50.368617,111.726081,292.108035,506.464040,170.051640,39.498004,314.803945,241.693651,631.823688,0.000000,52.653554,192.330483,0.000000,0.000000,369.776397,302.959079,107.156119,0.000000,984.095502,0.000000,499.595445,0.000000,410.536545,248.345734,0.000000,0.000000
2012-10-14 11:00:00,25.635708,297.190045,0.000000,44.920840,0.000000,357.703003,808.015674,175.149492,0.000000,375.565262,223.848322,714.130789,0.000000,86.478539,0.000000,0.000000,0.000000,693.454330,414.676778,112.669873,0.000000,1368.227534,0.000000,603.293687,0.000000,446.253435,261.856135,0.000000,0.000000
2012-10-14 12:00:00,25.302694,359.957446,0.000000,78.743438,97.444566,345.732663,967.548695,163.258253,70.135165,347.193190,224.303172,0.000000,1178.046118,0.000000,207.351961,0.000000,1209.834022,724.198664,425.677819,113.245957,0.000000,1324.914514,0.000000,684.950981,24.985413,466.448245,292.505961,49.679433,0.000000
2012-10-14 13:00:00,32.412948,585.327837,0.000000,180.564607,176.377182,352.137562,1069.982261,271.561615,106.518939,477.774304,0.000000,0.000000,1221.408978,0.000000,239.383860,0.000000,0.000000,604.629620,543.296860,118.903909,75.985025,324.566672,0.000000,670.070785,0.000000,474.504306,362.789729,60.955817,0.000000
2012-10-14 14:00:00,29.238896,609.971610,0.000000,276.252011,158.122235,265.027938,1160.221170,0.000000,73.021733,0.000000,203.958572,0.000000,0.000000,0.000000,318.842347,0.000000,0.000000,1095.779831,0.000000,139.873877,64.327478,1212.962510,0.000000,0.000000,0.000000,447.197318,396.846795,40.104737,0.000000
2012-10-14 15:00:00,17.245989,0.000000,0.000000,0.000000,0.000000,236.197632,0.000000,0.000000,0.000000,0.000000,181.400395,761.644869,0.000000,69.298354,0.000000,202.842972,0.000000,0.000000,0.000000,0.000000,0.000000,952.844225,0.000000,667.286172,0.000000,505.443013,324.818307,0.000000,0.000000
2012-10-14 16:00:00,6.146633,0.000000,0.000000,0.000000,0.000000,226.702922,0.000000,0.000000,0.000000,0.000000,181.680438,794.021548,0.000000,77.534985,0.000000,164.254322,730.255637,0.000000,0.000000,0.000000,39.327900,838.845222,0.000000,518.341386,0.000000,512.040036,224.564992,0.000000,0.000000
2012-10-14 17:00:00,6.127037,0.000000,253.620099,0.000000,0.000000,139.843046,0.000000,0.000000,0.000000,0.000000,117.626955,1000.226396,0.000000,33.905771,0.000000,165.193611,1128.964749,0.000000,1269.215858,258.413928,15.452653,662.122943,265.829890,517.480007,0.000000,378.717337,158.170264,0.000000,1030.165352
2012-10-14 18:00:00,0.698926,0.000000,1398.335773,0.000000,0.000000,488.637619,0.000000,0.000000,0.000000,0.000000,83.061291,932.846343,0.000000,49.690581,0.000000,177.131667,1046.832475,762.704116,1283.103167,243.133104,9.523147,538.609658,50.969895,302.861835,0.000000,338.255849,161.296886,0.000000,554.124094
2012-10-14 19:00:00,0.809971,0.000000,1301.358980,187.666078,0.000000,1087.306781,1077.905698,0.000000,0.000000,0.000000,76.251855,853.272221,0.000000,48.711922,0.000000,239.336818,846.635057,1134.616126,1195.781453,332.497921,31.444352,311.076563,73.153299,219.269995,0.000000,247.368069,85.522294,0.000000,334.775448
2012-10-14 20:00:00,25.056838,0.000000,661.710622,269.634974,0.000000,1079.718399,909.422114,0.000000,0.000000,0.000000,52.816335,1217.374640,0.000000,75.640808,0.000000,99.140406,958.327869,1376.736252,1110.143048,315.617011,33.151331,275.202015,56.311718,133.281762,0.000000,255.361813,62.900268,0.000000,351.749978
2012-10-14 21:00:00,25.096030,0.000000,276.507505,210.660454,0.000000,1021.314957,896.354906,0.000000,0.000000,0.000000,51.260880,1243.326122,0.000000,55.988720,0.000000,98.170818,800.789671,1457.872252,945.809894,259.774001,35.329975,188.054710,67.292132,151.395676,0.000000,144.434919,54.118140,0.000000,214.444893
2012-10-14 22:00:00,32.718900,0.000000,0.000000,155.545296,0.000000,941.772449,1309.501119,0.000000,0.000000,0.000000,19.356772,1153.121272,0.000000,23.251025,0.000000,82.566506,615.461027,1049.616507,1271.740823,223.132026,32.410142,207.875808,0.000000,116.084115,0.000000,108.901082,65.475133,0.000000,0.000000
2012-10-14 23:00:00,51.544189,117.024859,0.000000,137.375941,0.000000,995.839673,1491.051911,363.915155,0.000000,0.000000,11.579497,1084.803214,0.000000,12.785696,0.000000,92.080591,0.000000,934.781163,1281.209443,253.453660,0.000000,165.776452,0.000000,115.943151,0.000000,79.280426,65.842970,0.000000,0.000000
2012-10-15 00:00:00,48.258581,104.370696,0.000000,124.757128,0.000000,1105.735710,1230.263790,382.719868,0.000000,550.900690,17.455660,1272.091620,0.000000,5.193202,0.000000,62.174851,0.000000,901.940401,1160.221526,149.688068,0.000000,162.827859,0.000000,62.588157,0.000000,57.325004,103.316449,0.000000,0.000000
2012-10-15 01:00:00,34.155945,35.975470,0.000000,107.151499,95.015367,1070.503935,1132.954789,363.438604,0.000000,502.275827,26.477299,1173.288387,0.000000,5.366835,84.767317,71.325341,0.000000,706.183703,1345.596057,204.811039,0.000000,266.028614,0.000000,40.668205,0.000000,30.387180,136.191954,0.000000,0.000000
2012-10-15 02:00:00,27.499814,28.341141,0.000000,127.055400,98.536401,1105.600203,1023.968709,312.990368,47.022001,518.438840,32.699118,1205.336904,355.549958,7.450430,103.564334,39.147129,175.239119,602.295280,1185.050350,244.413173,0.000000,256.691403,0.000000,18.818736,0.000000,10.731328,77.659761,0.000000,0.000000
2012-10-15 03:00:00,24.932730,28.968620,200.565529,121.981856,136.006510,1101.263985,1030.919352,274.031651,39.493848,457.997319,36.605038,987.719658,248.253817,5.903519,113.505065,50.176196,190.284902,527.383999,1007.250715,180.889749,0.000000,226.386419,0.000000,17.972950,85.686095,8.267503,67.728139,0.000000,213.690469
2012-10-15 04:00:00,24.475488,36.602950,702.320719,115.000314,126.704673,1118.744365,998.390343,224.904049,13.597002,271.783107,44.278616,1080.113187,391.315338,4.530240,75.549549,64.053429,167.450714,435.945015,932.343413,178.569624,69.492017,124.823771,70.334004,13.250646,59.738761,7.993745,40.232262,296.381679,236.700387
2012-10-15 05:00:00,12.789700,48.734213,699.059168,97.828321,80.405703,1036.085201,949.457817,171.946607,9.937162,246.791557,51.088051,1165.002673,580.030316,5.603607,74.043378,100.352392,200.020409,392.371978,790.945360,137.767425,67.425674,108.934131,102.681710,15.928968,46.755434,9.745798,69.659288,267.351290,161.446639
2012-10-15 06:00:00,11.853797,25.240819,670.513501,81.523601,48.407755,931.042391,866.606154,138.270428,6.693554,247.160167,58.969023,1170.152001,703.114257,2.100305,67.806421,98.380907,254.637448,308.660232,643.655721,99.978973,80.928533,55.076640,94.781688,16.633789,41.697945,11.133197,90.216400,215.049282,142.231872
2012-10-15 07:00:00,12.981754,37.237582,671.779432,99.540921,60.776319,959.371796,794.096136,149.317588,16.368740,293.187227,64.589805,1168.322971,780.176832,4.313450,93.981723,81.004078,285.908422,283.443808,599.799985,99.987753,79.802419,76.546135,114.222993,38.926122,35.752080,24.608261,87.975573,243.315787,195.935592
2012-10-15 08:00:00,12.433110,97.484630,774.158614,102.537669,99.121894,978.954675,969.208005,200.770358,28.802749,275.732042,88.352156,1111.426045,878.069099,5.407581,110.380261,51.380361,323.486881,335.743773,636.061623,112.395617,74.695088,128.026717,109.319853,76.349887,35.055103,54.304799,115.127262,267.000234,261.132298
2012-10-15 09:00:00,19.576740,154.802421,1020.683495,88.065104,103.853808,1067.053972,1087.292464,249.997218,35.417067,261.427530,105.248747,1267.605690,1064.655280,4.141458,115.685811,51.128007,396.767836,351.348343,703.668479,131.709578,64.049510,204.127492,138.894810,108.051171,50.324147,85.300858,124.445184,305.796004,354.039458
2012-10-15 10:00:00,26.785991,196.640788,1098.363651,93.583438,121.493197,1177.925935,1194.271249,293.273205,47.865963,286.237667,109.266042,1354.268589,1093.560189,10.233404,136.485900,57.881782,538.553454,439.780347,715.793151,145.993245,70.475275,295.035704,165.264963,138.639347,83.101246,119.252820,129.931954,354.359625,488.603773
2012-10-15 11:00:00,26.356232,213.275408,1048.361088,112.426705,129.415900,1291.220808,1135.160725,292.371249,52.650747,304.244964,162.745052,1215.583950,912.524618,20.501582,168.894165,59.218095,712.555117,445.287737,643.252112,157.898058,0.000000,390.292271,0.000000,170.651674,66.414665,136.271842,130.684423,0.000000,503.823468
2012-10-15 12:00:00,34.755815,223.265083,414.883329,137.458442,123.650647,1193.414192,1016.873708,280.031842,51.515507,304.678500,206.046732,1025.433912,698.301426,20.402071,171.512402,57.557324,625.507718,436.363397,508.626423,155.599656,0.000000,429.804380,0.000000,186.496732,68.638322,140.591607,130.103822,0.000000,520.301542
2012-10-15 13:00:00,38.534565,206.102820,791.138594,151.015596,111.053647,1125.009446,1121.866238,257.456180,43.953166,284.860475,218.419480,837.663908,551.860829,11.798523,136.791633,52.813052,494.480383,411.577457,427.621022,156.317215,0.000000,435.293811,0.000000,208.679233,66.218388,135.625710,119.939971,0.000000,477.562367
2012-10-15 14:00:00,42.330058,186.457569,712.495952,130.072876,94.790972,1031.064778,1203.641019,236.334136,35.728473,251.109673,205.264418,752.096974,452.667940,18.698159,104.073935,46.527114,409.018775,393.240766,394.376739,154.323040,50.900733,395.920819,131.903159,241.911840,62.969172,137.021094,109.832059,342.958272,426.094673
2012-10-15 15:00:00,50.343564,141.344387,504.450700,97.337406,69.905244,723.278097,1242.090286,192.032146,25.395914,200.559676,214.622258,506.760802,383.421306,12.177094,78.174852,36.435367,241.489493,375.316738,404.958585,117.639852,39.338482,330.332623,91.104916,164.482687,39.614684,123.882220,85.109306,300.172083,347.382573
2012-10-15 16:00:00,36.716498,91.868406,211.565963,73.554749,28.602741,584.440946,1180.023108,134.995756,15.616451,138.703142,244.726724,320.797837,155.894981,3.662076,47.216000,20.482553,92.876722,311.313277,367.924599,81.582454,25.200402,222.529497,29.676795,137.932110,14.393718,79.879677,77.016044,251.692041,204.168175
2012-10-15 17:00:00,38.643445,55.531904,125.895881,48.870797,38.626269,489.721674,984.489058,74.747911,6.092013,83.667363,269.577614,249.665763,124.547678,0.978658,12.892826,35.147577,79.831154,210.352592,268.487970,22.961238,18.462326,201.323379,43.402313,98.815986,9.814777,66.578037,76.418308,199.029772,248.393952
2012-10-15 18:00:00,38.408292,27.190763,90.018817,35.688257,33.003125,368.714077,741.494582,71.578388,7.088045,82.852421,278.668383,178.221021,119.498447,1.831038,16.085909,10.695771,105.143471,138.446349,204.732598,9.840530,11.364887,195.917625,24.483356,83.944251,5.023311,43.089568,57.428680,177.113973,205.580416
2012-10-15 19:00:00,39.636312,14.432020,75.450554,25.801352,16.186246,341.612711,574.679153,43.977128,3.242897,65.195348,301.032368,151.956870,85.205759,3.204316,11.507148,1.878577,180.195377,91.868275,194.211909,8.160440,8.624736,167.414559,17.064157,66.887568,5.448360,25.350026,42.761147,172.716513,142.208838
2012-10-15 20:00:00,40.557327,15.373239,78.494669,22.115445,8.250781,320.473646,512.123367,43.845064,2.154210,63.972935,301.032368,142.264148,56.803839,5.950873,7.289869,1.424083,209.224888,100.883386,207.047149,8.640466,8.085690,177.570824,15.060973,57.301995,2.125247,19.217838,26.024526,130.350736,123.536856
2012-10-15 21:00:00,36.109020,29.805259,74.798244,17.171993,9.722258,287.409980,447.899427,25.884435,3.821985,69.813352,296.849922,128.350402,32.188842,7.197873,10.241964,1.787678,116.118043,106.249524,255.863144,7.760418,4.963716,213.281562,9.719150,53.989333,1.313789,24.309744,22.300168,55.200641,138.248115
2012-10-15 22:00:00,21.849615,56.159383,101.760401,16.521538,9.459494,215.997883,325.012061,16.375867,3.381878,63.972935,277.389454,91.611858,44.180764,8.776354,16.929365,3.969252,73.458823,78.774899,272.696245,5.600302,3.616100,274.546772,10.164302,61.248996,1.526314,38.216669,16.368783,33.499353,146.169562
2012-10-15 23:00:00,20.321122,55.427324,141.768764,21.248173,5.202722,202.040679,246.886835,11.885710,1.227668,34.906676,245.831002,72.070079,41.866533,10.386405,14.820725,6.635620,61.599205,55.163894,273.537900,5.760310,2.133724,322.215693,10.090110,54.835119,2.067286,49.769273,9.609763,38.397337,99.018090
2012-10-16 00:00:00,12.397779,48.838793,186.125862,19.036628,3.994009,181.308135,212.133621,11.225393,1.019196,18.879486,217.210633,63.159028,38.079611,24.371746,10.000977,12.028955,55.757902,56.022476,240.502939,7.440401,1.414996,357.271187,8.680463,60.403210,4.752825,57.927272,11.908750,23.167108,91.662461
2012-10-16 01:00:00,6.623471,50.721230,241.572235,16.044539,5.518038,165.453836,159.864786,14.130789,1.273995,13.174893,200.238892,54.091643,44.180764,17.126518,6.868141,10.665472,53.633791,66.325460,231.455147,6.720362,1.751900,314.025156,8.309503,49.055582,2.936705,50.864306,24.553175,21.486778,82.797984
2012-10-16 02:00:00,8.824762,36.393790,298.323228,12.532085,4.046562,171.958164,129.003932,12.942218,1.320322,10.186773,176.354018,54.716980,34.713457,12.043810,5.060735,12.483450,48.146505,87.146074,174.012187,6.160332,2.313406,273.727718,6.677279,62.729121,2.241170,37.012132,19.863242,25.347963,77.894231
2012-10-16 03:00:00,17.492756,28.236561,413.129835,15.480811,4.466984,156.916906,96.474923,12.281901,1.459303,8.285242,134.149342,42.679244,37.658842,15.642746,6.506660,8.968692,24.427271,110.542434,129.404468,5.840315,2.335866,274.546772,10.683646,71.468909,1.275148,37.395394,21.978310,36.609751,102.412996
2012-10-16 04:00:00,24.227271,26.144964,469.880828,23.589808,4.309325,147.837948,92.582563,9.112378,1.158177,6.112064,105.909194,49.557951,40.604226,11.286139,7.048881,13.756034,20.002041,122.777227,133.191916,6.560354,5.053557,339.907251,11.796526,77.318928,0.946701,48.236226,23.771519,41.543487,98.263667
2012-10-16 05:00:00,27.519410,25.308325,424.653983,45.705253,3.310823,84.149740,90.358357,11.489520,1.528794,7.062829,95.850586,37.832883,27.349997,9.328822,5.482463,12.968244,20.179050,95.087958,156.968672,8.160440,8.669657,358.745484,7.196623,87.327394,0.540972,78.349647,27.817735,28.958885,86.192890
2012-10-16 06:00:00,17.050812,25.325840,384.940897,58.410793,5.199568,36.474422,80.349432,27.997451,1.890488,9.215914,103.143941,30.418969,46.603491,5.822876,7.578574,14.742581,31.188208,56.666413,134.875226,12.192113,11.996486,381.877433,11.003609,67.733354,0.658216,90.230761,34.212396,25.478595,89.417617
2012-10-16 07:00:00,15.689015,70.680147,416.884833,33.235531,20.962497,80.718149,124.976895,111.745399,8.660581,50.460806,91.904989,87.036084,124.626963,14.517013,29.508176,31.137518,102.734645,93.398059,147.150787,33.461068,15.393737,434.116481,36.887036,84.636531,4.193814,105.430522,44.680852,35.641910,114.269111
2012-10-16 08:00:00,19.267684,165.506272,483.110489,39.084138,49.153729,146.008490,250.729528,255.132021,18.767437,142.385073,71.993325,163.167753,230.495639,35.014024,68.956032,46.700854,196.226398,215.503496,215.440585,73.887532,24.795211,495.234003,77.214810,73.403603,13.688989,117.743192,66.759714,43.614566,177.207545
2012-10-16 09:00:00,19.836084,206.310444,427.361559,52.765174,66.504022,182.909401,384.875935,375.778940,29.287956,226.973062,138.379921,212.049143,286.999248,57.037171,95.280795,61.941953,267.042441,326.588018,299.569813,105.089520,32.125640,502.371836,107.219957,112.083062,21.978074,94.240587,74.400473,47.930693,225.509477
2012-10-16 10:00:00,17.006378,238.882218,421.134948,91.325631,103.207222,202.570559,454.352391,523.359706,37.300701,262.328724,219.026068,243.730593,331.413890,82.863973,120.011854,73.703139,320.740468,394.232962,319.734359,114.795851,40.429633,638.333827,127.583924,204.426054,41.623107,140.523903,84.511045,52.347688,327.093033
2012-10-16 11:00:00,14.511875,269.187315,426.251162,107.509268,155.366980,223.488002,504.305804,678.896349,42.957860,311.053584,260.910794,278.941551,403.900999,102.096480,135.150126,85.166571,355.137942,438.970599,331.345976,122.170311,46.729664,757.509047,138.765998,259.679002,65.360214,169.680106,91.251888,55.892246,462.337673
2012-10-16 12:00:00,13.747783,315.315059,451.261549,110.231951,188.690666,236.307356,511.858951,757.708737,41.034882,385.097563,310.966988,297.030559,420.219828,0.000000,133.002093,80.765744,358.759528,449.628580,320.396359,120.905361,48.467958,0.000000,133.649236,0.000000,69.818918,94.659259,98.109929,62.179932,530.674995
2012-10-16 13:00:00,11.446041,361.962565,415.210291,162.998939,212.179910,237.437582,502.285802,713.125296,43.888734,405.114158,343.337188,291.403365,405.256239,0.000000,141.888483,72.547861,336.213518,448.385192,301.779619,115.070329,40.257990,0.000000,112.051341,0.000000,63.470033,0.000000,79.266107,51.451625,543.636153
2012-10-16 14:00:00,9.140337,376.804438,320.439727,164.820536,223.314673,202.427754,498.703175,618.759834,42.351065,337.493414,305.935673,283.596458,395.680433,0.000000,121.556957,55.762793,302.614250,439.178049,276.737560,100.616452,39.199631,0.000000,99.279549,0.000000,56.612859,0.000000,63.080181,40.087845,550.088630
2012-10-16 15:00:00,7.625345,360.124569,285.328619,147.162041,216.644543,146.637816,499.011434,557.072285,35.984273,291.923491,327.758269,203.560192,322.795894,0.000000,87.381436,38.949137,262.635855,400.256808,222.164908,76.285386,34.040307,0.000000,69.590844,546.493330,62.975090,219.039370,57.954289,33.226461,653.847791
2012-10-16 16:00:00,1.933479,360.926176,185.038679,130.870506,189.242443,81.033083,398.938618,476.806460,14.466452,272.269913,324.480925,133.196763,136.539599,37.804619,46.697532,15.361915,132.835223,342.867214,161.425980,48.646688,19.225975,718.618210,13.206174,444.570962,49.866023,195.655246,60.785200,17.518338,690.486150
2012-10-16 17:00:00,0.705458,369.062312,247.877901,141.452121,154.347419,76.425851,211.021518,311.933860,9.612872,200.611519,342.683993,159.460913,117.815371,21.214784,20.905657,19.815961,155.237078,234.178243,93.634127,15.680845,20.146845,515.512346,11.054606,269.453292,52.995932,102.549888,70.073105,29.781175,688.222879
2012-10-16 18:00:00,0.404985,314.994526,266.360025,128.529763,132.117606,72.360646,217.972161,298.199262,10.840540,165.433195,339.434820,135.541776,74.686530,34.474024,18.857264,17.664687,161.786419,195.542053,93.002886,22.961238,27.356586,467.679615,10.238494,226.600139,73.166458,104.520948,78.901213,41.400481,726.132663
2012-10-16 19:00:00,0.372325,279.960275,246.355844,115.954313,137.477987,76.561357,164.869249,307.839894,14.847834,176.299087,331.173627,131.633421,67.743838,55.720378,23.677012,7.241613,137.713166,233.319661,95.948679,20.721117,30.658243,584.312850,10.461070,180.998183,59.970606,68.330091,91.039861,41.793749,636.544867
2012-10-16 20:00:00,1.169232,217.944420,290.930378,127.055400,128.491467,77.103385,83.407715,319.857667,22.653949,194.363631,308.809642,178.377355,74.265760,74.693719,23.917999,3.545057,146.740636,250.705947,97.000748,17.040918,32.522444,613.307348,8.977230,175.007199,51.430977,57.051246,122.811853,37.789558,590.713636
2012-10-16 21:00:00,1.900819,154.673607,367.250680,117.949040,142.155181,121.143104,59.497503,359.476701,24.692341,198.302517,283.438445,224.495953,95.093835,102.459199,33.135767,3.696555,209.224888,181.590095,80.167646,10.480565,31.848636,628.050313,9.867534,217.507941,37.887358,129.159202,147.456988,33.535104,473.589381
2012-10-16 22:00:00,1.391321,127.482844,387.472298,142.666302,132.222712,152.716194,65.058017,372.154792,17.534805,216.095414,274.762463,220.274928,115.290756,107.715541,37.594034,4.423747,210.463952,101.741968,69.436544,9.120492,38.294728,664.580104,7.270815,222.018799,46.369025,231.544834,150.767528,19.985206,397.769814
2012-10-16 23:00:00,1.894286,115.456161,295.279114,134.427215,116.246677,106.914887,77.291149,408.604303,19.017272,211.477410,288.381335,163.994606,109.610372,115.481667,33.497248,6.544721,160.724364,61.603259,54.286753,6.640358,48.559063,706.024217,7.270815,233.154980,42.176493,227.712217,143.502731,10.260741,340.433625
2012-10-17 00:00:00,2.645469,193.368154,238.745557,142.449484,106.209102,48.104924,86.744023,482.956023,23.094057,248.964735,269.093694,101.773583,106.454603,116.460325,27.713551,5.150938,165.326603,49.583111,50.288891,7.840423,57.902528,679.650691,13.206174,303.637138,26.526947,202.197937,135.042461,8.437404,250.091405
2012-10-17 01:00:00,1.835498,302.444944,240.919925,130.871398,110.518427,31.979611,96.196897,469.881742,24.738668,263.769512,236.360010,78.479783,115.290756,111.551249,43.799460,4.120750,170.282861,55.378540,61.019993,6.000323,53.927063,607.901594,10.312686,451.015332,19.474991,220.265989,112.236516,9.867472,274.610171
2012-10-17 02:00:00,1.672198,389.350804,230.048087,137.549395,113.881803,31.708598,106.483849,440.695721,16.399791,229.813602,190.595071,70.819406,130.859215,113.776908,43.739213,3.181462,146.209608,67.827979,62.282476,6.240336,42.023130,617.730237,7.864351,429.588755,17.967997,171.646502,83.867024,8.723417,285.172100
2012-10-17 03:00:00,1.521961,485.564271,267.012335,135.641396,99.797667,39.567994,122.887366,441.620165,16.955717,234.567429,143.101849,72.382748,139.274599,131.124413,37.353047,3.848054,123.375420,88.863238,41.661926,8.800474,33.510695,684.728823,5.935359,420.637521,21.542276,153.687952,85.430335,8.222893,346.091802
2012-10-17 04:00:00,1.848562,511.500076,315.065858,96.657504,76.254036,56.099826,144.851398,454.826509,14.662525,238.642138,131.522352,82.857141,132.331907,138.637983,56.210311,4.575245,105.851508,130.933756,27.353790,5.680306,23.268820,629.524609,4.674095,364.533723,24.343738,111.857672,86.074051,10.189237,357.785367
2012-10-17 05:00:00,3.481568,405.456102,356.596279,76.580149,72.575344,63.959222,162.088992,481.371262,15.056306,232.394251,139.610717,99.115901,145.796521,86.058782,80.369297,3.635956,99.656186,172.574984,21.672618,5.280285,14.868686,449.988057,4.228943,271.285828,19.610234,95.651177,70.900741,12.155582,354.956278
2012-10-17 06:00:00,4.694158,271.489306,331.270435,74.802240,86.936950,75.382920,197.676284,474.371899,16.927397,210.798292,119.009581,119.474320,149.198645,71.329528,78.016643,5.752406,84.256138,196.615280,22.093446,5.360289,15.544986,481.881079,8.528610,285.100331,27.166691,143.996906,84.352072,14.707101,402.570249
2012-10-17 07:00:00,6.595620,340.812688,430.486845,61.465881,108.818075,129.623443,296.889217,495.400124,32.335165,263.205745,114.746654,159.568182,243.172000,79.462263,107.609157,13.351420,171.545400,280.846043,73.165895,24.847426,34.425250,616.551673,39.740244,283.280534,32.509781,199.964580,110.243654,29.519735,472.487364
2012-10-17 08:00:00,10.832979,566.198117,706.191800,61.189522,155.023678,204.492678,508.240372,578.474115,51.287215,336.654111,133.436527,259.032431,404.260685,81.860298,208.544409,27.625172,300.843658,481.056980,162.271007,58.083235,56.838843,712.353517,80.664090,219.454537,37.032744,253.980108,143.162731,57.992641,571.985203
2012-10-17 09:00:00,16.459179,743.178689,754.393723,66.410504,174.168944,268.584075,688.212054,655.928174,49.656312,413.361107,142.498339,330.421099,450.234643,85.934817,202.386199,41.329130,376.049851,530.143103,245.779890,88.571038,82.391667,783.012072,117.617345,206.777045,43.548785,272.612375,162.542799,66.857194,674.260798
2012-10-17 10:00:00,17.083933,875.075856,707.094327,88.278775,246.465316,322.817085,708.275793,740.705719,71.191267,494.445073,156.198536,362.954972,535.246171,20.105866,163.518195,50.928068,395.255294,642.321520,306.128714,106.333358,110.272441,0.000000,145.649388,336.905013,0.000000,304.313442,175.205997,0.000000,1011.610267
2012-10-17 11:00:00,17.127341,0.000000,776.944027,148.994181,0.000000,391.063132,1035.018770,0.000000,0.000000,0.000000,169.060572,398.432023,666.011868,79.675848,0.000000,57.684232,433.355633,904.685581,369.509103,123.138247,117.766956,644.748540,160.405207,350.304640,0.000000,289.944852,186.760109,0.000000,1421.071674
2012-10-17 12:00:00,21.288941,0.000000,834.674016,145.630128,0.000000,475.845952,1396.536345,0.000000,0.000000,0.000000,239.062537,441.468301,0.000000,53.642203,0.000000,57.968896,444.343421,1257.020706,462.182537,161.530583,121.666889,1279.039973,169.025922,408.044087,0.000000,283.289448,193.477900,0.000000,1487.378422
2012-10-17 13:00:00,23.921046,0.000000,649.572704,117.271648,0.000000,558.990773,1513.999868,0.000000,0.000000,0.000000,258.869872,421.668506,0.000000,31.411276,0.000000,55.507986,427.084958,1384.189700,468.538526,231.495440,132.013870,1219.341995,182.030384,367.421377,0.000000,240.545201,182.390642,0.000000,1437.080534
2012-10-17 14:00:00,30.230815,0.000000,924.754737,98.804049,0.000000,632.706383,1477.020802,0.000000,0.000000,0.000000,180.509712,447.471273,0.000000,22.265207,0.000000,55.995126,431.795894,1337.747629,500.681513,245.551548,125.817158,1148.168805,204.781642,300.692972,0.000000,245.101319,146.403093,0.000000,1160.284873
2012-10-17 15:00:00,26.699785,0.000000,907.878880,98.764740,0.000000,619.087414,1490.972664,0.000000,0.000000,0.000000,110.668299,404.499932,739.297190,33.645856,0.000000,51.045500,410.192735,1444.086718,666.361781,328.768874,147.680871,0.000000,226.892561,483.410909,0.000000,0.000000,110.045848,0.000000,1041.942504
2012-10-17 16:00:00,24.860877,733.661699,759.071712,99.319591,204.587845,516.552025,1327.423540,867.234296,81.026088,604.212656,0.000000,255.762798,597.492237,0.000000,184.740469,15.361915,276.842406,1500.273655,717.470486,434.400148,142.577675,0.000000,202.766701,0.000000,0.000000,0.000000,78.901213,0.000000,742.541375
2012-10-17 17:00:00,21.954127,590.562447,727.543383,77.490785,217.358162,445.817461,1234.990227,771.646717,75.026729,478.914160,117.281298,257.482475,631.364156,0.000000,220.563716,10.877569,376.144574,1262.974136,496.155669,335.778097,96.624001,0.000000,151.945190,0.000000,85.570172,129.870974,81.843916,262.739320,385.510432
2012-10-17 18:00:00,11.960133,454.085735,853.221827,58.237338,248.311731,358.551065,966.417386,629.546449,57.793050,425.399645,105.494407,284.997299,815.240288,2.762342,227.010129,4.696443,411.900434,1051.762962,320.039344,172.489297,83.282611,719.620507,95.410896,289.047332,102.089137,153.523697,56.325167,257.591073,309.313654
2012-10-17 19:00:00,10.856221,389.559964,948.894000,41.672437,234.910780,401.777743,637.512965,642.752794,83.435097,397.148328,96.783859,327.051207,832.702209,9.313038,247.192824,3.575357,435.265650,1053.050835,303.416656,106.405735,89.796084,725.026261,83.688562,366.225295,124.906562,160.203402,55.957329,236.676323,347.789255
2012-10-17 20:00:00,10.621068,345.741004,1035.868702,18.472901,256.089537,422.239274,403.693338,440.167467,80.632308,384.924200,105.252447,332.522905,766.220678,6.092937,252.434300,3.242061,410.484361,690.299936,217.778252,75.364062,100.689306,564.164131,62.098693,334.719770,134.064444,102.933149,60.417363,222.911914,306.295960
2012-10-17 21:00:00,17.172687,371.572228,1091.967385,12.575449,317.786462,395.815442,343.639784,354.986544,106.251191,494.941350,104.215477,330.021557,649.878000,4.214544,219.178039,2.575469,380.215786,614.100782,197.368116,68.403687,109.403884,598.072950,59.724550,0.000000,144.265630,89.354734,67.268342,213.294704,415.498768
2012-10-17 22:00:00,23.142955,351.911215,1029.997909,7.935542,368.604969,362.480763,295.541335,354.326227,119.940847,573.990709,120.806996,310.323444,516.704554,3.156962,197.428926,2.454270,287.993987,539.833439,204.311770,42.562294,111.604988,641.482792,73.821027,0.000000,128.384239,96.636707,91.913476,209.648030,620.890578
2012-10-17 23:00:00,23.227872,387.259207,901.492787,7.285088,0.000000,310.988168,307.218415,289.351011,0.000000,615.281096,137.156555,306.727757,454.851484,3.488443,187.548443,2.605769,178.248276,538.330920,316.251896,64.803493,114.906645,701.437517,99.491455,0.000000,135.977167,66.523285,98.580537,197.885717,702.179715
2012-10-18 00:00:00,20.334186,503.656586,803.428810,6.938179,0.000000,266.406422,313.891032,289.615138,0.000000,546.554334,173.381371,305.477083,451.485331,8.744785,146.219104,2.393671,134.349991,804.920634,567.696350,94.645101,117.579415,638.042767,127.313450,0.000000,136.073769,33.508025,103.040570,161.454724,543.373559
2012-10-18 01:00:00,15.853218,553.436598,690.361698,5.246998,0.000000,216.539910,335.855064,533.932514,0.000000,548.999159,180.571029,310.167110,461.163022,7.971329,142.845280,5.605433,184.089580,1176.686644,698.152888,88.884791,111.133323,676.374476,125.903802,0.000000,109.701386,104.411445,92.649152,122.056339,517.534552
2012-10-18 02:00:00,13.214281,508.780999,661.660046,15.307357,0.000000,235.646373,348.088195,676.561036,0.000000,540.985564,168.680440,311.105115,502.608786,3.804139,170.317844,4.726743,371.719344,1244.514623,731.819091,71.043829,91.727666,741.571144,110.100909,0.000000,97.355633,125.600343,100.281787,98.066942,387.962308
2012-10-18 03:00:00,19.870412,608.131863,665.573908,7.718724,0.000000,238.763030,350.590427,582.531862,0.000000,664.992549,128.584270,299.692717,582.554931,3.425304,258.699972,4.847942,625.550552,1214.249607,658.595099,104.405627,87.572519,722.732911,92.072256,0.000000,113.584792,88.697714,101.339321,71.896690,405.125444
2012-10-18 04:00:00,23.489153,696.920160,676.880619,11.404631,248.574494,223.992785,544.096325,365.419556,97.889150,689.304981,104.457437,254.824793,674.492997,7.813481,308.042142,4.090451,567.314522,1205.449141,820.824115,203.770983,100.217641,775.152342,71.224308,0.000000,111.073136,127.078638,114.397563,109.292979,448.127586
2012-10-18 05:00:00,22.019448,541.096175,676.663182,14.006448,235.383755,216.675417,800.436034,233.091983,109.100307,643.668238,80.468866,270.458216,741.395297,12.959329,321.657930,3.787454,420.927904,992.306158,861.644387,243.453121,111.852051,693.902223,99.936607,123.625706,92.139117,144.763429,122.214117,138.859643,630.698084
2012-10-18 06:00:00,25.344653,382.866853,562.937083,8.282451,233.741894,251.510979,904.417652,134.440588,103.971675,661.461135,68.993065,302.921643,638.812475,7.576709,258.754249,4.057593,358.099146,753.620359,632.924619,152.568223,121.450290,564.929114,98.380284,28.404310,89.735848,38.490428,105.124601,157.352583,781.032638
2012-10-18 07:00:00,25.847418,282.094565,598.961181,5.574636,185.838654,291.058677,715.736389,91.855610,99.965335,617.433328,74.353510,343.752532,806.888036,4.567791,422.596629,6.266083,686.768566,441.722320,737.276720,153.240975,128.227864,441.085351,102.087865,15.596280,72.120297,12.342548,129.752024,151.665591,636.320991
2012-10-18 08:00:00,41.268014,112.081947,815.158260,10.346285,122.767878,322.058384,549.551094,112.996084,69.093467,408.292597,70.007664,336.764523,877.693539,3.638955,393.189188,11.952033,845.110412,264.104739,680.666199,184.497546,135.654591,314.248870,127.855317,10.186713,50.160779,10.001064,193.212510,140.035433,430.314932
2012-10-18 09:00:00,47.230469,115.889224,892.858444,21.194065,118.328144,321.131526,304.986402,97.780679,37.810459,420.872255,61.122182,373.749503,1018.276992,6.459512,354.673038,18.786854,705.648281,237.675782,673.255609,169.000160,142.773801,353.572362,141.887439,15.319221,90.841105,15.308156,212.149216,165.669110,430.838634
2012-10-18 10:00:00,51.736102,168.726281,1178.103150,26.734151,112.405309,421.722364,385.257457,103.857533,55.036801,472.923419,53.815891,551.201650,1043.947882,7.723299,206.246075,36.775852,587.783253,442.883923,907.252486,335.314880,153.262330,491.683897,148.332719,17.236012,110.508989,18.831902,206.410093,245.437063,389.270715
2012-10-18 11:00:00,45.725625,217.821234,1301.673236,25.439234,0.000000,482.915610,338.583271,169.222949,0.000000,518.685372,47.037082,519.891175,1207.147013,13.186573,211.636928,45.194774,873.363594,270.508008,966.232895,662.654402,125.963094,620.061210,0.000000,0.000000,125.627825,30.908945,228.714197,221.858024,602.940529
2012-10-18 12:00:00,39.025187,204.551196,1354.437837,26.462457,0.000000,599.640567,327.831917,232.411392,0.000000,583.185773,50.244112,503.989372,0.000000,9.352483,0.000000,74.030027,1022.962564,203.079363,870.610596,774.550318,0.000000,555.342596,0.000000,38.858098,175.077440,43.199340,241.867059,289.442853,694.823842
2012-10-18 13:00:00,47.605019,249.788733,1198.639317,22.205102,0.000000,707.406507,245.084220,132.747542,0.000000,810.930362,41.822779,660.992060,0.000000,6.282729,0.000000,0.000000,0.000000,121.703254,765.958950,686.153438,0.000000,482.990494,0.000000,40.981465,177.838831,44.816673,184.870265,295.281858,687.180100
2012-10-18 14:00:00,53.150241,370.879872,1497.972192,17.307455,0.000000,719.548440,130.795569,84.296569,0.000000,768.557651,32.003940,582.829873,0.000000,3.786129,0.000000,69.700806,1362.639771,73.141693,352.376290,456.613445,0.000000,469.916157,0.000000,37.482097,148.422934,56.156116,184.634340,0.000000,559.642635
2012-10-18 15:00:00,47.686480,436.956533,1430.332818,12.988388,0.000000,723.004403,76.483138,63.829038,0.000000,678.404590,22.791269,585.518336,0.000000,2.659603,0.000000,94.912583,1536.271844,52.151369,119.211287,331.681885,0.000000,625.465354,0.000000,0.000000,148.861075,65.171764,213.421577,278.390485,511.918760
2012-10-18 16:00:00,48.722355,275.246883,1464.436546,6.780150,0.000000,791.224364,51.269980,95.205119,0.000000,433.520629,19.215660,620.177886,0.000000,3.930418,0.000000,67.446988,1322.081798,50.186306,70.372095,273.973171,192.282211,676.702098,476.683518,0.000000,98.128450,112.843203,211.644688,300.421622,391.357214
2012-10-18 17:00:00,49.754415,127.796584,1304.403094,5.073543,285.519076,750.030289,43.372012,79.898385,155.937000,126.451810,20.843095,587.504032,1289.026385,2.415076,399.557107,84.717780,1195.343203,74.911280,161.387361,53.922906,166.093558,578.907096,438.326260,36.650722,68.568196,125.052826,179.826716,275.895949,459.066727
2012-10-18 18:00:00,40.648775,20.811391,1481.396613,9.106360,245.158566,637.424115,80.905483,48.863475,120.543100,214.329706,11.544932,499.487861,1469.325979,2.588709,298.342399,23.118622,1125.070546,197.688508,341.711962,32.241738,185.521675,248.828489,524.092198,20.651272,125.486175,39.421206,199.552020,296.274424,441.714986
2012-10-18 19:00:00,44.757417,10.876305,1262.655237,10.840904,280.211248,636.340061,85.909946,40.939668,139.421391,190.696393,6.256385,505.115893,1074.854872,2.194089,171.161300,39.874320,1112.502892,264.872550,242.817490,42.802307,166.071097,164.465966,484.993020,18.889218,154.911185,15.604227,195.965601,260.951734,382.681344
2012-10-18 20:00:00,52.772209,14.432020,1346.368388,16.478175,278.004033,623.060391,124.277495,33.015862,94.692581,129.983225,4.562668,460.091635,1328.999458,1.594266,153.990948,32.663007,1009.837550,320.465735,359.597132,117.286321,171.169574,121.547557,338.908998,0.000000,124.114424,17.027771,206.127121,295.702397,411.349438
2012-10-18 21:00:00,50.544789,18.301475,1371.808489,11.447995,329.032750,547.447582,83.963766,23.507293,30.483228,177.114029,3.905920,460.560638,1339.518687,3.804139,59.041913,21.391542,780.964640,405.250709,341.711962,140.727585,0.000000,180.027985,0.000000,3.007523,156.727305,4.763396,203.966073,301.279664,575.247954
2012-10-18 22:00:00,60.656360,68.499806,1092.409342,4.856725,274.588104,533.490379,54.215014,34.336496,17.743277,260.102274,2.765253,425.385437,1070.857565,4.088266,31.147621,25.694091,438.451816,348.798941,173.591360,104.565636,0.000000,380.532310,0.000000,0.000000,167.952474,4.106376,195.275905,0.000000,835.524077
2012-10-18 23:00:00,63.158125,167.118610,1073.485260,4.943452,195.706431,456.251487,32.250983,45.297762,22.538131,392.801972,4.217011,426.010773,850.795284,2.951759,40.184649,14.422626,259.318494,159.696254,109.204746,75.284058,0.000000,400.353408,0.000000,0.000000,137.561442,15.330469,270.682659,244.863465,771.775287
2012-10-19 00:00:00,57.945571,173.707141,773.422538,5.463816,0.000000,544.601939,22.798109,53.881886,0.000000,251.681208,3.491132,571.245272,509.551478,3.504228,71.513010,16.270904,197.011252,59.886095,65.228269,64.643484,170.024102,591.520521,613.716118,0.000000,117.410236,29.565905,225.116748,208.611230,764.796869
2012-10-19 01:00:00,54.241914,87.010440,807.342672,3.815998,0.000000,681.870354,28.080597,36.581575,0.000000,260.509745,4.735496,709.913733,333.249191,3.078038,148.086756,11.877457,150.103811,68.686561,32.193307,38.962100,157.693424,541.230629,616.832182,0.000000,96.737379,25.733287,209.851479,230.455525,695.012691
2012-10-19 02:00:00,56.423609,60.656316,782.989755,4.986816,0.000000,776.725134,29.192700,23.375230,0.000000,189.609804,16.384125,640.032333,291.593042,4.798582,127.060606,3.575357,82.840311,107.537397,21.251791,35.761927,138.804352,539.756333,647.473472,0.000000,64.935956,25.295274,209.897458,237.141095,832.129171
2012-10-19 03:00:00,53.268643,34.720512,648.831278,5.550543,261.502470,717.237636,28.636649,19.017136,44.914118,161.765957,22.156591,475.099721,467.053791,2.651848,53.077474,3.060263,57.350984,109.898497,19.358067,35.281902,163.510629,495.691248,566.752590,0.000000,49.885343,32.029730,204.885668,253.729889,821.567241
2012-10-19 04:00:00,59.095207,36.498370,440.961740,4.076180,254.723166,634.171951,30.860854,17.036185,29.070252,173.990085,16.107599,396.463604,318.311885,2.920190,32.653792,2.878465,54.695846,71.047661,22.514273,40.642190,154.212085,285.358280,580.997452,30.236846,42.408338,32.851005,229.392863,273.286074,748.388157
2012-10-19 05:00:00,53.588712,46.328876,349.203429,2.645181,152.560625,702.467392,28.358623,19.413327,28.792289,145.059649,11.130144,565.773574,276.655736,9.092050,34.340704,2.272473,86.026477,58.598222,33.455789,31.521699,149.203449,191.003303,565.862286,40.386277,61.728765,30.989448,182.907358,265.706712,621.079184
2012-10-19 06:00:00,34.620325,29.596099,237.264165,3.469089,129.500054,541.557115,25.578366,18.488882,27.785071,128.353341,7.397052,648.732424,220.948305,6.645405,42.534570,9.213753,230.622868,42.929100,32.403721,16.640897,147.542268,212.462508,508.243226,43.628456,52.132984,24.473999,186.207939,262.520394,442.000198
2012-10-19 07:00:00,44.617392,22.430810,219.309625,10.086832,98.676310,599.408758,66.335590,23.238283,18.444181,76.567569,9.432698,601.817324,242.027286,5.403670,28.313287,14.809904,194.669617,71.896060,59.781560,25.782990,151.499771,207.710512,606.119025,49.698923,31.609823,18.424111,185.702047,272.191094,256.441226
2012-10-19 08:00:00,51.568197,41.891641,187.222304,30.355307,77.547319,515.474411,171.662529,50.634676,18.493046,85.668417,11.083174,487.848807,142.747635,6.914705,43.024617,11.760256,178.672087,168.727701,143.254393,32.913962,167.092044,213.959557,563.909324,82.706954,18.224327,34.060013,192.742970,184.276416,336.717053
2012-10-19 09:00:00,49.561718,62.873441,199.195439,51.869568,86.185040,646.895845,245.408089,84.200911,21.697116,114.537245,20.815393,534.386022,102.315182,4.539647,24.301469,26.826407,209.598179,237.250100,201.523957,57.902499,193.064495,218.758540,563.365128,105.796920,15.998906,44.508490,227.004249,108.296197,327.822568
2012-10-19 10:00:00,49.423570,60.282881,248.851137,67.460308,60.313355,683.683582,283.769825,108.801115,11.495133,142.731788,27.661319,709.405160,166.314530,5.404970,16.516214,36.555741,194.464202,315.983512,286.484220,98.913378,214.797586,279.183779,424.093980,106.835807,10.834567,57.486051,170.653608,40.992068,238.122108
2012-10-19 11:00:00,43.569884,72.919091,307.833703,73.590485,45.690819,798.793192,323.615116,131.464604,7.520168,217.022772,32.765229,882.123526,113.032025,10.062271,14.950511,36.655838,269.867661,412.822190,304.384775,109.927597,208.159571,256.448842,467.751590,105.425476,5.676606,58.391956,145.612150,36.348512,247.175849
2012-10-19 12:00:00,42.707949,99.590312,348.476924,71.279763,28.946920,645.884262,324.483849,198.257008,7.704992,251.615338,28.707679,878.932794,108.172625,11.478806,26.613006,38.257342,237.742404,442.763517,304.871272,103.161532,216.828397,171.746007,616.128576,108.753779,15.032749,51.896604,144.648435,23.235967,171.124770
2012-10-19 13:00:00,47.282502,130.053192,356.314054,59.850102,36.525885,652.302047,344.079500,236.736592,9.894876,270.418430,23.965779,835.553169,145.371058,9.111151,32.222354,42.720269,272.355305,461.636143,302.913547,100.025554,198.901653,160.151795,466.434205,87.275410,9.165123,44.177917,198.414137,36.550648,101.195155
2012-10-19 14:00:00,41.471058,111.658230,351.794768,50.846267,50.753413,485.005450,312.682460,213.835978,10.788314,222.322927,20.964713,694.604125,185.134039,6.389191,27.978503,31.235310,208.305511,405.205941,272.078827,90.700164,201.867221,135.541321,415.408808,64.114371,7.367851,48.466391,142.853023,42.102292,130.781141
2012-10-19 15:00:00,29.004627,79.434497,332.664733,37.021157,47.106333,265.356510,250.763923,175.836448,9.881880,150.428145,20.981937,386.891890,115.539755,6.354460,16.794661,23.152580,117.487799,277.748447,221.386115,68.415903,192.240550,98.127315,363.508845,41.962905,4.880006,36.625892,55.958267,32.196748,138.448701
2012-10-19 16:00:00,17.943466,23.887776,136.767719,23.593467,36.313948,109.896037,150.591130,118.731861,4.540055,93.869208,15.286792,267.800534,34.713457,0.647177,7.651350,18.634276,90.805725,144.057845,154.319124,52.153689,186.846830,16.053451,284.897231,7.048216,1.796800,2.847087,41.473715,13.263885,118.821708
2012-10-19 17:00:00,16.036115,25.203745,105.021953,3.078817,40.045193,69.650509,48.932526,44.505381,2.918607,32.869321,4.942890,200.576816,42.708072,0.852380,5.422216,17.907084,112.046831,33.055407,73.223992,48.882635,160.613256,18.019180,199.353870,1.832536,4.018649,1.478295,37.427499,8.616162,212.370228
2012-10-19 18:00:00,10.575344,25.622065,86.757265,5.897452,36.471607,62.197634,61.999734,23.903484,3.150242,16.977955,5.979860,169.935307,60.590762,0.615608,10.723939,12.847045,153.289977,28.547852,68.594889,50.562725,171.102194,37.512656,179.247841,4.017483,1.835441,2.080564,34.070978,6.471060,182.570498
2012-10-19 19:00:00,8.001727,21.961770,98.498850,5.984179,24.752344,64.772263,98.699129,21.658405,4.933836,11.816657,4.044183,146.172504,51.123455,0.520899,12.591592,13.725735,88.681615,32.196825,44.397305,41.042212,158.142629,69.291936,172.199602,8.739788,1.043303,2.409074,44.370438,2.574123,131.081091
2012-10-19 20:00:00,7.328929,22.693829,113.284549,4.466453,13.506056,94.448259,124.277495,22.450786,3.381878,12.495775,3.422001,190.727759,20.196921,0.789240,12.290357,16.755698,46.730432,31.767534,25.039239,18.801013,146.508219,43.246031,136.513256,9.162681,1.313789,4.106376,46.945302,4.719226,54.318495
2012-10-19 21:00:00,4.526692,15.164079,138.724650,6.331088,7.830359,134.964800,103.147540,22.054596,4.632709,9.371831,3.007213,265.924523,36.606919,0.773456,7.410363,12.180453,52.748745,35.416508,13.045654,9.120492,136.670629,31.287848,99.268879,8.457859,0.908060,6.515449,51.497295,4.397460,20.369436
2012-10-19 22:00:00,7.910279,9.098447,173.949404,4.423089,5.465486,93.635218,92.026512,26.676816,1.343486,11.816657,3.871354,230.280319,101.194988,0.836595,2.409874,7.999104,30.799603,49.368466,13.466481,8.880479,128.292955,33.745009,102.904286,10.149431,0.772817,7.719986,43.956620,4.039943,23.009918
2012-10-19 23:00:00,4.912081,10.353406,171.122726,3.252271,3.415929,42.684651,117.882903,27.733324,0.926542,12.495775,4.700930,150.862531,386.055723,0.931304,2.289380,4.817642,50.093607,53.446730,18.516412,15.200819,119.578377,66.670964,77.308051,13.673539,2.569617,10.950335,38.990809,1.894841,26.970642
2012-10-20 00:00:00,6.042121,7.948069,174.601714,2.428363,6.148671,26.694845,112.044363,21.394278,1.528794,10.865891,7.811840,205.579511,456.955330,1.531127,2.530368,6.332624,62.661261,30.908952,29.668342,10.000539,102.845490,102.381702,52.898887,13.955467,4.366417,26.609314,59.359829,2.860137,26.782036
2012-10-20 01:00:00,5.186426,12.340423,233.309638,4.206271,14.609664,25.475284,100.923335,16.111740,2.084719,14.397306,12.201679,301.099725,428.343026,1.026013,1.988146,18.028283,85.672458,20.176677,39.978616,5.520298,104.440168,87.474926,49.634439,29.250096,3.806124,27.540093,64.141721,3.896936,28.290883
2012-10-20 02:00:00,10.196487,11.085465,316.153042,5.030180,15.870930,20.326024,112.322389,11.093329,4.146275,18.879486,21.672671,344.404306,237.313818,0.962873,5.663204,36.026266,60.183132,18.030222,35.559927,5.520298,106.079766,43.409842,45.034536,42.430259,0.656895,21.572160,47.405100,11.226037,58.090613
2012-10-20 03:00:00,21.124560,7.738909,372.469162,4.900089,9.196731,18.022408,96.196897,12.413964,1.250832,17.249602,22.433116,342.059293,331.986884,1.878392,4.518514,9.059591,41.597165,18.244868,33.245376,5.040272,91.211080,44.392706,37.170186,43.980867,1.004662,19.929610,44.508377,15.623497,48.471713
2012-10-20 04:00:00,28.577598,11.817524,285.929333,5.637270,3.415929,32.250625,119.829083,16.375867,1.482467,21.052664,23.815742,251.854443,370.697648,1.736329,6.566907,3.120862,39.119036,15.239831,53.445097,7.040379,68.997892,23.916366,39.470137,43.698938,0.676215,8.815020,80.372565,18.054614,36.966754
2012-10-20 05:00:00,31.608456,11.399204,262.663600,6.547906,3.205718,65.991825,129.838009,22.846976,2.223701,20.101899,29.207986,239.504039,407.935721,0.726101,8.133325,2.969364,19.294004,18.244868,54.076339,7.760418,55.903565,17.363937,47.186104,22.836219,1.429712,5.858429,94.442361,10.725513,26.216218
2012-10-20 06:00:00,22.147444,11.190045,135.648367,3.208908,2.846650,108.221851,141.793115,26.412689,1.525028,16.706308,33.355866,195.365852,341.036504,0.678747,12.843552,2.641735,32.042126,12.878730,56.811718,5.600302,57.378748,22.769691,50.168746,22.483809,2.859423,5.420416,98.354114,9.486703,15.874482
2012-10-20 07:00:00,36.581354,21.978045,126.376427,11.142217,7.694925,148.269701,151.883365,43.748391,5.090000,42.600190,31.933269,147.790726,188.462898,1.330804,24.800765,3.330253,37.265813,62.134109,88.649326,13.511910,63.346278,20.141861,89.256637,21.442906,4.042338,9.982113,99.388833,8.872362,20.041317
2012-10-20 08:00:00,39.808939,61.795531,71.807996,31.346616,11.680316,135.796416,277.875855,99.240569,7.464255,85.473545,44.268879,175.854726,61.569573,2.130905,27.810879,3.417558,50.161423,178.838509,159.216509,39.645014,66.358460,37.948305,90.207828,48.698205,4.585292,18.816428,123.619572,8.067113,29.845796
2012-10-20 09:00:00,33.396886,90.609436,51.208405,52.036085,15.532950,169.893562,360.402906,158.497524,8.709575,129.782857,58.063062,254.221778,42.150620,2.513750,22.565536,11.675467,67.756857,287.837988,234.327287,66.612809,61.427848,48.367834,125.285106,74.305216,8.031527,33.558881,136.081354,10.549674,37.220511
2012-10-20 10:00:00,39.227511,122.493740,59.530027,65.900830,27.518865,241.345175,436.584119,211.869591,12.143600,173.743843,61.394898,293.977222,64.535366,3.237186,37.643015,24.219029,85.364889,362.070586,268.511022,49.416535,71.738922,62.307521,179.595557,86.162402,18.073687,45.529974,148.452221,11.927250,46.604872
2012-10-20 11:00:00,51.626238,151.873966,59.104712,73.214522,51.345284,278.097268,513.839050,235.982368,22.403386,189.044239,67.300891,351.277349,93.941789,3.692742,56.519997,40.378885,71.665141,405.819776,286.156448,43.041692,84.364890,71.710350,259.190927,98.776742,27.372812,57.712012,174.792127,14.149319,57.661547
2012-10-20 12:00:00,39.298712,156.883947,118.983275,73.691080,71.158257,149.616932,590.872254,250.512204,16.595688,220.796167,68.419406,354.024372,90.493567,3.636994,31.795833,39.855779,93.010501,400.840689,315.120630,97.810062,114.177889,105.935019,374.373392,94.170514,40.725681,71.589021,235.490113,37.356545,89.425386
2012-10-20 13:00:00,41.159955,153.055215,173.260071,70.569690,34.947175,366.942287,589.049170,225.511478,6.455922,224.184650,69.692664,478.738707,106.651927,2.480330,24.609304,34.865791,121.540359,398.634018,360.226283,116.760640,138.205592,99.561489,475.190879,88.116573,54.425091,65.248830,226.780479,38.805101,73.840590
2012-10-20 14:00:00,44.510381,119.401226,300.709874,58.766608,20.744987,637.285172,581.347902,184.683412,6.597506,223.228860,46.093558,661.939516,97.319248,6.944578,31.839052,28.438123,138.274954,383.985694,424.719622,117.595410,168.304961,75.393518,496.157336,57.352216,73.299261,48.241233,185.184806,56.954745,68.793243
2012-10-20 15:00:00,55.089176,111.071108,303.049027,52.557355,20.698669,562.355909,559.744873,138.621283,8.958636,188.150247,36.874896,304.648531,94.236150,9.162405,35.260972,20.986400,137.151507,317.372487,431.924515,116.164049,131.943898,65.274403,478.598168,34.599511,56.015419,31.815538,219.253582,79.196550,90.691136
2012-10-20 16:00:00,50.760346,45.492237,293.974493,31.743098,16.238799,354.892380,505.215271,86.816191,3.335551,176.587890,26.843239,215.115899,109.820756,12.864620,30.002931,6.029627,152.050912,285.542186,477.285826,121.580565,111.694829,41.280302,248.172197,3.030733,74.615490,9.088778,243.048842,116.264562,73.179084
2012-10-20 17:00:00,49.336365,65.153250,233.961949,13.963085,25.540635,225.347854,346.142015,21.658405,2.686971,139.762527,9.747517,155.396223,105.402680,10.402190,22.050347,11.513861,209.755915,199.405672,440.816847,112.246050,99.543833,45.211760,495.379899,2.748804,71.311697,9.800550,220.288877,157.236022,162.201062
2012-10-20 18:00:00,21.790827,47.583834,121.112273,16.348084,28.220825,133.067704,358.097121,28.393641,1.899411,110.560444,5.530506,109.902963,88.151143,4.104050,18.194549,11.453262,156.653152,212.499047,354.126374,150.648119,205.690980,45.539381,617.796677,5.638573,61.477599,12.319127,192.976918,94.992295,143.340474
2012-10-20 19:00:00,14.207149,51.871609,118.068158,10.927632,38.258400,82.930178,326.402190,12.017774,5.026490,102.546849,4.389839,88.328839,95.724989,1.846823,22.110594,5.484234,249.051960,224.089905,353.284719,82.884467,191.159198,45.047949,342.247637,10.290395,53.015252,9.964805,83.407227,78.618011,140.511385
2012-10-20 20:00:00,4.761844,45.387658,71.536692,7.762088,47.928105,54.067224,232.985549,11.357456,2.941770,109.745502,2.938081,99.584904,63.746531,0.789240,32.111571,2.423971,403.226983,203.054645,334.978721,59.283195,151.831298,42.426977,107.949341,9.374127,32.168511,11.662107,36.691823,40.470936,151.827739
2012-10-20 21:00:00,3.409716,20.915971,101.542965,8.889542,49.925110,79.949028,191.003666,8.980314,2.571154,108.251442,3.214607,212.301883,138.433060,0.710316,65.307585,1.848278,317.908543,120.845418,230.613491,66.403579,141.477122,36.038359,98.749535,8.105448,32.806085,11.005087,29.335066,5.183998,118.633103
2012-10-20 22:00:00,4.944741,14.118281,161.120636,9.106360,37.627767,110.302557,138.456806,12.678091,2.038392,93.989960,5.599638,466.657673,220.903820,0.852380,85.128798,3.848054,319.501626,142.309968,243.027904,71.363846,137.613959,32.270712,80.424114,6.836769,20.653537,4.818147,15.495168,1.215558,57.713401
2012-10-20 23:00:00,5.108042,9.516767,191.344345,8.716087,43.934097,62.333141,113.712518,22.450786,4.053621,122.377101,7.016830,283.277623,281.284197,0.662962,65.307585,4.090451,551.383693,159.696254,166.437292,37.442018,113.716252,18.346801,60.243894,2.255429,9.776136,3.996872,17.288378,1.859089,27.725065
2012-10-21 00:00:00,15.578873,15.791558,247.443027,9.843541,30.480593,58.945470,119.273032,19.413327,4.655873,109.338031,8.883376,297.816706,423.714565,0.773456,123.024067,7.423411,966.116275,129.645883,140.135571,39.202113,82.766026,28.666877,40.508825,2.889768,2.840103,4.927651,23.771519,3.396412,23.575736
2012-10-21 01:00:00,13.769503,11.294624,292.887309,13.876358,43.671333,132.932197,72.842737,17.300311,6.416303,156.333011,13.065821,544.824787,550.997242,0.883949,142.363306,9.483786,1042.584254,84.570328,106.679781,26.001401,65.830996,41.444113,67.588900,3.876519,4.946029,8.267503,25.150911,7.400604,25.084583
2012-10-21 02:00:00,39.936785,12.340423,288.973448,16.694993,70.420681,60.571552,68.950377,14.262852,15.218451,176.163263,15.969337,225.902961,691.744533,0.473544,211.586936,8.483898,1123.300454,91.868275,50.499305,14.400776,47.975097,38.986952,75.898403,12.122931,8.578270,16.151744,15.908986,10.296493,65.069031
2012-10-21 03:00:00,33.430891,8.680128,212.435710,38.073256,96.697055,81.710617,79.237329,14.394916,9.265419,85.433071,16.487822,133.978434,764.116832,0.868165,165.558343,5.090339,1144.541560,185.883005,57.022132,17.520944,44.808201,83.871090,154.541909,38.342294,24.865390,23.762227,52.462870,13.978919,127.874791
2012-10-21 04:00:00,36.690370,14.222860,203.520803,49.868160,75.465745,132.254663,93.694666,12.678091,3.567186,93.039194,16.591519,115.530995,613.481466,0.441975,137.664051,29.814841,1215.168235,186.312296,63.124131,28.001509,96.848603,104.347431,196.386190,21.074165,42.389017,16.206496,117.432225,32.677063,115.992620
2012-10-21 05:00:00,14.167957,17.778576,160.685762,69.685333,59.332052,84.827274,122.053289,17.564438,3.034425,151.035889,13.273215,126.943394,414.247258,0.868165,152.906504,38.329039,1227.027852,123.635809,25.880894,18.160979,80.475080,148.084894,170.418995,13.109681,79.832005,29.620656,66.348748,36.860013,124.857097
2012-10-21 06:00:00,9.586620,14.432020,155.288384,111.401134,30.007619,37.958555,143.461269,21.262215,1.621448,226.553834,12.374508,129.692829,325.854606,1.736329,105.964413,20.889114,1274.647653,99.166222,11.993585,19.761065,52.044603,140.385790,89.910437,16.845236,64.877995,29.018388,103.935844,38.921986,120.393731
2012-10-21 07:00:00,15.712992,35.295228,133.350639,116.708805,23.876734,69.023655,197.553188,57.896414,2.444118,351.585611,20.712162,227.227611,317.644175,3.999847,82.779298,13.738422,1326.058392,105.259130,16.791470,22.893975,20.822847,123.942417,68.420234,37.178331,41.346280,22.047503,177.191404,46.155408,127.013364
2012-10-21 08:00:00,10.619500,75.747491,97.074814,103.753649,41.642827,112.273203,275.372194,132.675754,3.971183,445.284779,34.998620,193.153427,338.285209,5.442014,126.348197,19.480468,1371.063202,115.459960,39.983104,21.504639,29.413886,110.055543,60.930882,38.466930,90.324885,17.116566,117.587447,32.011178,175.679869
2012-10-21 09:00:00,11.631964,134.582748,104.622283,99.834458,51.139765,149.599640,394.764503,191.022918,6.907797,441.750523,37.039754,176.301557,332.137664,4.824920,173.261616,25.176715,1211.314429,158.246615,100.074567,27.301670,43.500915,95.561095,117.680039,46.656092,68.524378,27.296748,132.217931,30.708823,204.066833
2012-10-21 10:00:00,10.165048,163.140202,142.699360,100.203212,46.568556,166.380686,460.211539,230.890506,7.958077,459.200971,53.910932,195.259620,324.354169,3.941818,243.092550,18.540080,1052.723073,204.892995,159.772576,43.810806,50.973094,91.111342,107.552082,52.817846,40.282619,22.058392,163.119678,43.808394,191.280724
2012-10-21 11:00:00,5.448992,153.551987,151.442352,92.405117,36.725497,164.989218,480.101740,252.258520,7.735413,456.851023,60.719086,256.125745,364.166480,2.055881,228.408210,23.300357,1157.492763,259.546411,204.348444,71.318818,42.524216,86.162728,103.915534,30.579323,25.849060,18.303298,116.314388,38.959559,152.290504
2012-10-21 12:00:00,9.479505,141.203463,180.029749,99.798660,46.013067,152.450972,571.673607,254.195881,11.552549,443.598882,47.791940,279.712532,395.635641,1.400541,163.076619,43.106233,1124.992736,262.355374,254.268484,86.195678,25.294569,93.764322,128.736508,29.371387,16.634470,24.367552,114.358470,53.030040,137.356813
2012-10-21 13:00:00,15.465969,138.174296,161.147346,72.940442,36.928006,151.217990,746.859908,240.277978,11.417479,423.406750,38.595182,234.524474,411.879590,3.582194,98.024905,97.725650,1156.136845,276.244870,278.533405,65.412540,32.330913,75.923813,76.818116,28.290644,15.470594,21.999246,116.231465,43.780102,145.750498
2012-10-21 14:00:00,15.960279,126.622271,177.623984,64.132534,35.614591,116.391771,663.786780,215.172558,14.102495,391.664584,32.878206,158.186645,482.137032,3.577600,80.961761,156.218493,1119.632429,307.971065,276.268586,75.683452,25.870088,53.709456,70.247492,24.890286,16.031332,12.277481,128.042794,25.202461,190.779133
2012-10-21 15:00:00,10.861760,98.308716,184.678461,57.627131,28.857657,89.123547,487.577337,176.432900,5.937692,288.917362,26.633922,88.229720,449.987243,2.181906,73.665670,176.449662,1008.246078,357.698721,278.972379,59.236702,19.764787,39.915518,48.879111,24.619030,11.673813,11.153600,87.419291,12.208049,261.886579
2012-10-21 16:00:00,7.936407,18.615214,208.739285,59.982968,18.813883,42.955664,385.143643,128.305125,1.297159,157.679116,16.731340,27.045822,283.598428,0.552468,33.979223,152.346566,429.070328,421.690040,292.624108,71.926702,11.814092,22.769691,68.034052,6.977734,3.980008,7.446228,41.933512,5.112495,198.224787
2012-10-21 17:00:00,6.087845,13.804541,252.444073,66.086153,14.241794,29.133968,221.586495,52.693315,0.833888,151.443360,8.019234,45.649595,234.578818,0.473544,20.724916,110.199773,329.237133,399.884571,235.242594,70.803816,11.903933,11.630561,57.572982,6.202430,3.728842,2.956590,23.679560,8.187142,103.544632
2012-10-21 18:00:00,4.494031,11.922104,181.777127,69.425152,12.665212,22.765147,203.236798,42.920620,1.621448,96.842256,12.028851,54.716980,116.553063,0.299911,13.314554,86.505458,326.227976,391.728042,182.218324,66.643592,2.964753,10.975318,44.292616,7.400627,6.858752,2.956590,23.127803,6.363804,88.078949
2012-10-21 19:00:00,3.932277,8.052649,128.287686,76.536785,18.813883,17.886901,164.313198,31.695227,2.293191,76.604534,11.890588,36.738544,73.003453,0.552468,7.229622,82.021112,411.192398,431.008169,147.500052,43.682354,1.325155,12.285804,19.141533,9.092198,6.008653,5.858429,20.644898,6.292301,106.939538
2012-10-21 20:00:00,3.324799,10.248826,139.594397,75.149149,23.123209,28.320927,150.689938,28.393641,4.053621,61.528110,9.989477,46.587600,141.799214,0.662962,5.602957,86.323661,412.077444,403.962836,105.627712,28.641544,1.437456,10.975318,13.502942,15.012700,3.187870,7.008214,25.196891,6.757073,76.762596
2012-10-21 21:00:00,2.214356,13.177062,146.769810,71.680060,12.139685,28.727447,160.976889,31.431100,5.976195,41.018740,9.021638,56.592991,156.526135,0.789240,5.542710,70.658749,411.015388,330.124783,80.167646,34.721871,0.875950,10.647697,12.315870,14.519325,3.168550,7.281973,21.978310,4.576219,74.499325
2012-10-21 22:00:00,2.606277,19.765593,121.982020,68.861425,12.560107,46.614349,174.600149,49.127602,7.134373,39.796327,10.231437,78.948786,107.506526,1.215430,6.084932,60.114476,436.504715,278.395217,58.705442,26.321419,1.100552,13.596290,8.977230,10.290395,2.898064,6.296443,16.046925,9.581458,49.226136
2012-10-21 23:00:00,7.387717,18.301475,91.106000,47.396434,8.460992,97.835929,192.671821,56.126965,8.917966,22.003430,14.344751,131.789755,91.517297,2.367721,6.687400,37.329151,409.068287,248.130201,37.032823,18.641005,1.774360,41.116492,9.496574,8.246413,0.869419,7.227221,19.955202,2.752882,32.440212
2012-10-22 00:00:00,7.616338,24.994586,94.802425,57.326702,7.304832,136.048855,179.326586,41.203795,12.461988,12.631599,21.499843,167.746628,76.790375,2.383506,11.266161,26.996975,487.660377,228.597460,31.982893,13.680737,2.470628,58.971860,12.093294,8.316895,1.603595,13.085650,12.874324,9.795969,38.286995
2012-10-22 01:00:00,4.931677,26.877023,62.621785,44.230890,5.255275,188.761010,142.627192,44.637445,7.620807,8.828537,19.598731,132.727760,79.525375,1.183861,11.567395,17.755586,485.890285,262.940740,36.401582,9.120492,2.672770,59.790914,9.051422,4.510858,0.966021,6.734456,20.139121,7.114590,58.279219
2012-10-22 02:00:00,5.192958,18.510635,84.148024,46.529162,3.100612,147.702442,125.111572,46.618397,3.752495,8.556889,18.319802,120.533690,68.374992,2.020456,5.602957,12.695547,433.672567,238.041862,42.293168,8.320448,2.874912,55.204214,12.538446,3.312661,2.241170,5.694174,26.254425,14.264932,35.835118
2012-10-22 03:00:00,7.498762,14.745760,75.450554,65.956062,3.731245,109.354010,116.770800,43.184747,2.084719,8.421066,16.868044,104.274931,48.809225,1.815253,5.602957,8.665696,361.098791,207.132910,50.709718,7.680414,4.132686,47.013678,7.715967,9.021716,1.255828,10.676577,26.714222,8.151390,22.632706
2012-10-22 04:00:00,7.021924,12.549583,66.753084,57.500157,4.466984,133.880745,85.353895,44.109191,1.250832,9.507655,16.314993,104.118596,36.606919,1.704759,4.157033,17.573788,301.092668,174.936084,53.445097,9.040487,3.301657,53.238485,8.309503,12.616306,1.333109,12.483382,33.197364,7.615114,22.066889
2012-10-22 05:00:00,5.787372,12.863322,41.965294,60.622337,4.729747,135.913348,71.174583,43.845064,0.972869,9.236008,19.391338,88.016171,22.931920,2.067810,2.168887,11.241165,230.643002,151.325079,59.126269,8.480457,5.233239,59.627103,13.206174,13.744021,1.854761,9.636295,29.059188,14.086174,30.554154
2012-10-22 06:00:00,6.699763,8.157229,72.094623,68.427789,3.731245,115.315988,99.811232,41.203795,1.737266,10.322597,17.801317,97.596950,28.657817,2.667633,2.430054,21.632269,173.956328,132.436275,103.523575,19.921074,8.749639,52.255621,10.946036,4.722305,0.660413,3.558859,50.944034,19.750762,44.762771
2012-10-22 07:00:00,9.521227,20.625440,119.015595,56.610846,11.396576,128.846804,161.461590,41.649015,7.009358,23.785345,22.576078,130.654705,66.333985,4.300661,7.977600,24.126778,225.892784,105.633299,143.554179,41.965463,9.840318,90.373453,14.532259,21.747214,4.064624,15.118646,73.411680,29.140737,77.507151
2012-10-22 08:00:00,18.013148,44.616921,158.986178,86.341358,26.245864,183.665326,251.227157,65.530566,17.254355,58.982910,33.042457,183.327657,135.382712,5.701445,19.237076,23.139746,324.253830,136.121352,189.845244,61.323054,13.394555,167.989907,26.951729,58.766826,6.715878,42.081917,94.110327,35.318273,135.966161
2012-10-22 09:00:00,21.393805,53.394550,172.516875,95.267806,46.024036,184.034261,382.218602,93.961993,29.132406,93.938211,32.076790,192.608617,227.750069,9.201828,32.436813,32.411415,324.941368,190.704225,231.368894,70.402092,18.136350,234.311651,55.972965,68.437687,11.445109,53.569110,118.408135,45.340103,188.147082
2012-10-22 10:00:00,19.375437,47.915383,214.953612,66.700329,80.811024,225.227045,447.358160,139.492827,38.058795,121.670499,35.236228,230.108870,322.547198,13.918512,31.783599,44.838855,360.029961,232.278800,272.090276,81.808854,24.953029,309.251919,75.175074,84.526655,15.327505,69.927329,146.646058,61.615190,299.100128
2012-10-22 11:00:00,16.311663,66.558257,223.588720,62.150645,96.099438,288.488010,480.244785,124.889540,41.763330,158.731587,38.180650,247.274678,367.645700,12.725102,45.403592,49.495696,388.718176,245.141953,259.972073,98.728091,22.633541,344.698367,87.474015,103.580890,20.931440,77.593939,140.971209,76.421513,354.330201
2012-10-22 12:00:00,21.755482,121.825903,213.658703,74.867805,101.861170,217.969700,618.830150,87.008341,42.474772,146.088614,35.844284,205.001253,353.531285,20.618333,68.439794,50.733753,405.137296,246.617960,266.299859,110.697504,24.355505,352.250693,96.703074,126.583503,26.909354,100.552505,119.978396,87.813834,378.778553
2012-10-22 13:00:00,14.864020,155.350864,195.349405,59.289142,97.699783,194.031595,638.560433,95.070018,39.560433,154.520959,40.819202,167.290345,321.370922,24.352581,81.642851,38.346339,364.023355,234.446975,247.830107,111.745445,14.393857,341.349790,90.983715,125.256245,25.671458,94.499254,105.597393,84.600745,386.074559
2012-10-22 14:00:00,8.819561,141.415470,157.285074,50.218712,77.031809,187.124077,449.826778,125.372636,34.893212,158.037113,35.686892,128.118844,267.183012,19.924693,74.670235,22.121231,307.814712,206.157803,198.981674,85.914740,12.162173,257.525221,75.713212,92.691027,20.515290,74.184052,104.089321,81.250164,326.736616
2012-10-22 15:00:00,7.469046,95.413468,113.337509,57.223944,55.352680,80.144447,290.763020,91.769906,22.285694,119.665939,30.487869,83.744202,205.514924,14.025569,51.763145,18.075373,196.591035,180.297436,132.843250,63.324422,7.561990,180.276399,50.299322,68.857334,12.661811,50.001921,83.311686,59.663317,262.050715
2012-10-22 16:00:00,4.905549,8.157229,14.133389,42.073251,12.980529,42.820157,191.375812,53.944739,2.918607,14.940601,26.653077,31.110512,44.180764,3.062253,3.072589,13.604536,39.827073,88.529215,57.964967,44.953361,1.774360,41.116492,11.054606,11.700038,1.139905,6.022684,60.555302,26.420514,98.452273
2012-10-22 17:00:00,7.949471,10.667145,16.090320,33.866985,16.186246,29.133968,102.313463,22.054596,2.640644,13.718188,17.455660,22.199460,41.235380,1.878392,2.048393,13.786334,25.312317,19.318095,13.256067,37.522022,1.886661,27.847823,6.380511,16.069932,0.869419,13.195154,45.473951,19.270172,65.634848
2012-10-22 18:00:00,10.954202,11.922104,17.177504,35.991803,7.409937,24.120215,76.179046,24.563801,0.903378,8.828537,14.724973,25.795148,25.035766,1.657405,1.927899,5.150938,19.294004,15.883767,11.572757,44.162380,3.908084,17.527747,4.006367,10.713288,0.405729,8.048496,50.025944,12.048326,57.524795
2012-10-22 19:00:00,10.581876,12.549583,32.832950,23.286263,5.360380,21.139065,94.250717,19.149200,0.949705,7.334477,13.688003,37.676549,24.614997,1.925747,1.988146,2.090675,16.992884,34.987217,17.674757,69.763760,5.525222,19.002044,3.709599,6.343394,0.637574,4.325382,40.646080,11.297540,48.094501
2012-10-22 20:00:00,8.393649,10.353406,34.572444,26.885443,5.360380,23.171667,77.569175,15.187296,0.787561,6.655358,10.715356,36.582210,17.461921,2.336152,1.385678,1.151386,17.700921,37.133672,29.247514,61.683325,4.065305,27.028769,3.041871,3.735554,0.714856,2.025812,17.564256,8.902176,33.006030
2012-10-22 21:00:00,2.358060,12.131263,28.701652,27.882806,3.888903,23.713695,95.084795,23.111103,0.741234,5.432946,13.411478,35.800538,15.778844,1.673190,2.952096,0.969588,16.284847,51.514921,45.659788,46.962531,5.120937,21.131583,5.193439,3.453626,1.758159,1.916309,13.885878,7.007335,27.536459
2012-10-22 22:00:00,1.704858,20.602232,41.530420,28.793442,2.890401,26.017311,131.784189,24.959991,0.810724,7.741948,7.362486,46.900269,15.147691,1.909962,1.807405,3.272361,13.983728,54.519958,55.759649,36.001940,6.311331,27.192580,8.977230,4.299412,2.511656,1.642550,11.173074,9.724465,23.575736
2012-10-22 23:00:00,1.894286,19.451853,42.400167,36.815711,2.522532,37.941912,107.873977,22.714913,0.949705,9.371831,14.137357,52.528301,24.404612,1.894177,2.771355,4.605545,13.098682,53.232085,68.174061,32.241738,4.784034,10.156265,7.048239,5.145198,1.468352,3.558859,7.034898,8.294397,16.974530
2012-10-23 00:00:00,3.324799,12.026683,46.531466,55.635521,2.312321,46.207828,113.990543,21.790469,1.158177,9.915126,26.339036,55.654985,34.923842,1.783683,3.916045,2.848166,9.735507,75.769862,92.792472,29.041565,1.909121,10.320076,5.786975,6.977734,1.043303,2.737584,5.931385,6.042039,15.088471
2012-10-23 01:00:00,7.622870,8.470968,45.444282,46.789343,3.626140,51.357088,159.030709,19.281263,0.833888,13.718188,23.919439,57.843665,41.235380,1.373278,5.602957,2.393671,9.912516,84.355682,129.614882,24.081298,1.370075,19.329665,7.790159,3.242179,1.468352,1.861557,5.747466,4.039943,14.334047
2012-10-23 02:00:00,6.976200,24.680846,53.706879,39.721074,4.992511,50.815060,248.554989,22.979040,1.412976,17.657073,16.556953,54.091643,30.505766,1.168076,6.024685,4.272249,11.682608,85.643555,116.569228,15.280824,2.627849,10.156265,10.757838,4.933751,0.772817,3.230349,8.276351,2.538371,16.974530
2012-10-23 03:00:00,6.388318,23.948787,48.053523,57.326702,5.780802,47.698403,321.953778,30.374593,0.996033,28.251317,11.959720,50.652290,23.142305,1.183861,9.820236,4.393447,10.974571,106.464169,159.704051,8.400453,5.637523,12.941047,11.128798,4.228930,0.676215,3.011342,9.839662,10.046231,15.842894
2012-10-23 04:00:00,3.710189,16.419037,44.574535,73.284514,3.626140,55.693306,366.993944,37.770146,1.551958,33.005145,7.466183,58.625336,16.620383,0.836595,11.326408,4.029851,21.241105,139.304931,214.832459,9.920535,7.164820,9.337211,10.980414,2.325911,1.275148,2.025812,7.678615,8.723417,14.522653
2012-10-23 05:00:00,4.879421,12.235843,57.838177,95.226504,2.469979,51.357088,402.025184,49.787919,0.741234,29.609554,4.251577,46.431266,20.196921,0.741886,5.723451,5.938728,17.700921,139.304931,201.786805,13.440724,7.748787,7.371483,10.312686,2.114465,0.946701,1.259289,6.529121,6.900080,11.127747
2012-10-23 06:00:00,4.813740,14.118281,77.065625,110.186952,2.049557,39.529124,416.760547,57.447599,0.648579,26.485610,4.735496,56.181026,26.874173,0.852380,7.229622,9.143745,17.421758,115.908571,200.524322,15.280824,5.693258,9.009590,14.490373,2.678322,0.792138,1.587799,5.969722,8.030188,10.561930
2012-10-23 07:00:00,3.986425,36.017069,106.530963,99.485782,10.627501,84.400456,377.134682,84.192246,5.734005,61.468018,7.462318,83.322308,70.453149,4.605981,16.045044,16.149854,66.310026,192.427374,251.236297,28.593729,11.460481,34.408942,34.132716,11.382057,4.816814,7.883477,22.602817,15.751410,48.921842
2012-10-23 08:00:00,8.612323,86.515859,193.967703,117.777748,31.549365,167.353393,577.633553,153.864887,14.769212,130.277433,18.019687,162.952807,163.409523,12.186667,39.721931,27.990543,159.678008,340.570524,375.416795,67.419761,21.938104,92.847422,71.996364,33.011867,12.050434,26.098096,42.694359,32.236715,122.812580
2012-10-23 09:00:00,10.697803,138.965542,283.787447,162.478095,61.097801,199.801798,890.045712,203.641658,30.857549,188.661981,34.159361,237.588939,275.304184,19.414799,79.774484,40.473360,241.903549,472.166049,548.968239,98.772085,36.389264,169.842469,107.208359,69.151018,20.410234,56.253394,54.509888,44.986279,207.761309
2012-10-23 10:00:00,11.282106,168.266367,337.868811,205.849503,79.220763,225.703141,1120.141657,236.372659,38.826732,226.688715,49.870222,261.362966,343.899696,24.559634,104.710669,48.111259,301.932529,610.278526,593.489358,124.132498,41.280239,237.505563,124.919743,97.082661,27.519006,70.913241,50.556670,57.394641,270.867159
2012-10-23 11:00:00,11.328013,187.251224,344.077367,223.512844,92.229568,235.752335,1178.496131,269.636706,41.862725,254.373043,59.283305,271.362414,385.147998,28.050863,114.375895,53.628986,327.959679,792.916986,647.580530,152.997067,41.439655,280.505253,130.171842,117.917444,30.100703,90.370337,42.698993,53.983385,320.522630
2012-10-23 12:00:00,10.247982,191.491562,352.049390,244.057710,100.786204,209.389172,1206.441879,291.266357,41.673084,259.357003,65.327395,261.655445,392.502210,29.548394,112.074953,53.279874,326.912569,843.262067,709.380985,169.185107,39.532414,295.493878,128.517511,122.877018,29.155634,95.222260,42.095579,56.428397,334.727299
2012-10-23 13:00:00,8.781167,174.768198,334.616515,236.840273,93.858079,187.453711,1162.615051,296.397385,38.381161,241.532827,71.058085,236.779790,365.927095,28.340288,100.580964,48.564717,294.187232,860.157347,709.616805,195.305407,32.826986,274.925742,115.708235,114.646590,25.943050,89.916734,37.784130,52.684048,313.796520
2012-10-23 14:00:00,5.533156,141.534719,279.235842,226.436857,77.702306,151.573611,1133.423393,275.627296,32.597870,203.876504,70.501617,188.470711,289.134219,22.664190,82.075552,42.929555,234.247190,906.977771,623.550565,214.353178,24.192656,231.712400,82.636624,94.802000,20.191615,74.791096,28.257399,42.240532,260.379591
2012-10-23 15:00:00,3.500353,99.526310,183.687785,214.398647,66.797664,96.000247,1117.049112,244.558930,23.750720,146.729250,53.336883,127.408458,201.131938,16.219933,56.795502,43.703410,160.874457,895.221993,513.035525,157.897160,15.212003,167.890457,44.609423,64.385480,11.844947,50.158382,17.403163,26.163964,181.228946
2012-10-23 16:00:00,1.855094,11.712944,33.920134,165.165864,36.471607,13.686190,1078.985572,150.394555,3.451369,21.867606,43.197580,22.824797,38.921149,3.346380,5.301723,26.936376,22.126151,726.942460,389.565630,118.281794,1.190393,29.322119,6.232127,2.678322,0.444370,1.697302,7.034898,2.109351,30.176942
2012-10-23 17:00:00,1.966139,36.498370,38.486306,94.619414,26.276374,12.195614,1038.148021,111.989803,3.497696,38.166443,50.085647,12.194070,28.822689,3.472658,8.434559,8.877793,35.578851,610.451809,286.162727,105.765700,0.696268,46.522245,5.638591,4.792787,0.850099,4.215879,6.942939,2.395365,30.176942
2012-10-23 18:00:00,2.684661,65.571570,34.572444,59.624974,11.298841,7.859396,944.175329,170.361846,2.362682,41.697858,60.559043,10.787062,19.565767,3.441088,14.218257,3.878353,67.794528,584.479703,320.039344,100.645424,1.167933,53.893728,4.377327,9.726538,1.217187,9.526791,9.885642,2.395365,34.137665
2012-10-23 19:00:00,2.887154,90.461575,28.266778,52.860250,7.409937,8.401423,913.036449,209.056436,1.714102,36.536560,59.591205,18.291105,12.623075,2.762342,13.374801,1.908877,66.909482,571.815618,408.623541,108.405843,1.459916,31.943091,5.045055,24.104898,1.333109,11.169342,7.954493,2.645627,32.251607
2012-10-23 20:00:00,1.404385,94.749350,34.355007,63.224154,4.309325,13.821696,1002.838755,219.885638,1.760430,35.449970,52.090456,26.889487,13.043845,2.130949,14.218257,1.151386,79.477136,599.934179,369.486579,68.083670,2.448167,28.503066,5.712783,45.954367,1.101264,13.085650,7.448716,2.681378,31.497183
2012-10-23 21:00:00,0.614010,91.925693,44.139661,95.096413,4.151667,15.041258,1027.583043,259.636736,2.802789,46.587509,47.285828,19.385444,11.781537,1.862608,26.388120,1.757379,103.019361,532.106200,344.657755,134.247236,2.852452,26.701148,6.454703,40.597723,0.946701,8.541261,24.875033,2.180854,27.347854
2012-10-23 22:00:00,0.888355,89.206617,21.961112,115.260496,4.414431,15.176765,979.484595,274.031651,4.841181,61.392286,44.831666,14.226415,14.726921,2.209873,47.715505,2.030076,137.536157,504.416931,422.931677,155.208365,1.931582,19.657287,4.674095,40.738688,1.603595,7.227221,23.495641,2.609875,27.347854
2012-10-23 23:00:00,3.573016,104.161537,17.394940,115.173768,5.623144,18.157915,1010.067423,272.182763,4.864345,89.779427,39.888776,18.760107,14.937306,2.257228,38.979712,2.151274,135.766065,543.053121,606.622898,206.011103,2.919833,27.520201,8.457887,36.157347,2.608258,8.705516,19.955202,1.823337,33.006030
2012-10-24 00:00:00,5.806968,125.182088,18.916998,104.593046,12.139685,24.662243,980.040646,296.878628,6.925901,104.720028,44.831666,22.981132,18.093075,3.078038,52.053278,3.211761,109.745711,711.979131,841.655078,238.652863,3.975464,32.434523,10.312686,26.501292,3.284473,11.005087,20.828817,1.894841,41.870507
2012-10-24 01:00:00,4.559352,115.979060,27.614468,117.385313,14.819875,24.255722,953.906229,299.519896,5.350779,135.823642,53.784173,18.760107,21.669613,4.372392,51.330316,2.181574,91.867781,847.635089,903.937554,301.056226,4.312368,45.375570,14.096478,23.329594,4.366417,12.866644,26.668242,1.501572,39.418630
2012-10-24 02:00:00,3.468504,123.508810,49.140707,127.879308,17.710276,25.881804,770.409257,319.857667,6.856410,182.818622,51.779365,21.730458,18.513844,6.313924,98.925327,1.636180,66.201445,868.884994,725.085850,258.973958,4.828954,59.299482,17.954461,35.663972,5.100593,18.615570,26.300404,1.430068,40.927477
2012-10-24 03:00:00,3.311735,174.752939,46.096592,228.439538,15.555613,28.727447,662.257254,373.343363,6.532120,223.701538,30.936269,20.010781,32.399227,6.897962,126.879865,3.757155,63.369298,822.521565,615.039449,233.212569,3.795782,81.086308,14.912589,42.500742,5.757487,34.384052,38.806890,1.036800,41.304689
2012-10-24 04:00:00,1.554621,184.060547,51.097637,268.247338,16.659221,25.475284,671.154076,514.519187,7.342844,232.665898,22.951601,18.447439,34.082304,8.144962,195.681768,3.423859,60.714159,803.632761,625.980965,277.054932,2.829992,90.751141,11.944910,33.479025,6.820111,60.883863,30.530539,0.893793,48.094501
2012-10-24 05:00:00,1.835498,226.938288,54.576626,200.296550,17.447512,18.970956,530.473065,528.121722,6.995391,283.192293,24.437924,15.320754,68.585376,8.760569,204.718795,2.848166,74.343869,805.135280,656.911789,297.376028,3.728402,110.244617,8.457887,19.453076,5.061952,81.415741,20.414999,1.215558,56.204554
2012-10-24 06:00:00,2.368024,223.173413,54.126579,190.366281,20.758335,22.655517,431.495910,514.915378,9.937162,268.523339,30.210390,16.482087,57.306384,14.727227,185.620544,4.639100,98.547810,914.175195,692.261302,351.538947,5.266843,135.635279,9.929560,30.095882,3.535638,119.851417,14.019418,2.768525,63.182972
2012-10-24 07:00:00,4.266395,185.339735,133.069628,101.436416,35.426604,67.583865,567.930675,549.959930,10.745542,275.170831,31.771351,61.597209,118.005646,35.956486,192.470523,8.816941,163.112076,1267.218666,772.923834,358.996256,14.013035,176.202498,39.791241,42.837512,8.211708,142.530952,25.098694,14.846340,130.204267
2012-10-24 08:00:00,7.124162,204.103390,233.316473,99.073549,63.634633,134.431354,504.708061,533.590606,12.828387,382.844384,46.696426,132.829517,277.259594,36.312222,215.086383,25.692529,275.086528,1235.989920,693.002100,243.625913,27.671879,280.077708,80.211794,66.526994,20.131563,183.382159,40.599094,33.556759,241.929242
2012-10-24 09:00:00,10.026905,269.955786,338.221745,154.088080,81.236100,182.276212,448.751807,763.531222,18.057773,334.395437,46.102599,204.558813,291.068785,39.168744,210.032627,36.426805,281.326445,1354.373582,730.195893,316.674992,37.497637,348.735898,111.805622,88.088141,30.135838,167.854080,60.117682,53.137169,316.059521
2012-10-24 10:00:00,10.956504,380.657031,371.657239,174.120932,96.261163,213.612324,246.024824,931.742084,20.135089,372.366534,43.617353,243.404160,311.662251,56.375895,111.873272,37.673784,261.959068,1369.448048,780.599922,365.953971,43.917116,376.037990,128.699703,71.779662,38.095288,127.467594,70.856913,53.617959,314.041978
2012-10-24 11:00:00,11.625090,413.614063,404.866797,219.451400,93.145441,219.609091,331.179457,965.214500,14.904167,453.160275,96.371051,255.180069,376.325930,57.548597,77.225993,47.526749,305.196873,1241.959703,912.870256,469.609485,47.288255,409.548202,135.985171,57.736301,55.135919,105.351471,74.030676,52.661444,361.550921
2012-10-24 12:00:00,11.472036,526.353921,424.831070,238.367612,86.855207,222.177278,540.578188,971.174496,17.939190,308.544492,99.730783,246.624503,323.249988,47.934502,74.883052,45.052306,393.153029,1179.465956,939.304984,630.587123,47.794606,374.016816,135.879707,79.111037,76.357068,102.737451,70.994158,54.905893,351.255641
2012-10-24 13:00:00,10.006429,445.879758,391.700564,222.974505,97.544209,196.524293,810.494876,717.278419,27.745275,279.189051,110.320435,227.051311,254.035362,0.000000,120.311740,41.487330,534.659234,811.367792,1221.961927,545.072897,42.392123,0.000000,120.576016,112.449933,91.082267,90.579827,65.450407,53.918069,330.057018
2012-10-24 14:00:00,7.668927,513.670493,370.708581,224.285475,94.298846,164.441175,931.876870,376.716189,37.379581,301.353044,77.736878,184.154734,451.822128,0.000000,86.273952,25.212512,385.693199,981.423953,954.889573,459.196263,33.486984,185.429249,92.294682,166.045883,91.445296,121.064131,50.029809,55.977372,277.122070
2012-10-24 15:00:00,4.198636,413.754913,315.212588,220.913624,114.085377,145.437260,890.257984,569.338513,17.074622,188.144843,42.263501,128.951408,375.680081,21.413246,101.523216,16.852413,266.818600,688.083838,528.801689,291.547053,25.341890,332.711469,58.953536,121.590282,91.013275,88.075730,28.808930,48.398884,340.260552
2012-10-24 16:00:00,1.123508,431.705646,310.282250,117.528194,117.560495,83.472206,675.591078,409.446081,24.854486,358.846061,53.801836,52.840969,198.603053,18.073607,83.743121,13.059143,225.863753,599.110652,398.155404,117.061427,5.233239,360.383591,7.122431,86.693055,73.417623,68.768104,6.759020,42.365777,450.768068
2012-10-24 17:00:00,1.136572,559.920549,273.535438,71.159696,81.088889,77.780919,479.594359,384.172566,31.664569,720.951890,58.588800,43.148247,166.414211,17.489569,100.009770,7.574909,242.148601,573.318137,435.346089,107.685804,5.278159,494.544573,8.161119,127.008849,61.496920,169.292180,4.965811,48.086050,516.402917
2012-10-24 18:00:00,1.744050,367.598194,212.653147,60.969246,49.031713,85.911328,406.473596,408.472240,50.218570,512.326776,63.324296,31.579514,212.067667,26.581619,78.381151,9.392887,312.598267,543.482412,460.174914,206.811147,6.760536,639.517063,6.083743,112.419043,48.243107,217.528406,7.402736,47.263761,182.759104
2012-10-24 19:00:00,0.398453,250.259595,91.975747,67.256971,56.546756,74.257741,481.262513,294.633549,25.340921,205.636993,63.013205,48.932614,220.483051,37.141657,66.331781,4.363147,302.685751,557.434370,383.584302,242.893091,5.502762,694.557466,3.783791,93.529824,53.517583,352.874547,6.850979,25.240708,131.646909
2012-10-24 20:00:00,0.986335,105.207335,156.989337,85.166145,18.340909,123.582226,469.307407,250.392294,2.154210,146.553709,19.875257,64.722371,223.218050,23.456227,29.520956,3.878353,222.500578,606.158899,299.839622,211.451397,2.246025,618.221669,4.525711,158.443892,39.548914,121.384464,3.126622,6.435308,52.432436
2012-10-24 21:00:00,1.528493,104.579856,160.468325,99.996502,9.774811,51.357088,485.988950,186.737713,2.779626,111.918681,18.043277,46.118597,186.611132,34.442455,23.436024,2.363372,190.638920,605.729608,293.948036,153.848292,7.277121,492.415034,2.893488,94.375610,49.904663,65.483004,2.253007,8.830672,68.086725
2012-10-24 22:00:00,1.254148,158.229322,100.455781,128.443035,24.542133,29.947009,586.356233,133.780271,8.663167,108.658913,27.721663,32.361185,199.023823,3.504228,71.332270,1.424083,408.183241,574.176719,325.299688,135.687313,9.725289,327.949068,3.857983,43.205563,34.892692,75.721567,4.827871,35.787462,56.393160
2012-10-24 23:00:00,0.411517,146.098059,121.547146,130.871398,39.519666,18.835449,606.652111,144.477410,8.176732,116.808332,42.999686,33.924528,132.331907,5.366835,120.794933,2.211873,278.258480,579.328211,281.323210,110.165938,10.174494,287.487819,3.487023,54.623673,32.806085,104.411445,4.092196,62.172224,133.721573
2012-10-25 00:00:00,0.666266,152.268270,99.803471,162.656930,41.726881,22.358626,565.226279,191.624061,17.326333,106.893206,46.801909,22.981132,183.455363,20.409759,83.381640,1.121087,208.516851,524.378962,234.821767,108.805864,3.683481,346.951112,5.786975,41.513991,32.728804,129.542464,2.436926,79.547556,186.531222
2012-10-25 01:00:00,0.424581,162.203357,101.542965,119.770312,49.136819,23.442681,648.077942,252.241183,13.388530,118.845686,36.812432,27.358490,160.733827,20.978012,110.974697,1.363484,277.727452,549.277841,256.915213,123.286645,2.201105,288.962116,4.006367,43.417010,43.857370,84.043821,2.253007,35.429945,133.155756
2012-10-25 02:00:00,0.293941,104.579856,73.276187,104.246137,124.339800,23.849202,821.287963,387.870342,54.990261,93.310842,36.086553,38.614555,125.178831,14.395746,49.763898,2.060375,243.210656,528.886518,311.412379,110.485955,2.335866,182.485146,2.967679,33.126614,41.268432,32.851005,3.862297,40.184922,131.646909
2012-10-25 03:00:00,0.470306,110.959227,63.056659,144.097301,120.450897,33.063666,933.888377,416.396046,62.518414,80.950890,29.830168,40.177897,195.657669,20.409759,62.415736,5.181238,76.113961,615.817946,366.540787,89.044799,5.323080,172.001259,12.538446,20.510308,26.063256,28.963636,4.046216,45.726438,213.501863
2012-10-25 04:00:00,0.620542,150.176673,91.975747,122.198674,132.485476,61.520100,969.197643,351.552894,42.806235,82.173303,32.422593,62.690026,196.919977,25.871303,51.330316,4.787342,40.358100,772.509163,422.300436,112.406058,2.627849,163.483102,9.422382,18.395843,17.562268,34.384052,4.827871,18.805400,281.777194
2012-10-25 05:00:00,1.319469,132.084358,252.444073,116.648131,64.114352,77.509905,906.085806,304.010054,28.027892,94.533255,41.098574,107.714284,43.759995,14.885075,62.054255,2.423971,47.969496,895.071745,447.339674,73.523963,4.087766,167.578370,10.535262,19.453076,22.894706,29.784911,8.966047,13.371140,241.226929
2012-10-25 06:00:00,1.820565,121.940112,77.851918,147.349573,62.485216,92.323314,956.686486,276.672920,19.550034,88.964485,42.239241,132.027888,44.115432,12.233227,51.691797,1.819902,76.031077,1024.288337,488.159945,82.164428,5.608417,155.456376,10.771351,31.012150,37.500949,31.482213,11.437139,6.632030,273.289929
2012-10-25 07:00:00,2.526037,106.567312,108.706696,143.987729,50.959772,120.044231,971.430133,236.861091,21.838748,109.678870,39.941170,73.487017,104.602398,9.099199,92.836822,6.710936,97.776283,1120.927046,556.175569,103.522796,8.678575,105.524401,10.611163,17.543221,51.212022,23.473109,11.005488,6.404271,192.425125
2012-10-25 08:00:00,5.881947,158.549340,218.906014,110.276656,76.374142,84.753184,844.985425,273.088407,29.221906,183.685221,38.651477,108.947636,221.420905,15.681939,155.266307,14.068188,171.591843,1022.799900,599.217624,133.259771,9.723816,135.672551,22.989317,25.117668,39.352434,31.092304,15.130117,33.987627,179.184679
2012-10-25 09:00:00,5.618392,165.032781,302.226932,117.734082,76.180544,110.904604,802.075994,354.416543,23.278994,191.769998,33.472344,162.729200,311.355110,21.577483,127.580000,20.498012,262.704155,891.073168,787.226390,284.396146,13.489944,138.923847,27.815783,39.554658,41.150879,45.439383,22.656090,33.730753,239.583578
2012-10-25 10:00:00,4.357816,161.153839,390.295496,145.495844,60.722005,146.360038,792.495990,420.117233,30.426202,214.168766,34.815036,155.616932,226.532094,25.066190,111.643510,16.898994,326.376333,754.665579,926.037192,339.621536,13.524159,204.976497,26.665367,78.400904,35.504555,65.868521,34.719581,33.112346,256.832660
2012-10-25 11:00:00,6.707503,255.424151,303.637009,170.120169,87.237270,132.735158,949.878106,442.647552,34.794204,250.192268,48.503873,147.508606,298.970164,29.164039,164.115531,19.906248,248.487710,880.020804,506.009964,393.456189,25.110765,283.988598,31.343449,121.330000,39.342849,93.809223,50.488997,32.672922,365.380813
2012-10-25 12:00:00,6.834063,304.851453,280.450936,221.349198,124.346884,120.076977,970.900841,457.300973,39.459274,262.284079,54.601209,201.691801,671.002794,26.880243,264.331436,20.327166,297.961970,846.692033,508.178379,368.693524,26.721367,339.697848,32.468029,118.913785,71.288009,101.250484,56.477251,40.878201,568.911574
2012-10-25 13:00:00,9.525156,404.446359,312.639312,221.864259,118.776402,167.116316,872.947915,619.872827,49.252831,302.737629,57.436189,275.725886,922.718486,0.000000,330.796871,20.551675,214.960215,807.090761,528.086357,379.127005,27.860884,288.338878,23.825776,103.824750,62.351025,84.545376,32.914898,52.693306,553.284137
2012-10-25 14:00:00,8.951519,362.264843,608.076988,235.799523,167.505632,160.178622,654.303201,664.097676,51.188385,299.794530,48.498578,239.175902,835.733780,16.862088,254.169142,15.393653,153.738742,768.555226,493.137533,301.850439,19.735116,387.549205,22.364613,83.958714,49.763341,104.662165,39.684221,57.634526,485.214914
2012-10-25 15:00:00,7.074281,439.012079,572.822038,177.651625,220.120576,136.361097,499.904765,472.695533,73.837889,478.902976,36.744465,191.125374,658.577325,14.117943,338.156906,6.123614,202.460988,717.602756,468.505129,235.961024,20.320101,309.802437,29.386913,60.796397,54.463772,95.206821,29.187523,24.542613,438.551599
2012-10-25 16:00:00,4.611608,539.422897,505.323019,127.579026,276.480003,101.765627,486.895591,355.294907,109.494088,486.656108,29.415380,215.741236,624.000695,10.149633,214.539031,2.878465,384.641016,712.690923,478.267150,156.979231,12.173456,214.755858,25.151084,23.541041,61.786726,68.877607,26.944121,21.594033,471.703322
2012-10-25 17:00:00,5.127638,543.083192,466.184403,95.139777,364.505855,86.182342,641.127299,385.493200,155.867509,303.837486,31.351057,158.679242,866.363743,14.711443,166.341552,9.635284,178.248276,802.344888,499.943117,102.245511,12.038695,238.999845,25.151084,27.769970,63.680128,108.736827,20.920776,24.418418,645.786555
2012-10-25 18:00:00,6.009461,343.649407,399.866193,70.726060,336.442688,57.048374,588.858465,270.333875,102.684005,238.642138,36.501341,176.970347,513.759170,10.339050,155.918847,5.272137,163.733520,756.840041,374.326096,208.891259,14.105038,251.777082,20.922140,40.315795,37.365706,125.162330,29.335066,36.073476,776.867646
2012-10-25 19:00:00,7.374653,267.724431,322.676145,38.897165,232.861223,115.587324,547.710659,261.749751,64.996913,194.363631,22.536813,107.714284,255.196508,15.784810,226.347414,4.211649,290.826134,702.105438,315.620654,379.940478,22.190728,272.253422,11.425566,84.367144,20.460332,116.456813,32.277769,42.115515,429.455603
2012-10-25 20:00:00,6.185825,195.564331,250.052268,37.162620,233.702067,105.153298,497.109979,168.777084,74.192842,171.001965,15.139761,101.304580,299.377272,18.515582,197.730160,2.514870,248.520933,798.266623,325.930929,338.498244,14.127498,242.603681,14.022286,55.821869,25.580246,56.175219,29.702904,42.044011,268.574782
2012-10-25 21:00:00,8.596141,167.432349,170.252979,50.605342,186.772464,54.880265,580.239668,120.309800,64.394661,141.392411,8.848810,76.916441,466.422637,15.295481,176.161788,2.302772,291.534171,601.007407,306.572862,198.970724,13.184167,191.167114,15.357741,23.752487,27.009957,52.397353,34.806654,28.422610,310.822501
2012-10-25 22:00:00,8.060516,107.194352,198.519757,79.962511,146.569612,44.310732,477.370153,132.195510,51.840019,146.689533,6.809436,99.584904,544.475320,11.380848,165.799330,4.726743,280.559600,550.136423,332.664170,123.686666,9.523147,142.679140,16.619005,30.236846,30.313750,42.761058,28.737330,22.487826,259.710306
2012-10-25 23:00:00,1.940011,68.918125,231.135271,64.828608,128.281256,50.273033,486.823027,173.399305,57.144471,71.850706,9.782083,115.374661,407.304567,13.322379,113.866546,1.848278,234.360196,548.633904,398.734093,91.844950,11.656870,151.852540,12.019102,44.756171,41.674161,31.208455,56.141248,24.239660,186.908433
2012-10-26 00:00:00,1.123508,77.075354,193.083839,74.325241,155.766343,20.868051,547.432633,146.590426,70.857291,51.612984,9.920346,45.336926,379.113032,13.275025,78.682386,9.423187,328.352087,564.088380,453.652087,139.127499,6.401172,175.768906,7.641775,29.813953,36.303083,42.487300,52.186991,16.588794,206.146234
2012-10-26 01:00:00,1.985735,72.264680,187.213046,74.845604,187.560755,17.615888,571.620870,63.522518,43.570632,52.971220,7.742709,27.045822,482.201481,8.997341,201.766699,15.967908,287.993987,550.136423,561.173524,127.526873,6.041808,113.848453,9.273998,15.576557,35.452984,16.754013,54.210099,10.475251,233.305481
2012-10-26 02:00:00,2.410316,47.270095,168.296049,75.365967,148.881933,19.512983,552.159070,75.540291,31.942532,61.799757,7.155092,17.509434,348.186497,9.865506,182.788942,17.119294,266.575872,600.578116,499.732703,107.925817,5.031096,66.015721,14.319054,10.713288,27.222482,6.022684,26.300404,5.684522,183.890739
2012-10-26 03:00:00,1.678730,60.133417,140.899017,78.835057,116.509441,15.583285,458.742430,101.952981,63.653428,59.219108,5.807032,30.485175,309.054963,19.446885,129.289739,10.332176,338.618621,606.802835,492.999462,139.847537,3.997925,45.539381,6.157935,16.774754,30.758120,7.446228,35.496350,8.830672,185.588192
2012-10-26 04:00:00,0.803439,49.780011,138.942087,84.602418,76.096378,10.705039,336.967167,116.479960,19.179417,48.217393,4.147880,30.328840,464.949945,18.357734,106.215196,13.907533,412.431462,594.353396,356.230512,119.366434,7.614025,38.986952,3.412831,20.298862,40.225129,7.008214,13.058243,21.808543,178.421169
2012-10-26 05:00:00,0.418049,30.118999,180.907380,90.846779,27.800403,15.041258,334.464935,183.700254,21.935879,66.825232,4.217011,52.215632,449.591870,11.049367,65.608819,28.451357,433.672567,527.169354,213.990804,49.762682,6.648234,74.697690,6.009551,20.439826,24.382379,8.431758,17.702195,25.919990,172.008568
2012-10-26 06:00:00,0.449807,21.648030,210.302007,77.620876,28.431036,36.145319,305.272235,153.325661,31.363443,33.955910,3.871354,86.696878,512.848188,9.170974,50.185626,59.263232,477.754778,477.371597,166.858119,57.363092,5.944772,87.638737,7.233900,19.946451,13.775465,10.183812,25.680200,42.432340,221.423311
2012-10-26 07:00:00,1.824189,34.282562,441.319534,61.407262,59.746387,68.097010,263.160231,112.203058,34.577810,26.060984,6.111975,200.609041,643.592303,14.850378,53.696172,108.621571,480.184489,378.584488,121.281330,45.340254,4.877056,163.779175,13.546742,29.169236,14.924943,19.602399,41.311114,35.001723,273.682148
2012-10-26 08:00:00,2.277707,75.841197,817.354328,70.930522,81.831196,137.720671,390.456493,104.021852,39.511856,35.880095,13.083054,393.952655,773.897005,8.702905,49.575380,139.904518,443.867094,454.412171,148.428918,60.044588,33.901015,232.835516,49.958389,54.232850,18.331406,35.631077,61.932509,38.877252,434.252625
2012-10-26 09:00:00,15.302486,104.627880,1055.057162,70.273587,94.008619,174.428846,442.973596,124.322760,48.601811,51.676773,21.798036,520.030902,764.269676,6.438958,74.322962,123.680958,398.890697,549.312449,223.904072,94.839434,15.643323,266.575727,47.071581,82.972702,9.177446,50.459803,73.100961,40.582881,447.906354
2012-10-26 10:00:00,27.342936,153.647297,1058.463620,81.517337,93.288393,288.985907,566.218750,234.263139,68.155143,97.886669,30.086650,618.610450,790.285280,10.690910,75.845572,194.808433,523.580655,706.559835,322.303153,120.249898,14.313624,325.831085,33.774648,91.278530,10.675016,64.944467,88.928865,101.709000,450.575135
2012-10-26 11:00:00,31.671434,120.261801,899.246960,88.413610,85.450367,399.549062,937.562386,370.944569,43.912704,140.459750,29.788431,787.294778,706.297051,13.352341,113.665668,199.108275,657.959431,859.104189,419.450073,155.517230,13.498456,326.343891,44.427024,128.912953,17.730316,75.581155,145.947907,97.910961,446.881327
2012-10-26 12:00:00,38.192466,141.838312,692.364765,119.466146,82.704312,450.218310,1349.970204,346.215619,17.835334,261.410184,24.193868,687.271042,531.354701,22.158767,159.846708,162.998614,741.858342,988.443758,501.426223,170.509475,12.716359,464.805219,62.077365,195.622128,17.278855,131.653252,172.522001,119.908591,554.498685
2012-10-26 13:00:00,31.747867,139.576891,0.000000,165.760226,85.586461,355.514822,1634.801390,332.567463,46.090853,272.433604,19.571853,579.387041,675.201529,36.952250,142.734332,203.075495,840.783144,1191.188490,725.618021,208.675637,0.000000,572.200812,0.000000,178.029428,0.000000,148.522461,214.473007,0.000000,629.474858
2012-10-26 14:00:00,29.624344,114.900059,0.000000,230.304925,65.798938,253.114074,1890.881205,331.090619,21.331236,266.826257,19.262741,441.387573,721.543836,50.042781,124.604570,216.371918,842.877113,1407.675326,1029.379466,273.852570,0.000000,512.265521,0.000000,150.310314,0.000000,119.064760,258.181657,0.000000,571.660507
2012-10-26 15:00:00,31.005195,111.562406,556.457836,230.205577,55.171401,178.881999,1881.795101,256.295523,17.637919,289.751449,21.263399,374.597406,529.884647,34.525774,114.319260,191.605189,765.636614,1347.742494,1217.162973,358.023222,4.294156,372.111440,73.034065,144.456949,6.475269,111.993655,288.232920,54.618134,490.184470
2012-10-26 16:00:00,42.974175,63.166233,470.533138,207.207496,43.408569,108.540969,1775.031581,178.021526,4.586382,140.441645,15.831074,283.121288,354.077266,4.467101,67.476472,163.345333,608.911687,1438.435381,1304.357513,414.579420,3.144435,275.038204,90.736800,74.499641,14.432359,82.839285,273.671341,18.948407,360.991667
2012-10-26 17:00:00,40.178470,75.088337,514.672800,176.923560,25.908504,78.864973,1448.235950,98.519331,5.744560,123.327867,18.665459,229.811316,325.885731,6.408633,78.441398,102.685464,575.987973,1212.747089,1090.364154,340.418348,3.616100,221.963530,63.805109,43.487492,18.624892,48.838494,207.828371,21.057757,356.842337
2012-10-26 18:00:00,38.075159,45.701397,449.659210,160.488749,20.495571,82.659165,1121.833761,43.052684,10.562578,118.438215,14.137357,279.056598,284.019197,17.126518,78.863126,100.625088,635.463068,892.066708,800.413980,374.500184,4.087766,137.273386,42.882969,26.924185,16.074595,29.456401,197.528911,30.639216,293.847971
2012-10-26 19:00:00,31.386368,54.276945,493.581434,167.687109,21.073652,122.498172,829.350708,22.846976,8.338877,70.356646,10.024043,377.859831,298.746118,28.523151,46.872049,81.051524,618.293175,840.551787,694.155026,322.097360,6.715615,102.381702,26.634923,30.095882,28.401028,30.934696,228.933066,70.681131,175.214868
2012-10-26 20:00:00,28.649450,54.904424,515.325110,136.378577,23.438525,200.008077,899.691214,9.772695,14.778343,40.339622,17.213701,403.967647,295.590350,17.568493,61.271046,70.567850,639.534280,1030.513057,768.641500,272.414682,17.474075,53.238485,19.215725,26.571774,30.506955,15.987489,201.161310,100.605313,131.458303
2012-10-26 21:00:00,19.596067,48.838793,476.403931,136.942304,22.019601,222.095690,859.099460,12.546027,13.828638,31.375261,68.059792,402.404305,280.021890,8.413304,40.003908,88.111339,655.465109,1215.966771,741.287710,261.454092,15.564954,44.065085,14.319054,15.012700,16.480324,10.950335,128.559319,115.442273,138.813932
2012-10-26 22:00:00,21.209477,43.818960,456.834623,184.252011,15.292849,249.468069,651.692276,16.772058,8.547349,25.263197,122.362451,453.056595,329.251884,7.245228,39.220699,95.958945,690.158914,1220.045036,626.822620,294.975898,16.261222,47.013678,12.761022,18.607290,7.245160,11.771610,117.478205,157.200271,134.475997
2012-10-26 23:00:00,33.920792,40.995304,469.011081,199.602732,11.666710,278.466530,622.221551,27.601260,6.763756,35.314147,119.700894,473.536379,402.465721,7.371506,41.028105,96.080143,712.816094,1077.735068,540.973802,278.975036,10.848301,47.668920,19.809261,41.866402,15.359740,13.249905,85.430335,208.110706,140.134174
2012-10-27 00:00:00,45.012166,30.014419,483.579344,198.518641,16.501563,348.523560,602.481725,33.015862,3.196570,36.808207,105.217881,484.323441,467.684944,5.729886,42.715016,116.835393,675.290141,1048.972570,612.935311,224.092078,17.653757,69.128125,18.399613,29.109131,38.409009,17.794294,75.452734,211.757381,175.214868
2012-10-27 01:00:00,0.000000,41.309043,655.789254,195.092916,24.331922,461.536253,551.881045,47.939031,2.246864,62.207228,162.043833,555.455515,433.181872,13.906417,78.019670,150.528588,595.458986,934.351872,699.204956,218.811793,0.000000,86.655873,0.000000,39.892902,95.307667,13.633167,0.000000,234.817234,263.671029
2012-10-27 02:00:00,0.000000,70.591403,0.000000,200.296550,38.310953,0.000000,611.378548,79.238068,1.737266,67.775997,221.323947,0.000000,427.922257,23.361518,42.775263,144.620159,580.767222,1027.078729,685.738475,196.090569,0.000000,94.191166,0.000000,38.694705,112.792654,18.889328,0.000000,0.000000,372.685232
2012-10-27 03:00:00,0.000000,111.063807,0.000000,190.149463,45.142810,0.000000,690.337851,111.989803,2.061556,100.645318,275.142685,0.000000,445.594562,36.099860,34.220211,0.000000,247.894471,931.346835,732.239918,154.488326,0.000000,115.322749,0.000000,32.421793,114.821299,14.782952,0.000000,0.000000,0.000000
2012-10-27 04:00:00,0.000000,140.346167,0.000000,126.491673,54.917621,0.000000,762.902563,108.159963,1.806757,199.660753,268.989997,0.000000,0.000000,104.590148,36.871072,0.000000,0.000000,792.900486,696.469577,153.288262,0.000000,141.204843,0.000000,16.986200,112.348284,18.779825,0.000000,0.000000,0.000000
2012-10-27 05:00:00,0.000000,106.357714,0.000000,113.352496,74.887665,0.000000,670.319999,105.914884,3.080752,246.112439,269.715876,0.000000,658.082999,80.202618,30.906634,0.000000,0.000000,735.590137,699.625784,124.566714,0.000000,227.696905,0.000000,38.976634,103.963219,26.718817,0.000000,0.000000,0.000000
2012-10-27 06:00:00,0.000000,92.030273,0.000000,107.281590,84.504817,0.000000,626.113911,76.992989,4.470565,276.808582,277.285757,0.000000,590.549545,94.203744,40.666623,0.000000,510.761376,627.838095,643.655721,169.769150,0.000000,408.707754,0.000000,30.166364,98.205731,56.996494,0.000000,0.000000,321.950248
2012-10-27 07:00:00,0.000000,131.485122,0.000000,108.442299,145.745895,0.000000,567.544388,86.338253,17.232774,357.517966,222.836270,0.000000,677.242240,105.395636,63.169810,0.000000,574.614022,527.224627,585.421139,191.283117,0.000000,804.634843,0.000000,84.116300,111.107166,101.893861,0.000000,0.000000,0.000000
2012-10-27 08:00:00,0.000000,99.656137,0.000000,144.937279,151.524240,0.000000,727.661477,143.918562,34.402880,330.098083,199.765453,0.000000,0.000000,139.012258,120.037876,0.000000,0.000000,745.462186,657.649826,158.273526,0.000000,1116.079382,0.000000,223.284331,127.401419,239.048298,0.000000,0.000000,0.000000
2012-10-27 09:00:00,0.000000,102.657281,0.000000,186.543593,150.219078,0.000000,887.039911,178.497160,28.535245,268.580210,202.706256,0.000000,0.000000,110.633671,125.064979,0.000000,0.000000,694.263770,792.899819,175.375835,0.000000,1364.624720,0.000000,508.227173,154.616620,416.670527,0.000000,0.000000,0.000000
2012-10-27 10:00:00,0.000000,260.766991,0.000000,191.503502,193.734808,0.000000,1081.300683,305.536668,0.000000,339.484417,227.514847,0.000000,0.000000,90.145737,201.732733,0.000000,0.000000,651.313702,943.064024,0.000000,0.000000,1418.187401,0.000000,717.711709,0.000000,530.600702,0.000000,0.000000,0.000000
2012-10-27 11:00:00,0.000000,502.697417,0.000000,172.686839,272.555898,0.000000,1238.606462,427.776549,0.000000,372.345209,285.215604,0.000000,0.000000,86.878193,0.000000,0.000000,0.000000,584.038142,0.000000,0.000000,0.000000,1421.018258,0.000000,677.801987,0.000000,564.285745,0.000000,0.000000,0.000000
2012-10-27 12:00:00,0.000000,0.000000,0.000000,198.342481,0.000000,0.000000,537.516692,0.000000,0.000000,0.000000,309.948038,0.000000,0.000000,53.486205,0.000000,0.000000,0.000000,0.000000,0.000000,0.000000,0.000000,1148.408179,0.000000,530.726331,216.152413,465.204928,0.000000,0.000000,0.000000
2012-10-27 13:00:00,0.000000,0.000000,0.000000,180.823083,0.000000,0.000000,131.154357,0.000000,0.000000,0.000000,276.962930,0.000000,0.000000,90.839949,0.000000,0.000000,0.000000,0.000000,0.000000,0.000000,0.000000,1107.011847,0.000000,470.681532,206.009229,402.699261,0.000000,0.000000,0.000000
2012-10-27 14:00:00,0.000000,589.844186,0.000000,134.203241,0.000000,0.000000,1589.446853,0.000000,0.000000,0.000000,235.353127,0.000000,0.000000,93.976169,0.000000,0.000000,0.000000,0.000000,0.000000,0.000000,0.000000,1211.528686,0.000000,406.039013,201.305627,372.870754,0.000000,0.000000,0.000000
2012-10-27 15:00:00,0.000000,566.646577,0.000000,152.871085,0.000000,0.000000,1512.023416,453.458232,0.000000,433.318453,211.087728,0.000000,0.000000,101.081250,0.000000,0.000000,0.000000,463.772401,0.000000,0.000000,0.000000,1382.104799,0.000000,607.356959,0.000000,493.819344,0.000000,0.000000,0.000000
2012-10-27 16:00:00,0.000000,513.382513,0.000000,163.224912,0.000000,0.000000,1370.233166,254.252615,0.000000,0.000000,221.946129,0.000000,0.000000,92.704187,0.000000,0.000000,0.000000,397.511943,0.000000,0.000000,0.000000,1266.584512,0.000000,639.907516,189.146982,513.789720,0.000000,0.000000,0.000000
2012-10-27 17:00:00,50.518661,671.507255,0.000000,118.859676,0.000000,909.521824,1187.725855,0.000000,0.000000,0.000000,241.821385,1009.293781,0.000000,64.623011,0.000000,0.000000,0.000000,327.763682,503.224462,0.000000,0.000000,1259.049219,0.000000,601.706186,0.000000,488.220688,227.415735,0.000000,0.000000
2012-10-27 18:00:00,63.824391,809.343506,0.000000,74.195150,0.000000,854.641559,830.740837,587.022019,0.000000,0.000000,242.789224,1035.401597,0.000000,52.642340,0.000000,0.000000,0.000000,190.390561,504.993047,165.288909,0.000000,1120.465347,0.000000,520.581222,0.000000,446.007146,318.501576,0.000000,0.000000
2012-10-27 19:00:00,61.244242,693.678185,0.000000,44.491072,0.000000,975.242635,576.903359,692.408649,0.000000,872.531074,220.978290,949.886774,0.000000,42.713695,0.000000,115.561176,0.000000,127.928719,344.868168,106.245726,0.000000,1072.796426,0.000000,509.163112,0.000000,407.352463,342.227116,0.000000,0.000000
2012-10-27 20:00:00,62.576775,718.672770,0.000000,38.723711,0.000000,988.522304,516.293753,815.491782,0.000000,0.000000,198.441477,957.078149,0.000000,49.911568,0.000000,0.000000,0.000000,104.747005,313.516517,74.163997,0.000000,1090.815606,0.000000,413.025448,0.000000,390.817458,356.756710,0.000000,0.000000
2012-10-27 21:00:00,64.601702,668.056120,0.000000,32.262531,0.000000,1164.274659,441.226810,0.000000,0.000000,0.000000,173.692462,1063.229090,0.000000,45.902226,0.000000,0.000000,0.000000,83.926391,319.828930,0.000000,0.000000,988.597715,0.000000,312.094997,0.000000,320.680562,271.188436,0.000000,0.000000
2012-10-27 22:00:00,60.682488,497.695535,0.000000,26.495170,0.000000,1268.614916,376.724844,0.000000,0.000000,0.000000,188.313737,1278.813992,0.000000,40.930011,0.000000,0.000000,0.000000,67.613333,288.687692,43.682354,0.000000,871.145426,0.000000,286.721420,0.000000,255.635572,142.721076,0.000000,0.000000
2012-10-27 23:00:00,54.790604,319.073141,0.000000,30.094351,0.000000,1291.786584,346.420041,0.000000,0.000000,0.000000,198.718002,1377.617224,0.000000,33.795277,0.000000,0.000000,0.000000,90.365757,280.271141,42.162272,0.000000,742.062576,0.000000,228.221229,0.000000,131.951537,145.387900,0.000000,0.000000
2012-10-28 00:00:00,39.290115,244.612283,0.000000,56.632885,0.000000,1263.736670,371.998407,0.000000,0.000000,0.000000,188.348303,1362.921807,0.000000,19.052265,0.000000,0.000000,0.000000,184.380487,250.392386,52.642837,0.000000,636.732281,0.000000,129.546207,0.000000,107.751297,176.654115,0.000000,0.000000
2012-10-28 01:00:00,42.948047,191.694876,0.000000,88.808689,0.000000,1257.096836,343.083733,0.000000,0.000000,0.000000,163.357328,1330.404287,0.000000,12.864620,0.000000,0.000000,0.000000,324.758645,213.990804,42.162272,0.000000,586.442389,0.000000,102.410576,0.000000,97.622237,195.965601,0.000000,0.000000
2012-10-28 02:00:00,54.581579,107.926411,0.000000,131.131580,0.000000,1247.069331,285.810435,0.000000,0.000000,0.000000,131.764311,1345.725042,0.000000,3.725215,0.000000,0.000000,0.000000,431.866751,226.826044,37.682031,0.000000,522.720018,0.000000,36.509758,0.000000,47.305447,192.747020,0.000000,0.000000
2012-10-28 03:00:00,52.863657,93.389811,0.000000,199.212459,0.000000,1220.645499,187.111306,0.000000,0.000000,0.000000,112.234711,1342.442023,0.000000,30.638315,0.000000,0.000000,0.000000,550.995005,337.293273,47.202544,0.000000,507.813242,0.000000,49.478475,0.000000,39.421206,158.584082,0.000000,0.000000
2012-10-28 04:00:00,46.965241,72.264680,0.000000,222.585449,0.000000,1182.703588,142.627192,0.000000,0.000000,0.000000,92.912505,1324.932589,0.000000,22.588063,0.000000,0.000000,0.000000,535.540528,456.387466,187.610112,0.000000,448.349949,0.000000,74.358677,0.000000,67.727822,167.366210,0.000000,0.000000
2012-10-28 05:00:00,50.009163,57.623501,0.000000,244.570803,0.000000,1230.537498,96.752949,0.000000,0.000000,0.000000,104.699396,1316.177872,0.000000,23.061607,0.000000,0.000000,0.000000,678.923724,591.683520,331.777882,0.000000,420.174505,0.000000,45.742921,0.000000,37.559649,195.183945,0.000000,0.000000
2012-10-28 06:00:00,55.031154,53.335727,0.000000,237.849443,0.000000,1229.629323,90.358357,0.000000,0.000000,0.000000,86.033938,1392.530052,0.000000,18.973341,0.000000,0.000000,0.000000,841.195724,711.408955,339.378292,0.000000,287.651630,0.000000,26.078399,0.000000,33.508025,246.492459,0.000000,0.000000
2012-10-28 07:00:00,56.476522,70.846978,0.000000,233.614312,143.657099,1263.897943,171.446400,0.000000,0.000000,0.000000,70.592394,1531.720972,0.000000,19.100424,0.000000,0.000000,0.000000,920.816025,889.603160,385.619728,0.000000,356.927221,0.000000,31.450045,0.000000,43.469889,322.215182,0.000000,0.000000
2012-10-28 08:00:00,65.300642,115.118852,0.000000,242.862165,180.936180,1366.930801,329.558798,0.000000,0.000000,0.000000,71.042527,1595.483393,0.000000,11.901031,0.000000,0.000000,0.000000,989.562503,1019.549197,477.422005,0.000000,403.932559,0.000000,68.817543,0.000000,64.523494,367.094781,0.000000,0.000000
2012-10-28 09:00:00,71.838102,160.155918,0.000000,242.906823,0.000000,1378.963416,494.277755,0.000000,0.000000,0.000000,73.716562,1708.487338,0.000000,8.658547,0.000000,0.000000,0.000000,1186.716873,1251.389720,495.422815,0.000000,405.223959,0.000000,103.562052,0.000000,78.754193,413.053335,0.000000,0.000000
2012-10-28 10:00:00,75.303050,199.993619,0.000000,233.624714,0.000000,1418.827008,630.491182,0.000000,0.000000,0.000000,63.674225,1695.919421,0.000000,8.154292,0.000000,0.000000,0.000000,1180.406783,1318.984275,443.204589,0.000000,423.562642,0.000000,107.875285,0.000000,80.018028,441.287448,0.000000,0.000000
2012-10-28 11:00:00,76.387977,241.656833,0.000000,234.815950,0.000000,1454.820391,682.183579,0.000000,0.000000,0.000000,72.532967,1555.343967,0.000000,12.444423,0.000000,0.000000,0.000000,926.986839,1268.356175,426.646602,0.000000,382.179801,0.000000,133.113653,0.000000,119.529634,395.261397,0.000000,0.000000
2012-10-28 12:00:00,75.677769,245.405215,0.000000,207.414004,0.000000,1419.428628,715.628770,0.000000,0.000000,0.000000,75.326987,1427.385724,0.000000,20.486414,0.000000,0.000000,0.000000,812.979072,1270.387959,403.857161,0.000000,300.406130,0.000000,119.923160,0.000000,101.681237,350.289399,0.000000,0.000000
2012-10-28 13:00:00,71.834104,225.327122,0.000000,166.353828,0.000000,1428.439297,610.117144,309.789615,0.000000,274.340445,68.640312,219.529130,0.000000,20.589175,0.000000,0.000000,0.000000,712.098831,1046.359327,355.783612,0.000000,262.320193,0.000000,93.437114,0.000000,70.546561,329.221407,0.000000,0.000000
2012-10-28 14:00:00,67.091223,185.668513,0.000000,134.778588,162.099232,1418.095577,446.287218,256.171577,60.798317,224.323696,66.168615,0.000000,0.000000,19.924759,123.062455,0.000000,95.751109,528.012675,776.702183,304.700563,0.000000,278.348150,0.000000,73.715831,0.000000,71.684769,340.932208,0.000000,0.000000
2012-10-28 15:00:00,62.650965,129.928980,0.000000,103.107132,115.177400,901.663821,310.972408,178.183732,35.596716,156.579071,70.951602,1364.209123,997.057659,13.480470,83.401024,141.680674,312.438194,375.075728,553.214498,217.814294,0.000000,244.642119,0.000000,54.494023,0.000000,61.613669,347.594382,0.000000,593.932186
2012-10-28 16:00:00,45.057891,31.269377,1449.215973,59.682485,61.854583,1271.325053,187.918879,27.337133,14.129764,31.782732,40.061605,1263.024234,734.031836,3.441088,33.617742,97.655724,226.925809,248.540924,390.287971,130.369984,154.054863,125.479014,283.784351,24.457309,95.520192,48.400481,316.294549,337.353139,437.377051
2012-10-28 17:00:00,26.206474,20.915971,1182.855948,18.559628,42.462620,1222.542595,61.721709,28.789831,12.600970,49.983100,40.407261,1241.450111,538.584551,2.525570,28.496760,57.720805,239.847481,157.979090,244.290387,88.164752,156.817474,89.768276,283.190815,22.131398,73.301701,42.432548,276.338165,327.592922,325.156548
2012-10-28 18:00:00,23.965990,17.151096,1063.048296,11.144450,39.834982,1164.816687,50.322654,28.261578,6.833246,33.005145,40.994878,1277.094315,408.356490,1.010228,11.989123,58.235899,243.564675,153.471534,224.511492,64.243463,146.642980,81.741551,239.120775,28.192863,52.783407,37.614401,188.057088,323.767489,259.333094
2012-10-28 19:00:00,27.042573,10.771725,1062.395986,12.228540,41.464118,1188.394875,36.977420,30.242529,4.169438,17.792897,31.143663,1328.840945,325.044192,0.994443,4.157033,70.083056,201.967510,130.504465,191.897358,50.642729,134.783967,72.404340,217.011563,34.254329,36.187160,44.513112,107.040807,323.588731,184.833769
2012-10-28 20:00:00,24.854345,14.327440,988.467489,16.521538,22.334918,1187.175313,26.968494,24.695864,2.895443,21.731783,20.808530,1340.566012,290.330735,0.773456,3.072589,86.626657,205.153676,124.494391,169.593498,44.642406,131.302629,53.893728,210.185900,28.756721,32.361716,34.712562,82.625571,322.122911,119.198920
2012-10-28 21:00:00,16.885278,20.393072,815.822706,15.090539,14.767322,1047.603281,30.582829,23.375230,3.428205,18.336192,10.127740,1217.843642,233.947665,0.899734,5.301723,119.804758,190.815930,94.444021,130.246123,38.322065,122.116386,49.307028,165.967475,24.104898,32.593561,18.068053,82.441652,292.520494,119.953344
2012-10-28 22:00:00,18.381111,20.393072,774.727159,18.169356,7.882912,946.786202,38.367549,22.318722,4.632709,15.212248,11.199275,1160.312646,293.696888,2.415076,4.879995,107.624304,192.586022,82.209227,138.241847,53.122863,97.522411,35.710738,124.494155,23.470559,39.046583,19.163086,81.338139,281.401713,75.630960
2012-10-28 23:00:00,23.658985,13.386222,630.131717,20.987991,5.097616,971.854965,41.981883,20.073644,4.099948,18.472015,23.504652,1143.272215,317.891116,3.172747,7.832090,57.387509,182.850515,82.209227,175.485084,81.844411,71.176536,17.527747,70.704964,8.880752,32.400356,11.224093,84.694659,276.789742,45.454019
2012-10-29 00:00:00,38.558528,11.085465,515.325110,32.349259,4.099114,915.077604,35.865317,18.224756,1.528794,13.039070,35.118715,1086.522890,273.079198,4.325038,8.434559,46.085745,115.232996,74.481989,192.528599,66.323575,53.365557,9.828643,46.444184,6.907252,23.551601,2.190067,84.464760,254.730937,27.536459
2012-10-29 01:00:00,39.185602,14.327440,297.888355,31.785532,3.415929,817.241675,38.645574,12.413964,1.459303,13.039070,51.088051,871.250657,135.908445,5.240557,9.037027,14.392327,59.298086,62.891132,189.793220,45.442449,51.905641,8.190536,52.602119,2.819286,22.411696,4.380134,86.120031,186.695432,22.066889
2012-10-29 02:00:00,38.904725,15.373239,182.646874,25.020807,3.153165,761.683876,37.255446,14.659043,1.042360,22.818372,62.079933,671.611847,64.377685,6.708544,6.084932,9.271688,43.721275,63.105778,201.997219,64.003450,39.035917,9.664833,35.167002,1.973500,22.624220,2.080564,80.234625,101.749368,29.045307
2012-10-29 03:00:00,27.290790,16.941937,188.517667,34.083803,3.363376,674.959506,43.372012,16.639994,1.297159,25.534845,64.292135,501.051203,67.112684,8.460658,5.361970,16.573900,34.516796,60.315386,228.509354,67.603644,23.807866,15.398208,25.596236,2.748804,12.712841,2.956590,87.959220,63.030265,15.088471
2012-10-29 04:00:00,31.850141,19.661013,158.511395,29.964260,2.785296,546.499034,50.600680,23.507293,0.741234,32.733498,54.752012,390.210235,56.803839,9.581379,6.928388,14.331727,26.728391,54.949249,256.915213,66.963609,20.371448,24.735419,24.483356,4.440376,12.770802,1.916309,79.774828,33.856870,16.974530
2012-10-29 05:00:00,25.474887,21.857190,125.026134,30.354532,2.469979,369.933638,73.676815,23.771420,1.575121,28.387141,46.006899,277.336922,42.076918,9.281468,15.423193,15.725511,22.834188,44.646264,227.667699,72.003881,17.945741,31.287848,27.821995,5.638573,3.980008,1.587799,71.314558,29.959933,16.220106
2012-10-29 06:00:00,16.280913,34.093033,63.926406,52.036341,2.312321,185.504981,73.676815,26.148562,1.482467,24.584079,38.437018,131.181636,24.614997,8.444873,5.181229,19.897895,29.029511,46.363429,253.548592,75.364062,9.770538,29.977362,23.031978,6.484359,1.912722,3.996872,65.450234,18.197621,16.220106
2012-10-29 07:00:00,8.529650,50.594028,129.302191,67.248188,16.588736,177.263005,93.079062,47.291341,7.786800,51.904062,35.566484,123.070997,93.991413,10.886947,20.808203,21.206172,81.451417,91.437488,270.205663,90.611966,13.108121,60.861917,39.262474,8.584757,6.505713,12.954140,75.033376,17.463425,63.046226
2012-10-29 08:00:00,10.646773,108.249569,283.035444,96.945514,47.734182,207.514523,202.926499,114.518366,21.066723,142.673876,56.036100,171.068142,213.499265,18.648459,55.710176,33.903709,180.875758,203.251775,343.367093,105.811588,24.027002,154.350750,75.921809,21.206425,17.059265,42.106791,82.907632,35.324884,166.552039
2012-10-29 09:00:00,12.209986,168.003129,380.067777,138.231205,76.849104,225.587607,320.656855,179.278210,32.282067,208.049029,75.591674,225.353932,314.021412,27.362059,87.571469,49.441905,276.808458,283.244003,330.505606,97.296627,34.637521,272.669883,111.230570,43.600767,26.347336,75.222156,96.975364,55.549250,291.680930
2012-10-29 10:00:00,13.334538,187.031628,429.005312,149.291245,93.638590,253.688628,403.413268,229.455779,39.568353,238.239033,79.586450,275.512381,384.519193,29.228324,104.731564,54.219607,326.450591,325.967898,240.393188,79.920918,42.553734,363.349011,133.551539,74.735635,32.834645,95.287595,99.062069,63.690136,349.767994
2012-10-29 11:00:00,12.777707,202.617895,448.429866,122.123450,102.829564,269.586305,493.182132,263.416269,43.198500,270.845522,79.939162,309.102679,401.968637,29.907214,115.595253,56.900586,350.326579,307.122232,187.032470,62.939398,45.282036,423.522877,144.342254,120.204155,35.801403,103.841121,90.937444,70.947533,377.947137
2012-10-29 12:00:00,12.399155,202.933167,413.237583,89.239984,105.476858,255.508735,562.077467,258.144882,43.686858,279.439567,72.592543,327.783959,402.977103,28.236844,116.752892,55.195961,347.770136,238.302505,196.981442,75.720722,44.374268,401.681980,140.329829,135.674818,35.203252,104.746262,80.912933,72.013273,375.828907
2012-10-29 13:00:00,10.831757,180.947460,368.585661,102.118552,105.150025,226.669835,548.123960,257.075748,40.494669,256.331917,64.858784,293.198364,364.605770,24.687785,107.867343,50.292410,312.026995,225.430812,199.007621,77.333144,40.916596,338.916179,125.831999,123.753397,32.879340,94.426622,68.017520,61.865551,342.527923
2012-10-29 14:00:00,8.561549,145.751921,295.219492,124.429621,99.598612,176.921223,488.732507,248.798786,34.470287,221.006869,49.539553,229.290858,299.243398,19.718797,93.461450,41.984177,257.992118,304.527606,188.588365,59.584317,32.926309,271.652725,98.515160,107.160823,26.396897,78.105159,50.671795,46.501472,279.937614
2012-10-29 15:00:00,6.305558,101.331315,214.595366,110.829344,89.064993,121.179711,383.750910,207.836997,22.765711,161.001916,29.537117,163.927940,217.470145,13.204682,67.194873,30.300145,172.448858,330.485929,191.496991,46.716505,20.308098,202.672172,65.125139,76.568023,18.399844,54.283288,34.983537,29.800834,196.784523
2012-10-29 16:00:00,1.659134,26.772443,54.359189,59.925442,53.866566,27.778900,278.926283,99.179648,5.327616,49.847276,6.844001,52.684635,69.847684,0.615608,12.290357,5.241837,28.498483,220.953506,119.579322,16.352276,1.145473,45.375570,5.267631,9.374127,3.091268,3.449356,15.679087,2.967392,65.069031
2012-10-29 17:00:00,0.862227,33.883873,75.450554,61.663064,50.503190,29.133968,222.698598,86.501557,3.451369,39.117209,5.150284,50.339622,61.853070,1.641620,10.422705,4.060151,26.374372,228.812106,53.445097,12.400668,0.628887,35.710738,4.599903,10.149431,4.617582,3.339852,19.219526,5.541515,91.473855
2012-10-29 18:00:00,0.653202,37.857908,80.886473,72.807514,21.756837,14.905751,199.066412,96.406316,2.038392,21.731783,3.007213,28.765498,45.443072,2.020456,12.892826,1.302884,26.197363,193.610243,57.022132,11.280608,1.325155,35.055495,4.080559,8.669305,4.540300,3.339852,13.196182,3.253406,117.312861
2012-10-29 19:00:00,0.744651,34.615932,86.539829,62.660427,9.879916,12.060108,199.900489,103.009488,2.177373,18.472015,2.039374,31.110512,28.401920,3.709430,16.989612,0.666592,25.843345,196.615280,53.445097,15.600841,3.436418,28.503066,3.338639,5.709055,5.023311,3.230349,11.356993,3.682426,75.630960
2012-10-29 20:00:00,1.332533,34.406773,46.531466,71.680060,6.621646,15.718792,222.976624,163.626610,3.057588,19.422781,5.323112,34.080862,20.407305,5.461544,16.567884,1.393783,51.332671,279.468444,55.128408,14.800798,4.155146,24.407798,6.751471,6.907252,7.264481,4.106376,10.115540,6.649818,47.528683
2012-10-29 21:00:00,1.437045,70.382243,33.485260,62.617064,6.779304,44.039719,246.330784,218.961194,2.293191,33.548439,18.112408,47.681940,23.983843,8.555367,15.844921,1.666480,107.798610,295.566857,81.219715,19.681061,3.189356,28.994498,8.012735,5.356644,3.593599,10.512322,7.908513,7.758121,45.454019
2012-10-29 22:00:00,0.816503,107.089773,30.658582,60.752428,8.093123,78.322946,171.819892,163.890737,3.451369,34.091734,17.351963,56.592991,27.981151,11.475557,21.990100,3.393559,111.161785,319.821799,79.536405,13.040703,1.751900,45.703192,7.641775,5.286162,3.071948,15.111462,5.977365,4.039943,56.393160
2012-10-29 23:00:00,0.672798,101.442460,39.138616,72.287151,13.453503,140.385073,139.290883,126.780909,5.350779,40.475445,19.909822,88.172505,30.926535,9.344607,30.183672,3.878353,89.035633,336.778793,91.109162,12.800690,2.425707,70.602422,9.496574,3.383144,4.018649,20.860388,8.092432,2.431116,67.332301
2012-10-30 00:00:00,0.862227,83.873045,51.749948,48.350434,19.129200,144.314771,164.869249,89.539017,5.489761,59.762402,46.352555,64.722371,39.341918,8.539582,94.647801,3.938953,68.502565,364.682709,114.885918,14.000755,2.290946,74.206258,5.564399,2.537358,7.670210,18.506066,7.632635,3.217654,65.823454
2012-10-30 01:00:00,0.868759,94.121870,101.108091,37.466166,24.174264,124.666281,208.519286,114.234881,4.794854,93.718313,51.468274,44.711589,57.645378,7.687202,63.018205,3.545057,62.130233,469.859005,114.885918,12.000647,2.740151,74.370068,2.893488,2.960251,4.617582,19.491596,10.667297,3.289157,68.275331
2012-10-30 02:00:00,0.823035,97.363846,124.156387,37.943165,30.690804,102.985189,191.559718,216.319925,10.354106,96.434786,34.392836,34.706199,47.967687,7.087380,121.999870,1.727079,60.891169,471.146878,137.189778,9.440509,5.637523,67.490018,4.451519,4.792787,8.385065,14.618697,19.173547,2.109351,59.599460
2012-10-30 03:00:00,0.809971,142.646924,118.720468,24.326989,21.704285,102.036641,260.510095,201.132629,7.134373,129.168283,17.697620,29.078167,60.801147,6.077152,152.906504,2.302772,68.856583,418.344084,106.048540,33.041781,3.908084,59.463293,2.225760,7.823520,9.834097,16.535006,18.805709,2.824385,46.962866
2012-10-30 04:00:00,1.423981,111.272967,71.754129,24.413717,18.235803,103.933736,275.801509,114.366945,10.238288,116.808332,9.816649,19.541779,72.161915,7.560924,140.073925,3.545057,78.592090,370.692783,178.851704,56.323036,3.661021,43.082220,5.490207,22.836219,6.800790,11.771610,20.323040,4.826481,37.155360
2012-10-30 05:00:00,1.626474,87.637919,62.839222,21.074718,6.779304,131.983650,253.281427,127.045035,2.733299,81.765832,7.950103,22.355795,88.782297,8.113392,179.897093,3.151162,140.899332,371.122074,274.379556,118.886408,2.919833,32.925955,5.193439,63.574907,2.878744,11.607355,15.954966,13.085126,23.952948
2012-10-30 06:00:00,3.435484,155.405666,63.274096,9.843541,4.887405,75.022678,189.057486,116.083769,1.876247,78.777712,10.542528,35.220405,155.263828,5.256342,77.356955,2.742191,224.093661,348.584296,174.853843,195.770551,2.313406,29.485930,6.544220,38.976634,1.197866,11.771610,16.109815,9.509955,21.878283
2012-10-30 07:00:00,7.380734,166.053472,74.826012,8.365372,11.967871,114.790708,303.122849,112.705323,2.514288,118.161071,12.480578,90.789756,120.644185,7.847738,96.052692,11.692319,310.843246,353.463924,140.069349,167.137522,9.609164,48.354915,41.460948,39.945432,3.555512,26.250658,21.111998,11.897585,70.022010
2012-10-30 08:00:00,10.709130,124.661014,124.179757,23.882392,26.514274,161.985305,397.634153,81.134050,3.917372,152.420476,18.382905,165.070481,170.360722,16.883171,67.063405,20.691376,474.162842,310.455139,83.956798,226.990421,29.217921,115.625227,76.335430,67.919324,10.738855,54.354124,20.190438,28.121302,134.569713
2012-10-30 09:00:00,14.334307,62.276393,135.251430,40.410876,40.818781,149.692622,423.662476,95.220695,12.277311,136.400395,22.124875,159.127114,174.790545,21.963710,110.890612,12.072471,493.794932,424.865990,135.919806,127.451605,32.596959,184.814515,94.209073,104.524897,15.426911,83.858286,30.792191,37.060876,174.911369
2012-10-30 10:00:00,14.831406,56.436342,150.413737,38.863274,39.824936,141.138191,455.322708,101.610153,13.715229,168.406909,39.524323,163.587643,243.096535,24.529276,91.707646,16.947541,256.059949,497.383521,203.791525,141.433381,33.568488,235.933182,106.225224,96.543150,16.224550,81.574955,37.908274,33.219576,218.385620
2012-10-30 11:00:00,22.460553,62.608962,194.887066,46.233934,37.340177,107.606588,528.378670,120.575867,17.534887,159.715808,62.520018,131.475078,300.490861,28.068312,134.332649,14.744231,281.105949,700.844692,283.022804,102.376849,31.132843,264.795193,91.279240,118.352781,18.386294,85.417621,46.350938,31.258969,273.659514
2012-10-30 12:00:00,22.137024,78.746882,253.530807,68.028934,29.584485,90.300799,628.051756,109.016306,29.112587,183.251021,82.087620,95.394708,416.117527,26.952877,227.761471,10.690803,329.930474,814.674513,432.288338,119.200655,30.932456,310.831036,91.203805,115.773812,28.319245,78.580042,54.574251,45.676938,378.401325
2012-10-30 13:00:00,15.950957,80.613409,215.384538,70.599069,25.728623,78.045057,513.425050,86.034500,37.206945,151.837562,63.054233,105.372418,579.847242,23.493779,257.140449,10.277984,587.776690,772.263529,383.308865,85.996853,32.847392,296.385625,91.731795,115.043857,35.290306,68.602628,57.525523,42.818248,331.745913
2012-10-30 14:00:00,15.185361,71.522186,169.876071,81.225233,32.987797,72.063753,381.848623,89.277104,38.454641,198.915098,47.618341,108.998809,549.936953,20.281069,201.927302,9.985411,664.378445,649.986889,330.395809,40.161576,23.268478,230.148131,77.176237,94.169185,16.785448,47.597737,58.269299,28.590515,285.521675
2012-10-30 15:00:00,14.724573,61.765097,143.834035,78.625672,51.784737,85.369086,214.838144,99.951571,40.984801,167.886741,37.977983,100.229592,557.781963,14.896939,187.856362,7.487224,513.489394,392.140116,209.385234,23.219662,15.513734,171.763836,42.406546,65.671127,12.168917,31.541665,59.544909,16.849409,314.585538
2012-10-30 16:00:00,5.650199,49.361692,84.800335,68.895765,58.859077,55.151279,145.790394,89.935207,41.323768,102.275202,9.954911,122.097033,507.658017,5.303696,118.867034,4.514646,572.624798,160.572063,80.264902,8.800474,3.234276,100.252163,21.589868,26.853702,4.501660,17.082523,81.384119,2.323861,369.478931
2012-10-30 17:00:00,2.044523,55.950223,48.705833,43.970708,142.575603,77.645412,116.492775,102.349171,70.857291,88.964485,5.323112,158.679242,593.915699,2.793911,134.531215,6.787118,588.732636,130.504465,85.007163,25.201358,5.592603,143.334383,15.728701,26.924185,1.429712,20.312871,73.245707,2.359613,337.981748
2012-10-30 18:00:00,1.842030,82.095187,67.405394,28.229715,188.769468,91.873629,129.838009,93.632983,64.603133,45.093449,4.528102,111.778974,339.771113,1.531127,94.828541,4.029851,379.153730,89.936466,54.707580,22.081190,2.201105,137.928629,21.812444,30.589257,0.656895,19.108335,91.361720,4.897984,247.639529
2012-10-30 19:00:00,3.252947,107.612672,73.928497,28.880169,165.909023,39.567994,105.093720,107.103455,65.460184,43.056094,6.118123,101.304580,174.408825,1.988886,130.253689,3.242061,310.297147,57.524995,49.447236,11.200604,2.650310,114.012263,11.277182,27.417560,0.850099,25.569032,132.559556,5.577267,152.016344
2012-10-30 20:00:00,1.619942,95.481409,48.923270,20.727809,146.622165,46.749855,135.676549,71.974578,94.530436,60.713168,5.012021,96.458219,112.976525,2.288797,130.615170,5.696331,262.150642,60.100741,62.703303,18.320987,4.222527,68.309072,10.980414,37.707955,1.159226,18.615570,168.285804,1.787586,90.908037
2012-10-30 21:00:00,1.717922,81.781447,46.096592,21.378263,118.401339,86.182342,165.703326,80.558702,88.716386,35.178323,2.488728,85.827492,111.503833,1.815253,130.494676,2.514870,284.630812,61.173968,59.126269,33.041781,5.457841,33.253577,18.102845,37.285062,0.714856,11.333597,193.298777,2.395365,110.711655
2012-10-30 22:00:00,7.570614,95.167669,48.488396,6.461179,97.117477,102.172148,254.671555,92.708539,30.714864,40.882916,4.044183,105.212936,116.132294,2.273013,101.877423,1.727079,264.451762,66.540106,90.267507,33.921828,4.784034,12.613426,21.886636,22.977184,1.352430,4.489637,304.891576,3.253406,70.727207
2012-10-30 23:00:00,21.588334,73.728798,47.401213,5.593907,84.452265,201.769666,346.420041,79.634258,28.259528,56.502635,6.671173,155.083555,128.124216,2.651848,75.368809,1.393783,328.706105,69.330497,127.089917,57.443096,5.390460,13.596290,36.354074,13.814503,2.646899,3.887369,384.022688,12.012575,58.845037
2012-10-31 00:00:00,23.979054,56.473122,58.055614,7.068270,82.718024,232.123195,270.240995,100.104092,31.479261,68.319292,6.740304,230.280319,110.872679,3.504228,72.235973,2.575469,623.426442,45.290201,105.627712,39.762143,3.908084,10.320076,46.518376,8.951234,1.468352,4.161127,371.240324,7.686618,42.247719
2012-10-31 01:00:00,34.959384,37.962488,56.316120,10.016996,109.257161,314.375839,214.079801,112.385993,61.638199,80.135949,7.604446,329.396220,102.036526,3.093823,82.236950,7.484010,767.865958,68.471915,123.092055,27.121462,4.469590,13.760101,41.250745,8.316895,1.700198,6.022684,337.077386,5.076743,24.518765
2012-10-31 02:00:00,21.242137,13.386222,78.712105,14.353357,87.079902,366.274954,229.927266,67.088231,47.022001,90.322722,9.436426,385.989211,164.099981,3.409519,101.576188,8.605096,776.362400,75.555217,173.380946,16.480888,3.795782,12.941047,46.666760,3.383144,4.443698,6.570201,340.801744,15.337484,24.330159
2012-10-31 03:00:00,28.479618,18.301475,106.544010,14.613539,44.407071,460.723212,217.416109,52.032998,21.264136,66.825232,12.789296,389.115895,226.163435,3.251671,138.387014,11.362363,988.419435,70.403725,162.860258,10.320556,4.649272,9.501022,38.431449,5.990983,5.081272,6.789208,344.158264,36.645503,20.558042
2012-10-31 04:00:00,30.674377,9.412187,167.861175,7.848815,24.752344,608.425654,222.420572,35.393004,20.152286,77.147828,16.591519,533.881391,231.633434,2.983329,101.395448,23.633715,1087.013566,72.979471,159.283224,9.360505,4.357289,9.173400,27.599419,11.418110,6.878072,5.584671,378.872959,43.438328,22.444100
2012-10-31 05:00:00,41.667771,6.902270,184.603805,6.461179,23.806394,754.502014,197.398258,30.770783,9.219092,56.638459,21.292449,741.962250,234.789203,4.640734,82.297197,41.480201,1097.811128,74.696635,146.447984,11.200604,3.773322,10.156265,31.754171,13.603057,7.650889,4.051624,392.896776,52.269001,37.532571
2012-10-31 06:00:00,52.688546,12.549583,267.664646,4.249635,34.474602,751.878207,129.838009,21.130151,3.242897,46.315862,24.299662,958.196436,220.483051,3.788354,37.413294,100.806886,1090.730759,58.383577,93.634127,12.160655,3.795782,7.862915,36.007965,8.598823,13.137890,4.818147,396.641634,41.936756,88.456161
2012-10-31 07:00:00,46.117295,14.549080,403.230167,11.346702,41.274848,832.302152,104.698628,35.695930,8.355527,52.656921,29.710906,964.139244,262.845232,6.395668,45.447189,100.161545,1159.948528,88.397400,86.483707,23.595583,15.604437,46.090716,61.447948,15.827746,21.447657,12.472684,401.300297,114.371068,142.148430
2012-10-31 08:00:00,40.927113,55.219625,436.919363,30.395617,71.025721,844.087807,191.684415,107.108805,20.108725,122.408287,52.016250,966.555465,355.764757,15.305031,74.421847,130.828436,1208.704876,107.819151,154.528997,56.570936,32.921825,137.458012,59.290945,63.475212,41.016150,46.593868,404.907219,158.054094,279.918785
2012-10-31 09:00:00,33.008137,124.435217,564.958360,46.597749,94.026151,759.410852,201.126965,174.724924,31.751181,199.040025,73.180954,903.680178,469.980549,23.240429,96.540976,179.772646,1475.574864,168.454338,202.300507,79.998423,36.433917,261.142888,103.910724,129.381098,58.121106,95.581144,388.253993,136.619284,402.899305
2012-10-31 10:00:00,41.514526,185.504163,792.010740,56.592567,104.668762,909.853275,170.065204,221.285909,39.188911,244.804537,80.920494,870.574600,566.970787,28.635430,107.837030,226.868048,1555.248778,281.654457,215.650194,97.633878,47.765091,364.930876,139.017308,149.404279,67.849407,128.948910,365.499474,173.740911,541.636774
2012-10-31 11:00:00,56.900470,217.703740,884.846221,54.944904,136.845457,1025.640099,161.059904,249.282900,52.563588,290.473034,97.112423,849.378994,711.919166,29.281649,134.827745,208.548378,1585.461153,346.787612,226.748467,116.895959,-0.000000,542.231809,0.000000,251.479364,76.077132,185.186598,421.390678,0.000000,706.637183
2012-10-31 12:00:00,62.000644,209.563005,0.000000,57.879127,142.584671,893.973527,200.410952,262.504082,41.521768,300.848803,140.112686,697.968354,935.478558,28.161644,117.021163,234.521910,1523.916297,430.127285,251.967074,135.943244,0.000000,778.168975,0.000000,298.314587,0.000000,187.833515,431.342456,0.000000,780.455920
2012-10-31 13:00:00,62.163138,206.101725,0.000000,67.716653,152.218764,776.661875,236.719549,263.328256,39.238550,268.461072,212.317766,589.178710,966.327718,24.879791,96.997388,270.782897,1354.254633,618.960955,314.959842,155.173397,0.000000,794.014373,0.000000,402.701957,0.000000,213.933940,351.186813,0.000000,980.199423
2012-10-31 14:00:00,62.751462,168.953543,0.000000,93.178321,138.324300,900.260855,227.455568,277.988033,36.897253,206.980732,226.581265,856.239011,1033.273030,17.993846,74.704750,286.705851,1174.791994,582.245185,269.606860,165.625958,0.000000,802.583281,0.000000,377.713792,0.000000,204.689426,260.679704,0.000000,672.298499
2012-10-31 15:00:00,63.976938,108.110834,0.000000,76.341330,134.736666,781.388408,174.772125,310.845010,27.562246,187.093040,220.220146,787.141290,930.952999,9.161920,51.518499,290.324172,943.151409,713.229714,200.273693,104.911523,0.000000,683.230874,0.000000,337.988758,89.413308,166.981301,135.892227,0.000000,979.252302
2012-10-31 16:00:00,58.121935,24.785426,1111.101819,47.645019,93.806654,589.048178,103.928094,221.866590,24.900813,203.735462,231.036898,552.016162,722.039914,1.389063,54.824633,221.338835,896.551655,437.492920,95.881617,71.363846,8.130611,532.384850,42.437817,304.905817,48.281748,126.969135,91.729557,195.132835,593.542725
2012-10-31 17:00:00,54.006761,46.538036,991.729040,18.039265,93.176021,555.577992,44.206089,201.000565,37.571274,138.811762,250.670195,541.385434,662.921844,2.857051,106.877911,216.763590,1051.611724,207.776846,49.447236,33.121785,6.513473,552.697380,16.989965,266.704487,29.077243,147.610516,74.211281,151.122480,389.282550
2012-10-31 18:00:00,44.581053,134.280535,841.045369,12.185177,90.127961,395.815442,57.829349,164.947245,53.137177,166.383961,254.576115,341.277621,578.136854,7.513569,136.037386,194.220662,838.846652,144.456423,28.195445,8.800474,2.762611,603.151083,10.757838,228.714604,12.017306,173.617562,71.820335,111.187819,466.045145
2012-10-31 19:00:00,40.838204,217.735260,835.609450,13.529449,89.076907,369.256104,47.542397,174.191686,48.782430,141.256587,259.311611,225.590292,585.921084,10.386405,148.327744,158.891287,898.144738,220.870222,30.720410,4.080220,4.020385,615.928319,11.648142,237.665838,4.308455,174.986354,64.279660,118.659927,466.799569
2012-10-31 20:00:00,43.424885,220.977236,841.915116,11.057722,100.112983,383.755335,43.372012,155.570740,51.006131,113.956035,265.809956,176.657679,754.649526,19.825721,101.997916,158.709489,949.477409,224.733841,33.876617,7.680414,4.447130,660.484836,12.612638,234.705587,5.139234,191.685615,35.450370,106.361338,455.106004
2012-10-31 21:00:00,42.529998,176.321637,898.231236,7.111633,91.862202,399.203113,43.928063,127.045035,64.093535,81.086714,283.473010,166.339619,789.994137,32.090518,96.515453,173.738108,829.642173,218.938412,37.874479,10.960591,2.785071,803.819219,10.015918,276.431025,1.661557,239.921841,13.701959,102.571657,512.819405
2012-10-31 22:00:00,39.662440,178.622394,794.731340,5.940816,49.136819,395.679935,53.380937,128.893924,50.473369,63.701288,300.099095,125.536386,594.546852,42.255935,86.152995,149.710498,729.808978,176.009312,34.718272,12.080651,1.998962,930.772529,13.799710,331.618555,1.506993,280.985597,18.207972,105.038525,705.008803
2012-10-31 23:00:00,39.884529,158.752221,0.000000,9.279814,37.102240,374.947391,65.892095,110.140914,37.200657,49.575629,323.534615,135.541776,706.892224,59.666580,66.090794,190.342308,699.186384,163.130582,26.512135,6.720362,0.000000,990.399632,0.000000,407.809769,0.000000,284.489704,43.174965,0.000000,437.354081
2012-11-01 00:00:00,48.957508,182.073529,0.000000,10.493995,46.456629,313.020771,60.053554,118.857102,28.537490,78.777712,319.974352,146.485172,718.042607,89.484086,71.452764,210.582465,794.771358,183.951196,33.876617,8.320448,0.000000,1039.379039,0.000000,440.583972,0.000000,241.673894,58.394255,0.000000,698.794905
2012-11-01 01:00:00,58.566113,230.389423,0.000000,10.363905,47.034709,292.288226,60.609606,99.972029,24.877650,87.470425,319.594129,128.819405,676.176074,105.647731,119.529750,179.404140,834.421422,210.567238,32.193307,11.440617,0.000000,990.891065,0.000000,396.885034,0.000000,230.997318,90.901922,0.000000,0.000000
2012-11-01 02:00:00,60.604104,233.108499,0.000000,11.621450,44.617282,410.856700,64.779992,103.405679,15.843866,70.764117,317.934977,141.638811,621.896849,81.907377,133.808253,135.287871,706.797780,207.132910,24.828825,8.480457,0.000000,939.454498,0.000000,42.335040,0.000000,249.612887,137.157529,0.000000,0.000000
2012-11-01 03:00:00,59.330359,219.931437,983.901317,17.171993,37.680320,581.730809,65.336043,159.532643,16.538773,83.803187,0.000000,255.606464,622.107234,93.067237,148.026509,137.105849,893.896517,188.673397,39.347375,6.560354,17.518996,655.574495,53.195655,0.000000,7.805453,0.000000,0.000000,66.748443,651.569114
2012-11-01 04:00:00,0.000000,176.321637,0.000000,21.161445,24.226816,0.000000,62.555786,172.210734,10.076143,80.950890,0.000000,0.000000,664.815306,114.345161,164.293159,0.000000,959.389925,221.299513,37.032823,9.040487,0.000000,1038.396174,0.000000,0.000000,4.385737,278.686027,0.000000,0.000000,0.000000
2012-11-01 05:00:00,0.000000,168.164408,0.000000,35.341348,22.282365,0.000000,62.833812,151.740900,12.809442,77.012005,280.189272,0.000000,426.613148,108.930971,183.270916,0.000000,1063.471341,173.648211,34.718272,16.080867,0.000000,1136.518798,0.000000,476.882284,3.477677,282.080631,0.000000,0.000000,0.000000
2012-11-01 06:00:00,0.000000,325.138772,0.000000,42.496345,59.647368,0.000000,67.282223,145.930108,15.102633,140.441645,306.251783,0.000000,838.592977,122.048148,163.991925,0.000000,951.070492,172.789629,39.347375,19.361044,0.000000,1195.163036,0.000000,518.960132,3.593599,341.869460,0.000000,0.000000,0.000000
2012-11-01 07:00:00,0.000000,350.254870,0.000000,54.006704,63.258766,0.000000,90.024813,142.812656,19.699442,150.226825,271.470113,0.000000,993.603553,112.152207,139.438622,0.000000,0.000000,154.298513,46.616857,14.020852,0.000000,1249.977900,0.000000,578.318504,7.004296,390.338868,0.000000,0.000000,0.000000
2012-11-01 08:00:00,63.728872,357.114010,0.000000,69.179466,89.110686,0.000000,171.731668,220.641527,26.396294,195.413825,255.024764,0.000000,568.963482,102.145453,158.401162,0.000000,869.080522,207.949107,100.560776,14.563610,0.000000,1308.457644,0.000000,621.877315,0.000000,402.653868,181.301467,0.000000,0.000000
2012-11-01 09:00:00,61.896792,368.759960,0.000000,68.772054,147.468920,762.389422,294.409755,355.949793,52.694664,291.693454,214.807335,0.000000,0.000000,115.787274,211.687420,0.000000,0.000000,185.869078,150.221233,24.874596,0.000000,1418.623728,0.000000,679.443384,0.000000,449.768506,170.490227,0.000000,0.000000
2012-11-01 10:00:00,0.000000,473.941242,0.000000,53.723770,214.300723,0.000000,388.763397,455.409143,89.872110,388.144354,262.976186,0.000000,0.000000,0.000000,230.745901,0.000000,0.000000,218.693366,0.000000,0.000000,0.000000,1463.544332,0.000000,661.864209,53.966688,482.471189,0.000000,132.209998,0.000000
2012-11-01 11:00:00,61.483511,756.808662,0.000000,95.379509,0.000000,1079.260215,563.123645,0.000000,0.000000,0.000000,270.582318,851.820612,0.000000,88.096686,0.000000,0.000000,0.000000,423.129207,279.840304,0.000000,0.000000,1549.343313,0.000000,594.999463,0.000000,485.340895,150.073506,0.000000,0.000000
2012-11-01 12:00:00,0.000000,964.783766,0.000000,96.135900,349.166623,0.000000,59.419072,0.000000,122.662528,881.352127,289.148230,0.000000,0.000000,0.000000,285.721610,0.000000,0.000000,0.000000,0.000000,0.000000,0.000000,1542.529908,0.000000,600.527321,89.064704,509.070493,0.000000,284.789691,0.000000
2012-11-01 13:00:00,0.000000,872.974985,0.000000,122.237247,0.000000,0.000000,673.767556,464.380148,0.000000,0.000000,302.457018,0.000000,0.000000,41.388773,0.000000,0.000000,0.000000,692.120463,0.000000,0.000000,0.000000,1470.234853,0.000000,601.217044,0.000000,515.241042,0.000000,0.000000,0.000000
2012-11-01 14:00:00,62.099677,821.091553,0.000000,139.690654,0.000000,447.005658,848.675659,0.000000,0.000000,0.000000,316.341220,514.432124,0.000000,24.738828,0.000000,269.940046,0.000000,0.000000,0.000000,159.994055,0.000000,1477.347531,0.000000,502.225318,0.000000,469.257085,313.209552,0.000000,0.000000
2012-11-01 15:00:00,0.000000,685.202838,0.000000,138.177919,346.443921,0.000000,977.057049,0.000000,0.000000,492.510562,283.172501,0.000000,0.000000,16.398346,0.000000,0.000000,0.000000,732.140534,0.000000,0.000000,0.000000,1359.384946,0.000000,373.059507,44.183067,478.515925,0.000000,0.000000,0.000000
2012-11-01 16:00:00,34.410694,554.691556,0.000000,63.879795,0.000000,273.181764,950.659485,598.115349,0.000000,0.000000,243.031184,483.072767,0.000000,28.444227,0.000000,0.000000,0.000000,523.949671,552.383933,225.292143,0.000000,1342.265066,0.000000,339.724003,0.000000,486.085372,328.019380,0.000000,0.000000
2012-11-01 17:00:00,29.322249,530.324450,0.000000,42.409618,0.000000,259.089054,766.794923,441.884292,0.000000,596.401610,248.561690,551.703493,0.000000,40.551176,0.000000,164.769416,0.000000,500.553312,496.997324,125.446761,0.000000,1347.507009,0.000000,350.437292,0.000000,441.791267,316.938265,0.000000,0.000000
2012-11-01 18:00:00,15.970795,457.432290,0.000000,70.639333,0.000000,248.113001,503.782596,255.806896,0.000000,530.255497,220.114148,580.625326,1442.396752,31.395986,323.164101,146.529036,1077.455069,476.942306,482.689187,57.843118,24.638896,1274.283616,0.000000,341.345093,0.000000,412.718128,260.199281,0.000000,1103.889077
2012-11-01 19:00:00,7.596742,590.248707,0.000000,49.564615,182.620797,425.084917,348.644247,161.777722,98.862019,440.204422,168.092824,670.361173,1441.344829,16.858177,256.290098,166.799492,1049.841632,532.320846,441.027261,103.205562,0.000000,1304.916221,0.000000,277.065365,0.000000,377.512801,159.227798,0.000000,1563.542798
2012-11-01 20:00:00,12.267138,357.872267,1207.861175,45.358344,163.806913,530.915749,265.514558,142.760586,107.015588,300.306072,150.118679,673.175189,1412.732525,16.889746,261.230340,171.102040,1042.407245,399.669925,304.258311,78.964256,22.370410,1187.136311,0.000000,224.203746,8.037298,297.684858,85.752193,85.164252,1353.247235
2012-11-01 21:00:00,21.509950,287.803764,1084.139661,34.907712,137.688198,513.028848,259.119967,103.009488,93.302768,230.764367,146.834941,711.477075,1373.811375,11.191430,278.701926,190.948301,911.774447,267.233650,193.580668,77.764191,17.137172,1048.388628,72.040420,194.530757,9.467009,271.130296,47.037262,97.351907,1171.619766
2012-11-01 22:00:00,14.625198,280.274014,1011.950659,30.094351,165.541154,450.424694,194.339975,108.292026,104.096981,233.480840,159.347711,713.665754,1293.234077,7.229443,224.961736,157.679302,832.297311,259.935703,110.467229,50.962747,0.000000,1008.910244,0.000000,190.090381,6.955354,271.787316,35.128512,0.000000,1166.338801
2012-11-01 23:00:00,18.198214,244.403123,0.000000,26.842079,161.967567,416.276973,195.174052,127.045035,110.351139,201.426460,198.718002,642.377346,1312.589460,7.229443,215.623475,131.227720,922.040981,301.147640,84.165508,21.521160,0.000000,1016.609348,0.000000,0.000000,0.000000,270.144765,23.219763,0.000000,1241.026733
2012-11-02 00:00:00,19.720176,225.892489,0.000000,24.196899,108.994398,447.579050,130.116035,135.629159,89.689255,209.847526,200.031498,575.153628,1374.232144,6.377063,210.261505,111.229961,941.511994,313.382434,67.542820,19.201035,0.000000,961.405134,0.000000,200.592223,0.000000,232.858875,28.599391,0.000000,856.921495
2012-11-02 01:00:00,15.088972,253.919890,0.000000,20.207446,60.067790,452.321789,82.573637,97.462823,44.520338,198.574164,219.664795,506.835570,1340.570610,9.076266,262.977499,96.110443,1045.770420,358.028698,38.084892,21.441156,0.000000,931.100151,0.000000,275.726204,0.000000,279.397799,24.599154,0.000000,418.845928
2012-11-02 02:00:00,16.591337,248.167998,0.000000,22.375627,53.551249,352.182244,61.443683,93.500920,16.631427,156.333011,229.827100,472.442039,1254.733697,10.086493,192.307944,92.625985,918.146778,358.243344,27.774618,7.200388,0.000000,1041.508578,0.000000,314.279944,0.000000,361.634815,25.012972,0.000000,0.000000
2012-11-02 03:00:00,18.008786,203.094080,0.000000,19.210083,57.808022,344.187341,54.493040,152.665344,19.156254,124.821927,235.426738,424.134763,1097.155639,12.122734,147.243300,105.927525,831.058247,331.412656,20.620549,4.960267,0.000000,1193.688740,0.000000,408.091697,0.000000,376.965284,31.358174,0.000000,0.000000
2012-11-02 04:00:00,17.316391,104.998175,0.000000,28.273079,42.935594,314.782360,60.887632,145.798045,32.452130,74.431356,257.203106,361.913740,786.627984,26.329062,139.712444,121.925732,739.721494,278.824508,17.674757,2.720147,0.000000,1145.036955,0.000000,389.202479,0.000000,295.823301,48.324694,0.000000,927.375143
2012-11-02 05:00:00,20.804491,106.880613,613.606523,28.966897,46.929603,277.924503,58.107374,130.346622,26.383280,71.986530,288.381335,313.606463,659.555691,40.061847,149.532681,116.744494,560.057144,244.695873,19.358067,8.480457,2.964753,1090.160363,13.725518,426.135130,2.453694,314.438871,51.175437,46.119706,978.110127
2012-11-02 06:00:00,22.809822,166.491131,589.688480,45.531798,35.893526,257.327465,58.941452,142.100268,10.956358,61.799757,293.358790,231.374659,664.394536,29.280822,114.167780,101.200782,380.392795,253.281693,22.093446,12.160655,6.468552,1255.281572,10.461070,512.123363,2.646899,322.323112,35.389451,56.344696,940.388950
2012-11-02 07:00:00,29.520516,188.432174,727.405760,39.230469,44.060840,254.818760,74.049265,160.853094,18.372880,59.821642,280.720217,235.596698,766.878259,69.058124,91.689063,79.563735,409.915784,286.138334,21.654737,7.378584,15.751690,1392.170409,31.980941,519.822002,4.592276,345.133928,43.223044,68.292154,879.921350
2012-11-02 08:00:00,31.849859,165.399501,897.823679,49.684977,58.991835,345.262476,168.155026,174.478946,20.984832,95.517763,278.721794,352.212228,741.003893,104.906363,102.409428,90.880808,506.650767,268.609754,45.659800,14.542639,31.175332,1342.080225,56.817655,605.368505,21.742952,386.630158,72.011821,77.847116,844.523463
2012-11-02 09:00:00,32.623017,240.663210,808.655342,72.545386,100.421188,397.234171,288.470024,207.348737,24.220552,133.476254,320.077371,429.298054,755.364811,115.920822,98.531013,105.895283,580.955118,208.561141,93.771635,32.634019,0.000000,1495.464680,0.000000,621.570155,33.722373,450.612516,114.504521,0.000000,1095.010247
2012-11-02 10:00:00,30.255708,317.765423,0.000000,67.567059,127.256390,406.007109,429.904913,320.213588,49.343271,217.103431,338.568289,185.546492,814.878550,137.611806,103.328857,172.146166,697.448678,129.439781,124.693818,55.795441,0.000000,1570.177577,0.000000,687.134351,0.000000,505.612122,165.109335,0.000000,0.000000
2012-11-02 11:00:00,33.919594,704.535155,0.000000,50.273983,0.000000,483.041881,622.620843,372.935749,0.000000,0.000000,355.353122,480.759593,0.000000,145.631425,0.000000,216.360038,0.000000,279.853707,240.511146,67.024820,0.000000,1675.485357,0.000000,699.911445,0.000000,507.510243,214.873187,0.000000,0.000000
2012-11-02 12:00:00,44.618545,731.112305,0.000000,65.895466,0.000000,524.466488,785.899012,53.686273,0.000000,0.000000,347.833776,466.487695,0.000000,152.734733,0.000000,232.542961,0.000000,388.150684,336.654613,91.737315,0.000000,1664.886357,0.000000,694.885817,0.000000,532.516247,248.287707,0.000000,0.000000
2012-11-02 13:00:00,52.172516,591.017991,0.000000,78.052341,0.000000,429.836124,935.405585,0.000000,0.000000,0.000000,351.909409,428.188552,0.000000,124.786213,0.000000,0.000000,0.000000,397.706828,356.219721,80.123906,0.000000,1649.239176,0.000000,665.007529,0.000000,491.401750,282.236835,0.000000,0.000000
2012-11-02 14:00:00,49.098765,445.624111,0.000000,60.273746,0.000000,264.925500,1071.915042,554.572019,0.000000,361.393919,350.325086,369.424737,0.000000,100.442974,0.000000,0.000000,0.000000,384.950621,393.606551,52.696366,0.000000,1577.668059,0.000000,660.612008,0.000000,454.985428,281.551756,0.000000,0.000000
2012-11-02 15:00:00,36.116217,329.346197,0.000000,93.935293,302.174926,183.279205,1048.842770,486.518423,0.000000,319.861455,336.897291,339.595426,0.000000,81.115725,170.590196,147.576642,0.000000,464.963356,400.048588,30.376766,0.000000,1517.833130,0.000000,654.492651,0.000000,416.268620,287.547400,0.000000,0.000000
2012-11-02 16:00:00,19.935732,237.814593,0.000000,80.881581,224.137467,134.964800,996.847235,380.210662,79.914238,212.020705,319.248473,263.266841,778.633369,67.874681,102.781125,160.557767,441.992000,617.749756,365.813141,36.961992,0.000000,1254.790140,0.000000,576.825984,0.000000,360.266023,251.233234,0.000000,1157.474325
2012-11-02 17:00:00,18.165554,150.281253,573.598160,68.427789,204.692950,91.873629,873.556797,359.344638,74.169678,107.164853,294.879680,148.830186,557.308780,61.829099,100.973720,85.293473,247.812896,558.936888,400.838231,38.642083,13.116787,1091.798470,156.990245,575.909716,10.278467,258.044645,290.316003,57.774764,754.989363
2012-11-02 18:00:00,10.849689,88.683718,575.772528,79.832420,150.931490,53.389690,803.494317,439.771277,41.578567,99.694553,268.886300,119.283017,527.644553,47.922682,79.586088,45.085857,279.497544,411.904719,431.348228,62.083346,13.835515,918.486725,88.733617,525.374009,11.321770,176.519401,293.166746,41.257474,694.258268
2012-11-02 19:00:00,6.309934,162.203357,524.240017,91.323779,116.404335,56.777361,565.226279,487.710308,37.038512,96.706433,231.486252,98.803233,529.748399,66.990732,102.660632,57.629906,291.711180,367.258455,506.676357,62.643376,15.272971,868.360644,41.324937,376.727137,9.872738,197.379789,250.497558,37.467792,669.550897
2012-11-02 20:00:00,4.311135,183.642227,555.116036,118.816312,99.692561,63.552702,455.406121,457.731905,44.659319,102.546849,221.358512,115.999998,557.729549,93.556566,98.624093,56.720917,263.920734,387.649777,585.371107,42.642298,16.575665,773.350424,22.776940,271.779203,13.427697,180.297266,214.495431,42.222770,632.018325
2012-11-02 21:00:00,4.167430,173.497981,516.412294,127.142127,97.643004,65.178784,530.473065,425.244297,15.473250,95.484020,173.346805,149.768191,455.903407,88.063453,92.539161,65.629010,203.737602,563.873735,681.530200,75.284058,29.175866,738.294929,31.086443,261.206879,17.562268,186.976971,191.689486,38.969364,625.982937
2012-11-02 22:00:00,3.618740,229.134464,553.159105,77.577512,73.889163,66.398345,513.791522,441.752228,12.786278,82.309127,165.327571,113.811319,339.560729,94.566794,51.511056,50.873088,111.692812,742.458793,627.243447,159.768611,26.682778,769.582778,21.664060,276.571990,15.417701,175.643374,174.998845,17.732848,665.590173
2012-11-02 23:00:00,5.042721,285.921326,489.450136,87.421053,78.618910,55.422292,743.440762,467.108410,13.295876,67.232703,171.860481,77.698112,257.300354,79.444947,46.992543,30.542032,81.778256,692.017100,741.287710,370.499969,24.841038,850.669086,17.138349,252.467091,40.901344,198.803333,119.869151,6.578315,598.446478
2012-11-03 00:00:00,14.599070,304.745700,452.920761,89.329052,66.006250,44.988267,1040.650252,472.919202,9.404400,103.497615,167.747167,61.752020,136.960368,73.020529,47.233530,23.542817,71.157703,506.563386,955.699342,538.269011,19.405657,794.318197,14.912589,188.116881,57.149824,198.091561,113.248070,6.435308,439.640321
2012-11-03 01:00:00,15.957731,348.041761,395.952331,100.169957,45.300468,34.147720,1191.062164,438.186515,5.095980,178.336441,173.035714,68.318058,83.101913,55.373112,15.362947,19.664463,41.420155,885.412697,1231.130966,510.027489,25.065640,662.122943,22.257596,127.220296,21.561597,139.124007,137.111549,4.969488,396.826785
2012-11-03 02:00:00,17.629928,329.949446,290.712942,138.243213,42.672831,24.526736,1016.740040,321.706555,3.103915,172.224378,199.720407,65.816710,58.907685,69.642580,28.014785,12.331952,52.571736,1153.075639,1254.486894,430.903224,35.554578,496.018870,24.186588,62.165264,23.242474,118.537377,110.489286,3.289157,318.555342
2012-11-03 03:00:00,14.037316,324.406713,267.229772,108.972771,27.537640,23.036161,1139.905432,210.905324,7.389172,138.947585,182.748666,35.487870,42.497687,65.822656,55.005374,10.726071,281.444646,1304.615364,1322.871369,596.192133,39.125758,313.533724,19.660877,36.439276,31.472976,74.352775,98.948375,3.253406,231.042211
2012-11-03 04:00:00,12.659059,305.686919,120.242526,91.106961,55.863570,25.881804,1086.524495,221.206273,11.952390,120.068099,162.216661,24.231805,45.022302,87.621478,154.111441,10.180677,453.320590,1398.200803,1241.862068,635.954276,28.007933,235.723631,15.357741,44.051349,51.991270,45.224884,79.820808,11.690809,222.743552
2012-11-03 05:00:00,15.493957,345.427264,215.479824,80.396147,61.959689,35.231775,1164.649721,135.497096,14.083437,129.575754,105.045053,57.687330,178.616517,62.807757,245.566159,20.724950,530.319597,1302.254263,1225.239380,554.429882,17.114711,275.857258,19.364109,53.848369,55.874675,46.155662,57.244761,6.685570,250.280011
2012-11-03 06:00:00,14.102636,405.560682,402.910307,77.187239,61.329056,122.362665,940.004943,177.493272,14.106600,215.959590,85.826544,82.857141,228.267281,52.926467,247.012083,13.907533,595.281977,1385.107427,1062.379123,392.741168,13.857975,272.417233,18.622189,64.773104,0.000000,71.341433,92.763233,11.655058,264.802665
2012-11-03 07:00:00,10.325687,400.508227,312.183342,75.577848,85.945452,62.469399,726.400822,175.985832,4.995794,258.298369,67.030399,99.144420,162.567095,0.000000,204.048932,2.739189,735.938710,1251.798640,1317.399495,442.160890,21.265375,295.859035,16.620248,75.757893,62.857048,93.336476,115.376813,24.613518,322.435122
2012-11-03 08:00:00,6.305193,346.274705,334.000306,59.879296,72.652101,43.966918,628.812278,175.662079,9.459278,202.230218,74.907917,74.921757,135.444954,28.621308,172.077069,3.661731,717.280852,1294.605664,1037.733613,563.896341,27.046359,291.553824,18.842539,95.178654,88.551464,130.239564,127.700204,27.354549,417.465245
2012-11-03 09:00:00,4.827028,250.748341,227.800736,75.657389,51.968543,55.822369,702.183177,187.438950,6.132165,162.239208,16.388962,94.211638,133.123236,50.944608,153.489297,4.363211,619.708262,1154.936750,770.694514,295.439464,33.306798,328.053323,27.847210,125.317524,89.042969,173.428893,128.598850,24.697895,360.788585
2012-11-03 10:00:00,7.667651,294.857177,279.493026,50.528335,55.572312,93.419388,805.920903,226.486784,3.012474,138.937444,9.231067,158.217094,153.367432,43.545840,159.110585,3.599018,668.224968,1025.202942,596.217911,248.356775,38.070033,440.625470,30.720454,101.203477,78.010196,125.739305,110.632478,26.459883,365.643907
2012-11-03 11:00:00,8.893401,243.063583,358.226073,53.113974,52.229804,160.128900,1161.158609,281.991862,5.351152,153.006992,12.117341,264.520177,240.580580,0.000000,117.034740,10.370828,668.449163,1070.289134,665.675696,265.477291,39.354123,544.748390,41.267625,130.422980,73.914063,206.041290,91.547996,32.491293,460.753923
2012-11-03 12:00:00,9.785571,208.382188,535.514414,76.256441,53.732490,165.008435,1533.873983,379.058679,6.296751,145.370537,11.968002,353.762059,317.832833,0.000000,102.770027,16.421451,864.606994,1186.988885,670.575866,204.063750,42.565471,0.000000,74.306567,175.889788,69.379642,282.758360,106.473237,28.151041,406.320787
2012-11-03 13:00:00,7.921880,199.174781,678.878068,98.418048,59.818523,160.298233,1557.607924,342.292602,5.722027,145.138225,0.000000,397.114386,520.404125,0.000000,125.775495,29.842097,1159.889369,1182.119292,799.857372,259.760488,35.755704,0.000000,69.163866,0.000000,68.057156,0.000000,105.566144,20.450128,437.174761
2012-11-03 14:00:00,6.230027,179.380872,671.649092,95.346897,42.364043,126.041207,1461.115219,282.142541,4.277174,177.597989,0.000000,466.753284,557.799875,0.000000,95.190696,29.082555,1140.418352,1201.867875,908.862602,393.116967,36.280501,0.000000,59.984664,0.000000,73.184349,0.000000,129.005251,12.448331,418.249680
2012-11-03 15:00:00,3.017001,211.131623,548.763031,73.114873,34.605783,100.287825,1317.046458,230.339110,6.368699,126.952737,0.000000,491.332272,871.268363,0.000000,76.109850,29.908278,1206.076289,1267.700084,884.836033,473.786572,27.306744,0.000000,31.041090,0.000000,63.852920,0.000000,142.025948,13.162018,386.432141
2012-11-03 16:00:00,0.568286,283.829729,683.838595,60.320118,34.737366,30.624543,1072.657865,234.148490,9.937162,91.273487,21.603540,428.043118,836.278747,0.000000,99.286808,36.692858,939.033865,1375.663025,837.683763,401.221625,27.783331,0.000000,16.470621,276.431025,67.273728,167.266368,136.191954,4.147198,481.322222
2012-11-03 17:00:00,1.214956,300.457926,520.326155,38.767074,23.333420,19.512983,852.982894,197.038662,17.720114,91.680958,29.035158,284.684631,721.829530,3.662076,136.579608,53.903051,733.526171,1267.267046,873.006730,366.259740,24.324452,734.199661,18.844765,307.443175,52.802728,153.140436,124.329185,12.227085,545.071012
2012-11-03 18:00:00,0.809971,276.195400,374.860966,11.014359,25.645741,24.662243,547.988685,226.092620,30.552719,87.877896,37.987665,174.468999,666.919152,1.815253,161.341063,42.813385,737.420374,1017.634327,766.958190,306.976545,25.177942,672.279208,22.702748,362.560223,55.893996,208.439627,101.983037,15.873759,503.389111
2012-11-03 19:00:00,2.710789,256.220647,372.686598,6.027543,45.090257,25.610790,424.267241,165.871689,42.597763,89.236133,63.808216,188.851748,757.384525,1.610051,137.543558,42.267991,719.542444,745.249184,657.332616,216.731681,19.091214,734.035851,18.696381,262.757487,52.667485,192.123628,98.212699,18.698145,597.880660
2012-11-03 20:00:00,4.285007,176.635377,387.472298,5.333725,38.626269,22.765147,383.953513,142.496459,57.283452,72.122354,83.130422,195.730454,780.737215,0.994443,194.115349,31.663119,740.960558,660.249565,560.963110,213.931530,17.810979,739.605415,27.599419,213.701904,48.204466,170.825227,120.604827,16.696049,593.731330
2012-11-03 21:00:00,4.343795,144.006462,437.047878,5.116907,47.402578,26.423831,470.697536,151.740900,28.977598,69.677528,121.498309,253.105116,958.301809,0.899734,218.334583,40.692410,756.360359,675.274751,662.172133,251.533557,16.665506,820.691723,17.806077,152.593873,56.744095,150.621858,152.468778,13.871664,533.566053
2012-11-03 22:00:00,4.213154,124.763768,417.261133,4.813362,44.196860,51.086074,421.765010,170.361846,28.954434,96.706433,181.815393,229.029645,1083.059871,0.552468,259.061453,49.600503,728.746923,672.913650,791.366187,299.616148,33.914979,688.168848,17.286733,114.463025,53.749428,110.215122,111.546820,11.297540,413.801315
2012-11-03 23:00:00,7.237481,143.692722,406.389295,6.938179,39.362008,73.580207,372.554458,117.536467,25.155612,88.692838,201.794346,289.530992,1148.279094,0.978658,302.198198,69.143768,645.198575,536.828402,592.735589,361.699495,45.706611,647.216167,21.886636,119.678705,45.615529,117.168585,91.775537,6.363804,432.850509
2012-11-04 00:00:00,12.058113,148.503396,335.070040,5.030180,46.404076,78.729467,525.468602,89.010763,18.924618,78.234418,183.923898,216.366573,1117.773329,0.000000,338.346307,51.994174,688.034804,606.158899,652.072272,418.182539,58.441574,745.502601,26.857499,118.057615,40.978626,121.603471,87.361483,5.577267,458.312304
2012-11-04 01:00:00,15.082440,125.286667,397.691825,1.907999,0.000000,53.118676,784.032517,81.615210,0.000000,59.490755,158.379872,284.997299,1319.742536,0.000000,279.665876,43.964771,652.278943,754.693586,993.994648,326.817615,60.171013,580.670219,30.938059,0.000000,0.000000,83.386801,98.258679,9.474203,528.096482
2012-11-04 02:00:00,16.219012,47.583834,400.476686,3.252271,0.000000,51.492594,718.418448,87.426002,0.000000,51.477160,138.124393,370.355788,1306.698691,6.503342,218.153842,34.602183,661.306413,991.876867,814.090875,210.571349,50.558025,510.925646,0.000000,0.000000,0.000000,39.147448,85.568274,0.000000,381.738314
2012-11-04 03:00:00,9.223216,15.686978,0.000000,10.840904,27.852956,57.183881,893.574649,82.143464,34.397868,51.069689,147.664517,463.218320,1313.641382,3.504228,193.753868,42.964883,724.321692,1051.333671,810.934668,304.496411,0.000000,295.514545,0.000000,8.598823,0.000000,13.468912,68.739693,0.000000,295.545424
2012-11-04 04:00:00,3.181095,10.144246,0.000000,43.363618,44.249413,76.696864,1178.272981,102.877425,43.362160,44.685978,129.448412,514.964950,549.387080,0.915519,171.161300,56.872415,610.327760,1221.976845,960.959686,445.544014,0.000000,218.523505,0.000000,27.558524,0.000000,29.730160,66.854525,0.000000,0.000000
2012-11-04 05:00:00,0.757715,8.470968,0.000000,140.368030,33.581205,85.911328,1578.073959,90.595524,0.000000,31.103614,110.644690,460.716972,0.000000,0.505114,146.933234,56.357321,0.000000,1357.418157,1053.120917,487.146256,0.000000,230.645498,0.000000,52.156797,0.000000,40.570991,65.521112,0.000000,0.000000
2012-11-04 06:00:00,0.757715,10.667145,0.000000,195.092916,27.064665,57.996922,1861.660189,61.409503,0.000000,35.993265,100.758911,450.086245,0.000000,0.631392,0.000000,59.175188,0.000000,1548.452654,1354.012607,441.783811,0.000000,210.660590,0.000000,43.557974,0.000000,52.890118,74.120248,0.000000,0.000000
2012-11-04 07:00:00,1.125190,23.551559,0.000000,131.916582,22.077802,66.825481,1895.851323,64.912732,0.000000,68.684584,70.146146,330.766887,0.000000,2.069022,0.000000,82.620128,0.000000,1656.323029,1614.253085,535.550023,0.000000,175.892250,0.000000,19.878379,0.000000,54.856021,72.638245,0.000000,0.000000
2012-11-04 08:00:00,2.240930,30.461492,0.000000,68.052213,31.680175,70.714913,1473.534772,36.260125,0.000000,50.001678,57.396950,262.413301,0.000000,2.746469,0.000000,94.613646,0.000000,1566.869329,1660.852612,542.755044,0.000000,119.491864,0.000000,25.529002,0.000000,46.550692,79.070556,0.000000,0.000000
2012-11-04 09:00:00,3.800771,48.484769,0.000000,65.380173,16.874750,106.610801,761.243906,0.000000,3.629904,0.000000,58.692105,0.000000,1825.801013,2.316247,426.562410,0.000000,858.146344,1536.195247,1588.269930,0.000000,0.000000,124.009062,0.000000,58.242413,0.000000,65.163511,103.886427,0.000000,68.242296
2012-11-04 10:00:00,2.234531,42.838989,0.000000,54.332093,41.993423,144.473361,642.585653,111.740513,2.235080,159.231278,79.499197,0.000000,1752.547537,1.827965,240.307656,0.000000,890.077419,1337.513203,1525.957284,699.736409,0.000000,239.087640,0.000000,57.032019,0.000000,74.573616,125.167512,0.000000,129.707283
2012-11-04 11:00:00,3.975581,70.900253,0.000000,55.384789,34.723284,197.548226,505.562392,107.369978,4.626357,153.017417,109.791554,0.000000,1710.168623,7.889508,560.531476,0.000000,1223.035083,1137.534891,1537.414087,736.677126,0.000000,156.547840,0.000000,43.050681,0.000000,36.061830,117.640492,0.000000,98.482151
2012-11-04 12:00:00,3.264010,69.504517,0.000000,117.742477,21.556125,264.028930,477.367288,62.410439,3.424746,127.364000,130.054161,0.000000,1751.237190,21.396557,508.736886,0.000000,1513.296220,893.912995,1403.125146,772.930845,0.000000,147.243438,0.000000,50.795062,0.000000,22.293981,129.280308,0.000000,86.663156
2012-11-04 13:00:00,2.173495,56.268123,0.000000,153.133972,15.597237,323.047523,487.934044,44.433498,16.569210,208.124945,143.596902,0.000000,0.000000,21.575477,379.339265,0.000000,0.000000,632.913122,1134.805382,726.274207,0.000000,74.937636,0.000000,59.699816,0.000000,19.744685,142.945434,0.000000,0.000000
2012-11-04 14:00:00,7.997142,37.433021,0.000000,150.970365,14.832784,283.082672,467.546779,67.715095,0.000000,217.195083,165.241952,1325.393895,0.000000,18.439433,0.000000,0.000000,0.000000,913.281870,1053.580063,684.823987,0.000000,107.450920,0.000000,70.863786,0.000000,28.270166,120.427175,0.000000,0.000000
2012-11-04 15:00:00,11.497353,97.041130,0.000000,178.186694,14.701530,161.920778,690.201961,87.362689,0.000000,216.797754,217.663772,1231.685696,0.000000,12.864752,0.000000,0.000000,0.000000,837.348585,866.166212,643.340217,0.000000,132.168162,0.000000,66.183829,0.000000,24.092991,85.083117,0.000000,0.000000
2012-11-04 16:00:00,22.535477,250.573335,0.000000,130.828034,29.849960,138.352471,642.831367,98.783458,0.000000,277.895171,213.857763,1156.247956,0.000000,9.470886,0.000000,0.000000,0.000000,736.878010,824.401149,547.469507,0.000000,171.346016,0.000000,99.309361,0.000000,29.073140,84.602700,0.000000,0.000000
2012-11-04 17:00:00,33.646447,159.170541,0.000000,92.060960,40.097746,150.548085,622.221551,129.025987,0.000000,300.034424,199.962366,1053.692702,0.000000,6.156076,234.902467,0.000000,0.000000,670.123258,722.981712,438.743647,0.000000,231.628363,0.000000,163.025232,0.000000,39.749716,71.222599,0.000000,0.000000
2012-11-04 18:00:00,31.693373,131.770619,0.000000,74.021695,51.554245,88.485958,852.148817,140.251380,3.358714,292.020829,215.931703,0.000000,153.555171,3.630506,231.468396,220.793442,1267.562961,572.459555,635.449584,283.935303,0.000000,274.382961,0.000000,235.198963,0.000000,47.305447,78.119558,0.000000,0.000000
2012-11-04 19:00:00,33.561531,150.594993,0.000000,63.874609,59.962685,124.801788,989.493520,139.855190,4.540055,325.025974,195.883618,0.000000,1666.035571,9.013126,262.194289,213.673027,1170.207895,712.623068,655.228479,243.613130,0.000000,224.584502,0.000000,302.579906,0.000000,119.194397,77.889659,0.000000,0.000000
2012-11-04 20:00:00,30.791954,231.958121,0.000000,62.053337,77.094880,202.582707,890.238340,209.584689,10.099307,330.187273,206.979196,513.714276,1298.914461,10.923088,252.675287,188.887926,1062.232276,730.223999,830.503149,172.969323,0.000000,451.298542,0.000000,360.798169,0.000000,217.856916,63.130167,0.000000,353.927307
2012-11-04 21:00:00,20.601999,342.812768,0.000000,49.391160,120.345791,260.173108,793.485391,230.318651,22.074860,383.430140,214.341682,449.929910,1135.024865,20.930658,237.854562,160.072973,920.270889,527.598645,914.458243,185.209982,0.000000,632.145581,0.000000,365.238545,0.000000,309.511220,60.279423,0.000000,941.143373
2012-11-04 22:00:00,23.456492,326.289151,0.000000,43.406981,150.038093,453.541351,525.746627,251.448802,26.383280,453.515139,207.290287,395.525599,1140.494865,19.289037,246.590355,161.830352,849.998232,407.611809,762.960329,141.367619,0.000000,538.937279,0.000000,275.373793,0.000000,251.693451,52.784728,0.000000,940.200344
2012-11-04 23:00:00,38.610784,226.101649,0.000000,41.759164,139.422438,528.117829,785.978697,155.702803,63.954554,520.747842,226.716190,0.000000,1095.472562,17.205442,313.524605,168.738668,708.921891,458.697439,827.346942,106.325731,0.000000,376.109420,0.000000,276.571990,0.000000,219.061452,43.910640,0.000000,0.000000
2012-11-05 00:00:00,50.133272,172.556762,0.000000,35.861712,108.836739,0.000000,812.391140,82.011400,31.131807,450.798666,214.376248,0.000000,1160.902170,11.507126,283.521674,195.705344,954.787685,496.045756,768.010259,48.002587,0.000000,378.894203,0.000000,243.374893,0.000000,187.414984,36.737803,0.000000,0.000000
2012-11-05 01:00:00,53.314367,150.385833,0.000000,31.655441,101.058933,0.000000,616.383011,48.863475,36.227788,321.766207,184.304120,0.000000,897.290278,15.532253,211.767676,190.433207,1052.673779,496.045756,696.890405,37.282009,0.000000,375.781799,0.000000,242.599589,0.000000,151.771644,41.335775,0.000000,0.000000
2012-11-05 02:00:00,54.914712,151.117892,0.000000,36.468802,68.318571,199.411285,578.015462,45.429826,14.708852,276.265287,175.697270,0.000000,625.052618,23.219455,192.789919,170.889943,992.667656,365.970582,661.540892,46.722518,0.000000,402.974379,0.000000,253.665288,0.000000,133.922598,46.209627,0.000000,0.000000
2012-11-05 03:00:00,55.058417,134.803434,0.000000,29.834169,74.572348,589.292925,547.432633,41.467922,10.469923,241.766082,168.058258,0.000000,700.370301,26.344847,137.483311,161.527355,910.712392,242.549418,743.391848,55.042967,0.000000,461.946239,0.000000,207.076581,0.000000,105.670733,58.762092,0.000000,0.000000
2012-11-05 04:00:00,54.960436,111.900446,0.000000,19.556992,63.904141,624.415460,485.710924,40.147288,6.230994,218.676063,199.927801,876.409687,483.043020,42.113872,77.115967,133.894088,775.831373,171.501756,733.712815,66.243570,0.000000,460.799564,0.000000,170.496341,0.000000,85.631620,81.338139,0.000000,836.655712
2012-11-05 05:00:00,55.084545,105.311915,1139.368597,11.534722,44.301966,661.137810,473.477793,33.147925,5.095980,207.538524,214.376248,757.595673,303.795349,46.028505,57.535741,66.356201,597.937115,136.943831,652.493100,51.602781,33.353473,429.839338,27.970379,185.086148,11.070605,67.070802,75.406754,167.425260,761.213358
2012-11-05 06:00:00,45.162403,110.331748,1080.878110,5.940816,42.357514,758.025191,450.401659,22.054596,4.401074,142.614824,206.495277,722.107803,229.950357,31.159214,54.222165,58.387397,488.545423,106.893460,481.426705,55.683001,26.323414,458.833836,21.367292,207.640439,6.510984,54.532668,51.208677,169.999383,731.602233
2012-11-05 07:00:00,57.651899,122.683338,1129.937185,7.187446,53.359230,688.090351,336.160198,31.539664,9.481456,99.510296,167.032896,789.636849,213.862620,38.133545,85.251731,47.093161,431.301412,88.247013,397.369626,83.248622,16.826428,523.503178,31.143654,208.688178,8.832982,85.469963,42.754325,179.219432,705.116336
2012-11-05 08:00:00,61.174988,172.119033,1173.154908,25.418312,68.840619,632.584731,318.841667,105.399260,19.938207,144.875015,184.079439,730.840245,253.161823,62.861556,78.942967,51.212010,496.641904,123.778563,340.510996,81.241769,24.145604,558.205676,71.866411,148.329039,18.614216,90.289754,51.369351,209.291111,737.381373
2012-11-05 09:00:00,54.779915,193.560241,1168.060549,43.764494,97.869579,600.729670,366.297835,175.214932,31.650573,207.963724,195.189860,631.437933,310.972666,76.999734,82.782118,66.071687,488.619181,206.060294,295.606275,84.030420,33.278276,622.637592,105.848518,148.499220,26.691571,89.433557,62.570010,176.149100,887.446251
2012-11-05 10:00:00,64.997370,181.422483,1232.582823,52.888179,114.709821,649.087028,405.069929,216.361499,38.796828,246.654791,208.184150,624.677010,374.501770,67.553919,94.430529,91.968045,456.170173,274.785055,320.114060,103.349399,40.688530,645.391738,129.849239,202.816176,32.029929,99.989054,65.764513,190.648327,1117.900273
2012-11-05 11:00:00,68.136984,288.138234,1102.752445,56.137970,137.541991,616.802686,493.965506,240.366266,44.639715,297.461838,185.713454,528.298658,441.800471,64.330568,113.948743,108.811873,484.701642,290.450433,303.468186,109.104833,43.484651,642.422227,144.136504,262.277790,36.266118,136.256060,79.988693,186.645507,1183.602904
2012-11-05 12:00:00,64.635447,258.934693,956.109182,61.326961,152.086890,581.192631,575.703027,217.418007,46.499427,274.100929,154.495072,470.510152,490.946782,58.847809,110.658542,121.334271,506.873004,328.721444,355.129093,139.880706,42.408377,646.273439,145.293754,215.340509,34.773510,132.778125,90.021536,177.291632,1186.402376
2012-11-05 13:00:00,56.573253,226.559309,833.411880,74.241745,135.696263,508.508253,587.166361,211.199781,41.255913,236.371149,161.979010,417.158533,398.961583,49.602206,80.838410,130.102960,448.499486,342.981214,431.277372,145.813786,37.793179,645.386827,133.693760,234.815569,31.783846,133.684489,84.436093,143.390703,1083.680080
2012-11-05 14:00:00,54.153739,186.032534,791.423671,63.794865,103.389891,431.121081,525.081051,190.915737,29.173383,199.711750,169.610207,305.555399,283.160495,42.726749,61.255408,99.963258,335.731270,298.087797,378.076471,115.415296,28.952757,567.057863,113.434687,207.718597,22.180312,131.217607,58.351903,149.144433,854.719772
2012-11-05 15:00:00,54.803326,140.409078,679.712612,42.276589,80.632862,326.932442,359.872362,142.567703,21.862494,169.735291,145.074814,242.888637,209.420468,19.445608,44.353749,63.269129,198.039838,200.417496,250.387129,39.348487,15.802207,477.887327,138.019621,140.433662,14.088233,103.702272,54.375973,111.506316,696.328728
2012-11-05 16:00:00,50.564385,52.185348,438.787372,11.101086,35.735868,288.900556,226.013046,17.432375,4.447401,47.266627,92.635980,147.892180,127.703446,6.534911,16.748624,49.206608,97.001048,50.656339,208.730459,32.321742,2.650310,293.548816,141.113160,97.617789,1.777479,62.526413,58.164356,55.379399,526.399029
2012-11-05 17:00:00,42.379761,41.309043,254.618440,15.784357,29.692302,207.731966,266.904687,17.960629,3.960967,29.202083,62.287327,97.083556,86.047297,3.946202,9.639496,51.236683,119.481218,54.949249,216.305355,63.923445,1.100552,289.781169,46.295800,108.119631,1.197866,60.500601,47.405100,47.299513,379.286438
2012-11-05 18:00:00,31.334111,39.217446,226.351662,9.713450,25.540635,104.340257,202.402721,12.149837,2.061556,24.448255,30.175825,59.876010,38.921149,4.956430,3.494317,38.268439,106.382536,78.560254,178.220463,82.964472,1.257774,278.478229,22.331788,121.370277,0.483011,62.635916,33.473242,49.516119,414.367132
2012-11-05 19:00:00,34.789551,21.438870,245.486097,7.675360,19.444516,102.849682,203.514824,10.565076,2.107883,36.944031,18.838287,36.582210,40.814611,7.008455,4.277526,27.784765,94.522919,54.305312,140.345984,84.964579,1.504837,256.363782,10.535262,102.340094,1.217187,43.910844,29.289087,37.074524,351.372766
2012-11-05 20:00:00,34.671975,9.830506,246.138407,9.453269,19.707280,155.155317,211.577569,15.187296,1.714102,37.079854,14.344751,50.183287,36.817303,9.676088,2.470121,23.603416,72.396767,42.929100,194.001496,110.645963,1.145473,165.940263,6.751471,57.865852,2.086606,20.586630,31.496114,38.576096,261.030547
2012-11-05 21:00:00,42.020500,7.948069,219.393686,19.556992,12.349896,186.592901,235.765806,23.111103,1.181341,37.487325,8.330325,77.072775,34.503073,21.246354,3.253330,9.271688,56.996966,42.929100,120.567090,64.563480,1.482377,94.846409,4.228943,39.399527,2.975346,16.589758,28.185573,26.206004,159.749186
2012-11-05 22:00:00,28.231401,5.333573,238.745557,18.082629,9.774811,218.979033,246.608809,35.393004,1.505631,46.587509,4.804627,86.296494,23.142305,41.750821,2.831602,5.999328,45.137349,27.689270,70.067785,30.881664,2.785071,68.636693,2.967679,26.994667,3.516318,16.206496,20.874797,23.596129,125.422914
2012-11-05 23:00:00,21.261733,4.915253,212.218273,13.269267,9.144178,281.718694,277.469664,45.297762,2.478500,58.675813,3.249172,130.695415,52.596148,49.438024,3.072589,3.726855,30.799603,39.924063,156.968672,56.323036,3.346577,46.522245,3.487023,24.527791,5.100593,13.797422,14.299695,32.677063,84.872649
2012-11-06 00:00:00,18.942865,6.170212,163.947313,8.672724,9.985022,330.907672,310.276698,50.316173,2.872280,58.132519,3.180041,213.239888,37.027688,53.384226,2.470121,4.666144,30.268575,37.777608,265.121350,150.328102,2.313406,35.546927,4.674095,22.060916,7.322442,10.457570,12.690405,30.603464,64.503213
2012-11-06 01:00:00,19.282530,5.333573,128.722559,16.087902,12.612659,252.855740,295.541335,59.692678,1.783593,57.453400,5.219415,247.164416,43.549610,41.561404,3.193083,5.635732,20.002041,40.353354,186.005772,162.888779,1.212854,23.588744,3.190255,34.606740,8.500988,8.760268,23.679560,23.381619,61.674125
2012-11-06 02:00:00,14.056912,8.052649,128.505122,20.727809,14.924980,200.821118,325.568112,98.519331,3.242897,97.113904,8.745113,235.126680,44.391149,49.659011,2.590615,7.332512,13.806718,24.684233,161.808189,137.527412,0.628887,15.725829,3.116063,42.923634,12.983327,9.581543,30.668479,21.308019,56.770372
2012-11-06 03:00:00,10.947670,12.758742,126.983065,17.779083,23.596183,172.771205,324.456010,97.726950,3.312387,93.175018,12.754730,213.083554,57.434993,39.746151,3.614811,5.302436,14.868774,20.176677,132.139847,59.043182,0.853490,17.036315,3.338639,56.808620,17.059937,9.198281,31.036316,25.026197,63.182972
2012-11-06 04:00:00,11.124034,11.817524,83.713151,17.518902,22.334918,121.685131,299.711721,94.029174,2.663808,87.606249,30.452350,161.805927,66.271146,27.165657,6.566907,6.847718,16.461857,31.123598,136.137709,33.361798,1.998962,36.202170,4.154751,51.733904,20.479653,20.586630,28.139594,29.066141,53.752678
2012-11-06 05:00:00,12.476163,5.647312,65.665900,22.028718,15.450508,76.696864,209.631389,156.759311,1.690939,69.270057,61.665145,88.172505,73.424222,17.631632,8.073078,7.029515,10.974571,26.830688,156.968672,70.163782,3.189356,64.705236,5.861167,36.862169,26.468985,10.731328,22.254188,35.465697,55.261525
2012-11-06 06:00:00,10.013590,6.274791,100.455781,14.179903,21.861943,112.741680,239.102115,228.205635,4.331583,74.703003,64.845186,81.137465,107.296141,15.911088,24.460221,5.878129,13.452700,48.939175,144.343846,51.442773,13.296469,153.654458,5.935359,45.038099,31.936666,14.399691,22.766799,70.967145,65.069031
2012-11-06 07:00:00,15.149542,20.872330,239.055402,14.315180,33.466309,309.012366,293.629550,280.158824,14.182961,96.491182,59.479611,227.890076,198.807713,14.156496,65.274498,10.205374,24.991157,81.395433,167.113525,72.584882,16.655382,290.586735,20.001653,42.613572,51.601895,37.857670,28.853271,116.005793,113.655909
2012-11-06 08:00:00,17.736214,91.013522,409.398514,40.524471,85.272758,499.400530,399.415645,361.182562,21.013622,207.890264,55.037672,525.632754,270.295900,19.805761,80.229045,8.403276,36.714158,174.971291,262.035577,78.617821,29.832764,333.372089,55.386625,91.006044,62.715052,98.637914,44.581253,184.686200,196.334786
2012-11-06 09:00:00,20.719949,180.160372,698.596534,69.016181,113.843889,500.169115,356.537832,533.407217,49.345308,242.915325,65.901763,626.959351,479.243330,17.852444,69.005096,11.930276,86.054643,297.919431,269.461552,105.560620,40.653089,381.644249,95.833427,145.541382,84.350466,129.690062,39.957340,206.645658,299.498002
2012-11-06 10:00:00,25.048884,216.088626,752.965742,75.617683,152.688770,757.551015,328.565668,709.737448,70.452522,346.535686,79.911815,670.846121,762.643127,30.033680,109.021702,13.892077,107.690407,381.858260,282.190906,69.808771,51.702986,474.656622,112.155924,158.290834,95.566049,119.016123,35.419359,261.296326,437.387600
2012-11-06 11:00:00,20.900626,330.935992,828.702016,97.754027,195.319135,899.108724,403.148342,746.983397,124.708824,441.635647,87.763085,841.206724,794.167349,32.985043,179.322125,15.978819,132.239966,572.521586,406.403220,160.080053,66.938905,558.596414,131.558036,163.231225,89.201418,210.557447,34.141890,329.171784,523.839909
2012-11-06 12:00:00,19.391601,334.780634,976.294232,123.814964,235.803894,812.269032,473.701031,760.736058,108.818970,454.225731,88.672291,754.870383,679.698461,37.043556,189.490347,20.310505,180.301118,688.828291,602.555237,241.727552,78.690068,633.389100,152.429852,277.566812,0.000000,273.475947,35.528000,350.479579,610.933843
2012-11-06 13:00:00,19.816319,349.825390,1075.240852,138.975037,198.334224,848.027696,507.302195,691.752214,99.864069,496.475982,111.266280,712.127371,648.313425,0.000000,143.088206,18.896148,191.850690,746.888774,665.636344,256.887587,80.433739,0.000000,153.146040,278.748729,0.000000,247.448957,39.127391,184.799440,621.611724
2012-11-06 14:00:00,16.495636,388.690927,1253.837906,115.763595,237.198940,907.473320,465.078505,651.179704,93.381233,532.176747,113.202634,840.419187,596.791068,0.000000,132.364475,16.212019,134.287984,768.693339,765.383920,275.225665,101.686480,0.000000,177.389992,370.129362,0.000000,298.545337,42.261884,63.878079,660.308040
2012-11-06 15:00:00,13.986140,328.152471,1365.914032,95.544150,297.970340,738.769794,421.462475,529.042947,99.364248,394.436976,133.112162,874.214936,635.572148,0.000000,99.561893,10.172939,129.122971,756.802751,770.500889,226.558190,88.300388,0.000000,192.214408,339.449259,0.000000,360.058289,38.370153,320.038034,869.921300
2012-11-06 16:00:00,13.442902,252.769512,1057.829814,58.844429,200.068309,621.569816,331.586220,426.168742,82.323247,329.643978,122.777239,731.956859,653.454538,13.290810,49.221676,4.151050,89.743670,803.418115,718.352609,203.130948,65.561473,589.554793,155.209637,240.062232,97.529517,215.447842,17.104459,295.952659,668.607867
2012-11-06 17:00:00,14.056912,271.593886,724.281832,62.270155,186.877569,606.935079,237.155935,475.296344,93.233277,297.589599,101.692183,829.040415,756.542987,6.266569,80.489791,4.120750,94.876937,642.433989,603.466691,162.808775,78.408737,469.809154,208.776252,337.539057,71.350338,169.511186,10.483378,267.208284,376.457349
2012-11-06 18:00:00,13.945868,268.142751,588.166423,62.747155,201.644891,596.907574,188.779461,441.620165,104.815051,329.100684,121.463743,935.660359,955.356425,3.772569,110.974697,2.999664,104.789453,484.025608,540.132147,144.247775,77.757390,410.182051,229.475816,335.565556,36.380364,215.666849,13.426081,208.146458,366.272631
2012-11-06 19:00:00,18.309259,307.987676,734.283922,58.107248,188.296493,598.262642,207.963235,398.303354,96.175048,389.813851,93.914909,895.326128,970.083346,2.714987,113.987039,3.151162,106.028518,371.766010,467.960224,140.407568,77.330645,412.475401,191.637903,265.224362,34.950653,197.270286,12.828344,185.837391,421.722762
2012-11-06 20:00:00,10.078911,346.054744,629.479406,75.842967,202.590840,509.370163,179.326586,387.342088,99.371617,563.396465,86.206766,937.067367,996.591805,2.146734,157.244277,17.088994,97.178057,362.750899,359.597132,140.887593,49.547314,354.650216,124.197387,197.631972,43.065232,153.742704,29.289087,112.617888,266.688723
2012-11-06 21:00:00,5.147234,335.283018,429.002718,74.195150,218.514323,422.510287,142.905218,490.747767,83.435097,619.627453,82.681068,844.517504,1012.160264,1.988886,196.284236,7.665808,127.446632,429.291005,461.858224,170.409185,33.218712,277.003933,81.907954,218.001316,42.852708,149.910087,31.909931,64.210072,179.930016
2012-11-06 22:00:00,5.336662,289.267882,339.636212,118.946403,155.135710,425.762451,119.273032,517.820773,70.695146,507.029654,73.071814,705.223706,845.956438,1.815253,159.955386,5.393335,134.349991,396.879534,466.908155,149.288046,31.983398,302.886027,56.311718,221.384460,50.136509,127.680907,32.737566,44.117611,145.603744
2012-11-06 23:00:00,11.587808,176.321637,297.236044,143.490211,96.749608,501.510767,116.214749,448.355401,43.107361,451.613608,69.338722,620.959557,592.653391,1.815253,114.589508,4.302548,181.080423,371.336719,391.580025,88.164752,32.769507,215.411101,43.773272,233.789319,28.285105,171.098985,38.347093,34.285890,162.766880
2012-11-07 00:00:00,5.460771,111.168387,277.014426,203.245276,94.857709,502.459315,165.147275,422.735092,51.121949,431.647533,0.000000,533.256054,456.534561,0.000000,113.987039,4.302548,262.327651,426.929904,495.103600,82.004420,23.336201,0.000000,32.792858,0.000000,32.825406,0.000000,52.186991,36.681255,165.595968
2012-11-07 01:00:00,4.043322,131.352299,227.656283,274.795245,123.236192,330.772165,174.322123,369.645586,46.929347,435.858066,0.000000,455.088940,377.429955,0.000000,107.420133,5.423635,245.157758,441.525798,423.562918,94.965118,11.387347,0.000000,20.922140,0.000000,15.437021,0.000000,43.864661,30.853726,119.198920
2012-11-07 02:00:00,7.609806,232.062700,163.947313,296.346963,96.907266,301.367184,154.582298,356.835432,44.728810,500.917590,0.000000,289.061989,314.735347,0.000000,173.450680,9.211089,251.353080,482.093798,336.030790,139.287507,15.317891,0.000000,26.412347,0.000000,16.654208,0.000000,52.830707,21.022006,87.324525
2012-11-07 03:00:00,7.257077,149.653774,109.588125,310.440138,64.482221,255.430369,177.102381,317.480525,38.057708,561.630758,0.000000,270.301882,240.048818,0.000000,298.161659,3.969252,376.852611,560.439407,458.912431,144.967813,12.128536,0.000000,20.922140,0.000000,13.273133,0.000000,49.566147,14.908463,69.029754
2012-11-07 04:00:00,7.289737,93.076072,53.054568,306.407322,27.695298,214.507307,178.770535,246.034201,16.932553,410.187398,0.000000,182.285711,250.778432,0.000000,276.533040,6.211425,543.418278,616.676528,444.814709,153.688283,10.758460,0.000000,19.660877,0.000000,9.235164,0.000000,35.358411,8.687666,140.888597
2012-11-07 05:00:00,9.314664,94.331030,48.053523,285.722876,74.309585,183.747258,243.550527,250.392294,11.813409,395.110973,51.641102,110.215631,264.453430,2.714987,224.118281,19.482665,823.977878,564.303026,479.532981,190.970293,9.904971,277.495365,24.334972,300.606406,21.677519,51.028561,46.761383,8.580410,83.929619
2012-11-07 06:00:00,2.573617,146.725538,55.881246,242.576077,72.260027,174.126273,321.675752,269.541494,11.767082,422.411525,54.129830,70.975740,258.983431,4.482886,282.015503,18.300980,743.615696,535.325883,575.060832,244.893199,6.086728,223.110205,16.025469,313.786569,7.960016,58.474789,40.948596,10.367996,170.122510
2012-11-07 07:00:00,3.618622,120.338282,73.811358,178.351831,78.834806,160.078121,258.301461,233.184326,20.260814,465.794052,75.552645,108.124851,228.217806,5.995573,210.267980,17.025794,637.985542,593.032720,481.381437,167.253272,8.669846,242.243939,29.318883,207.504098,9.351451,86.547116,49.033743,9.671025,142.821118
2012-11-07 08:00:00,4.770738,149.251219,160.991665,228.936537,52.813093,196.314382,257.115015,259.924087,13.101775,590.422811,90.073394,183.273362,314.536271,12.653580,212.684244,21.581354,457.022591,740.152515,663.126682,146.703625,22.540550,260.957919,77.199381,269.994575,10.984399,82.088695,63.296976,25.250387,305.708037
2012-11-07 09:00:00,8.148755,115.434560,271.314952,234.433841,84.580148,211.114796,391.500892,245.414526,20.675690,561.901647,122.034605,241.435815,361.890865,21.561786,381.556500,20.257919,544.665003,802.543506,724.165960,280.561875,31.839127,333.414506,84.146402,306.639987,21.173317,123.407717,72.509961,42.787162,439.157828
2012-11-07 10:00:00,8.561626,84.943365,338.410050,214.679666,91.691348,248.678854,428.288942,266.954876,25.665519,546.905125,182.561438,332.596826,448.181141,0.000000,507.175764,17.451872,661.576933,970.886694,1124.298904,304.308484,37.313441,0.000000,96.189632,253.262074,26.214196,153.678899,81.975429,55.514396,446.462659
2012-11-07 11:00:00,10.870201,120.481834,297.295838,174.204349,82.145672,265.817672,614.594798,252.570743,25.077491,662.560614,188.265927,351.589351,665.052418,0.000000,544.911482,29.037349,699.369078,1203.669667,1461.843394,284.250427,39.700090,0.000000,114.925000,0.000000,30.811798,135.320732,84.572885,50.186194,573.865873
2012-11-07 12:00:00,10.863765,278.998623,373.500214,201.010693,72.839249,266.028127,975.844626,225.748500,24.869843,700.912169,167.431278,391.664499,924.857716,0.000000,492.044220,33.607330,599.111086,1072.689329,1304.767696,191.422115,39.022913,0.000000,126.695639,235.226805,33.665504,259.093717,82.015280,52.133951,680.643786
2012-11-07 13:00:00,10.429981,342.222437,418.283536,203.767290,61.765984,248.294883,1290.809332,216.030271,23.349826,607.645021,176.730055,378.148573,1083.777802,0.000000,511.973819,40.442191,636.095388,1116.270304,1421.789051,247.940213,40.595882,167.535585,106.056131,158.894773,0.000000,163.139055,74.691637,54.899681,726.865386
2012-11-07 14:00:00,6.071617,232.688283,395.974643,189.944211,48.844387,185.172542,1477.929183,292.369394,24.698387,526.125624,184.955061,355.140092,1049.748201,0.000000,455.491788,33.490803,641.033735,1324.372039,1629.459341,291.961137,35.228853,127.303340,89.959731,106.636408,40.630726,124.393820,53.580320,44.191059,642.600534
2012-11-07 15:00:00,3.080115,214.211729,273.746050,109.401027,38.119555,124.654144,1382.695964,352.140867,14.549989,563.047096,177.158730,259.493766,764.209475,23.483270,489.735836,18.969750,513.089919,1433.981895,1303.029050,461.273163,22.637710,392.916311,51.780056,108.924200,32.268769,121.827062,32.649214,27.599921,527.047636
2012-11-07 16:00:00,0.352729,281.006073,199.824378,94.532686,30.375488,73.444700,1252.673617,396.850656,26.105318,621.393160,141.788354,205.423177,541.109167,20.251911,515.773279,14.089330,420.042858,1276.282157,1246.280757,343.698524,5.233239,476.689205,3.561215,116.084115,18.702174,198.146313,12.046689,12.834864,338.924778
2012-11-07 17:00:00,0.313537,420.620181,257.010245,86.380326,58.491208,101.765627,1167.708004,417.452554,23.418346,674.228557,90.008989,258.264146,594.336468,9.612949,414.920053,6.181126,401.987919,1443.705649,1384.522604,418.742569,9.096402,560.068863,4.154751,161.968000,16.441684,197.982058,7.264797,23.202860,237.266205
2012-11-07 18:00:00,0.489902,458.478089,317.675099,106.154136,51.501692,97.293902,1216.640530,534.064577,28.166873,594.500079,49.739990,181.973042,631.153771,11.917531,504.928846,8.029403,405.174084,1592.240337,1494.989833,348.738796,12.712502,695.704141,8.086927,192.486775,20.093244,270.528027,6.299223,13.120878,241.792746
2012-11-07 19:00:00,0.777311,449.484221,264.620531,66.433062,95.383236,68.972975,1102.093935,722.651179,90.337834,554.703752,45.972333,140.231803,659.555691,14.016911,516.014267,11.574461,492.970653,1409.362369,1531.391415,219.851849,17.271933,653.440975,7.122431,123.061849,22.875386,289.581610,5.333648,12.334340,306.673171
2012-11-07 20:00:00,1.273744,415.600348,436.830441,53.163795,117.718154,68.972975,1088.748701,791.324171,133.144069,675.179322,42.481201,150.393528,728.772221,12.249012,545.053248,12.089554,365.524021,1466.243427,1572.001273,149.368051,19.877322,677.521151,7.345007,108.049149,23.512960,276.276953,8.598209,33.392098,308.559230
2012-11-07 21:00:00,0.705458,465.694099,533.372361,38.073256,169.482610,87.808424,1014.793860,699.672139,132.773453,622.751397,37.054392,173.530994,659.345306,14.080050,539.932266,6.756819,316.492470,1553.604146,1668.370779,211.291388,13.184167,743.209251,7.493391,100.578040,25.599566,282.244886,4.138176,19.556186,267.820359
2012-11-07 22:00:00,0.463774,445.301027,541.852394,24.847353,207.741010,110.438064,774.301617,765.307672,144.610025,576.978830,27.099481,158.366574,718.463376,0.000000,462.454818,6.211425,314.722378,1435.978411,1670.054089,343.298503,14.419481,0.000000,6.157935,130.039582,25.715489,273.320363,5.747466,28.565617,287.623977
2012-11-07 23:00:00,0.339665,491.002424,474.881873,15.263993,157.185267,87.266397,739.826428,820.378129,137.244017,437.352126,12.581902,115.843664,505.133402,0.000000,476.673074,3.484458,470.667493,1208.883470,1766.844423,274.094773,13.790594,0.000000,6.083743,129.828136,24.421020,296.261315,4.781892,18.197621,338.358960
2012-11-08 00:00:00,0.411517,548.416765,369.859921,7.241724,86.133953,50.544047,685.889439,648.827712,94.391455,360.747592,9.816649,57.061994,433.602641,0.000000,489.565900,3.242061,442.523028,1296.888126,1707.718154,302.816321,16.643046,14.724845,7.641775,113.194346,22.488977,296.808831,7.908513,18.126117,359.294214
2012-11-08 01:00:00,0.790375,470.086453,385.297930,11.447995,38.941586,36.586843,565.782330,676.825163,34.814811,429.610178,13.031255,50.495956,494.824557,0.000000,471.190611,2.090675,400.748854,1531.066369,1661.847952,487.226260,16.710427,723.416290,6.232127,82.393643,23.242474,275.291423,7.632635,22.702336,258.390064
2012-11-08 02:00:00,1.652602,330.995244,333.982856,11.361268,74.414690,29.133968,597.755288,520.726169,57.167634,362.513299,14.517579,45.805929,368.593802,23.235240,463.780248,1.333184,300.738650,1585.371681,1651.958505,256.253811,16.867649,544.998276,9.273998,49.196547,12.191190,180.844783,6.529121,30.639216,159.371974
2012-11-08 03:00:00,1.822434,286.130486,359.422956,7.458542,118.453892,24.391229,576.069282,390.643674,59.414499,490.187523,10.542528,45.336926,511.655324,21.262139,415.763509,1.242285,227.810855,1478.048930,1630.917128,205.611082,12.375598,448.349949,6.751471,61.389960,17.098578,223.551090,7.310777,13.085126,243.112988
2012-11-08 04:00:00,1.417449,250.364175,342.462889,6.851452,107.207604,29.133968,516.849805,481.635389,39.818138,427.980295,6.913133,45.180592,337.246498,37.552062,398.291923,1.727079,324.457884,1390.473565,1520.239485,197.610651,13.633372,477.016826,11.796526,76.402660,29.869380,251.912458,7.310777,5.112495,208.220899
2012-11-08 05:00:00,0.450710,298.470909,372.686598,3.252271,93.754101,64.094729,317.505367,465.127458,72.640884,467.776622,7.327921,77.698112,373.643033,48.948695,347.503828,1.514982,407.829223,1140.411554,1477.946318,137.367404,20.618511,409.854429,13.057790,85.353894,16.557606,263.957826,11.356993,3.968440,158.428945
2012-11-08 06:00:00,0.875291,469.563553,393.125653,5.593907,85.660978,14.905751,214.913878,487.314117,27.634112,411.681458,11.821457,66.911050,322.098808,53.920910,282.196244,7.544609,469.074410,904.945438,1048.070986,150.728124,28.052854,474.887287,14.690013,96.067182,10.916041,298.177623,10.194760,2.145103,177.100927
2012-11-08 07:00:00,1.648490,268.950344,294.103014,4.615698,81.624685,39.705217,158.734596,520.072948,56.311796,549.441984,13.070841,100.411473,247.873570,25.625344,169.097351,9.021786,638.063363,480.490773,798.505446,274.250087,20.091941,426.908349,22.401736,90.900441,14.842308,257.245722,15.260067,9.408712,178.493295
2012-11-08 08:00:00,4.801588,155.735024,218.289966,11.175627,136.617266,87.633828,127.304851,419.718092,57.638794,383.553453,12.932973,123.218696,296.766774,24.432198,190.419271,24.483545,650.584328,328.535388,494.174205,268.530907,28.307865,324.825921,52.959154,38.200199,18.691213,107.875778,30.442777,19.534979,167.986382
2012-11-08 09:00:00,8.394519,106.319984,253.251157,26.283739,97.084948,130.544713,149.690257,319.963835,27.809641,339.018369,12.484774,181.038538,521.640453,17.035522,228.531562,36.787165,623.885461,307.701893,637.656558,233.721553,36.267196,216.664547,72.407604,38.877870,33.850630,77.399230,59.692394,38.643606,287.528821
2012-11-08 10:00:00,9.959009,82.861110,244.224422,43.366958,51.459262,167.673473,195.296970,326.068336,24.839712,171.534265,12.494769,232.589977,625.287679,16.091760,92.242888,44.433732,634.131118,384.422157,817.989824,241.174798,42.447293,384.733777,110.647026,51.699672,23.645535,161.657015,76.817365,43.202760,224.317946
2012-11-08 11:00:00,10.988288,135.966439,254.781410,59.916116,86.804890,209.929052,271.936817,383.412257,83.440593,194.861241,14.769955,258.432994,587.298355,50.360417,329.090491,43.321927,429.971806,257.950271,689.532079,218.339511,55.544489,341.201279,123.843519,57.206626,13.926793,165.941057,87.956046,36.575845,174.072443
2012-11-08 12:00:00,11.607290,230.578003,195.057919,71.331328,97.695594,224.989638,275.871857,407.171697,82.926049,353.045453,11.676223,236.083779,669.252623,49.359310,412.068356,43.239233,433.112269,251.890768,425.328387,161.582395,40.751928,282.866145,85.693148,55.420078,37.471423,112.411838,96.806041,8.878499,172.573731
2012-11-08 13:00:00,9.866581,195.512735,196.128411,66.249623,77.114904,127.975025,310.047896,283.457278,73.286554,490.210366,17.011685,245.447427,461.215150,27.628539,225.004747,43.566482,404.133157,284.881167,328.521288,187.364125,26.588222,242.773900,31.904782,56.120227,22.431893,99.396567,78.956396,5.625942,190.476549
2012-11-08 14:00:00,5.355278,191.302830,200.177773,53.168880,72.736707,91.579739,294.850169,227.484402,61.345867,261.168864,20.775522,155.074181,342.504651,22.855413,233.989137,34.661771,324.083735,260.951413,159.162793,126.910636,22.585625,257.545897,29.065501,47.835450,23.889796,114.363871,73.862823,6.231975,206.679938
2012-11-08 15:00:00,3.007693,277.381393,113.396228,37.549110,83.314404,58.219614,260.270798,310.703265,77.456914,338.632224,19.201983,96.090796,292.278813,24.424862,393.178214,18.707458,231.261116,163.373238,178.787439,133.800049,9.134504,355.485845,15.695566,53.192290,27.868321,114.476430,78.695771,22.612770,206.530553
2012-11-08 16:00:00,0.228621,287.176285,41.312983,4.856725,64.902643,23.849202,78.245024,250.128167,68.633590,367.946245,14.379316,39.239891,287.385350,32.437784,459.984697,3.029964,135.766065,103.244487,156.968672,238.892876,6.446092,216.721587,5.861167,63.011050,18.895378,67.782574,52.232971,10.511003,153.336586
2012-11-08 17:00:00,0.365793,173.497981,59.577671,8.455905,47.717894,20.732545,101.757412,218.036750,60.549512,293.650713,21.327015,30.485175,272.027275,27.970683,384.013419,1.484682,247.989905,91.009693,119.304607,179.289663,24.032469,241.293195,7.122431,109.599756,13.524299,110.215122,22.162229,3.718178,81.289137
2012-11-08 18:00:00,0.287409,165.968231,67.405394,12.011722,28.220825,10.705039,93.138615,239.695155,33.702961,271.239812,18.250671,22.043126,215.644205,30.385758,233.818023,2.060375,530.673615,85.214264,101.840264,112.166045,33.870059,210.332969,5.193439,181.703004,9.621573,82.948788,14.069797,20.950502,108.071173
2012-11-08 19:00:00,0.333133,184.897185,50.880201,6.808088,14.189242,8.265916,97.587026,214.603100,23.719472,283.871411,6.567476,9.536388,122.443832,15.721670,199.658060,6.938616,346.230017,103.673778,145.185501,102.485524,21.224937,309.929888,5.490207,191.288578,4.714184,159.053616,9.563783,8.115638,69.784178
2012-11-08 20:00:00,0.339665,173.288821,80.016726,4.466453,30.375488,13.686190,70.896557,181.191048,73.335790,284.822176,4.700930,7.035040,116.342678,28.838847,140.917381,4.666144,201.082464,100.454095,113.202608,92.724998,12.600201,242.767492,3.561215,95.362360,10.065943,150.019590,7.494696,13.800160,104.864873
2012-11-08 21:00:00,0.437646,272.221365,78.712105,3.642544,110.150558,26.423831,35.031240,103.141552,45.516370,235.789842,4.942890,21.886792,147.479598,24.056050,222.130134,3.272361,280.736609,69.115852,78.273922,51.922798,15.722176,256.691403,2.745104,38.835669,8.887397,232.092351,13.839898,1.787586,168.236451
2012-11-08 22:00:00,0.725054,335.701338,140.246707,2.905362,121.396846,34.825255,20.017851,125.856464,42.180819,236.604784,6.567476,22.043126,160.313058,14.032696,242.855051,3.787454,303.393788,40.138709,51.130546,49.762682,33.331013,343.511087,6.677279,33.267579,18.779455,245.342257,22.713986,2.788633,189.926128
2012-11-08 23:00:00,1.130040,511.500076,85.452645,2.731908,119.977922,18.157915,18.071671,108.556153,23.464673,200.611519,6.290951,50.495956,155.474212,19.304822,213.273848,6.787118,103.550389,18.459513,44.397305,48.642622,30.545942,411.492537,11.499758,40.668205,22.005967,242.385666,5.931385,21.308019,160.503609
2012-11-09 00:00:00,0.372325,439.339975,115.241480,2.731908,105.578469,15.176765,18.349697,69.333309,17.998076,227.776247,9.125335,26.733153,100.774219,15.753240,388.592180,21.088546,146.386618,19.747386,28.405859,25.361367,38.564251,339.415818,13.948094,37.285062,34.216477,175.041106,6.713040,21.272268,238.209235
2012-11-09 01:00:00,0.209025,383.703492,230.265524,1.994726,150.300857,21.274572,20.573903,110.272978,96.823627,190.560569,9.609255,30.172506,152.739213,10.039139,313.283618,5.302436,69.564620,39.065481,30.720410,52.002803,29.961975,299.773623,7.048239,27.206113,41.249112,98.334009,9.517804,3.396412,283.474647
2012-11-09 02:00:00,1.397853,400.645428,513.150742,2.818635,192.553266,17.209367,18.071671,107.367582,77.412575,179.830501,11.786891,22.512129,207.018437,6.882177,336.659396,5.544833,47.438469,51.729566,21.041377,40.402178,35.666879,396.421950,7.270815,23.963934,44.784750,76.104829,6.896959,7.400604,345.148772
2012-11-09 03:00:00,0.346197,243.043585,273.100565,2.688544,119.715158,25.746297,23.354160,86.897748,33.749288,106.893206,15.105195,20.948787,456.955330,6.029797,201.405218,3.878353,103.550389,61.603259,18.516412,37.041996,17.631297,457.850971,12.167486,16.422343,47.161163,49.878776,13.104222,15.802256,224.629611
2012-11-09 04:00:00,3.102711,216.166562,654.267196,3.599180,112.725643,32.792652,24.188237,117.932658,30.205266,111.511210,13.031255,23.137466,353.025343,6.834823,207.068422,2.242173,269.231010,51.729566,12.624826,29.761604,26.143732,411.983969,12.315870,29.320578,22.971988,30.277676,14.391655,52.125994,158.428945
2012-11-09 05:00:00,1.228020,159.379701,575.555091,4.596543,65.585829,56.099826,25.022314,83.596162,13.249549,120.068099,10.266002,42.522910,180.720363,22.524923,227.612598,1.969476,436.504715,50.656339,17.464343,25.201358,11.140285,336.794847,8.309503,11.136181,6.684868,33.124763,8.414290,23.703384,158.428945
2012-11-09 06:00:00,0.666266,135.640073,200.476688,8.672724,30.848463,53.660704,23.910212,70.786007,18.322366,91.137664,8.503153,79.261454,170.621903,29.154543,239.601721,3.726855,391.367366,48.724529,18.726825,26.001401,6.625774,248.500867,14.690013,25.655506,10.568274,42.870562,7.232252,4.647722,194.452669
2012-11-09 07:00:00,1.029416,123.172812,93.368071,13.713988,18.729718,17.609552,52.148515,62.089818,22.304427,101.159041,7.803274,93.427047,337.963539,34.793267,266.834390,10.262907,445.580853,71.397866,37.141252,24.004647,14.550011,159.795132,22.590451,32.708542,20.009653,76.876969,9.834920,5.794921,147.225782
2012-11-09 08:00:00,12.298335,70.775458,98.083854,22.606080,19.819244,30.591364,153.450501,70.407605,19.484730,80.961127,18.348505,176.259427,332.214153,48.167947,234.773691,6.218678,263.885654,159.007388,100.317671,43.728953,20.158475,235.205679,36.065435,30.124212,31.770710,58.835279,18.629327,4.447932,131.701926
2012-11-09 09:00:00,14.523749,73.896799,197.003619,35.169421,17.171803,22.134750,276.150403,80.347108,28.135903,87.328631,32.532393,152.952980,321.715188,42.719687,186.207542,7.627347,118.524528,257.786865,171.176287,58.909005,23.979210,220.168017,35.200500,13.096894,44.803586,18.225469,32.938527,10.743726,108.015108
2012-11-09 10:00:00,16.241871,131.192038,271.682299,33.187586,43.462664,28.712307,348.660028,123.135483,28.578856,149.405724,40.588529,120.571605,185.944457,32.173716,134.587975,7.531373,97.374089,331.331489,207.266874,77.125746,28.854277,177.140211,43.606562,21.766003,63.021508,25.352280,59.809238,12.301283,191.706244
2012-11-09 11:00:00,8.665300,285.032000,223.770043,37.556358,89.161662,24.076513,390.072500,197.679173,25.906142,207.381852,56.780468,79.022457,94.046761,27.615288,100.207793,9.389420,108.234401,364.548369,204.938354,89.413552,20.428140,256.584754,30.073695,27.830469,32.602824,40.730585,45.620724,12.407166,240.669676
2012-11-09 12:00:00,3.762855,282.448083,232.171931,47.340489,108.151579,55.358079,425.248391,231.128273,31.654889,253.325882,61.028830,105.898154,96.557723,21.271117,158.196709,10.309764,138.701974,426.758268,225.866285,100.202774,24.651279,378.609915,51.501097,41.480153,29.381759,29.507982,23.003079,43.530588,449.557871
2012-11-09 13:00:00,5.047175,279.660698,271.461068,42.705869,230.632340,62.186999,388.757540,223.596325,64.650529,232.947217,77.233236,86.673361,120.924165,20.381858,117.768970,3.573940,165.393802,345.199114,216.895048,118.023821,38.697227,563.963180,55.745263,35.653448,14.843010,47.634723,22.987321,25.982686,568.459335
2012-11-09 14:00:00,2.470445,242.858075,182.839277,34.074493,191.581869,45.193242,373.825088,187.797730,34.854465,198.421946,97.237860,64.676582,95.920844,13.312235,50.250792,3.761003,87.806452,247.643251,186.472479,129.853423,21.328604,504.404322,31.551322,37.474475,15.657919,46.721902,17.816403,15.681853,462.526662
2012-11-09 15:00:00,1.039945,149.869723,116.876582,23.847176,136.022832,18.760930,361.007583,117.982519,19.461421,139.596280,83.092065,56.206041,74.295568,6.280647,40.896806,3.753560,28.215615,170.859621,221.176194,102.457685,27.123552,349.067514,23.909961,25.299653,15.451825,30.431387,15.443983,6.073400,222.341208
2012-11-09 16:00:00,0.293941,88.997457,83.278277,6.591270,104.054439,12.737642,178.770535,73.163149,13.342203,62.614699,42.999686,54.716980,14.306152,1.736329,29.822191,3.454158,21.595124,131.792338,163.701913,59.843225,16.306142,132.522875,7.493391,15.647039,13.968669,14.837704,25.104931,3.646674,139.945568
2012-11-09 17:00:00,0.502966,96.631787,60.229981,3.859362,93.543890,25.204270,132.618266,84.520606,32.660602,58.675813,52.747203,26.420485,55.962301,1.941532,132.121341,2.545169,78.238071,142.953905,153.812466,41.522238,9.702829,97.795002,7.122431,17.761504,7.534967,17.520536,22.897905,5.040991,139.191144
2012-11-09 18:00:00,0.718522,82.827246,63.274096,3.512453,93.964312,16.802847,68.116300,90.595524,43.871758,35.178323,59.764033,27.358490,197.551130,1.404848,86.755463,3.302660,137.890176,186.956233,116.358815,30.241630,8.737038,61.265210,10.757838,13.884985,6.530304,11.169342,7.632635,6.328053,175.969292
2012-11-09 19:00:00,0.646670,83.873045,160.250889,4.032816,108.153554,9.078957,48.932526,90.991715,25.317757,39.660503,76.148158,55.811320,184.928055,0.868165,54.764386,5.150938,78.415081,171.716402,81.850956,30.881664,11.679331,67.981450,3.561215,21.497058,11.205848,13.195154,10.851216,6.113542,149.941680
2012-11-09 20:00:00,0.522562,79.794430,169.818106,4.162907,68.738993,31.844104,45.596217,94.425364,10.910031,59.898226,100.586082,92.862532,176.723056,1.389063,59.885369,2.969364,22.834188,162.057354,65.859510,24.881341,7.254661,116.797046,3.412831,30.377810,13.273133,16.261248,19.449425,8.294397,168.802268
2012-11-09 21:00:00,0.607478,90.461575,274.187748,3.772635,57.335047,41.194075,27.802572,93.368857,16.978880,68.319292,103.143941,126.787060,323.150731,0.473544,61.753021,2.333072,40.358100,150.037206,68.594889,20.401100,6.333791,147.429651,5.786975,37.214580,9.544291,13.468912,23.909459,2.895889,199.545028
2012-11-09 22:00:00,0.261281,88.997457,341.375706,4.162907,50.871059,73.309194,21.964032,95.481872,16.608263,81.086714,106.773336,186.819403,503.239940,1.278570,62.355489,12.847045,65.847427,133.294857,49.236822,15.280824,6.535933,115.650371,4.599903,40.386277,18.141881,18.834576,41.795573,2.180854,250.845829
2012-11-09 23:00:00,0.254749,86.487541,322.023834,4.639907,46.036207,101.901134,25.856392,107.499645,29.579850,79.456830,146.731244,226.059295,591.391084,1.862608,81.453741,6.272024,72.927795,122.991873,32.193307,8.000431,6.738075,96.975948,5.786975,59.557424,19.629554,27.759099,33.289323,4.862233,198.413392
2012-11-10 00:00:00,0.516030,89.729516,251.791763,7.762088,52.342536,60.300538,36.977420,96.406316,39.794974,73.208943,189.281576,179.940697,648.615692,3.425304,98.744586,27.633267,172.937999,121.489354,25.880894,7.360397,12.734962,124.823771,5.193439,62.940567,15.842750,34.055542,37.381519,4.683474,175.592080
2012-11-10 01:00:00,1.116976,78.330312,287.668827,7.111633,81.824627,44.039719,57.273297,99.707902,48.203342,99.830377,180.467332,144.140159,552.680319,5.524683,82.779171,50.782189,337.733575,135.870603,23.776756,7.040379,11.297506,191.822357,4.228943,72.526141,18.760135,68.494346,32.047870,3.718178,173.706021
2012-11-10 02:00:00,1.646070,52.603668,365.293749,12.618813,109.782689,49.731006,56.995272,99.311712,53.577285,101.052789,144.000556,102.711588,518.177246,9.865506,79.465595,47.903723,398.447734,156.047280,37.453651,8.400453,19.585339,268.158154,11.944910,49.548957,5.042631,69.096614,89.062733,8.616162,279.891135
2012-11-10 03:00:00,7.041520,45.492237,525.109764,11.534722,118.086023,55.151279,90.914409,83.332035,42.366128,70.492470,156.686155,121.471696,388.790723,11.759683,74.404859,77.082272,385.526062,174.721439,48.605581,9.040487,25.919130,326.802393,37.763721,40.386277,2.434374,73.367245,97.477023,12.048326,319.686977
2012-11-10 04:00:00,9.033787,40.890724,591.645411,15.480811,88.709037,41.194075,144.295346,55.730774,40.049773,84.753952,131.072998,121.628030,406.463029,14.837721,94.045332,81.869614,330.122179,235.895407,64.386613,8.960483,49.165490,349.080651,64.324453,37.003133,2.028645,70.136896,119.501313,24.025149,272.158294
2012-11-10 05:00:00,11.568212,38.694547,673.619068,29.400533,82.770577,37.806405,130.950112,49.787919,21.217809,92.631724,102.556325,174.781668,531.641860,16.195215,78.441398,127.682663,326.404985,234.392889,75.538543,8.720470,46.402879,379.058013,64.695413,38.271812,1.642236,86.398143,162.768237,39.827405,269.140600
2012-11-10 06:00:00,13.978528,49.780011,729.282877,31.308532,67.950702,33.199173,147.353629,56.523155,11.025848,91.273487,110.264468,236.064685,484.305327,17.000240,59.343147,167.859979,342.689833,240.832254,41.661926,12.960699,50.445724,465.877697,50.227975,64.702621,0.521652,90.285512,190.277318,42.401529,258.955882
2012-11-10 07:00:00,20.445978,68.591833,788.460575,28.507765,49.528709,74.905531,126.490640,72.455186,33.411631,99.935112,155.248698,214.811788,622.551347,25.595041,88.037506,142.320136,334.317040,206.584688,59.211224,15.035243,36.534130,524.260959,36.005377,69.771730,1.728605,85.906639,177.191399,47.148522,385.933710
2012-11-10 08:00:00,30.933652,93.500377,800.448885,26.224632,69.676032,156.873090,163.153816,96.826652,57.737025,111.286860,162.575886,285.836894,676.388076,41.108051,76.080756,178.376407,524.771916,238.394016,114.203024,33.490493,32.715341,587.707610,49.068138,94.619175,6.626287,132.516286,168.493015,40.572602,487.025810
2012-11-10 09:00:00,28.261217,97.836318,704.094208,36.778417,98.366459,214.463810,294.450916,112.018465,82.034617,110.816738,166.876046,336.103757,697.456045,49.937058,72.205535,174.905653,688.903313,171.737077,165.928243,52.508721,43.627074,815.310895,81.291019,190.888999,16.992500,208.022590,144.485122,45.703209,543.934118
2012-11-10 10:00:00,23.879469,91.933357,828.192783,58.485241,110.658375,244.039196,318.831254,167.317199,63.737565,135.093626,156.491707,404.461863,821.620248,36.413606,54.694387,197.794839,831.967521,159.757072,220.985149,81.404260,39.410989,975.077103,88.514307,411.242491,26.021989,265.126372,148.993933,59.965372,667.386477
2012-11-10 11:00:00,24.942275,166.798741,625.930877,76.947995,114.828855,315.237620,281.731304,151.234673,56.584797,173.553138,91.465210,375.553490,754.555280,87.287475,87.619983,240.780782,817.929197,216.159709,290.966322,97.859464,0.000000,1026.689028,0.000000,559.890790,40.644479,292.250268,137.341143,0.000000,693.873037
2012-11-10 12:00:00,31.711027,208.466406,0.000000,98.155796,142.409807,252.053320,389.494721,139.998313,68.786556,192.436320,84.866227,307.313498,650.753018,30.349001,101.194276,197.597607,815.540002,306.080000,314.083035,130.892954,0.000000,1144.251285,0.000000,574.445725,0.000000,447.142069,145.623644,0.000000,659.388047
2012-11-10 13:00:00,32.703238,247.091549,0.000000,167.019965,154.438334,190.259308,473.104124,205.044215,55.360104,195.707556,112.372040,0.000000,572.342112,43.911843,88.130296,188.404025,879.130282,398.631457,357.691478,126.238925,0.000000,1198.911597,0.000000,486.545179,0.000000,429.769588,190.981540,0.000000,0.000000
2012-11-10 14:00:00,35.272328,357.041760,0.000000,135.268309,170.019764,113.322787,700.258464,193.090769,56.112990,267.575608,133.807790,236.938209,0.000000,46.768574,78.196250,171.377235,0.000000,745.353146,447.519688,93.800619,0.000000,1067.795689,0.000000,405.092100,0.000000,430.611342,202.658751,0.000000,0.000000
2012-11-10 15:00:00,38.604808,439.115782,0.000000,157.134471,0.000000,96.228313,677.266043,222.075883,0.000000,410.975990,131.512522,257.496365,0.000000,37.641539,0.000000,173.670999,546.288539,860.762622,594.616519,134.346912,0.000000,915.440282,0.000000,314.278912,0.000000,349.555747,150.987244,0.000000,0.000000
2012-11-10 16:00:00,31.484348,460.988005,0.000000,205.456820,128.071045,110.167051,541.872119,255.806896,0.000000,382.615198,104.595699,295.315358,730.034529,67.495846,184.114372,106.866813,725.560757,782.812147,435.766917,95.605153,10.983063,713.559510,0.000000,231.815819,0.000000,221.251519,137.065569,0.000000,366.190222
2012-11-10 17:00:00,26.049705,490.688684,693.840686,208.448910,122.658112,110.167051,626.113911,256.335149,97.819660,463.158618,105.701801,260.296491,1274.930618,48.254163,211.165208,90.141415,639.357271,624.618412,425.246228,111.606015,5.907046,416.734480,63.359957,230.265211,0.753497,128.721188,120.788745,116.765086,487.169005
2012-11-10 18:00:00,20.477890,499.264233,405.302112,177.964287,150.405962,120.601076,557.719585,211.037387,92.677352,411.817281,90.285514,270.614550,1274.509849,24.703227,218.455077,104.291344,611.743834,531.032973,429.664918,104.885653,4.132686,275.365826,33.312202,233.718837,1.217187,131.075510,114.075705,42.044011,526.021817
2012-11-10 19:00:00,20.419102,348.460080,297.018608,112.441860,115.878808,182.934217,637.790991,132.195510,103.147276,308.727137,48.115404,284.059294,1004.165650,18.484012,200.200281,95.534750,608.380659,853.645163,602.835450,77.284165,2.156184,245.716085,15.209357,254.652038,1.912722,174.219830,68.969592,23.095605,439.451715
2012-11-10 20:00:00,15.291464,315.412846,308.760192,132.952852,134.745244,148.650989,466.805176,196.642472,90.036708,251.137913,56.964214,258.420480,781.789138,16.305708,118.806787,107.563705,585.723480,1007.116697,570.010902,76.724135,1.617138,296.169788,5.712783,247.956233,19.223825,186.484206,42.025471,24.597177,385.321826
2012-11-10 21:00:00,14.344321,287.803764,402.692871,154.027570,79.039332,113.419214,466.805176,222.526907,28.468000,222.750772,69.476985,181.973042,653.664922,22.666987,56.210311,125.501089,617.054110,788.822221,597.154278,157.208473,1.190393,358.745484,6.009551,178.742754,30.526275,162.393469,25.978546,22.344819,332.700784
2012-11-10 22:00:00,19.295594,235.095516,383.340999,132.345761,97.590452,149.328524,472.921742,260.825307,31.154971,284.143058,70.825046,199.013473,501.556864,28.096961,45.968346,147.225927,504.653261,666.474285,607.674967,185.209982,1.572218,300.428866,4.303135,84.719554,11.630897,142.135349,16.184864,41.686494,397.958420
2012-11-10 23:00:00,17.649525,288.640403,338.766465,140.498121,63.115849,148.108962,536.311605,364.627176,34.976956,445.094074,69.476985,138.355792,523.016092,21.435771,39.401440,110.593668,539.524076,707.900867,528.559389,215.131595,1.078092,132.359064,6.751471,65.195997,9.524971,87.328922,19.403445,46.405720,388.339520
2012-11-11 00:00:00,17.917337,276.195400,237.658373,183.905102,53.183380,216.539910,534.643450,336.497661,27.101350,608.625738,51.779365,70.194069,340.823036,20.930658,126.759372,90.383812,610.504769,655.527364,479.532981,165.768934,1.864201,90.914951,5.416015,91.697288,0.000000,66.194775,31.036316,0.000000,319.309766
2012-11-11 01:00:00,27.120957,180.086512,264.620531,136.638759,0.000000,246.351412,692.006005,376.909076,0.000000,645.977239,38.748109,89.892182,307.371887,37.994037,50.968835,58.841892,542.002205,699.315047,647.863997,183.609896,1.437456,0.000000,4.599903,95.926218,0.000000,0.000000,26.990100,0.000000,307.804807
2012-11-11 02:00:00,28.838879,154.673607,274.187748,125.581037,0.000000,301.502691,909.144089,407.019542,0.000000,0.000000,37.296351,148.517517,261.087277,13.590721,0.000000,47.661326,533.859781,682.787343,681.319786,179.209659,1.572218,65.360479,5.861167,87.256912,0.000000,29.565905,35.312431,0.000000,330.437513
2012-11-11 03:00:00,25.363843,133.130157,0.000000,185.856465,0.000000,397.712538,1120.165607,444.921751,0.000000,0.000000,36.605038,260.765494,0.000000,12.990898,0.000000,43.086081,590.148710,813.291809,794.943222,155.768395,3.121975,119.254206,0.000000,128.277528,0.000000,27.923354,36.507904,0.000000,0.000000
2012-11-11 04:00:00,17.153091,147.457597,0.000000,148.607118,0.000000,344.458355,1317.007813,562.194091,0.000000,0.000000,50.396738,308.760102,0.000000,24.040265,0.000000,15.967908,548.551546,756.840041,910.460381,174.249392,3.616100,114.012263,0.000000,140.964317,0.000000,41.282763,40.324221,0.000000,0.000000
2012-11-11 05:00:00,15.800962,145.470580,0.000000,141.278666,0.000000,318.170030,1431.276382,617.264548,0.000000,63.712556,73.970521,309.854441,136.329215,36.904885,0.000000,4.302548,586.254507,937.571554,1083.420500,247.293328,6.378711,151.524919,0.000000,141.175763,0.000000,30.332428,52.049052,0.000000,0.000000
2012-11-11 06:00:00,7.113372,161.157558,365.076859,127.185490,126.389357,250.687630,1502.450965,580.550910,3.242897,463.837736,106.393114,317.202150,115.290756,27.291936,11.928876,4.726743,459.869931,885.841988,1245.859930,291.935734,8.242912,242.439870,7.122431,142.021549,0.000000,24.747757,45.290264,0.000000,315.914860
2012-11-11 07:00:00,3.170711,177.302338,502.215328,96.200945,0.000000,308.936560,1540.031887,587.034092,0.000000,0.000000,104.583771,325.701770,217.134075,23.509486,0.000000,3.815449,427.328524,805.172727,1278.168650,326.700646,10.130655,273.072819,22.379887,118.312640,0.000000,23.116096,31.528084,0.000000,387.237104
2012-11-11 08:00:00,3.724078,0.000000,722.265725,155.844105,0.000000,396.308612,1642.901052,123.630947,0.000000,0.000000,85.251900,408.254293,471.291141,13.890379,0.000000,7.284007,396.622431,910.963608,1184.036336,206.331447,18.144452,408.273140,35.922385,177.893871,0.000000,65.012553,30.066120,0.000000,373.871228
2012-11-11 09:00:00,6.131737,158.070083,528.388904,204.584819,0.000000,429.402234,1731.549701,0.000000,0.000000,0.000000,90.110956,613.234547,0.000000,8.376094,0.000000,10.450837,387.915754,1146.113529,1432.220126,125.359566,21.739127,522.092789,40.559358,171.503163,0.000000,74.932311,32.459969,0.000000,635.704114
2012-11-11 10:00:00,6.512435,0.000000,0.000000,256.825327,0.000000,490.694914,1954.314269,0.000000,0.000000,0.000000,91.043304,749.190142,0.000000,8.852293,0.000000,14.913659,623.744769,1294.036939,1816.564524,229.881797,23.649769,642.112898,76.351636,100.874531,0.000000,84.679103,54.403312,0.000000,88.642690
2012-11-11 11:00:00,4.860650,0.000000,0.000000,298.651846,0.000000,541.523932,1653.937094,0.000000,0.000000,0.000000,82.711743,803.376484,0.000000,14.857295,0.000000,21.809564,771.504969,1246.802501,1801.337074,369.469306,40.122977,667.507336,0.000000,87.795197,0.000000,107.481705,111.888870,0.000000,0.000000
2012-11-11 12:00:00,3.722300,0.000000,0.000000,311.438892,0.000000,513.941958,0.000000,0.000000,0.000000,0.000000,71.816184,912.444496,0.000000,16.160506,0.000000,31.947784,679.700682,1298.621192,1774.278652,327.303194,35.019485,716.135571,101.358167,63.780355,0.000000,118.364144,201.700022,0.000000,429.450438
2012-11-11 13:00:00,3.503589,0.000000,0.000000,0.000000,0.000000,601.532843,0.000000,0.000000,0.000000,0.000000,61.570208,1063.029913,0.000000,27.104556,0.000000,34.461173,605.549508,271.503096,1690.564419,436.843647,37.598934,999.736969,90.773926,85.627463,0.000000,142.283901,233.528651,0.000000,443.892365
2012-11-11 14:00:00,3.578582,0.000000,515.438472,0.000000,0.000000,622.218895,0.000000,0.000000,0.000000,0.000000,72.615637,1184.161513,0.000000,28.832921,0.000000,48.866440,757.566076,0.000000,1608.617311,447.902042,39.722955,1110.275939,78.639574,184.104515,0.000000,203.524624,226.225620,0.000000,1539.419292
2012-11-11 15:00:00,4.807327,0.000000,0.000000,0.000000,0.000000,490.467927,0.000000,0.000000,0.000000,0.000000,67.256749,1273.804820,0.000000,20.775134,0.000000,52.850260,1000.993267,0.000000,1489.172388,417.518508,33.741270,1199.565583,50.650089,264.689477,0.000000,276.085533,227.934137,0.000000,1512.308869
2012-11-11 16:00:00,5.702456,0.000000,0.000000,0.000000,0.000000,457.335542,0.000000,0.000000,0.000000,0.000000,31.938674,1256.770865,0.000000,13.259240,0.000000,46.358442,1073.206848,2.037687,1229.026828,394.581267,26.637858,1073.124048,41.399129,216.027815,0.000000,315.698159,276.292186,0.000000,338.743593
2012-11-11 17:00:00,5.689392,0.000000,579.574874,254.327617,0.000000,434.163874,1861.938215,0.000000,0.000000,0.000000,23.470086,1230.663049,0.000000,7.213658,0.000000,66.447100,947.884326,615.603301,865.852662,270.974605,39.507582,931.100151,63.730917,205.173563,0.000000,283.832684,290.499922,0.000000,1178.786790
2012-11-11 18:00:00,3.481568,0.000000,1207.796310,241.535350,0.000000,380.774184,1489.661782,0.000000,0.000000,0.000000,20.739398,1183.137444,0.000000,4.261899,0.000000,100.473590,883.984001,623.115893,656.280547,201.450858,41.214561,895.389413,81.017650,128.911868,0.000000,275.400926,307.374482,0.000000,1148.044031
2012-11-11 19:00:00,3.984534,537.540460,1207.321908,219.376541,0.000000,475.493457,1410.702479,0.000000,0.000000,0.000000,15.934771,1084.490545,0.000000,1.357494,0.000000,91.898794,964.700201,723.569989,736.237780,221.291927,41.484084,748.615005,76.269363,92.190663,0.000000,208.932393,278.637152,0.000000,1106.362130
2012-11-11 20:00:00,2.697725,304.118221,533.667227,185.769738,0.000000,506.795534,1616.719534,0.000000,0.000000,0.000000,9.712952,1174.070058,0.000000,0.836595,0.000000,136.105961,1233.400184,748.254221,857.856939,300.496196,34.993071,672.770640,50.747319,79.926768,0.000000,198.420071,319.329211,0.000000,1045.253822
2012-11-11 21:00:00,5.160298,230.389423,0.000000,180.999740,0.000000,512.486820,1586.414731,338.863689,0.000000,0.000000,6.809436,1134.673833,0.000000,1.578481,0.000000,172.192827,1352.881401,650.805163,904.989623,329.457757,35.936402,652.458111,0.000000,68.367694,0.000000,183.472864,344.158264,0.000000,180.678633
2012-11-11 22:00:00,4.833697,152.895749,0.000000,142.059211,0.000000,447.714557,1301.438373,740.479744,0.000000,457.358269,7.016830,990.846342,0.000000,1.057582,0.000000,135.651467,901.104224,532.750137,921.612311,289.535605,0.000000,561.215538,0.000000,50.606190,0.000000,126.640625,316.248569,0.000000,0.000000
2012-11-11 23:00:00,3.468504,131.143139,0.000000,88.895416,331.029755,384.161855,1070.677029,740.347681,0.000000,586.622308,8.192062,910.803217,0.000000,1.089152,0.000000,147.044130,0.000000,401.816380,941.601619,320.577278,0.000000,396.585761,0.000000,47.011600,0.000000,109.284344,288.936611,0.000000,0.000000
2012-11-12 00:00:00,4.271943,125.809567,0.000000,92.581324,301.284900,496.632522,1195.232550,723.443559,152.392977,526.859906,7.950103,969.897555,0.000000,1.783683,405.943273,0.000000,0.000000,326.690455,1069.112363,338.018218,0.000000,343.838708,0.000000,36.580240,0.000000,102.111874,277.211780,0.000000,0.000000
2012-11-12 01:00:00,3.279075,95.063089,0.000000,78.444784,320.414100,490.941235,1224.703275,702.181345,133.769485,408.285867,8.157497,992.722353,0.000000,2.004671,420.884491,0.000000,0.000000,320.251090,1286.259374,345.458619,0.000000,366.116966,0.000000,40.245312,0.000000,117.935108,219.783100,0.000000,0.000000
2012-11-12 02:00:00,4.722652,67.767747,0.000000,90.933506,275.376395,504.491918,1227.205507,663.222628,164.669657,414.941225,8.537719,0.000000,0.000000,1.688975,351.540367,0.000000,287.519774,294.708275,1372.739433,385.620784,0.000000,346.459680,0.000000,49.267029,0.000000,109.120089,198.678405,0.000000,0.000000
2012-11-12 03:00:00,3.004730,80.840229,0.000000,101.644320,321.465155,486.469510,1228.039584,561.533774,161.565742,383.701788,8.192062,0.000000,457.283693,1.231215,330.574464,0.000000,1051.965742,287.195682,1321.819301,357.139249,0.000000,506.994188,0.000000,85.353894,0.000000,155.275751,221.852188,0.000000,0.000000
2012-11-12 04:00:00,3.488100,53.754046,0.000000,107.498408,332.501232,549.886705,1257.232284,633.904543,167.773572,416.706932,6.913133,0.000000,0.000000,1.404848,502.880454,0.000000,743.313865,318.533926,1199.358487,321.937351,0.000000,431.313634,0.000000,47.786903,0.000000,154.837737,251.739011,0.000000,0.000000
2012-11-12 05:00:00,6.322998,30.432738,0.000000,110.620588,253.934874,512.622327,1246.111256,637.338192,156.122308,475.246922,4.908324,0.000000,0.000000,1.057582,455.827664,0.000000,1044.708365,444.745481,1304.565372,327.537653,0.000000,275.202015,0.000000,23.047666,0.000000,114.431001,225.760464,0.000000,0.000000
2012-11-12 06:00:00,5.486899,36.289210,0.000000,88.375053,253.724663,376.844486,1140.739509,587.550273,144.795334,436.808831,4.873759,711.477075,1133.972942,1.594266,279.726123,63.689833,990.189527,552.926814,1242.072482,249.773462,0.000000,187.563278,0.000000,13.673539,0.000000,72.107956,187.058737,0.000000,333.832419
2012-11-12 07:00:00,9.426611,50.198185,529.682917,46.292995,221.599350,443.179801,891.916774,628.285995,135.843342,411.605347,5.467156,695.621340,1033.646362,3.035695,279.509478,69.646281,965.229006,643.756164,1341.547347,284.819802,23.579863,201.484104,36.229558,20.186572,138.782418,91.189966,150.523394,72.136473,314.978150
2012-11-12 08:00:00,23.139856,31.400084,0.000000,63.558257,199.383146,547.349649,955.836965,699.753702,118.703304,358.561430,9.644288,738.059351,1132.711818,7.918423,244.847150,94.207996,1181.000769,595.705683,1406.792704,230.092871,0.000000,271.237299,0.000000,35.987660,144.249601,109.523296,151.479261,0.000000,412.805779
2012-11-12 09:00:00,20.819830,54.234400,0.000000,94.915098,257.935638,629.510483,1264.452186,688.665814,128.532150,311.239641,19.438913,835.270314,1040.314527,12.431116,185.969751,80.104014,1128.053898,704.445430,1342.864132,235.494191,0.000000,340.110969,0.000000,68.440244,0.000000,137.057964,151.487736,0.000000,0.000000
2012-11-12 10:00:00,20.259279,96.609239,0.000000,108.398966,259.935432,632.083177,992.462576,718.684124,136.885737,295.206387,31.194529,878.484665,391.124523,17.231527,151.532813,73.481145,882.479007,777.916811,1198.386474,246.529483,0.000000,386.500615,0.000000,87.530975,0.000000,107.368496,142.945132,0.000000,0.000000
2012-11-12 11:00:00,22.563985,127.407461,0.000000,135.891360,273.211181,672.344165,866.808441,692.094307,0.000000,316.340091,36.022839,916.368364,0.000000,23.712817,204.789641,86.179124,854.536378,805.908057,1158.201656,328.613949,0.000000,510.633369,0.000000,151.476395,0.000000,205.406930,145.042600,0.000000,0.000000
2012-11-12 12:00:00,23.209379,169.583504,0.000000,141.101544,243.440691,641.404692,893.048819,579.141630,0.000000,323.797406,34.092869,798.302931,0.000000,23.930235,244.153074,119.200038,1114.325865,815.858591,1079.353222,309.565099,0.000000,603.275022,0.000000,194.280904,0.000000,258.233012,157.530205,0.000000,0.000000
2012-11-12 13:00:00,21.196094,186.580249,0.000000,119.290435,259.973205,587.194555,892.318493,564.786895,0.000000,306.844094,30.394013,684.277479,0.000000,26.339010,212.775859,152.138194,1132.109674,802.779593,870.152743,314.936869,0.000000,582.254320,0.000000,215.930533,0.000000,244.412742,158.176344,0.000000,0.000000
2012-11-12 14:00:00,15.990363,166.609728,0.000000,84.734307,227.217769,497.144903,734.885934,505.326270,108.326764,281.157691,24.629022,572.850284,812.987003,26.208854,177.908278,109.611989,1133.881864,521.114361,545.501314,198.363717,0.000000,682.080204,0.000000,240.661703,0.000000,279.655627,156.480754,0.000000,596.908560
2012-11-12 15:00:00,13.695841,133.801427,877.494785,74.202661,223.205054,415.379422,619.388069,437.159965,113.768095,210.691095,18.739721,454.916274,664.480434,15.116759,151.364305,67.917047,1007.640199,460.729019,431.413980,164.402240,47.628916,668.482879,73.735810,263.459360,148.215479,286.142878,146.261515,159.640143,644.608996
2012-11-12 16:00:00,15.689918,57.937240,723.846958,41.845891,136.164168,523.462873,373.944587,377.569393,83.018153,132.971345,10.749922,575.309962,357.233034,2.935975,90.551015,11.422962,561.119200,326.690455,299.629208,159.528598,40.114009,350.391137,38.654025,159.783053,108.348956,148.158033,170.860669,177.328484,439.451715
2012-11-12 17:00:00,11.208950,62.329594,642.743048,43.190163,99.009376,563.979415,366.993944,367.268444,77.922173,149.949300,13.618872,722.733140,279.601121,2.730772,78.260658,2.333072,428.008273,315.314243,248.709076,150.008085,38.496871,326.966204,52.676311,122.497991,93.858635,114.595256,147.456988,213.580718,377.211773
2012-11-12 18:00:00,7.596742,104.998175,524.022580,31.525350,106.576971,468.989129,301.101850,297.142754,81.350378,138.268467,16.349559,803.401602,307.582271,2.052025,86.574723,13.634836,252.061117,253.067047,156.547845,74.083993,38.946076,384.791389,41.176553,136.664905,109.025171,136.276920,124.697022,143.757628,355.333490
2012-11-12 19:00:00,13.821759,124.659188,435.743257,22.332263,95.908764,534.709940,228.815164,228.205635,53.947901,128.896636,17.835883,817.159014,387.528416,0.978658,95.069529,18.694875,254.893264,160.125545,141.818881,53.602889,25.851749,454.247135,28.489723,150.831819,116.038486,167.868636,129.432934,99.818775,297.808695
2012-11-12 20:00:00,12.822360,101.860780,377.687644,15.871084,75.518298,515.332464,178.214483,208.792309,39.586502,119.524805,15.416286,813.719661,486.198788,0.868165,86.936204,17.058695,234.360196,113.976762,228.088526,97.525256,20.910494,441.961331,33.015434,164.928251,113.700714,166.773603,141.663542,79.690562,278.193682
2012-11-12 21:00:00,11.770704,72.160101,389.211792,10.233814,77.252538,439.448641,133.452343,229.526270,34.768484,105.127499,16.833478,663.951470,460.531868,0.773456,138.085779,12.725847,149.572783,106.034878,259.229764,98.725321,23.291280,346.623490,45.628072,149.633622,105.682737,148.979308,163.319994,69.322566,215.953740
2012-11-12 22:00:00,8.080112,37.962488,325.285386,6.677997,72.470238,414.650891,102.313463,300.180214,50.218570,90.458545,18.803721,510.118589,407.514952,1.136506,114.408767,8.059703,123.021402,62.891132,199.682667,36.881988,22.055967,274.710583,42.734585,142.444442,108.638762,134.086853,153.296413,57.131233,156.165674
2012-11-12 23:00:00,5.767776,18.092315,283.320092,7.718724,59.437157,472.783320,92.582563,292.388470,60.734821,73.344766,22.882470,570.619935,414.878412,1.310139,92.418667,10.089779,156.122124,53.661376,181.587083,48.962639,19.225975,257.838078,36.428266,149.986033,110.435562,130.692249,180.562392,39.970412,112.031897
2012-11-13 00:00:00,3.775509,12.235843,231.352708,9.149723,56.231440,468.582608,112.044363,196.114218,37.918727,65.602819,22.536813,687.714272,362.492649,1.168076,85.189045,10.362475,127.623641,63.105778,200.313909,72.243894,6.288870,224.256880,26.486539,146.884818,104.117782,108.955834,209.897458,43.688590,68.086725
2012-11-13 01:00:00,6.708387,11.085465,178.950450,7.718724,38.626269,484.978935,124.555520,127.573289,21.148319,50.118924,14.102791,720.388126,274.551890,1.373278,69.103136,17.088994,106.736554,65.037587,225.353147,112.406058,3.346577,193.460464,26.931691,119.749187,86.632796,180.680528,251.647051,56.380447,40.361660
2012-11-13 02:00:00,6.969668,9.830506,120.677399,6.851452,32.109729,446.766009,138.734832,146.986616,13.156895,35.993265,7.293355,658.323437,281.284197,2.162519,46.088840,21.058246,167.450714,83.282455,227.246871,115.366218,7.052519,177.407013,20.180221,83.944251,77.185107,181.939817,216.748438,45.118659,21.501071
2012-11-13 03:00:00,8.948871,8.993868,91.975747,5.420452,23.858947,460.994226,118.995006,122.819005,8.755821,30.017025,8.537719,667.390823,237.944972,2.620278,35.907122,35.571772,243.918693,100.668741,245.973697,67.763652,7.232201,200.012893,26.857499,115.308811,63.216438,171.865508,193.252797,44.153362,18.860589
2012-11-13 04:00:00,14.461898,8.680128,111.979929,5.160270,28.588694,484.301400,124.833546,92.576476,9.404400,26.213963,7.846406,642.064678,268.661122,2.241443,28.617254,18.967572,262.150642,113.976762,283.006520,71.523855,9.927431,255.544728,31.902554,147.307711,67.022562,199.515104,245.623707,65.640140,29.045307
2012-11-13 05:00:00,8.994595,8.889288,112.197366,6.287725,40.202852,423.187821,157.640581,88.086319,13.434857,24.991550,7.362486,602.355784,333.249191,1.815253,38.738724,21.027947,245.511776,106.464169,309.939483,111.686020,13.004485,318.448046,35.983114,203.834402,60.125169,229.792781,273.027625,26.384762,48.283107
2012-11-13 06:00:00,15.716046,6.065632,113.501986,8.499269,35.578210,423.729849,150.967963,82.407591,9.080111,19.286957,7.673577,699.283005,353.025343,1.294354,42.413782,35.632371,174.708091,69.115852,269.119211,116.566283,12.150996,279.133472,31.605787,273.541257,47.779416,196.887024,323.927184,20.449978,36.400936
2012-11-13 07:00:00,8.000747,17.132779,160.776198,9.072275,43.041948,494.474611,149.190290,89.496348,12.397040,34.526029,7.028437,859.163908,486.807629,3.132949,42.940491,24.710400,282.613428,97.537134,251.842936,163.281608,11.378069,268.026695,36.889934,300.623178,46.395559,167.693377,302.233210,27.954220,61.898795
2012-11-13 08:00:00,12.668796,47.001677,283.105848,25.134154,71.366965,580.343845,249.801331,130.799308,27.000405,111.061468,15.949732,928.355034,658.304699,9.937920,83.375462,37.214635,416.867944,215.308769,282.850650,219.354045,24.343091,309.989454,84.058800,345.191513,28.643580,149.383891,270.882104,54.984907,160.380294
2012-11-13 09:00:00,14.302859,86.097833,383.338582,49.181334,84.407677,518.985127,411.256283,177.978218,37.858355,185.694523,29.855858,954.667003,825.626522,18.171742,127.591479,28.433238,488.048628,388.560950,402.700763,248.235848,32.465412,297.403814,112.674698,339.443751,45.641539,118.941808,303.062244,48.547503,257.702255
2012-11-13 10:00:00,19.492735,124.830914,438.740499,67.482904,99.374064,495.495631,500.481846,223.116180,43.763234,225.717571,41.090314,876.916652,913.630710,24.208149,138.779022,52.355193,468.058446,444.245811,453.183337,195.071937,39.147330,301.068812,130.525301,231.855960,63.387979,101.881332,325.777394,57.761464,329.368680
2012-11-13 11:00:00,13.716741,173.034567,431.552189,81.679652,110.701510,465.871930,493.074303,251.704830,49.330649,245.358732,46.439665,751.276704,809.989654,27.597565,124.246666,44.862091,476.756852,446.471806,424.475989,184.384016,42.300730,304.501867,100.914206,196.299015,49.731256,103.614855,358.783786,70.418243,349.366961
2012-11-13 12:00:00,16.149448,189.898051,393.979177,92.003611,107.669257,435.715649,521.487663,251.973934,55.387407,250.036828,47.805874,877.850112,721.931150,28.269692,122.677894,36.934116,431.121826,450.843654,431.954204,196.694134,35.724578,302.824094,70.687260,175.517796,43.872703,101.923170,380.404904,64.256500,344.425171
2012-11-13 13:00:00,20.318660,175.750067,362.301841,91.803126,111.105282,449.697013,475.088035,232.691472,59.797792,232.416056,46.080880,871.898162,692.929932,25.429616,117.062029,30.945127,361.801532,425.567310,424.995729,204.670708,31.367038,273.673327,49.902061,157.049109,40.612175,94.617278,369.182829,46.763934,307.811146
2012-11-13 14:00:00,37.008999,147.995535,273.738920,66.787435,107.135842,440.297544,434.423761,188.919580,54.524584,188.002103,37.582920,794.622886,571.578539,21.772254,99.331292,14.955736,294.727264,383.382949,345.111403,166.136692,21.578724,221.893588,29.327840,129.467172,31.289347,79.411060,382.981261,28.038372,244.770314
2012-11-13 15:00:00,45.209704,104.144463,247.718276,48.945842,115.812433,407.287566,385.580240,130.140653,46.510077,134.790418,28.446792,831.148362,420.155064,14.778768,72.640676,9.199566,260.422551,258.954608,313.238848,114.676400,12.315381,170.945017,15.487850,85.256314,16.045879,54.427484,354.503703,13.003244,169.313871
2012-11-13 16:00:00,44.417752,17.360256,201.998746,14.700266,61.854583,432.808806,105.927797,13.734598,25.526229,24.312432,9.056204,928.937988,568.038394,2.351937,22.532322,31.814617,158.069226,50.441693,196.736875,51.442773,4.851414,49.798460,14.615821,27.699488,3.496997,19.874858,349.859750,9.938975,16.597318
2012-11-13 17:00:00,33.914260,18.196895,130.896927,26.408443,54.392093,458.961624,111.488312,21.922532,27.610948,33.955910,10.611659,871.250657,554.573780,1.957316,39.401440,39.813721,342.689833,64.393651,183.901635,38.882096,8.445054,28.830687,23.296284,43.346527,0.540972,25.131019,335.100258,13.692905,16.785924
2012-11-13 18:00:00,31.961186,12.131263,112.197366,18.299447,72.312580,431.860258,112.878440,23.243167,36.227788,31.239438,11.095578,894.857126,627.366849,1.831038,52.234019,64.477624,455.444700,59.456804,185.584945,23.841285,10.533858,29.813552,25.151084,32.069382,1.719518,15.330469,336.019852,4.576219,44.322383
2012-11-13 19:00:00,32.150614,18.196895,146.552373,12.792267,68.581335,408.959604,75.622995,33.147925,26.290626,40.203798,12.270811,859.212921,716.149146,1.973101,33.196014,96.201342,492.085607,52.588148,192.528599,14.720793,8.332753,41.280302,22.257596,21.778987,1.932043,12.045369,317.260123,2.574123,56.204554
2012-11-13 20:00:00,30.791954,23.112148,128.070249,15.090539,68.266019,401.777743,61.999734,35.657131,27.356149,54.193633,12.028851,841.234485,685.853765,1.357494,20.303188,144.862556,457.922829,64.393651,155.074948,12.560677,9.792670,38.659331,21.960828,22.906701,0.830778,12.428630,291.879313,2.681378,82.986590
2012-11-13 21:00:00,23.064571,21.857190,134.375915,15.610902,46.929603,360.854681,51.712783,32.091417,15.681721,59.762402,11.614063,837.482464,771.480293,1.341709,12.230110,218.884565,346.230017,75.555217,122.039986,20.321095,11.050444,50.617513,22.628556,35.170597,0.792138,14.947207,260.842997,2.073599,130.138062
2012-11-13 22:00:00,26.036641,19.556433,193.518712,12.228540,54.970174,388.362567,49.488577,24.167611,12.346171,53.786162,15.623680,827.946076,756.122218,1.957316,8.193572,182.343205,372.604390,87.360719,110.256815,17.120923,9.702829,50.126081,18.399613,31.364560,0.444370,17.630039,250.083741,1.251310,192.755216
2012-11-13 23:00:00,31.797885,20.288492,194.605896,9.886905,62.485216,393.918347,58.663426,24.167611,17.465315,69.270057,23.781177,803.245268,753.597603,2.225658,21.086397,163.133236,429.601356,93.800085,116.358815,35.841932,9.163782,74.042447,18.102845,23.752487,1.004662,38.709434,289.718266,2.609875,211.427199
2012-11-14 00:00:00,37.193336,20.915971,151.335982,9.062996,63.956693,350.014135,47.542397,20.469834,11.952390,88.964485,32.906512,764.787047,619.793003,2.620278,31.750090,119.592660,431.902475,74.052698,93.423714,19.041026,8.534895,145.627733,19.512493,32.210346,1.526314,83.824815,242.405126,3.360661,223.309369
2012-11-14 01:00:00,38.904725,22.798409,112.197366,9.756814,67.635386,321.151180,44.206089,21.658405,10.076143,116.129214,30.141259,802.463596,507.026863,4.356607,40.847364,112.108650,407.121186,50.227048,60.388752,8.400453,10.870762,206.401511,29.083259,44.756171,0.734176,117.551847,239.738302,6.721322,215.953740
2012-11-14 02:00:00,29.211204,41.309043,90.018817,10.580723,71.839605,317.763510,44.484114,23.771420,7.203863,110.832092,30.072128,740.555242,267.819584,6.598050,35.726382,125.076894,268.699983,68.471915,70.488613,13.520729,12.083615,261.114293,33.757354,53.073065,0.695535,181.501803,242.451106,6.292301,222.177734
2012-11-14 03:00:00,26.833548,39.426606,70.449509,7.198361,60.330554,322.235235,47.542397,29.186022,5.582415,109.881326,26.926652,728.517506,251.199201,9.170974,36.750578,102.533966,247.281868,63.749714,70.488613,9.280500,10.488937,332.044336,28.267147,68.367694,0.714856,222.018043,258.635970,4.039943,256.504006
2012-11-14 04:00:00,28.375105,38.171647,67.187957,7.631997,68.423677,337.547507,36.421369,23.111103,4.794854,119.253157,27.306875,722.107803,322.940346,10.307481,26.327873,96.655836,278.081471,67.613333,62.913717,10.720578,7.883548,365.297913,23.667244,58.429709,1.081944,214.900325,297.304921,2.931640,278.948106
2012-11-14 05:00:00,31.164279,28.654881,60.447418,12.965722,65.270512,354.214846,34.475189,27.337133,5.003326,80.407596,33.424997,703.816698,324.202654,6.266569,25.303677,102.140070,295.251364,91.224339,63.334545,11.440617,6.378711,344.330140,18.102845,60.967067,0.966021,207.618352,295.051915,5.219750,264.236847
2012-11-14 06:00:00,41.602451,25.308325,81.321346,14.786994,63.851588,385.245910,33.363086,37.902209,6.786919,56.638459,36.328513,676.145540,404.779952,3.488443,28.255772,116.805094,348.885155,127.070137,76.801026,14.240768,7.254661,227.533095,27.599419,56.808620,0.598933,155.987523,249.623943,5.362757,302.146630
2012-11-14 07:00:00,38.296304,27.915889,101.679830,19.735709,71.460478,426.792389,52.375056,49.957400,9.916423,55.221741,36.301386,800.509012,458.315564,5.714597,37.064299,108.774168,441.140923,124.213541,82.893532,21.013376,11.718437,190.297535,43.790358,47.153499,3.020782,123.001033,219.985087,4.979841,297.661548
2012-11-14 08:00:00,30.944127,63.735987,136.849202,47.307738,102.965503,518.683734,168.190114,88.092219,21.041538,105.202662,34.702929,879.280741,469.134886,11.622907,65.466675,107.306740,266.806738,179.304794,137.161047,49.188816,26.001920,250.198080,68.460878,90.472975,7.815835,142.200608,243.876829,8.683225,294.194915
2012-11-14 09:00:00,32.108227,114.734541,133.270827,91.047418,114.823834,497.885047,309.131192,163.739233,35.128225,168.604817,39.031004,875.724340,609.880566,20.280220,85.476870,50.362582,126.916841,296.068509,217.749568,84.585554,33.675287,311.163683,92.523418,172.368867,13.477516,193.562495,246.965812,16.260491,345.000977
2012-11-14 10:00:00,37.764593,166.820274,130.437776,153.547910,124.573893,499.266314,437.973034,219.882974,40.430026,211.474380,47.936065,856.825117,604.371365,26.980228,100.955140,71.484430,136.687799,358.459356,265.642348,99.504561,37.186987,378.761732,109.924624,240.046645,18.214918,194.778265,236.587485,20.096877,379.344361
2012-11-14 11:00:00,39.067830,188.798538,102.735605,144.218926,178.222473,433.808034,467.317628,255.092400,57.365506,264.002018,52.183620,769.752868,659.742004,31.227487,100.743162,84.689658,197.183695,375.062406,297.235171,111.671862,34.094729,519.698057,128.978451,182.303806,18.444849,238.284222,235.814863,27.692730,631.225086
2012-11-14 12:00:00,40.530657,195.530035,117.633740,144.287189,377.182514,359.605913,458.528285,276.820201,66.359718,280.169010,48.331313,720.622475,765.203849,32.100223,269.924050,111.820984,243.037481,390.032171,308.849848,125.478367,31.606624,641.483612,174.286198,204.156029,21.391154,285.330163,171.943806,37.726411,697.319667
2012-11-14 13:00:00,36.532826,200.054262,187.654445,120.698536,337.574758,338.444298,423.833365,289.031690,69.376716,309.141529,44.276209,723.979217,709.780356,31.634235,352.583106,135.172889,299.700562,399.995735,292.288066,132.742665,37.622868,768.631710,139.913924,240.561858,24.835300,418.460637,162.853489,34.626142,880.392278
2012-11-14 14:00:00,29.496156,266.735049,135.951536,92.858388,367.220593,296.921227,362.697160,296.044044,71.600788,399.973234,33.908525,666.823844,643.572632,27.149906,410.043970,73.390559,311.709519,318.610784,235.249421,129.198109,30.847065,835.033577,110.331150,316.234267,20.173050,474.258631,189.729277,28.995709,837.010160
2012-11-14 15:00:00,16.958580,304.518006,146.406556,66.151958,284.548079,223.035217,269.960492,295.001541,66.168184,447.674724,23.645225,604.587482,792.280474,20.611360,353.412897,68.956409,346.790569,222.203192,177.741873,86.936749,17.257389,704.699565,50.889699,366.818371,12.723008,464.921043,191.689486,18.403972,730.981139
2012-11-14 16:00:00,10.457768,237.396273,119.807652,20.814536,148.724275,196.755913,37.811497,191.888188,46.234440,343.497990,9.470992,557.487860,694.269148,10.070709,253.097015,75.627889,329.237133,112.044952,65.228269,23.921289,3.009674,520.426668,9.199806,255.286378,3.496997,359.718506,177.389791,2.145103,738.580651
2012-11-14 17:00:00,13.188153,215.434503,140.681581,13.963085,136.742248,175.481341,30.860854,141.439951,25.039795,400.000625,17.075438,563.741229,548.893396,8.302810,168.028464,82.869502,288.348005,183.307259,95.317438,14.000755,4.065305,376.764663,6.380511,177.192146,4.366417,305.350093,190.402054,1.144055,528.285088
2012-11-14 18:00:00,12.254074,169.314787,135.028225,6.244361,85.345661,166.944411,20.851929,154.382169,24.437542,394.431855,19.495034,571.714275,320.205347,3.788354,175.438826,95.807447,355.965524,226.880296,97.631989,6.560354,4.312368,252.759946,4.377327,182.901201,2.473015,229.081009,186.631716,1.716082,342.696896
2012-11-14 19:00:00,8.347925,153.836968,130.896927,6.287725,110.098005,199.872570,18.905749,149.759948,15.797539,358.166943,16.038468,504.646891,323.571500,7.245228,142.724787,77.567066,371.896353,225.163132,64.386613,5.440293,3.436418,294.040248,3.783791,172.822252,1.217187,211.560473,169.941075,2.252358,321.761642
2012-11-14 20:00:00,5.767776,151.954531,117.850721,7.805451,90.285620,201.498652,26.134417,161.249468,15.403759,453.922610,12.167114,431.326137,187.031901,9.470886,172.667471,71.295042,525.717357,255.642793,89.636266,3.600194,3.571180,333.518632,4.970863,196.292811,1.081944,196.175252,175.182764,1.751834,284.794888
2012-11-14 21:00:00,5.094977,102.174519,124.808697,6.070906,66.269014,286.054912,43.928063,208.660245,10.747886,430.832591,11.717760,461.029641,159.050750,7.955544,167.004267,50.842788,634.578022,253.067047,97.842403,2.960160,4.132686,324.345232,3.561215,158.796303,2.511656,204.278500,155.641379,3.575171,241.226929
2012-11-14 22:00:00,10.588408,92.134853,140.681581,6.287725,49.504688,266.812943,53.936989,266.900225,2.339518,435.993890,12.374508,600.010770,124.126908,11.349278,82.718925,44.570763,598.999171,214.645502,109.835988,6.480349,4.110226,325.655718,4.451519,159.007749,2.743501,215.721600,169.159419,3.753930,219.160040
2012-11-14 23:00:00,12.711316,155.091926,141.986201,5.116907,43.828991,200.550104,83.685740,276.672920,2.270028,517.352251,15.070630,517.622632,156.526135,18.910202,74.947081,60.932566,585.900489,272.385143,153.391638,18.641005,2.762611,320.086153,7.864351,163.941500,4.018649,248.244095,158.813981,2.216606,163.521304
2012-11-15 00:00:00,12.789700,209.578031,53.272005,9.930268,40.938590,155.968358,148.465732,265.843718,5.119144,456.774907,15.934771,266.393526,143.482291,22.730126,64.705116,67.113692,496.510837,274.102307,198.420185,21.921181,1.976502,278.314419,10.906222,144.629389,2.569617,225.467398,170.676750,2.180854,149.187256
2012-11-15 01:00:00,11.045650,208.113913,19.786745,16.478175,36.313948,158.814001,203.792849,283.011966,10.446760,449.440430,16.695216,215.272233,104.140372,22.556493,108.022601,43.449677,386.234099,280.541672,208.309632,21.201143,1.841741,257.182835,10.312686,150.690855,2.279810,187.141226,138.077123,3.360661,116.935650
2012-11-15 02:00:00,12.802764,193.786473,29.571399,29.877533,32.950572,177.378437,249.945118,297.538945,18.808800,462.207852,16.487822,356.911044,109.189602,24.466455,159.834892,33.087202,365.701030,284.405291,237.767560,24.481319,1.504837,300.756488,10.683646,123.132331,1.796800,159.272623,126.628171,1.573075,99.206696
2012-11-15 03:00:00,14.977927,187.930001,54.359189,60.882519,26.381479,173.177725,341.693604,278.653872,15.843866,470.357271,15.589114,392.867917,147.900367,21.246354,139.953432,35.814169,392.429421,331.412656,383.163474,39.842147,1.594678,340.726304,8.086927,134.973333,1.854761,159.327375,117.846043,1.287062,89.210584
2012-11-15 04:00:00,18.047978,141.810285,68.927451,78.574875,10.195233,145.534332,476.536076,258.844355,3.057588,443.192543,15.312589,471.035031,339.560729,15.248126,120.192465,63.386837,500.228031,368.975619,484.582911,28.881557,1.123013,226.877852,5.416015,73.583373,1.159226,118.646880,100.649625,1.179806,82.986590
2012-11-15 05:00:00,13.749907,169.001047,130.896927,77.750966,41.411565,133.338718,525.190576,247.751025,12.323007,613.243742,16.868044,480.415085,481.570327,10.023354,249.783438,98.292017,851.237297,374.341756,536.765526,30.961669,1.280234,123.185664,4.748287,20.016933,1.429712,56.229970,88.740875,2.967392,82.797984
2012-11-15 06:00:00,8.870486,284.143469,77.842358,105.807227,93.701548,104.204750,680.328925,265.843718,28.143710,753.685387,15.347155,295.471692,321.257270,11.949101,346.479632,62.811144,790.700146,385.717968,450.285467,26.321419,1.954042,161.681184,2.745104,36.016383,1.352430,64.552225,54.118140,3.217654,68.841149
2012-11-15 07:00:00,5.149112,176.436799,72.639961,129.918204,92.577624,89.097778,918.500760,295.061534,25.672258,827.155836,17.355280,190.057472,214.940967,15.738259,250.743772,30.234215,585.554871,372.591191,461.025798,24.389489,5.818475,108.211558,16.264303,59.026816,1.566815,25.950269,47.853093,3.394042,92.679196
2012-11-15 08:00:00,6.618010,305.453677,156.961878,124.880544,78.887617,68.117412,1181.430371,320.939795,21.695337,853.912714,24.992340,145.064094,217.035125,24.192826,185.945616,21.640579,500.884562,452.048378,531.822668,52.890392,17.001425,101.774475,54.047701,41.975545,7.292862,31.074881,67.198070,11.330672,189.508384
2012-11-15 09:00:00,9.473543,436.709864,257.338154,195.256424,84.597569,63.077996,1530.587857,412.021365,17.513016,797.985695,34.172195,198.501753,285.114877,30.777350,188.173994,24.335979,440.429806,552.114081,715.996797,96.693029,28.479932,209.930369,90.717960,59.090661,20.180829,68.840012,92.708385,26.034904,318.501393
2012-11-15 10:00:00,9.961033,410.191319,314.662709,194.838315,83.474489,115.868963,1469.763202,485.293540,17.844128,664.852367,42.960660,250.797227,392.507186,37.709614,269.741923,33.257986,489.697415,580.945187,708.297294,134.173252,35.698450,292.524473,114.742082,55.436802,14.600798,147.711997,103.635474,33.306322,335.205718
2012-11-15 11:00:00,10.160440,514.975591,336.384838,208.726370,93.893500,162.677657,1980.720727,480.148964,46.454892,614.782541,37.394040,286.404557,473.689948,0.000000,322.335700,36.338189,562.939207,789.394132,799.916163,166.509809,38.203028,0.000000,122.381631,46.042754,12.854179,158.295653,105.628474,40.000774,413.000971
2012-11-15 12:00:00,9.954994,701.947660,374.353878,254.891824,128.604826,162.422746,2241.699647,524.098446,66.905006,550.021961,27.051989,286.965262,456.116448,0.000000,305.880995,45.731288,691.507064,1242.990256,1022.031245,196.966538,37.136142,0.000000,120.600402,0.000000,19.983081,0.000000,106.642342,46.245971,357.595982
2012-11-15 13:00:00,8.840443,715.715274,321.393840,190.908528,103.696769,163.316533,1534.414070,626.305694,55.804996,469.584982,0.000000,266.130070,461.427593,0.000000,315.109945,39.915174,739.904694,1579.871503,1288.678572,248.100775,32.505537,0.000000,106.011140,0.000000,29.462549,0.000000,86.953396,44.685670,281.791945
2012-11-15 14:00:00,7.418285,677.047219,235.761385,190.324033,99.491229,139.284151,983.799670,748.421527,64.896049,431.456926,19.036878,228.466524,510.004703,0.000000,334.852622,38.619689,541.322220,1477.909643,1303.916079,281.224205,24.851793,0.000000,80.411952,0.000000,26.910095,0.000000,63.973014,39.328801,230.230675
2012-11-15 15:00:00,5.434073,496.382414,134.494575,97.052148,60.542014,95.448341,554.005661,750.281565,52.302903,414.423901,15.451347,153.772489,379.973369,20.494136,314.580629,40.986590,406.911944,1287.373633,1100.618335,270.831730,4.815867,171.435186,23.598696,66.121267,16.519034,77.399307,21.564492,25.302530,133.598781
2012-11-15 16:00:00,0.718522,320.537259,41.747857,59.668338,30.638252,23.713695,338.913347,554.666475,33.888270,333.718687,11.786891,54.560646,180.720363,9.912860,213.334094,16.846597,312.421258,1074.944676,747.179296,213.611513,1.302695,97.795002,9.348190,38.130848,7.419044,39.202199,18.207972,4.075695,51.489407
2012-11-15 17:00:00,0.365793,220.977236,41.530420,30.744805,32.214834,19.783997,296.097387,425.508424,25.201939,287.946120,14.241054,43.304581,196.078438,11.696544,169.474388,5.938728,299.676595,801.915597,439.554365,130.007007,1.527297,87.802548,6.603087,41.443509,7.689530,59.679326,14.621554,4.111447,62.428548
2012-11-15 18:00:00,0.333133,175.380419,42.400167,81.610328,36.681818,20.868051,324.734035,416.660173,28.166873,264.991925,11.579497,36.738544,280.653044,11.349278,170.920312,2.878465,332.069280,580.616084,326.982998,95.045123,1.931582,110.244617,5.119247,49.126064,6.221178,58.310534,11.678851,3.682426,63.182972
2012-11-15 19:00:00,0.333133,162.830836,43.704788,55.331976,38.258400,25.339777,386.455744,410.057001,53.924738,244.890026,14.552145,37.989218,233.737280,15.184987,222.250628,1.969476,264.628771,459.556021,340.239065,72.323898,2.268485,157.422105,5.341823,66.394193,3.902726,98.498264,9.241925,3.146151,71.293025
2012-11-15 20:00:00,0.313537,110.018009,71.319256,63.614427,56.021229,29.540488,501.280365,393.549070,78.061154,234.567429,18.907418,32.204851,204.704206,18.089392,261.652068,2.151274,206.215731,418.558730,365.278304,41.362229,2.021423,190.184250,5.341823,84.578590,3.748163,102.057123,7.402736,2.717130,91.851067
2012-11-15 21:00:00,0.646670,99.560023,122.416893,112.788769,79.512307,26.423831,699.790725,391.832245,70.440347,227.640423,18.630893,23.606469,164.941519,17.284367,225.503958,2.817866,200.197418,445.389417,379.165613,28.081514,1.325155,205.254836,3.338639,92.190663,4.772146,95.322667,4.689932,3.825433,117.878679
2012-11-15 22:00:00,0.803439,98.095905,128.939996,97.307958,91.126464,18.564435,634.732708,418.376998,62.194124,256.435035,17.905014,24.075471,176.723056,18.626075,238.216043,2.060375,245.157758,508.280550,365.909545,33.441802,1.796820,234.085523,2.819296,92.402110,5.003991,80.156452,5.977365,4.969488,126.365944
2012-11-15 23:00:00,0.718522,93.076072,136.332846,100.907138,92.545388,17.073860,473.199767,462.618253,58.603774,266.757632,42.619464,30.328840,140.116137,25.855518,201.766699,1.939177,286.754922,603.583153,418.092160,56.003018,1.774360,432.951741,2.819296,154.003516,4.559621,147.555765,5.011790,2.466868,162.389668
2012-11-16 00:00:00,1.580749,109.285950,177.645829,85.946690,90.075409,40.516541,360.599353,406.095098,63.908227,201.698108,41.720756,65.504042,182.403440,29.722796,188.030418,1.605881,233.652159,614.959364,462.279052,48.562617,1.751900,485.534984,2.225760,182.548790,5.583603,167.759133,5.655507,1.966344,121.273585
2012-11-16 01:00:00,1.521961,138.463729,198.302321,80.699692,84.452265,43.091171,365.325790,305.858942,83.249789,173.175143,37.365483,67.380053,249.516124,22.051379,210.321752,1.484682,180.195377,680.640888,585.581521,55.122971,4.918795,463.748157,5.861167,131.660672,5.023311,142.409107,4.827871,2.931640,79.968896
2012-11-16 02:00:00,2.220888,119.639355,237.658373,67.647243,86.817138,31.979611,361.433430,253.429754,93.488076,165.569019,38.298756,75.665767,228.688050,19.131189,176.161788,1.424083,179.487340,604.012444,514.882494,38.162057,6.670695,391.343818,5.490207,92.684038,3.844765,128.447430,4.460034,3.432164,78.837261
2012-11-16 03:00:00,1.345597,97.468426,334.417729,71.463242,95.593447,26.423831,442.616939,205.226596,81.072415,151.850831,49.498031,108.652289,220.272666,19.431101,196.645717,3.454158,252.415135,622.257311,555.913179,35.041889,3.661021,386.101875,6.603087,61.601406,2.859423,116.292558,4.643953,2.145103,87.701737
2012-11-16 04:00:00,0.594414,95.063089,406.171859,64.438336,84.084396,42.955664,671.988154,201.925010,51.237766,171.409436,70.444823,132.884094,200.075745,21.198999,186.102518,2.030076,268.699983,590.704423,587.896072,25.521376,3.369038,326.638582,6.751471,25.021166,2.357092,80.046949,5.931385,2.216606,71.293025
2012-11-16 05:00:00,1.711390,102.801998,429.220155,58.410793,52.079772,38.619446,784.588568,217.508496,29.533523,186.078389,83.614341,123.973043,164.520750,21.783037,161.100076,2.726967,238.608417,552.712169,560.752696,24.961345,1.527297,214.592047,5.045055,8.598823,1.333109,56.777487,11.448952,2.538371,49.791954
2012-11-16 06:00:00,2.847962,130.829400,330.286431,84.342236,38.468611,16.938353,869.108386,239.563092,21.773734,189.473980,42.757726,82.700807,169.990749,23.329949,143.869477,12.301652,249.051960,562.156571,543.919594,26.881449,1.572218,179.700363,4.377327,6.484359,1.313789,55.353944,11.311013,2.359613,50.357772
2012-11-16 07:00:00,3.836745,154.568225,221.391131,94.238497,50.055777,47.684872,1032.819816,300.217169,21.928428,207.703541,31.086323,97.581306,210.088761,28.160519,125.057115,20.506468,441.032842,567.858533,635.335022,31.688536,6.225973,141.528007,14.934387,11.702350,3.051819,56.036448,10.540479,6.087346,60.774398
2012-11-16 08:00:00,4.891104,147.794035,272.143271,101.603894,46.975959,101.457778,1342.433936,330.284414,25.679468,277.154445,42.354510,140.147438,208.458539,37.954768,139.964616,10.257326,534.654168,691.693713,773.947712,71.828532,18.131961,175.042679,48.175040,25.337919,10.924725,82.739525,15.272461,16.103363,89.232041
2012-11-16 09:00:00,7.994288,173.721447,435.892877,132.586478,54.041499,151.070989,1509.806890,395.254286,29.390986,301.214376,54.204954,216.298002,271.923335,43.943446,148.783024,15.309267,451.747898,746.360767,922.848882,102.527552,31.008081,245.829492,86.276433,49.202352,20.237994,138.695546,24.295963,26.687242,170.445765
2012-11-16 10:00:00,10.001142,199.184416,665.911681,160.274427,65.580734,190.605908,1894.894627,508.635042,42.084530,306.656990,52.093307,306.667210,384.039385,47.005941,158.958394,20.812278,510.849337,781.754059,1076.249749,121.913998,38.718829,312.470512,113.337871,59.826960,20.644707,139.820993,35.702191,15.232000,183.568947
2012-11-16 11:00:00,11.777305,271.169878,956.258183,192.597190,55.732467,213.690064,2119.102631,653.718675,34.559497,312.044915,42.945444,401.898626,535.570614,49.624931,138.327948,14.773495,708.169155,1252.023633,1215.157760,214.824305,43.919734,409.124103,122.759477,64.582858,21.767692,131.098169,32.699027,17.069183,216.214878
2012-11-16 12:00:00,12.042971,345.101124,974.868676,231.613492,73.356158,208.465965,2328.534803,715.144304,34.281858,313.447794,52.421548,394.919304,657.328678,37.550091,119.656428,23.117545,901.731014,1516.902323,1309.901525,330.496925,41.916931,474.713208,120.235241,96.071710,26.265805,144.863421,29.636911,23.913902,266.466570
2012-11-16 13:00:00,9.674153,366.845633,786.694385,265.863836,97.143520,172.686799,2417.041405,634.640251,27.390807,330.067944,45.664588,337.614430,766.039518,32.058167,99.959743,25.687982,944.512647,1678.709382,1574.146009,485.309394,37.689842,419.976877,105.297333,125.611654,22.862632,143.894588,26.799946,25.722893,282.745246
2012-11-16 14:00:00,6.915319,376.562289,595.707980,246.401850,108.431468,136.339083,2283.143832,493.563312,22.418500,332.323109,42.711417,265.083247,654.739755,24.071020,95.256873,19.790632,817.042911,1521.388904,1620.174636,511.583625,30.802522,314.164633,79.510672,96.137274,16.633635,106.003907,21.438724,21.132404,263.019145
2012-11-16 15:00:00,0.946127,324.050210,412.507875,313.110946,80.609389,101.333979,2219.649786,491.212525,12.492006,279.449608,30.518019,224.933667,525.463194,16.855974,76.382791,15.830746,717.103604,1406.876050,1524.964752,422.734090,8.355213,248.663544,6.141782,51.590630,16.113898,60.560130,10.805236,17.542887,206.004489
2012-11-16 16:00:00,0.666266,250.050436,236.353753,331.644947,56.862072,84.691767,2327.631288,499.992208,7.504989,304.788252,14.102791,146.485172,420.138027,7.655633,84.586577,5.423635,555.985932,1220.688972,1464.059009,391.941124,6.872837,173.147934,2.745104,14.448842,11.341091,32.796253,11.127094,6.399556,126.177338
2012-11-16 17:00:00,1.064720,216.689462,177.210955,260.528615,58.911630,65.043277,2314.564079,517.820773,7.458662,406.655983,11.337538,113.342316,383.531108,8.302810,102.359397,3.090563,556.870978,1251.597924,1462.165285,335.458080,8.826879,229.007391,5.564399,35.382044,10.916041,74.407527,14.575574,4.933736,133.721573
2012-11-16 18:00:00,0.888355,199.224626,153.727786,333.509583,64.009246,40.787555,1892.243018,475.824597,11.326975,366.859656,7.258789,68.318058,373.853417,7.355721,132.543069,1.424083,540.586131,1519.904802,1579.996996,355.379154,9.635448,274.710583,5.490207,96.349111,12.442355,120.563189,17.058479,5.076743,111.843291
2012-11-16 19:00:00,0.738119,249.736696,140.029270,326.094404,70.000259,41.465089,1392.074756,490.219513,19.387889,403.667863,6.567476,68.943395,485.988404,8.965772,181.343017,1.514982,563.066301,1429.324400,1605.246648,506.827317,8.512435,341.709169,4.377327,157.245695,12.365073,173.070045,20.093141,5.362757,82.609378
2012-11-16 20:00:00,1.972671,270.338928,183.299185,305.670140,75.465745,59.351990,1127.672301,495.634114,32.660602,400.815566,9.782083,123.191372,645.459923,7.213658,224.720749,2.030076,643.428483,1533.856760,1429.761564,537.628977,7.569105,289.781169,7.122431,128.911868,11.263809,164.090771,16.506722,9.402700,94.114337
2012-11-16 21:00:00,9.713117,301.503725,295.496550,305.540050,104.579967,118.432967,886.067954,472.258884,74.100187,393.209442,13.549740,204.016169,727.089144,10.133848,276.834274,2.939065,682.901537,1634.954792,1047.650159,511.867588,7.950929,297.316463,9.570766,118.480508,10.123904,126.640625,24.139357,6.292301,150.696103
2012-11-16 22:00:00,7.348525,342.708188,340.940832,276.746608,105.893786,119.652528,794.875520,643.809301,79.080350,400.408095,10.922750,224.495953,704.788378,15.974227,243.156285,4.090451,654.226045,1642.252739,930.449689,445.624018,16.800268,279.133472,8.383695,74.429159,12.171869,88.807217,39.772465,6.328053,209.352534
2012-11-16 23:00:00,6.407914,366.447815,232.657328,245.047803,220.616433,67.482400,791.539211,601.813125,135.205625,377.182253,7.362486,172.436654,691.744533,24.782151,271.412057,2.908765,520.938109,1409.577014,985.788511,556.830012,21.202477,356.288323,6.454703,92.895485,15.881391,128.666437,79.131112,15.873759,214.444893
2012-11-17 00:00:00,3.847361,300.562506,246.138407,248.733711,170.270901,78.729467,1018.130169,601.152808,108.243256,339.830751,11.199275,196.668460,588.445699,0.000000,294.305860,3.181462,384.995034,1273.491766,1048.070986,535.868882,16.485824,445.445780,3.932175,118.762437,31.144529,202.964460,83.683105,10.475251,210.106957
2012-11-17 01:00:00,5.780840,336.642556,227.873719,248.256711,127.755728,123.311213,913.870526,671.938815,88.229951,358.846061,11.026447,250.603769,557.098395,0.000000,215.201747,3.696555,329.414142,1191.282538,1125.082426,437.783595,16.643046,0.000000,3.338639,144.629389,47.141842,261.822511,76.878105,4.862233,148.055621
2012-11-17 02:00:00,12.985661,314.053308,237.006063,246.565530,124.602564,104.340257,1041.484329,609.472805,78.501261,317.419850,7.846406,229.654982,548.683012,0.000000,251.831831,2.363372,287.816977,1023.429755,986.630166,312.736856,22.460251,206.479315,4.451519,136.030566,33.578902,296.644576,79.590909,5.291253,120.519161
2012-11-17 03:00:00,12.985661,304.431961,263.968221,288.237966,122.447901,92.551163,1229.151687,557.835998,87.419227,330.323096,7.673577,205.266842,540.688397,0.000000,234.540985,2.151274,296.844447,1003.897015,865.431834,281.455170,21.090176,0.000000,6.157935,163.166197,24.247136,294.673516,84.280841,4.254454,131.269697
2012-11-17 04:00:00,10.771305,326.707470,268.316956,301.767415,129.437416,103.527216,1198.290833,637.734383,85.010218,293.107419,9.298164,226.215629,541.740320,0.000000,249.602698,2.120974,275.426333,964.831533,737.289849,361.539486,13.318929,0.000000,3.783791,179.165647,19.880720,339.679393,75.682632,3.110399,155.788462
2012-11-17 05:00:00,3.612208,223.696312,293.974493,288.758330,152.455520,98.648970,1023.968709,570.249962,72.478739,280.339996,9.125335,234.032341,478.624943,46.170568,216.768165,1.666480,305.517899,949.591703,597.785519,276.574907,14.352101,630.671284,4.970863,186.002416,13.601581,293.852241,54.531957,2.824385,167.482027
2012-11-17 06:00:00,1.169232,172.138443,225.481915,302.331142,154.137208,41.058569,1184.389547,502.633477,79.265659,213.786412,8.295759,143.045819,360.599188,27.607632,205.261017,3.726855,326.581995,1014.199999,507.518012,255.933794,15.475113,500.769381,8.012735,116.507008,23.918689,225.412647,30.898377,4.790729,190.869157
2012-11-17 07:00:00,1.228809,211.239924,198.891813,318.356448,154.989420,42.659309,1233.513698,505.365799,65.221582,283.287265,7.431618,123.646636,316.215968,15.231625,158.513287,5.765663,363.865966,1092.212330,551.580837,239.428744,12.927434,318.376143,9.297297,100.709610,28.304871,157.012674,28.835199,11.982586,220.194806
2012-11-17 08:00:00,1.900974,150.731246,366.158340,188.292820,120.063297,88.385560,1278.727878,359.632634,33.650314,212.937064,8.942283,155.549001,402.977371,20.989578,111.385284,8.104572,428.145882,1232.118060,672.842054,165.305634,16.561247,327.343438,20.872283,81.425141,23.539278,146.417480,38.905927,26.096279,183.651068
2012-11-17 09:00:00,3.544841,141.052829,420.479142,119.913542,93.688933,89.114633,1448.521435,253.293912,39.556194,194.550827,8.913498,152.087808,491.778022,18.846799,130.142109,11.469142,424.814703,1318.571519,756.753572,151.211788,24.388183,332.049025,36.303130,76.828357,24.260997,107.620474,50.478468,22.856819,185.468293
2012-11-17 10:00:00,3.588186,182.049521,432.549843,71.613983,134.976727,106.907151,1529.188535,215.681912,30.695806,167.104405,12.417227,186.549931,628.572787,23.061409,132.098429,16.023772,342.584602,1384.975770,864.030235,300.693210,33.917099,229.766776,46.651852,46.307320,16.716970,96.323710,59.714710,26.930094,201.248408
2012-11-17 11:00:00,5.637605,159.729348,441.826790,24.896189,53.311151,123.355876,1631.038332,179.314423,25.883075,142.022527,25.593286,211.417815,667.614765,21.396161,125.708732,20.988409,295.831196,1301.489454,872.973246,275.670556,42.805607,347.336923,43.078417,54.762376,16.054426,105.639824,77.280702,34.884188,252.985648
2012-11-17 12:00:00,6.634237,142.516948,436.325927,62.288038,61.048764,132.931871,1711.609750,181.907955,22.155667,140.503350,37.738477,225.061684,663.585599,12.149732,92.620683,21.727293,289.116580,1212.671900,989.142337,290.232560,36.610903,296.162020,38.696948,72.435740,26.307965,115.466011,74.099763,34.538896,179.290628
2012-11-17 13:00:00,7.321841,159.879029,359.362114,129.130644,58.738387,133.086277,1449.498080,176.185727,16.962765,150.927080,31.502311,203.801322,512.490558,11.524883,89.378410,21.331178,276.195279,1023.981277,966.508749,306.742061,31.463790,251.413114,31.284583,55.563845,47.336814,71.252868,60.949904,40.400929,149.134744
2012-11-17 14:00:00,4.448421,117.683647,279.735802,231.636337,44.893177,139.551412,1361.127412,135.679387,12.089481,130.487375,39.717194,196.132615,277.047737,10.047356,71.871550,16.463445,203.652874,859.845319,1048.721273,344.007713,23.470197,227.107739,23.249481,42.970459,39.360794,38.362050,76.005074,45.335988,119.331328
2012-11-17 15:00:00,3.553420,97.395958,158.943234,292.866207,29.097463,107.970270,1524.295630,84.013457,8.786146,105.466821,66.840485,152.829431,139.943340,6.892245,51.101479,8.235031,153.924644,725.028620,935.254019,336.829820,6.356251,190.049590,4.896671,22.540568,26.122606,39.325534,51.589255,35.644779,77.041887
2012-11-17 16:00:00,2.260080,116.920279,99.368597,306.147140,10.930971,86.182342,1368.998622,61.541566,2.223701,73.344766,130.243422,94.894877,57.014224,12.375291,36.931319,3.423859,87.442550,577.611047,848.809147,372.500077,3.638561,118.107531,5.119247,14.378360,27.995299,60.883863,45.381992,25.669728,44.888201
2012-11-17 17:00:00,2.051055,63.898292,70.884382,313.085319,4.361878,70.734564,1279.752367,35.260940,2.663808,44.550154,149.565628,66.442047,36.606919,9.865506,52.475006,7.423411,88.150587,512.358814,670.588684,365.059676,2.066343,82.560604,4.674095,14.660289,28.265785,15.111462,41.657634,22.559329,38.475601
2012-11-17 18:00:00,2.005331,50.302911,40.878110,293.528328,3.678692,58.538949,1304.774681,25.752372,2.293191,28.115494,199.340184,44.711589,14.937306,7.387291,30.786140,6.514422,81.247228,470.288296,515.092908,286.575446,2.133724,63.067128,5.193439,8.810270,15.823430,14.728201,44.324458,20.020958,33.949060
2012-11-17 19:00:00,5.068849,61.597535,43.269914,233.122808,9.301836,92.009136,1564.172674,26.676816,2.200537,27.708023,196.332972,46.743934,5.890769,8.097607,11.025173,5.241837,44.252303,308.016296,433.452365,313.376890,2.964753,49.798460,4.599903,12.686789,9.756816,10.731328,49.704086,18.841151,41.116083
2012-11-17 20:00:00,5.460771,30.537318,28.049341,240.971623,6.884410,97.971436,1633.957128,42.920620,1.019196,27.572199,199.409316,39.865228,5.680384,6.266569,2.952096,2.575469,38.942026,283.117418,411.990161,302.656312,3.324117,37.512656,3.783791,11.277145,5.912051,4.489637,32.047870,7.543611,20.935253
2012-11-17 21:00:00,4.187026,21.334291,16.090320,271.022610,4.204220,92.144642,1799.938480,66.295850,1.088687,30.152848,225.437261,47.212937,7.784230,3.677861,3.675058,2.272473,18.408958,303.508740,427.350366,280.575122,4.671732,36.693602,4.377327,7.471109,6.568945,3.504107,40.508140,8.079887,15.654289
2012-11-17 22:00:00,9.634733,19.242694,13.481079,224.450085,4.046562,75.883823,1883.346195,84.652669,1.343486,28.930436,193.602284,62.690026,13.885383,5.287911,3.132836,2.575469,15.576811,385.503322,542.867526,214.251548,3.683481,36.529791,4.748287,7.753037,4.656223,4.544389,49.152329,11.440547,22.444100
2012-11-17 23:00:00,11.045650,6.588531,11.306711,257.363070,7.357385,55.151279,1836.359849,120.970117,1.042360,30.152848,134.149342,142.420482,29.033073,11.128291,2.711108,2.726967,18.408958,492.611428,621.141448,145.287831,1.729439,47.668920,3.709599,16.986200,6.646227,5.967933,84.602700,8.294397,35.646513
2012-11-18 00:00:00,18.263535,4.915253,14.568263,243.443349,7.409937,68.972975,1933.112798,168.248831,1.250832,33.005145,117.626955,203.390832,34.713457,28.460012,4.157033,7.726407,21.595124,640.072888,643.024480,95.365140,1.123013,56.187078,4.748287,42.853152,4.115251,16.261248,100.465706,7.865376,29.045307
2012-11-18 01:00:00,16.192884,5.333573,18.047251,210.400273,7.515043,87.401904,1995.946609,203.641834,2.802789,50.933866,100.897173,163.681938,23.352690,55.404682,6.145179,8.877793,29.029511,625.476994,659.015926,62.003342,1.010711,38.659331,4.748287,67.099015,3.149230,12.592885,97.385064,7.114590,10.750536
2012-11-18 02:00:00,11.581276,9.203027,33.050387,198.388551,5.938460,77.645412,1870.278986,303.877990,2.547990,48.081569,90.631171,161.024256,23.352690,73.446719,5.964438,5.029739,19.648022,499.480084,687.211372,45.362445,0.741188,51.600378,4.080559,92.684038,5.873410,8.541261,108.006381,3.396412,10.561930
2012-11-18 03:00:00,7.537954,28.550301,36.094501,241.491986,9.249284,76.832371,1628.396614,366.211937,2.293191,66.553584,69.960904,126.630725,28.612304,60.976719,9.699743,4.484346,13.983728,411.260783,747.810537,23.761281,0.673808,226.877852,5.786975,131.096815,0.985342,22.174428,96.649388,3.932688,13.391018
2012-11-18 04:00:00,4.062918,34.825092,33.485260,231.735172,19.129200,105.559818,1563.338597,468.032854,3.891476,109.066384,50.673263,114.280321,39.552303,44.055404,16.748624,1.787678,15.399801,377.132148,886.052384,10.720578,1.639598,489.302630,6.380511,136.171530,2.086606,113.171713,122.627935,4.075695,15.842894
2012-11-18 05:00:00,3.187627,31.164797,38.268869,212.438363,17.973040,108.676475,1328.684893,566.155995,6.462630,109.609679,40.303564,113.185982,54.699994,29.091404,17.230599,1.636180,26.374372,309.518814,942.443274,15.360828,2.964753,494.380763,6.751471,111.432292,3.728842,182.377830,126.996009,6.542563,18.860589
2012-11-18 06:00:00,3.194159,83.350145,57.620740,147.349573,19.286858,84.827274,1338.971844,530.630928,4.540055,115.178448,47.769748,105.056602,79.314991,26.455341,30.364412,1.817978,29.029511,230.099979,934.868378,53.042859,4.694193,626.084584,6.009551,122.568473,12.944686,167.540126,129.984691,8.544659,42.247719
2012-11-18 07:00:00,7.463248,164.533378,91.292028,88.797891,21.923994,110.226536,1316.748872,472.263861,5.134403,150.669744,32.180633,140.035623,88.520675,17.461260,53.833272,5.666497,37.133149,182.555176,781.878570,77.378130,7.308469,638.935096,13.788889,111.441244,47.986602,222.564681,68.908673,14.010953,119.470050
2012-11-18 08:00:00,9.442957,258.381430,146.053316,154.622970,39.194485,139.041493,1084.359277,460.888620,10.245772,172.393281,25.874659,196.928051,135.018022,28.765221,58.422291,19.430399,62.795039,182.619738,765.611628,139.441014,16.394182,720.776444,34.492441,138.406400,66.020111,265.506156,72.771900,20.818398,267.071992
2012-11-18 09:00:00,10.170432,288.814168,252.072322,181.687255,49.539309,156.794819,1161.446393,466.367551,17.583348,209.889990,32.722802,236.362699,259.919088,44.675759,69.536596,32.409174,99.829865,304.197622,809.298089,183.811037,20.288286,755.341994,53.629782,169.975228,79.811418,335.785644,103.793857,32.586000,362.796788
2012-11-18 10:00:00,10.945304,323.300562,532.060154,148.644054,91.928729,236.048381,1213.055121,451.289004,36.993367,196.521645,38.243882,294.340603,359.430417,39.159403,75.015991,39.826982,118.087014,382.784842,963.235761,207.685955,25.210185,673.575181,71.148515,178.132862,80.708706,297.727767,175.041472,52.655159,503.637609
2012-11-18 11:00:00,18.630645,342.290893,722.603033,132.292699,136.412045,421.682962,1477.084561,422.785971,110.083960,215.366442,43.818959,462.428165,418.381411,42.240019,78.043973,42.671681,122.196026,384.163789,996.952284,232.885201,27.604749,519.337614,60.977740,169.072880,82.387601,257.421632,189.139758,71.613320,519.253073
2012-11-18 12:00:00,26.653341,229.034631,748.790279,130.195873,157.998610,475.175302,1650.023754,481.004019,115.416248,179.233372,44.514743,667.774342,458.119723,42.510707,82.759876,44.621409,148.874515,423.276756,999.253453,188.740298,22.825401,444.502523,62.236467,175.279098,86.537637,196.993282,247.291031,85.374311,420.349227
2012-11-18 13:00:00,42.615703,176.545396,694.024895,134.215954,145.259356,545.135157,1551.866624,416.874267,87.498661,171.418537,40.312857,761.078703,415.441306,49.056490,116.487391,37.247961,165.196172,381.758654,862.291695,183.758490,20.338097,355.280093,57.488749,123.161010,86.662782,130.629093,264.229985,130.667112,404.600570
2012-11-18 14:00:00,19.285525,117.319334,790.183227,135.581846,129.161821,531.854630,1513.568214,268.291368,75.638827,147.257378,32.007019,783.786759,427.532326,57.189137,130.215768,25.660707,144.340210,379.142761,862.198616,158.478833,19.168094,335.734257,36.582864,83.226545,98.636606,110.080785,209.973904,190.280731,355.911291
2012-11-18 15:00:00,7.916811,93.913078,762.257853,166.400898,95.984569,361.599107,1458.485293,209.403602,65.679698,161.115275,21.955922,622.056511,454.254690,39.554068,107.296908,16.834081,105.743677,294.475965,759.746636,117.684435,7.950929,251.771599,13.725518,61.854416,87.187480,91.811339,215.966782,203.863986,354.094196
2012-11-18 16:00:00,11.012990,33.360974,685.360652,168.901291,65.060301,438.771106,1117.663375,100.764410,48.458141,87.606249,5.081153,718.355781,357.233034,14.427316,47.595011,1.908877,44.606321,141.666032,624.087241,91.924954,7.636485,164.957398,10.461070,44.756171,84.217742,65.154493,199.230161,194.382049,341.376654
2012-11-18 17:00:00,12.868084,21.438870,660.790299,168.424291,58.806524,518.584628,924.157477,71.710451,42.829399,70.492470,4.770062,811.999984,335.353037,8.744785,54.161918,1.757379,53.102763,144.027132,575.902487,84.404549,6.738075,162.991670,6.454703,58.500191,74.441606,64.497473,171.274487,178.794304,343.262713
2012-11-18 18:00:00,9.484497,26.458704,746.677817,141.972484,62.380111,443.649352,795.709597,37.506019,29.301887,54.736928,3.352869,815.126669,339.771113,2.494000,106.395936,3.908653,47.084450,148.320042,504.993047,64.403471,7.052519,183.468010,6.825663,88.737037,52.648164,71.560439,173.021716,175.254884,353.824643
2012-11-18 19:00:00,3.050454,31.478537,831.478152,107.281590,70.525787,479.694168,805.440497,25.620309,25.503065,40.611269,2.696122,788.080847,277.076506,1.799468,94.165826,4.969140,41.243146,139.519577,572.325453,85.924631,5.727364,157.749726,6.974047,73.512891,38.679495,58.091527,137.847225,195.025580,325.345154
2012-11-18 20:00:00,1.619942,18.301475,558.595024,96.700867,59.279499,473.596361,549.934865,20.205707,34.560012,34.091734,3.629395,748.059285,244.887663,1.894177,72.838441,6.544721,47.792487,111.186370,463.541534,105.685696,4.694193,89.113033,7.345007,45.108581,37.211143,26.007046,98.534557,159.238118,208.786716
2012-11-18 21:00:00,3.514228,7.111430,386.167677,70.465879,25.488082,506.389013,425.657370,17.696502,24.947140,28.522965,5.150284,683.336914,174.829595,1.594266,58.138210,6.302324,38.942026,71.906243,421.037953,91.844950,3.346577,32.598334,6.306319,38.130848,29.521613,16.808764,121.064624,116.121555,85.061255
2012-11-18 22:00:00,4.010662,5.228993,290.495505,65.869335,10.773313,465.330445,303.326055,15.187296,6.068849,18.336192,8.987073,602.981120,73.003453,2.351937,33.738236,4.393447,30.622594,39.280127,339.607824,61.123294,2.425707,27.028769,4.525711,29.884435,15.282458,10.840832,140.468069,119.196202,32.063001
2012-11-18 23:00:00,4.983933,6.274791,211.131089,73.067696,6.831857,476.848525,188.223409,15.055233,2.409009,15.348072,16.280428,537.946081,31.347304,3.362164,14.398997,6.272024,29.560538,28.333206,278.587831,44.482397,1.819280,28.175444,5.045055,12.968717,10.916041,3.066094,110.581246,143.435862,15.277077
2012-11-19 00:00:00,9.138299,4.706094,179.602760,53.033704,5.255275,488.502112,204.348901,14.526979,2.385845,15.755542,31.316492,495.735840,20.828074,2.446645,8.494806,11.665360,30.091566,54.519958,247.446593,20.001078,1.706979,14.415344,5.341823,6.907252,13.041288,2.299570,83.545166,155.341182,11.693565
2012-11-19 01:00:00,5.865756,7.529750,118.285595,49.651342,3.048059,423.865355,248.554989,14.130789,1.273995,14.261482,45.004495,412.253361,10.939999,1.909962,6.868141,13.331839,26.551382,77.057735,248.077834,10.720578,2.425707,17.855369,5.416015,2.325911,11.457013,2.190067,65.429153,101.856623,16.031500
2012-11-19 02:00:00,2.586681,9.830506,93.932678,55.418703,3.521034,427.795053,324.734035,14.262852,0.880215,16.570484,72.276803,353.159023,13.043845,2.825481,2.409874,14.483226,29.914557,96.161185,282.796106,5.600302,1.706979,19.984908,4.228943,3.312661,7.612248,1.697302,70.073105,73.398261,24.518765
2012-11-19 03:00:00,2.423380,7.111430,93.715241,41.412255,4.624642,362.751776,320.007598,12.413964,1.690939,16.570484,85.273493,265.924523,25.456535,4.751228,6.145179,27.815065,33.454741,72.979471,323.195550,4.400237,1.123013,23.588744,4.748287,4.440376,8.191861,2.628080,62.302531,65.890402,31.308577
2012-11-19 04:00:00,4.533224,8.366388,99.586034,43.406981,3.994009,290.391131,284.420307,12.149837,1.065523,17.113779,82.093452,143.827490,26.087689,5.145848,10.663692,31.966115,24.427271,44.431619,292.054312,5.840315,0.898410,37.512656,4.451519,6.202430,6.317780,3.339852,40.186282,58.096529,31.497183
2012-11-19 05:00:00,4.245815,10.457986,88.714196,33.736894,3.626140,228.871031,205.461004,12.942218,0.486434,13.174893,81.125613,101.617249,23.773459,5.556253,8.012831,18.270680,22.303161,45.719492,251.654868,6.560354,1.100552,59.463293,4.525711,6.907252,3.651561,4.872899,41.979492,45.547679,46.962866
2012-11-19 06:00:00,5.336662,10.248826,72.841313,16.131266,4.099114,165.453836,197.676284,10.433012,1.065523,9.915126,92.013798,76.603772,29.664227,6.014012,7.771844,23.239820,21.772133,51.085630,229.561423,4.080220,1.414996,86.328251,4.303135,5.990983,2.859423,4.161127,48.830471,30.960981,50.734983
2012-11-19 07:00:00,5.403008,14.040266,97.115935,8.400418,9.062947,173.438000,191.166404,16.306103,3.001369,15.266843,126.959684,100.054947,56.889874,7.042471,6.725617,25.924986,39.586574,58.963704,244.554457,11.138787,5.118258,97.250644,10.666924,7.365804,2.842786,7.113286,48.330835,37.841327,57.831594
2012-11-19 08:00:00,11.423682,50.713861,208.283781,18.420886,34.430121,232.678638,206.938702,39.351683,14.060775,61.801654,156.635154,183.480792,160.585554,14.197605,18.181516,35.355067,95.766807,101.223109,289.057983,24.341450,16.984106,171.106880,37.702889,26.010327,11.449141,29.072414,47.896175,58.869843,135.798220
2012-11-19 09:00:00,16.239920,87.476564,335.688674,30.438903,63.676553,260.537956,333.274018,85.319534,25.563797,137.666410,170.616394,245.492605,257.757256,22.003926,41.297346,43.293087,162.559564,179.657247,348.638933,45.092664,29.628179,299.861087,72.672893,55.903765,21.124470,58.144141,52.006911,64.930893,256.080085
2012-11-19 10:00:00,15.164443,125.716157,423.158492,47.312489,83.479405,271.223343,409.894476,156.041586,30.229272,195.445770,198.517298,280.435234,316.053024,29.811338,33.461976,46.377455,195.100481,278.992735,325.526433,73.679424,37.283709,401.255586,97.177064,100.111968,28.038622,83.257700,64.947958,71.636945,376.239676
2012-11-19 11:00:00,15.433884,129.189260,438.122025,40.986843,94.822915,247.632378,481.646406,214.875255,34.094110,217.675731,243.726814,288.735728,338.401652,29.394280,29.854775,48.141262,138.751021,326.195126,336.816986,100.654575,39.624528,445.751063,110.006221,129.056232,31.695482,94.841176,72.773903,73.520010,394.449426
2012-11-19 12:00:00,14.392785,134.210114,387.172784,46.566990,105.880959,225.893841,574.827700,230.898616,37.525386,220.038854,266.543194,276.671404,343.133174,26.734346,37.321895,50.063249,142.231542,341.109020,349.226094,118.475013,38.479306,462.855852,112.966911,153.517919,31.450693,104.994650,67.559776,72.319396,481.487818
2012-11-19 13:00:00,13.577955,162.355014,418.419188,43.154256,104.639716,218.153202,530.020625,223.506380,37.138443,206.247020,250.021997,240.243168,315.965517,22.961656,55.289583,47.588319,177.847082,321.780288,318.474661,122.632229,33.960892,465.526204,103.668216,176.297919,28.407624,105.896620,55.819997,73.379523,616.287456
2012-11-19 14:00:00,11.366517,145.880730,383.628850,48.193506,94.124691,190.930076,445.425035,196.607275,31.904257,167.901626,228.931060,181.263262,250.919236,18.168151,67.807264,34.661537,161.203521,270.503975,272.637967,108.693717,25.490727,410.282205,77.945495,141.374033,21.392475,88.128918,36.836845,70.681554,562.454620
2012-11-19 15:00:00,6.074781,98.349658,266.700676,36.708225,67.735801,135.303346,363.173233,160.272038,23.403622,115.467348,209.089672,141.785595,189.251296,11.983645,45.907554,27.043155,110.200161,229.692864,244.984584,102.376017,1.033172,326.449518,10.906222,121.303831,13.132513,63.642118,16.966520,56.055113,480.361434
2012-11-19 16:00:00,4.428711,17.673996,131.766674,17.605629,35.315446,51.628101,174.044098,60.485058,9.821344,25.399021,209.018570,63.315363,169.780364,1.546911,13.314554,26.815177,35.047824,102.171259,148.131294,55.442988,1.100552,205.582458,15.357741,58.711638,0.772817,27.978106,18.345911,23.667632,283.097435
2012-11-19 17:00:00,7.858023,11.190045,138.724650,21.725172,17.079643,35.502789,159.864786,45.958079,5.651906,35.721618,220.390674,44.555255,221.114205,2.857051,17.411340,40.662110,45.845386,49.797757,112.781781,39.202113,1.167933,184.942306,8.977230,22.342844,1.333109,9.910053,15.817026,21.594033,220.480281
2012-11-19 18:00:00,13.273070,4.915253,125.895881,25.107535,7.462490,42.820157,146.519552,56.787282,3.103915,26.893081,236.014354,46.587600,136.118830,3.930418,17.712574,37.147353,32.215676,31.982180,56.390890,22.481212,1.774360,142.679140,8.977230,19.805487,1.004662,6.789208,7.310777,12.656105,152.016344
2012-11-19 19:00:00,16.264736,10.353406,140.899017,14.266630,5.307827,37.128871,99.811232,44.769508,2.501663,15.619719,236.463707,73.008085,130.859215,7.781911,16.808871,30.390534,29.029511,44.002328,51.551374,16.080867,1.370075,140.058168,7.938543,34.677222,0.618254,12.045369,4.919831,9.331196,90.719431
2012-11-19 20:00:00,16.088371,12.863322,145.682626,11.101086,4.046562,44.717253,62.555786,40.939668,2.733299,17.113779,238.537647,107.401615,105.402680,10.307481,9.699743,28.814953,31.507640,66.540106,64.176200,10.320556,1.302695,129.082850,7.493391,27.769970,0.792138,10.950335,4.827871,12.084078,48.283107
2012-11-19 21:00:00,14.514154,19.347273,163.295003,11.361268,6.463988,54.880265,60.887632,46.750460,4.818018,24.855726,248.146902,113.811319,108.979218,12.943544,11.446901,17.573788,44.075294,54.734603,69.015716,12.480673,1.123013,162.991670,7.048239,28.192863,1.275148,11.716858,5.241689,8.365900,41.493295
2012-11-19 22:00:00,16.290864,23.844207,181.342254,12.315267,6.569093,78.458453,57.829349,46.618397,3.752495,21.460135,264.047107,112.716979,78.683837,13.132962,11.687889,21.300644,43.721275,37.133672,61.651234,5.520298,2.313406,212.790129,7.270815,27.417560,1.333109,11.716858,7.310777,12.262837,40.738871
2012-11-19 23:00:00,14.383513,15.477819,199.389505,14.873721,4.151667,130.222061,39.479652,38.562526,2.571154,12.903246,278.772080,111.466305,53.858455,22.146088,7.591103,14.452926,28.675492,13.308021,39.347375,3.360181,1.639598,291.746898,8.828846,27.206113,1.178546,15.823234,6.988919,10.689761,55.261525
2012-11-20 00:00:00,17.721377,8.052649,195.910516,22.072081,3.888903,131.712636,40.035703,52.165061,2.710135,8.692713,284.302586,72.070079,40.183457,37.552062,5.843944,15.543713,20.710078,14.166603,33.034962,3.520190,1.325155,321.232828,4.970863,30.871185,1.584275,18.834576,9.471824,12.084078,57.524795
2012-11-20 01:00:00,11.711916,9.516767,228.091156,23.329626,3.731245,89.163492,36.143343,80.030449,1.227668,11.545010,272.930483,41.897573,43.970379,41.214138,5.843944,15.301316,25.312317,13.093376,29.457928,4.160224,0.875950,266.847668,2.745104,26.078399,0.946701,13.195154,7.678615,12.012575,62.617154
2012-11-20 02:00:00,12.815828,14.013701,200.911562,36.382075,5.045064,52.034622,28.080597,112.782183,1.505631,20.509370,273.898322,26.889487,47.967687,44.986707,10.663692,19.603864,38.056980,19.747386,27.774618,4.400237,1.549757,260.459050,2.596720,21.778987,0.830778,11.607355,6.299223,7.043087,56.958978
2012-11-20 03:00:00,13.658459,23.425888,193.518712,57.890429,3.994009,40.787555,27.246520,156.891374,1.273995,36.944031,262.595349,25.169811,36.186150,44.671011,8.494806,30.299635,30.445584,25.328169,25.249652,6.480349,1.886661,260.131428,3.857983,19.735004,0.483011,11.114590,7.494696,6.149294,49.037530
2012-11-20 04:00:00,15.213080,34.406773,164.164750,76.319967,2.522532,37.535391,28.914674,196.906599,0.996033,57.317577,261.420117,23.137466,31.768073,33.984695,8.615299,23.694315,23.896244,26.401397,26.932963,8.480457,1.347615,218.523505,4.154751,16.704272,0.560292,10.840832,11.540912,3.217654,36.400936
2012-11-20 05:00:00,17.100835,45.073918,127.417939,95.790231,3.783798,31.437584,36.699394,207.471674,1.019196,64.923701,255.440257,27.202156,32.399227,41.419340,14.700231,21.179445,15.045783,34.987217,27.353790,9.520513,1.751900,178.553688,4.154751,14.096432,0.734176,7.008214,7.954493,3.217654,16.785924
2012-11-20 06:00:00,17.603800,47.165515,112.849676,106.457681,4.519536,27.101365,38.645574,252.901500,2.339518,77.962770,251.084983,31.423180,24.404612,37.962467,22.170841,26.512181,16.284847,45.504847,26.512135,9.360505,1.684519,132.195254,6.157935,4.863269,0.598933,3.832617,10.667297,4.182950,17.351742
2012-11-20 07:00:00,12.098577,20.973479,109.127609,99.474774,6.319166,50.212043,49.346918,274.483045,1.873354,69.065137,236.048919,56.617446,45.424428,34.748557,8.703673,36.575678,37.022720,81.293128,38.471913,13.980068,4.733330,90.505597,17.155073,6.274978,2.158589,3.572041,22.593543,6.071828,30.657605
2012-11-20 08:00:00,11.293101,45.449108,253.684514,90.813865,20.099942,113.531308,148.467162,307.198839,7.540083,87.034425,240.771086,114.845774,150.698506,35.110682,12.198032,39.676391,121.358290,167.411514,95.355756,40.455847,17.475865,139.668478,54.480530,8.133090,10.182999,8.511116,41.759236,22.547253,117.427242
2012-11-20 09:00:00,15.252951,97.753414,422.056586,106.897193,32.656859,173.710292,268.213790,260.724303,10.865515,126.425936,258.588481,183.590981,258.225593,46.408938,26.309586,63.015591,210.533265,206.218316,142.348748,72.999661,31.180130,230.520448,96.041092,11.242126,19.496295,17.470599,56.124736,42.087621,222.476383
2012-11-20 10:00:00,17.505578,148.086393,481.022767,109.882981,42.581480,211.560396,390.558331,204.173594,12.646683,204.703955,281.386374,228.922166,322.457643,47.328345,53.667627,60.098813,270.548163,215.154790,179.068633,96.474659,36.985111,339.125248,117.340511,25.806750,25.525254,32.718540,67.323419,47.812560,326.746751
2012-11-20 11:00:00,18.739679,178.746901,473.704421,115.173838,66.149573,215.527459,424.661502,192.315255,20.542722,259.503819,292.131275,246.686646,346.881489,71.881138,88.923849,58.256626,302.880325,273.744329,215.885198,105.338150,38.907696,379.865193,123.557261,27.577756,30.182731,46.880693,78.808280,53.854698,399.218532
2012-11-20 12:00:00,15.256612,242.404725,446.596597,151.135897,91.242429,212.208723,501.043710,221.155038,25.699012,243.805241,282.980169,249.304508,394.316827,75.569187,97.192509,72.808379,309.516009,305.608626,222.910171,100.002551,35.750644,391.936201,116.429238,29.081048,30.255240,44.829664,74.213548,56.896338,515.267353
2012-11-20 13:00:00,12.222535,200.586283,423.236180,143.713610,108.953328,184.840640,513.378858,269.049279,28.208532,205.685051,245.511887,217.019788,383.135170,56.051110,83.658031,78.513887,287.922118,323.834469,203.694041,94.988127,33.587390,411.998954,103.021974,28.421624,26.258891,33.151472,62.845774,52.583704,552.631585
2012-11-20 14:00:00,10.281298,146.986662,356.506612,130.437506,89.424572,138.884502,522.324478,277.726205,18.568551,176.234447,251.885161,169.142051,295.511233,43.550224,54.394793,74.178458,226.245087,344.849955,180.287792,85.567633,25.233398,312.495196,80.514619,21.352160,11.565616,33.840319,46.385709,39.820668,400.799233
2012-11-20 15:00:00,1.730986,145.006649,237.017600,173.773248,56.147900,86.375825,500.751333,307.721379,8.578967,178.203462,254.355071,108.876528,163.538425,38.763119,27.030866,58.891688,135.884040,314.267534,150.443936,69.177904,1.774360,265.318961,8.532079,25.198036,4.994054,31.483245,9.563783,24.242129,269.068873
2012-11-20 16:00:00,4.422179,201.211643,115.241480,182.474103,29.114222,8.672437,378.671024,328.837982,0.833888,149.134358,273.483534,14.382749,40.183457,47.054517,7.530856,30.178437,13.452700,252.637756,112.150539,66.163566,1.055632,261.441914,3.783791,14.801253,1.468352,20.258120,8.184392,3.503668,224.252399
2012-11-20 17:00:00,7.544486,225.474170,85.235208,187.244101,31.636754,6.368821,313.334981,270.598002,1.158177,120.475570,268.056724,13.288409,27.981151,56.478049,18.736770,23.058022,14.691765,257.359957,155.074948,82.484446,1.347615,202.470054,4.080559,11.629556,1.217187,12.045369,5.471588,3.968440,224.063793
2012-11-20 18:00:00,6.610407,223.173413,63.926406,198.735459,39.362008,8.401423,324.177984,336.101471,5.258125,121.018865,251.326943,12.194070,17.882690,49.548517,36.148110,15.089218,12.390645,227.953524,141.608467,88.804786,1.145473,180.191796,3.190255,16.210896,3.033307,10.402818,12.552466,8.866424,257.635641
2012-11-20 19:00:00,5.153766,228.925305,79.146979,194.615916,55.180385,12.602135,377.558921,515.707758,2.686971,156.197188,272.066341,10.787062,24.194228,55.862441,24.580715,12.786446,12.921672,246.627682,140.345984,55.683001,1.325155,227.860716,2.967679,19.946451,9.119242,25.185771,9.701723,9.438452,300.826389
2012-11-20 20:00:00,4.814101,255.488588,88.931633,179.698831,62.695427,14.092710,493.495644,582.663926,3.821985,180.917091,256.304399,17.978436,22.090382,43.802847,21.990100,15.574012,16.815875,361.892317,150.656259,38.962100,2.717690,280.771580,5.861167,39.188080,13.872067,36.957381,8.460270,7.507859,265.557088
2012-11-20 21:00:00,3.932277,216.794041,114.589170,196.654006,79.249543,17.886901,551.046968,527.725532,6.810083,171.273612,242.581830,18.760107,44.391149,40.030277,39.943661,10.726071,18.762976,445.389417,154.864534,31.601703,3.211816,344.657762,6.009551,104.384077,33.772107,114.704760,5.517567,7.400604,216.708163
2012-11-20 22:00:00,3.468504,182.387269,108.935814,91.280415,92.860704,19.512983,589.136491,469.221425,8.547349,143.429766,247.351892,22.981132,83.522682,37.962467,35.967369,13.543937,24.781290,500.124021,172.328877,25.441371,5.592603,455.230000,7.790159,201.790419,73.340342,195.299225,8.046452,11.118782,244.244623
2012-11-20 23:00:00,0.921015,237.187113,108.500941,118.642858,116.877310,18.022408,700.346777,477.013168,12.902096,97.928846,235.219344,36.113207,98.880757,41.024720,32.051324,19.937160,23.542225,536.613756,172.539291,19.841069,6.715615,476.033962,6.009551,260.220129,87.193088,253.609760,19.495405,8.723417,232.173846
2012-11-21 00:00:00,0.711990,350.342518,140.899017,98.825685,123.446403,17.209367,658.086868,489.691259,11.141666,94.261607,270.199795,36.113207,112.134987,95.434959,35.364901,24.391206,26.905400,571.171682,187.478669,16.960914,8.085690,405.431540,7.419199,292.007582,68.027224,233.296888,28.967229,8.330149,180.495833
2012-11-21 01:00:00,0.960207,373.663825,199.389505,55.895703,92.808152,12.195614,805.162471,434.356675,7.481826,80.271772,240.715284,29.234501,150.424982,116.965439,41.510079,19.028171,35.578851,619.466920,217.357424,14.000755,10.601239,382.006607,11.573950,359.952383,29.618215,220.977761,28.139594,2.931640,148.621438
2012-11-21 02:00:00,1.149636,332.354782,226.134225,57.283339,69.264521,13.686190,836.023326,323.159253,4.586382,86.655483,215.724309,31.266846,160.944212,65.712162,38.618231,21.967236,35.401842,561.297989,174.643429,14.080759,7.793707,393.145736,11.648142,303.496174,26.468985,172.194019,26.300404,1.859089,133.344362
2012-11-21 03:00:00,1.482769,163.458315,258.749739,107.064772,52.710405,17.073860,703.127034,202.189136,10.516250,69.541704,210.504894,45.962263,192.291516,53.968264,26.990589,19.937160,43.013238,578.684274,143.291777,16.800906,6.513473,358.090241,13.948094,286.791903,36.013276,209.425158,36.461924,3.324909,132.401332
2012-11-21 04:00:00,4.781440,126.750785,254.835877,99.172593,31.531648,49.459992,632.786528,90.595524,1.783593,29.066259,187.484162,63.628031,137.591522,35.310619,6.325919,31.632819,64.254344,381.639703,74.696888,17.760957,5.165858,390.524764,21.441484,241.471875,18.508969,188.400514,51.359356,9.402700,122.405220
2012-11-21 05:00:00,7.472634,175.484998,274.405185,100.646956,21.861943,69.786016,444.285093,42.392366,1.273995,39.388856,152.503710,63.471697,94.462681,38.199239,7.169375,38.632035,100.541232,205.415746,121.829573,13.040703,3.526259,426.726934,19.883453,151.959534,8.616911,153.797456,69.935166,9.724465,100.338332
2012-11-21 06:00:00,5.362790,116.920279,245.920970,88.895416,13.243292,70.328043,390.070078,69.729500,1.227668,39.660503,121.602006,56.592991,79.525375,22.935328,9.157521,64.114028,140.368304,140.378159,155.916603,13.040703,3.458879,371.195099,13.206174,263.321344,2.936705,105.287471,99.821989,10.654010,120.896373
2012-11-21 07:00:00,4.860805,124.212480,199.493899,79.160485,14.746565,79.589322,591.327038,122.917799,1.454826,81.747729,103.627861,63.123221,88.599368,18.037752,7.671446,71.276139,186.434551,190.265638,201.747406,19.040620,1.762385,251.957697,9.038531,244.030333,1.969335,147.455890,111.965043,10.910683,170.920498
2012-11-21 08:00:00,14.723265,98.408039,256.993102,80.504060,40.677990,103.441527,781.976297,201.800412,2.988373,150.068158,87.039164,105.439385,118.146588,26.075823,8.892275,71.455105,251.777884,275.706233,306.139746,22.085356,4.590089,222.168839,15.397608,216.218212,9.167442,163.383126,98.302356,25.180331,231.774656
2012-11-21 09:00:00,32.278269,115.637590,389.613441,82.279960,66.479189,157.968095,777.933949,253.536385,3.275759,178.213983,75.477927,180.997905,181.087847,45.532049,8.120040,60.422698,343.212228,231.765919,389.593821,26.229933,19.405330,224.013856,49.402132,197.307945,14.458192,163.225214,62.134391,37.578540,375.313081
2012-11-21 10:00:00,26.718178,150.152447,532.677875,83.104822,56.295473,228.394921,782.375767,337.715178,5.486593,229.112684,69.976637,273.239848,204.562834,52.184625,9.171185,84.811031,377.292621,194.266617,413.692492,28.638577,25.409350,207.119977,73.795662,187.355894,22.140104,152.523574,55.124761,73.582632,445.731125
2012-11-21 11:00:00,25.624659,173.856899,722.318839,79.732638,64.213373,375.646172,884.702025,364.638336,7.259502,246.508538,69.091709,357.491858,222.525393,76.569413,8.174611,87.054917,411.900334,184.966610,390.836478,22.996739,18.819012,188.929100,49.981689,212.154352,26.842397,152.225172,78.555324,165.932394,406.500975
2012-11-21 12:00:00,16.860349,167.791268,641.928086,108.803533,72.911862,367.188807,970.624029,332.550235,7.144621,225.326211,68.721161,400.453626,261.172881,62.873640,10.515241,62.944294,366.887867,194.229620,339.183120,19.843143,21.295047,169.279472,54.485708,174.438380,27.611291,110.424159,106.931764,210.114598,371.749715
2012-11-21 13:00:00,9.646685,168.883701,551.379864,125.341613,69.962196,419.954437,813.657780,284.552129,5.891106,171.351147,63.687051,385.239203,238.224369,47.432791,7.501217,44.744277,315.836702,184.611465,262.176432,18.209628,20.187583,163.344448,62.884055,137.787214,42.526418,76.860770,123.062883,238.141843,351.963732
2012-11-21 14:00:00,6.259136,123.919397,607.163845,122.655744,52.631194,410.849285,743.083966,239.770269,5.258530,174.400970,53.907606,320.827191,194.539393,40.610438,6.594949,33.505057,277.448303,119.134249,190.610033,18.780896,17.366556,157.677830,53.029360,125.854726,52.392847,60.983510,110.399216,273.584362,260.303111
2012-11-21 15:00:00,1.404385,65.662139,536.145629,129.934576,41.837893,287.568893,738.906599,171.871409,3.285813,119.565278,44.492168,234.921788,119.645117,32.731692,6.075346,21.338155,188.437985,97.228723,171.704080,16.281071,4.559431,116.661474,8.235311,96.940464,39.343428,48.336904,83.131348,245.220483,172.342218
2012-11-21 16:00:00,0.744651,12.549583,435.960694,90.066234,17.973040,207.867473,669.763948,92.180286,0.880215,54.057809,23.539217,149.299189,95.724989,23.440442,3.253330,5.544833,93.637873,74.696635,167.910188,12.400668,5.435381,86.328251,9.719150,68.720104,38.776097,36.245609,90.028307,238.857177,126.177338
2012-11-21 17:00:00,0.646670,11.817524,355.726532,119.163221,20.863441,170.467589,587.468336,104.462186,0.602252,46.044215,21.050489,138.668461,139.274599,9.597164,3.614811,3.151162,103.373379,52.802794,173.170532,22.961238,6.603314,134.652414,7.864351,97.053932,35.433663,62.252655,80.786382,243.433396,128.629215
2012-11-21 18:00:00,0.574818,10.353406,284.189839,129.570489,33.108231,172.635698,558.275636,72.238705,0.810724,41.562034,30.659744,142.420482,141.168060,2.415076,6.807894,3.029964,86.557504,78.774899,205.153425,36.561971,7.187280,164.629777,5.935359,101.494308,21.464995,55.791957,59.865606,148.190840,154.845433
2012-11-21 19:00:00,0.711990,9.516767,258.314865,104.939955,46.088759,201.905173,598.867391,51.372681,6.439466,40.203798,40.234433,177.752018,106.454603,1.941532,13.977269,4.757043,78.061062,53.661376,241.134180,30.641651,7.636485,133.505739,8.309503,103.256362,30.738800,44.294105,48.600572,112.939653,139.568356
2012-11-21 20:00:00,1.064720,8.366388,233.309638,109.623225,44.932599,216.675417,562.724048,64.843152,24.483869,44.685978,39.508554,231.530993,101.615757,2.288797,16.989612,5.393335,63.192288,35.416508,248.498662,23.921289,4.042845,87.474926,13.280366,84.931001,33.791427,29.949166,31.863952,91.059606,107.316749
2012-11-21 21:00:00,0.711990,8.052649,243.311729,58.974520,31.006121,216.675417,598.033313,65.107279,14.106600,44.821802,36.086553,223.245279,92.989989,1.562696,11.266161,10.089779,39.296045,35.631153,276.273279,23.041242,2.313406,74.370068,9.941726,88.525591,25.657527,33.453274,20.093141,71.574924,91.096643
2012-11-21 22:00:00,0.398453,6.170212,236.571190,37.162620,33.423547,197.975475,693.396134,73.691403,14.940488,39.117209,40.614655,248.258755,76.369606,2.241443,17.351093,7.484010,34.339787,34.557926,352.232650,25.921397,2.560469,43.409842,5.341823,76.402660,25.116555,17.192026,19.357465,74.363558,55.638736
2012-11-21 23:00:00,0.666266,7.216010,231.135271,38.246711,34.369497,230.497113,676.158539,73.163149,15.982848,41.154563,57.932053,337.056597,97.197681,3.030683,21.628619,7.211313,47.969496,33.699344,377.903130,29.841608,2.987213,37.021223,4.154751,69.424926,17.774793,13.468912,20.369020,79.619059,37.155360
2012-11-22 00:00:00,1.214956,9.516767,161.120636,17.388811,27.169770,279.144064,620.275371,58.107916,15.519577,36.536560,83.683473,362.382742,105.192295,3.567367,7.711597,5.029739,40.004082,39.494772,412.621402,31.441695,3.638561,22.278258,5.045055,56.949584,13.292454,7.172469,18.713749,57.631757,22.821312
2012-11-22 01:00:00,1.691794,6.170212,91.758311,16.261357,11.509052,229.819579,459.854533,32.091417,5.003326,36.129089,97.751698,297.191369,94.883450,2.920190,7.591103,4.241949,52.394727,32.196825,382.321819,24.561324,3.526259,9.173400,4.896671,49.196547,8.829435,5.694174,22.254188,38.111323,14.334047
2012-11-22 02:00:00,1.077784,5.124413,58.055614,17.865810,9.774811,220.469608,358.097121,34.204433,3.590350,42.648623,81.644098,264.204847,67.743838,3.441088,10.302211,3.635956,57.527994,27.259979,313.726930,27.281470,4.806494,8.845779,5.045055,41.513991,6.704188,5.310912,16.598682,27.099796,9.430294
2012-11-22 03:00:00,1.469705,6.483951,31.093456,20.771173,8.145676,213.423253,339.469398,31.563164,2.686971,37.215678,86.552423,220.274928,58.697301,5.051139,7.651350,3.787454,58.590049,30.908952,242.186249,34.001833,6.221490,10.320076,2.967679,27.769970,4.153892,5.420416,19.909222,17.983110,8.864477
2012-11-22 04:00:00,1.861626,9.830506,19.351871,20.294173,8.198229,205.699364,369.774201,23.639357,3.080752,44.685978,83.683473,187.288406,43.970379,5.777240,12.591592,3.363260,66.732473,28.977143,250.813213,27.041457,6.154109,15.234397,2.745104,15.012700,2.936705,4.872899,28.369492,11.726561,9.053083
2012-11-22 05:00:00,4.160898,9.621347,12.611332,15.307357,6.201224,171.416136,398.688876,17.960629,2.849116,40.475445,83.268685,132.415092,36.396534,4.751228,18.977758,3.029964,80.362182,26.616042,329.087136,15.520837,4.042845,17.036315,2.745104,3.665072,1.139905,3.723114,21.104695,9.617210,9.996112
2012-11-22 06:00:00,2.540957,5.961052,11.306711,8.542633,4.046562,119.923542,305.828287,16.639994,1.598285,25.942316,91.460747,115.843664,32.399227,3.977772,18.495783,2.666368,81.601246,29.835725,302.785414,12.240660,5.323080,23.424933,2.819296,6.484359,0.908060,4.106376,12.322567,3.861185,8.110053
2012-11-22 07:00:00,2.224311,14.356559,18.445405,3.966647,6.781798,145.322482,252.819800,23.710688,3.195406,39.451413,114.965398,133.340171,33.419732,6.286518,20.171932,4.205750,93.098570,34.579945,296.773675,16.845511,9.286617,50.768865,7.630229,5.724302,3.053801,11.031718,11.082971,5.368694,25.626579
2012-11-22 08:00:00,4.787626,66.217953,50.360357,18.392871,26.645419,139.977477,288.187488,84.581157,8.749647,88.373517,146.553707,115.863268,70.621104,17.755422,31.236163,8.957254,95.496287,73.134354,239.165029,28.749917,16.862400,136.975835,37.624141,13.699017,11.790841,28.961879,19.168927,13.539295,112.648394
2012-11-22 09:00:00,5.728935,128.496755,120.555105,39.971015,52.367479,119.404811,383.141811,160.762508,14.712297,166.291741,174.591317,102.594717,128.872387,27.550067,54.951098,10.152747,84.347301,112.800785,227.682267,42.150305,27.070061,232.405590,68.369861,17.282885,20.642618,44.146395,23.478405,19.321541,215.634981
2012-11-22 10:00:00,7.812613,176.721791,220.109278,53.892131,75.051455,123.807064,445.249718,207.554350,28.922011,214.660787,204.925560,136.637561,214.044825,46.804032,48.018759,12.151508,65.428932,143.623463,194.817492,31.310564,32.807315,351.306347,74.379206,27.587102,27.761098,71.661004,27.044676,28.794172,293.357063
2012-11-22 11:00:00,8.801032,180.988109,331.419603,54.348496,91.652331,136.764285,426.652096,229.613647,36.646933,243.545918,232.364293,172.932573,260.848720,63.145463,80.494923,14.438972,65.268105,184.357879,200.994401,33.206445,37.511210,376.065776,93.737258,37.864857,32.025439,90.317763,38.703613,52.414875,330.343693
2012-11-22 12:00:00,9.060184,183.623697,355.450235,60.912595,101.885337,143.728604,478.925397,232.685298,38.336175,249.075162,237.182754,189.898950,298.778875,65.051140,91.563821,15.988440,99.596037,203.619505,241.521307,41.376314,39.415019,389.730768,112.000551,52.147160,35.216545,99.497590,43.394710,56.050198,332.863352
2012-11-22 13:00:00,8.477070,166.248333,315.710290,56.796377,102.715435,145.572656,449.300217,217.183923,32.946536,232.110287,240.355356,190.948365,260.831835,46.794438,88.655702,15.387776,103.165002,188.502349,231.694457,57.477727,36.060055,398.909995,106.412232,67.385373,31.120088,86.006250,41.427078,51.925179,320.084215
2012-11-22 14:00:00,6.011503,140.799010,247.170519,50.661456,75.994653,139.834232,401.834983,186.500873,25.993091,179.309485,245.896058,153.653434,220.220853,34.419665,66.286546,13.164167,109.136994,192.532082,207.184727,52.480108,30.643717,365.373145,84.287900,92.909654,28.374187,68.094733,29.340650,37.479143,261.360129
2012-11-22 15:00:00,1.012463,109.136198,198.909268,37.674991,58.737362,87.265210,320.886649,131.340650,11.307513,120.498794,202.756185,111.584544,151.218667,21.284379,33.495988,11.573151,84.944909,140.220439,157.690232,36.973373,6.176569,314.966992,10.832030,55.910553,19.690712,51.639122,6.759020,21.972956,194.900962
2012-11-22 16:00:00,1.312937,18.510635,69.797198,1.300909,37.837978,11.653587,70.896557,32.751735,7.481826,21.595959,201.483255,27.202156,100.353450,8.555367,12.410851,2.030076,25.666336,39.494772,77.642681,17.600949,4.941255,156.111619,14.170670,8.105448,2.782142,9.253033,6.667061,1.966344,107.316749
2012-11-22 17:00:00,3.298671,24.576266,96.759356,1.777908,18.813883,10.705039,48.932526,39.354907,6.439466,23.769137,205.873095,38.458220,120.129601,14.474670,16.206403,2.817866,23.365216,44.431619,73.223992,19.121031,3.211816,147.102029,10.090110,11.841003,1.642236,6.679704,4.230135,2.037847,75.442355
2012-11-22 18:00:00,4.239283,30.851058,89.801380,2.384999,5.150169,13.008655,40.313729,52.297125,3.103915,21.324312,204.213943,43.460916,71.951530,19.289037,19.459732,2.605769,28.321474,44.860910,56.601304,13.440724,3.413958,133.505739,8.086927,7.118698,1.410391,9.362536,5.287669,2.466868,47.905895
2012-11-22 19:00:00,4.428711,47.897574,66.100774,3.165544,3.363376,18.970956,42.537934,79.370131,0.926542,30.831967,191.424647,51.746630,39.973072,27.607632,35.003420,1.605881,23.188207,51.729566,46.711857,10.960591,3.099515,145.791544,6.157935,7.964484,1.584275,4.927651,9.563783,1.537324,37.532571
2012-11-22 20:00:00,2.266612,54.904424,67.187957,2.731908,3.310823,17.615888,46.986346,102.217108,0.787561,43.599389,199.167356,37.207546,29.874612,51.048074,47.474517,0.969588,29.206520,65.037587,30.720410,10.640573,3.324117,199.685272,6.380511,7.330144,2.202529,10.676577,11.908750,2.145103,38.664207
2012-11-22 21:00:00,1.933479,80.421909,96.107046,3.295635,8.145676,23.984708,40.869780,103.933932,1.482467,70.220823,204.939822,34.862533,37.027688,67.827327,56.571792,1.605881,35.047824,71.906243,26.091307,10.160548,1.280234,195.262382,3.561215,4.369894,0.985342,6.679704,21.104695,5.827529,61.485519
2012-11-22 22:00:00,2.547489,76.657034,90.453690,2.992090,12.192237,21.952106,27.802572,122.026624,3.613513,64.380406,219.526532,29.234501,31.136919,75.119909,31.448855,4.363147,34.870815,70.618370,22.303860,5.360289,2.582929,313.533724,4.154751,11.700038,3.844765,29.292146,17.932094,4.862233,46.208442
2012-11-22 23:00:00,2.168631,108.449311,87.627012,2.645181,20.443019,34.825255,20.017851,137.874238,4.910672,56.502635,262.837309,35.644204,30.295381,56.904239,27.472563,3.757155,24.427271,62.247196,19.147653,4.560246,4.222527,388.559035,8.309503,10.713288,6.279139,38.107166,18.116013,5.362757,55.827342
2012-11-23 00:00:00,1.985735,118.907296,108.283504,3.685907,30.848463,28.185420,18.349697,175.512320,3.960967,82.716598,277.665979,28.609164,30.716150,56.257061,26.508614,3.666256,29.206520,61.173968,21.462204,4.240229,3.458879,340.562494,7.345007,6.131948,6.510984,25.350026,12.230608,5.684522,71.481631
2012-11-23 01:00:00,2.919814,112.946244,137.637466,3.729271,32.267387,26.288324,22.798109,226.092620,5.304452,123.056219,259.000520,28.296495,33.451150,58.719492,41.269092,3.848054,41.774174,72.979471,24.828825,5.120276,3.728402,351.701623,5.045055,7.471109,7.477005,26.554562,8.414290,1.823337,67.520907
2012-11-23 02:00:00,3.174563,98.095905,141.116454,3.989453,27.852956,27.507886,25.022314,248.939596,6.949064,137.317702,266.363007,30.641509,40.814611,62.965605,57.114013,1.999776,31.684649,98.951577,24.407997,8.080436,3.279197,343.183465,7.419199,5.004233,6.143896,23.433717,8.828108,1.394317,83.363802
2012-11-23 03:00:00,5.611007,100.710401,210.261342,6.677997,21.494074,30.489036,28.636649,262.806258,7.620807,124.957750,265.602562,35.018867,41.445764,65.112340,69.826099,3.302660,42.482211,128.572656,29.247514,12.480673,3.885623,381.187553,5.861167,7.189180,11.418372,25.459529,7.724594,1.108303,100.904149
2012-11-23 04:00:00,7.511826,93.180652,208.956722,13.572812,19.812386,33.605693,31.972957,308.500211,4.748527,114.091859,257.410500,34.393530,48.388456,68.143023,81.513988,4.817642,51.863699,156.261926,37.453651,13.040703,6.311331,394.783843,6.974047,12.898235,14.277796,21.024643,12.184628,1.573075,99.583908
2012-11-23 05:00:00,9.974398,97.468426,190.474598,25.194262,25.908504,30.895557,34.197163,307.707830,4.910672,111.375386,246.833407,23.919137,43.970379,82.522985,70.790048,4.787342,59.298086,156.047280,46.291029,13.680737,5.390460,347.606355,7.493391,9.092198,10.742158,13.468912,17.334357,1.608827,81.666349
2012-11-23 06:00:00,11.300399,137.627090,177.645829,62.009973,26.907007,18.022408,33.085060,341.119882,6.879574,126.180163,237.051324,16.415094,32.399227,71.520972,60.909565,9.423187,76.644988,153.900825,57.863787,11.440617,5.547682,264.718129,7.567583,8.951234,6.105255,12.428630,27.265979,2.681378,87.135920
2012-11-23 07:00:00,8.435120,161.263014,215.106253,82.043964,36.403688,33.343376,38.589058,411.196636,14.206981,148.225582,212.889925,33.571734,50.878277,67.497928,47.404096,12.808394,74.234304,136.909679,77.959004,14.022417,8.102728,225.669676,16.229407,12.949929,4.835203,20.218689,41.380720,5.533107,135.525505
2012-11-23 08:00:00,11.528951,186.223957,345.086702,84.104550,59.974238,95.166052,118.883924,423.772063,26.620800,184.948295,198.961923,103.482337,135.601463,77.728710,70.837179,23.939928,104.747955,181.584708,156.047966,38.108959,22.469077,223.749675,54.335253,25.233007,12.295316,32.491662,70.910612,21.482137,190.638702
2012-11-23 09:00:00,12.802983,222.122435,440.210962,122.939941,86.403028,153.398335,223.598340,426.396193,31.118037,215.421605,198.669466,172.867966,229.647786,82.509678,90.767830,38.788231,187.196580,222.421581,189.954789,72.302910,35.516698,238.553343,92.325176,29.279903,23.598144,38.052262,99.552411,38.718702,254.945945
2012-11-23 10:00:00,11.735027,287.683788,475.860882,148.186496,98.485027,193.225850,381.848407,452.272334,35.414626,211.095059,216.049390,221.456877,325.611942,81.092141,110.198597,46.872991,271.509669,260.560329,244.108006,96.753485,44.172830,289.552667,115.352134,56.751420,30.258340,65.937027,100.756699,48.443242,309.593750
2012-11-23 11:00:00,12.428415,281.733611,465.708423,117.645580,129.008346,207.293003,414.852054,477.242741,41.028658,229.464804,243.717651,249.875219,394.974263,64.748563,124.308889,50.138586,308.699147,319.548902,286.013060,119.799402,46.448447,267.615406,125.134811,62.467755,30.149726,62.966988,96.783107,54.817150,352.126155
2012-11-23 12:00:00,12.806315,280.468728,449.097651,128.752852,147.383471,207.041424,473.922541,447.049793,40.075477,246.234427,266.250021,261.005627,434.024756,60.876140,122.072230,49.814847,309.393103,415.045933,296.784690,125.398546,42.053275,319.626967,121.253996,63.170265,32.277521,64.051935,97.990508,54.363131,470.504579
2012-11-23 13:00:00,12.328438,275.082535,403.098016,105.802607,147.994042,188.988631,490.443385,516.046723,43.233834,220.402343,266.756138,237.369878,399.450622,55.138169,108.234878,44.294857,282.608382,495.433893,337.102539,110.787729,31.207904,377.234956,103.305798,46.516751,37.266303,78.366765,103.681908,48.614391,513.960792
2012-11-23 14:00:00,9.384201,272.257054,307.017673,121.620878,141.502584,148.023589,460.560090,521.048451,33.393512,177.681210,264.681639,184.645780,306.902098,48.645898,87.798708,34.757449,222.868078,464.414392,298.471325,93.344329,27.329834,335.240536,79.679506,35.476874,28.453625,48.149189,84.663542,39.714286,429.949697
2012-11-23 15:00:00,2.292740,247.223715,211.486610,114.100089,136.869139,86.699775,504.399585,486.583761,21.671786,109.883128,264.538054,118.581897,188.793532,42.203029,48.820046,23.697552,148.583247,347.229025,219.920996,63.788881,5.120937,247.351679,11.128798,24.236321,29.628475,22.958107,77.659761,23.496582,438.436826
2012-11-23 16:00:00,1.502365,260.508421,103.934769,106.847954,98.904270,20.190517,422.321061,488.502688,10.632068,89.236133,256.580924,29.078167,46.705379,57.930251,11.446901,5.484234,34.870815,303.079449,143.502191,25.361367,5.233239,179.045120,8.309503,11.347628,26.198499,11.662107,92.879051,6.757073,402.296356
2012-11-23 17:00:00,1.502365,300.980826,106.761447,120.203948,90.548383,18.835449,362.545533,494.709670,5.906705,108.794737,238.053728,25.013477,37.448457,62.381568,9.398509,2.514870,40.712119,281.829545,154.654121,22.801229,5.053557,261.441914,7.715967,25.655506,37.616872,39.530709,102.534793,7.329101,357.408155
2012-11-23 18:00:00,1.469705,271.489306,71.319256,117.255222,51.449140,14.363724,351.980555,473.843646,1.621448,119.660628,231.209726,17.040431,26.508458,40.914226,13.133813,1.090787,45.137349,183.521905,157.179086,23.281255,6.895297,265.045750,9.941726,35.029633,25.928013,57.763017,100.189827,8.937928,255.183764
2012-11-23 19:00:00,1.378257,359.440965,59.142797,120.073857,49.347030,13.957203,314.447084,541.988384,2.084719,153.344891,264.807552,14.539083,30.084996,22.082949,21.206891,0.999888,79.654145,145.958942,169.803912,19.201035,7.389423,263.243832,10.386878,32.280829,23.570921,80.101701,99.776010,6.077791,182.759104
2012-11-23 20:00:00,1.234552,365.402017,90.236253,122.285402,48.979160,17.886901,309.164595,629.942639,4.169438,197.215928,267.434542,13.601078,32.609612,20.188771,35.364901,2.211873,110.984775,167.423492,192.107772,30.161626,5.929506,322.870935,6.380511,38.483258,38.718136,95.267915,68.693714,7.436356,181.061651
2012-11-23 21:00:00,1.378257,363.310420,120.025089,162.960475,50.923612,21.545586,405.917544,628.225815,11.859736,221.935830,256.131570,16.727762,40.604226,21.404202,52.896734,1.696780,142.492415,206.488973,284.479416,52.082807,6.850377,339.743440,5.341823,59.909835,58.540894,85.029352,73.751484,8.580410,197.093151
2012-11-23 22:00:00,1.842030,450.739179,119.807652,183.124557,63.273508,25.339777,496.275902,654.638504,16.168156,300.849366,217.418027,19.072776,52.175378,25.650316,84.646824,2.090675,200.020409,235.036825,349.918099,47.442557,9.388385,326.310961,4.154751,77.459892,60.840025,59.569823,88.510976,12.656105,200.299451
2012-11-23 23:00:00,2.410316,472.491789,113.719423,180.219195,84.609923,27.236872,472.921742,728.065780,12.508315,328.829036,250.289973,20.792452,63.536146,29.201898,95.973231,2.878465,181.434441,340.427767,406.098575,57.443096,10.803381,315.990885,5.045055,72.596623,63.660808,46.538924,88.832834,11.369044,238.209235
2012-11-24 00:00:00,1.966139,404.305723,146.334936,207.451547,92.335177,26.965859,473.755819,730.839112,14.106600,340.374046,270.856543,20.636118,79.735760,52.263505,121.939624,4.120750,158.423244,408.470391,406.519403,68.723704,10.354176,366.280777,5.119247,57.654406,56.821376,52.506857,68.417835,10.403748,316.292071
2012-11-24 01:00:00,1.776710,426.894972,171.775037,207.321456,117.402837,26.965859,503.504570,709.841024,15.473250,325.976740,287.620890,26.107816,78.683837,57.835542,129.711467,4.544945,190.815930,514.075978,419.144229,86.244648,7.883548,409.035376,4.303135,121.017866,40.437654,141.697335,61.336957,16.481538,322.138854
2012-11-24 02:00:00,1.365193,393.429418,153.292912,226.661629,130.593577,24.933256,586.078208,627.301370,18.785637,290.526769,284.129758,26.420485,81.208452,0.000000,189.596836,2.726967,188.160792,528.886518,366.751200,86.084640,7.816167,18.879677,3.932175,105.159380,55.836035,140.930812,43.588782,16.267028,246.130682
2012-11-24 03:00:00,1.992267,387.154627,162.425256,246.435439,114.985411,34.147720,514.903625,663.222628,15.519577,315.925790,309.362693,28.140161,111.293448,0.000000,200.802750,3.423859,180.726405,596.070560,349.286858,78.084209,8.130611,0.000000,5.638591,137.369727,27.705493,224.372365,41.105877,9.331196,172.008568
2012-11-24 04:00:00,2.122907,362.369201,143.290822,252.809891,95.646000,46.207828,450.401659,837.942567,19.364725,342.411400,318.384331,36.738544,127.703446,0.000000,176.583516,2.817866,174.708091,620.754793,502.678496,82.004420,7.164820,0.000000,3.561215,0.000000,41.538918,30.442584,49.014390,5.720274,196.150122
2012-11-24 05:00:00,2.011863,285.503007,140.899017,244.570803,93.701548,42.955664,541.316067,872.939381,15.218451,339.830751,280.362101,43.929918,113.818063,0.000000,135.675905,3.423859,150.457830,598.860952,573.377522,87.684726,5.300619,0.000000,2.670912,0.000000,50.001266,0.000000,50.853579,5.899032,170.311115
2012-11-24 06:00:00,1.201892,333.714320,164.817060,200.209822,101.164038,35.909309,668.929871,880.202870,19.434216,365.229772,270.821977,41.741239,121.391909,0.000000,128.627024,3.605657,139.129240,731.941163,541.394629,63.123402,9.388385,0.000000,1.854800,0.000000,46.639511,0.000000,55.727430,9.974727,178.609774
2012-11-24 07:00:00,2.120596,414.997536,235.960000,151.208935,111.505744,53.537759,559.627335,813.758000,26.312626,294.817489,273.621796,57.365214,129.049292,0.000000,148.771040,7.096099,157.221114,783.257166,454.102257,70.954843,14.103220,0.000000,7.673771,0.000000,60.044342,0.000000,71.847325,9.146400,168.389521
2012-11-24 08:00:00,5.120955,548.114483,387.027110,116.658410,117.621227,117.797733,674.702829,717.121564,35.572565,255.833545,278.700970,136.473710,190.069048,0.000000,174.532475,21.686083,190.426466,739.679787,441.896038,95.767580,23.386780,0.000000,25.181372,0.000000,46.733188,0.000000,99.957515,14.054065,231.723590
2012-11-24 09:00:00,9.635795,655.858008,567.960592,71.607627,146.217881,168.380107,699.980006,623.923662,43.141340,307.811537,319.428859,240.975877,282.016516,0.000000,126.094808,39.657025,255.978680,782.830426,502.786396,73.672756,25.279759,0.000000,63.248491,0.000000,63.035814,0.000000,127.627724,30.444614,330.209167
2012-11-24 10:00:00,12.082760,653.688835,537.127365,31.474359,188.702471,204.269764,605.907770,659.968412,31.112978,316.380560,339.203278,320.506318,334.106156,0.000000,101.496520,47.769124,295.912358,831.006737,568.215885,78.980251,26.535590,0.000000,73.421699,0.000000,70.218619,0.000000,154.528774,30.119456,592.618793
2012-11-24 11:00:00,12.800011,809.668633,422.329862,19.980310,186.033869,236.371674,502.799396,657.319402,31.520271,343.693529,349.813975,348.574051,347.749150,0.000000,98.616821,51.962378,310.496041,934.429473,572.438441,104.777832,31.119237,0.000000,66.198982,543.594361,0.000000,344.823720,173.449840,29.245847,797.264868
2012-11-24 12:00:00,14.057177,831.340600,426.051475,13.781522,183.189714,240.867451,657.501968,638.698088,32.291069,380.924467,342.847990,350.661301,375.292944,0.000000,92.570779,50.726056,290.069696,1058.711917,662.987636,127.879713,33.871629,0.000000,75.095446,646.864003,0.000000,465.574853,214.812946,0.000000,891.955157
2012-11-24 13:00:00,14.756381,667.597517,403.413320,13.592851,198.510802,202.500231,793.114975,619.729888,25.000242,406.573619,335.766372,277.556410,324.203696,144.808247,119.090030,44.287563,274.391100,1151.720673,691.791401,160.961181,29.374939,1293.646549,75.825768,0.000000,0.000000,448.386800,253.615314,37.835014,825.260534
2012-11-24 14:00:00,14.044655,529.758347,294.287530,12.609782,219.907470,151.970468,761.225946,462.344542,31.337339,277.257379,296.599994,199.733811,281.949570,156.666890,96.860455,31.970897,238.155099,1153.202968,716.682235,186.813140,15.668025,1328.292229,43.808015,0.000000,80.442603,362.697563,248.798200,27.766928,814.217805
2012-11-24 15:00:00,2.959006,447.222582,178.256567,18.624798,189.259498,64.017739,734.645041,447.105729,21.514427,213.786982,260.144147,121.362316,188.814963,143.478379,64.207419,18.611864,145.992338,1128.732029,717.719183,166.985481,10.556318,1075.484043,12.241678,439.052055,59.562909,250.914930,219.277323,7.276159,679.984240
2012-11-24 16:00:00,1.469705,318.341082,89.801380,15.740993,127.072543,16.396326,501.280365,487.314117,7.782952,126.995105,203.730024,45.336926,103.929988,119.001680,50.004885,4.938841,51.332671,881.549078,630.399654,145.847861,12.869724,773.514235,7.048239,414.505574,46.562230,161.681697,191.781445,4.897984,530.736964
2012-11-24 17:00:00,1.136572,184.165126,87.844449,21.161445,76.096378,18.564435,361.433430,456.807461,8.014587,102.954320,129.586674,31.423180,65.219223,90.178617,60.427590,3.181462,64.254344,661.537438,528.559389,107.765808,11.724251,527.961961,6.603087,316.958266,62.366339,112.076679,157.710467,4.969488,356.842337
2012-11-24 18:00:00,2.364592,150.490413,76.102864,26.365080,59.805026,31.166570,318.339444,441.223974,12.253516,93.582489,85.964806,23.293800,52.385763,54.205036,49.824145,2.423971,50.447625,488.103872,358.965891,77.044152,6.064268,385.119010,4.228943,211.164547,53.691467,85.795875,140.789927,7.436356,227.647305
2012-11-24 19:00:00,2.965538,143.797302,53.489442,14.786994,45.090257,35.638296,310.554724,401.869067,11.975554,59.354931,48.011707,24.700808,46.074225,28.949341,29.701697,2.908765,38.056980,404.392127,186.847427,79.604290,5.592603,263.407643,11.277182,160.417393,29.231806,62.416910,127.593745,6.685570,146.546774
2012-11-24 20:00:00,3.377056,133.025577,77.190048,15.437448,28.220825,50.002019,295.263310,370.041777,8.501022,81.901656,22.087459,28.140161,37.869226,19.510025,26.990589,3.363260,28.144465,329.695492,122.671228,88.564773,2.807531,176.260338,15.728701,111.502775,26.584908,55.791957,111.224962,2.395365,135.796238
2012-11-24 21:00:00,3.161499,135.953813,136.332846,24.803989,15.818377,53.796210,291.927001,353.401783,5.211798,88.828662,12.270811,33.924528,33.661534,30.085847,23.436024,5.181238,42.482211,319.821799,95.527851,101.525472,1.684519,120.073260,11.425566,55.821869,16.963335,30.113421,126.536211,1.894841,142.020232
2012-11-24 22:00:00,3.181095,140.137007,141.551328,27.232352,10.615655,36.180323,304.994210,421.810648,1.412976,112.461975,9.436426,43.148247,35.765380,47.480707,12.651838,6.090227,40.004082,297.069375,128.773227,99.365356,2.560469,81.741551,14.541629,27.135631,7.283801,20.531878,120.696786,2.073599,92.039673
2012-11-24 23:00:00,2.240484,64.525771,121.329709,14.223267,5.833355,26.559338,353.648710,437.526198,2.061556,147.232827,6.671173,43.617250,27.981151,22.619632,8.796040,7.484010,23.719234,324.758645,176.537153,64.563480,3.391498,61.101400,13.725518,8.034966,2.028645,6.351194,63.543984,2.609875,60.165278
2012-11-25 00:00:00,3.612208,63.375393,121.112273,23.286263,8.250781,17.615888,445.397196,355.778925,6.277321,108.251442,7.431618,34.549865,20.407305,13.859063,11.507148,11.210865,13.806718,386.576550,184.322462,27.601488,4.761573,29.158309,11.277182,4.087965,1.178546,7.829490,31.404154,4.039943,44.510989
2012-11-25 01:00:00,5.075381,121.103473,104.152206,30.484623,13.138187,13.821696,538.813836,370.041777,5.327616,124.686103,8.088365,21.105121,20.828074,5.982443,10.784186,14.937720,12.390645,433.798560,216.305355,16.640897,3.481339,26.373526,8.680463,10.783770,1.217187,17.630039,12.828344,5.470012,31.308577
2012-11-25 02:00:00,6.479766,140.450747,77.407485,23.719899,9.879916,13.550683,492.939593,372.683046,3.752495,137.181878,6.740304,17.978436,22.300767,2.399291,13.314554,12.331952,13.983728,381.639703,203.259701,21.041134,4.716653,40.625059,6.232127,13.603057,1.700198,25.788039,8.920067,3.575171,31.874395
2012-11-25 03:00:00,6.342594,141.287385,56.098683,26.148261,10.825866,10.569533,420.652907,428.810010,3.914639,143.293942,5.219415,13.757412,23.563074,1.041797,7.952584,7.605208,11.682608,334.417693,182.007911,21.201143,4.626812,49.634649,3.561215,26.360327,3.496997,41.337515,9.885642,4.576219,27.536459
2012-11-25 04:00:00,2.671597,129.365282,37.833995,15.524175,16.291352,8.401423,352.258581,431.847470,5.883541,136.095289,5.115718,9.223719,25.877305,0.836595,7.952584,5.363035,9.735507,277.321989,166.016464,21.361151,3.324117,78.956769,5.045055,61.460442,5.235836,35.533837,8.092432,3.825433,31.685789
2012-11-25 05:00:00,1.443577,128.633223,35.224754,15.394084,18.235803,8.536930,360.043301,423.923663,6.346812,132.156403,4.631799,11.725067,29.243458,0.868165,5.542710,2.969364,12.921672,239.329735,179.693359,31.121677,4.065305,88.949223,6.899855,54.976084,3.960688,32.686750,6.253243,2.288109,34.892089
2012-11-25 06:00:00,0.992867,134.175955,35.224754,14.396721,18.656225,16.938353,361.711455,492.728719,4.771691,130.119049,3.767657,22.043126,32.609612,0.931304,4.277526,1.454382,16.107838,207.776846,149.604190,23.921289,5.929506,98.122623,4.377327,57.936334,6.897393,25.295274,7.448716,2.180854,44.322383
2012-11-25 07:00:00,1.100051,143.513338,48.997621,10.016996,23.287285,31.088830,291.054495,457.076749,3.188213,107.061730,4.078748,39.609318,64.491319,1.289376,6.556144,2.299580,27.566869,197.737039,106.085707,13.228633,11.392645,97.142960,10.583050,66.558766,7.930395,22.211643,12.816537,3.698892,58.964676
2012-11-25 08:00:00,3.494381,166.639791,142.038401,8.704002,24.658168,58.539699,335.611910,363.912577,9.445943,96.426919,10.238674,68.974275,124.638999,1.008895,28.651645,7.592840,81.757632,236.368289,147.376850,21.497101,15.631285,85.162715,20.574272,81.610667,8.487425,22.406884,25.968496,15.273739,101.500899
2012-11-25 09:00:00,2.487087,241.347103,237.362799,9.093794,35.236197,67.968159,390.336434,306.308216,14.049589,109.234340,23.033193,90.582529,181.664825,1.892646,58.601141,19.696710,151.797329,279.970991,230.162276,38.787625,19.543115,111.361916,28.271601,63.820291,10.973019,29.175651,41.210735,34.476524,135.299261
2012-11-25 10:00:00,3.803729,203.143489,282.128219,10.738805,29.960312,110.629720,415.480713,230.277456,14.449027,105.389763,33.323391,170.178592,248.903187,4.347179,71.615218,31.832614,181.872098,300.251627,239.703309,41.516571,25.027335,119.937004,36.244729,41.758244,5.742064,29.524335,40.380783,38.990046,144.687044
2012-11-25 11:00:00,7.912964,233.774294,286.855838,7.559006,46.331318,161.128451,437.863127,207.408362,13.012984,94.407952,37.239471,220.923371,291.073775,9.692248,68.573866,37.293632,193.119657,368.586040,282.833127,46.552900,31.609318,117.503277,45.658621,30.710892,5.708695,24.952093,40.098763,21.541665,193.230753
2012-11-25 12:00:00,8.641601,243.307043,281.763448,8.808365,58.596095,169.587641,483.601956,246.535268,11.848729,84.050191,41.513897,231.231475,342.505245,17.087889,55.741245,34.096037,194.387749,422.288308,281.029111,54.054468,28.388631,114.661680,46.496944,22.971380,9.638103,34.522097,37.848185,30.698643,259.784810
2012-11-25 13:00:00,7.146999,211.007777,236.813213,22.999794,60.826011,147.510982,492.318952,235.597503,17.369315,76.114792,49.512042,159.134325,379.921698,14.306501,59.923124,25.587442,157.568101,470.611107,266.201499,55.026855,32.328156,212.067560,37.497088,59.508288,13.007880,49.913507,27.801781,25.592561,273.511972
2012-11-25 14:00:00,5.648522,168.376707,192.310599,17.321564,55.591309,99.199045,386.700887,192.423539,17.914442,89.741326,52.388027,86.519998,351.697127,9.977597,48.439687,16.693472,133.573777,379.131375,221.255916,45.619266,31.216349,256.613902,37.060375,81.181035,20.686165,49.156039,18.691994,21.689961,260.279023
2012-11-25 15:00:00,0.921015,196.176047,140.539862,14.797559,48.775478,48.573613,250.514092,274.953608,10.190442,78.183425,49.547687,61.113985,211.070510,8.975256,35.810215,9.189354,85.172191,329.924823,140.508681,25.475410,20.169306,216.966446,4.154751,68.389483,30.976443,74.127464,6.161284,9.241455,217.666330
2012-11-25 16:00:00,1.032060,158.647642,98.716287,12.055086,23.228314,23.442681,107.873977,283.672283,3.520859,72.529825,40.234433,32.361185,112.555756,11.191430,19.821214,4.151050,42.482211,258.218539,19.358067,3.440185,19.405657,240.310331,4.303135,59.627906,24.846069,153.742704,10.391419,13.621402,198.601998
2012-11-25 17:00:00,1.339065,123.927129,105.891700,28.966897,14.031584,31.979611,88.134152,246.166264,3.312387,59.898226,54.198961,42.679244,139.064214,28.759923,29.460709,3.696555,51.332671,227.953524,15.570619,3.600194,21.853824,233.430281,6.157935,94.728021,35.008614,85.467365,15.587128,10.582506,184.079345
2012-11-25 18:00:00,0.816503,148.817135,103.282459,69.295061,28.483589,37.670898,73.398789,258.580228,7.551316,66.689408,85.480887,50.964959,180.720363,24.561164,55.306608,2.454270,82.132274,162.701291,11.362344,3.040164,18.889071,222.946394,6.454703,86.340644,48.668156,79.663687,23.587600,9.080934,186.154010
2012-11-25 19:00:00,0.672798,173.811721,106.761447,46.745980,57.808022,24.526736,86.187972,272.711017,7.111209,81.630009,134.736958,56.749325,217.327282,16.779253,55.848830,0.878689,127.446632,179.443640,10.520688,5.440293,25.267783,300.592677,4.822479,116.788936,39.510274,202.307440,34.484796,12.405844,214.256287
2012-11-25 20:00:00,0.333133,193.786473,172.862220,42.713163,64.482221,24.797749,87.578100,229.790397,8.570512,92.088429,174.867694,77.854446,223.218050,13.132962,33.316508,1.484682,102.665342,180.516868,9.679033,2.960160,29.872134,561.870781,7.048239,95.573807,40.572897,183.418112,48.830471,7.400604,266.311512
2012-11-25 21:00:00,0.502966,208.950552,238.962994,39.547619,59.962685,15.989806,92.304537,160.192960,7.389172,71.035765,199.098225,115.530995,213.750744,11.712329,30.364412,2.817866,67.263500,216.148021,10.731102,4.480241,28.771582,521.245721,7.196623,85.494858,64.588188,125.545591,63.498004,11.154534,284.606283
2012-11-25 22:00:00,0.326601,237.291693,254.183567,60.275428,79.932728,9.620985,104.259643,164.947245,9.682363,64.244582,220.770896,132.102423,203.862668,12.217443,32.412805,3.969252,72.219758,252.637756,18.095584,3.440185,26.660318,515.184724,9.125614,81.054482,55.333704,128.721188,76.602227,11.941071,403.427991
2012-11-25 23:00:00,0.222089,239.592450,241.354798,127.402309,94.174523,8.943451,154.304272,151.344710,15.218451,69.134234,185.237393,102.242586,236.261895,22.477569,36.569838,8.514197,99.479177,283.976000,42.713995,3.360181,33.690377,437.538442,9.051422,116.013633,63.641487,128.009417,87.545402,9.331196,434.736568
2012-11-26 00:00:00,0.222089,229.552784,310.064813,131.782034,95.015367,9.078957,184.331049,161.117405,10.585741,69.949175,153.471548,100.835578,264.663815,17.694772,56.571792,13.483338,96.647029,295.781502,48.605581,12.880694,38.811314,418.536398,15.283549,186.918684,55.642830,143.996906,92.327294,11.083030,402.484962
2012-11-26 01:00:00,1.018995,173.811721,400.083630,93.882232,99.955325,8.943451,212.133621,240.487536,10.910031,81.086714,140.543990,127.256062,255.196508,24.466455,107.540627,13.968132,124.614485,442.384380,76.801026,25.281363,41.304402,502.407488,21.144716,136.735387,41.770764,146.789241,104.465942,13.585650,439.074504
2012-11-26 02:00:00,1.613410,91.611954,421.174995,71.203060,80.931231,10.163012,306.106312,198.623423,20.129123,67.911821,125.196835,135.698111,260.035354,27.465569,156.943043,24.633603,144.262507,342.359576,110.046402,37.602027,34.184502,302.558406,24.705932,131.308261,39.703478,56.339474,91.729557,13.907415,421.534156
2012-11-26 03:00:00,1.874690,119.116456,442.918670,45.618526,62.853086,10.569533,337.801244,155.966930,36.969021,81.630009,118.905884,147.735846,291.803427,13.953772,172.546977,32.057014,207.277786,340.642412,235.032181,41.522238,23.336201,200.012893,15.877085,159.430642,41.307073,45.005877,77.108004,12.227085,371.364990
2012-11-26 04:00:00,1.717922,228.088666,473.359816,33.476713,51.817009,13.686190,363.379610,196.642472,44.844627,146.825357,107.222690,158.053905,314.735347,24.545379,204.598301,31.541920,295.074355,209.064719,215.042873,30.321634,17.474075,165.285020,15.802893,157.457142,33.849388,66.578037,87.177564,12.227085,287.058159
2012-11-26 05:00:00,1.293340,164.817853,448.572026,35.471439,24.962555,21.545586,422.877113,196.246281,19.990141,337.385926,75.318582,173.687328,361.019957,21.767252,241.228386,30.087538,267.991946,162.272000,172.539291,81.284381,12.375598,142.187708,13.057790,150.056515,20.904702,73.038735,109.477732,7.507859,250.280011
2012-11-26 06:00:00,0.992867,125.809567,467.489024,51.559341,55.863570,25.881804,455.684147,177.361209,16.422955,506.758007,54.786577,158.053905,358.284957,15.184987,263.338980,32.814505,337.733575,142.095323,161.808189,72.883928,9.657908,190.184250,12.093294,200.310294,9.080601,113.062209,109.155874,5.648770,265.557088
2012-11-26 07:00:00,1.138423,93.013674,434.023944,31.785532,152.859879,29.494209,562.298594,138.654177,26.564935,474.075313,31.489320,158.322436,602.770350,15.043695,211.640330,48.723695,341.981303,114.234696,279.232765,31.233891,9.325315,183.317803,8.455609,209.488566,5.294175,194.966627,110.315216,4.868919,550.266426
2012-11-26 08:00:00,3.375761,68.518781,411.992882,39.903210,175.767596,40.081994,586.575227,177.367384,75.690002,383.672500,30.378089,212.359961,713.071483,17.118136,169.139184,58.537860,394.250286,96.025179,439.110351,37.587477,11.472408,192.504694,11.311250,181.693415,24.415937,174.694791,99.587354,3.734170,621.874804
2012-11-26 09:00:00,5.647916,88.323053,413.090688,79.783707,87.086614,78.359449,549.460659,176.784206,22.901264,267.152782,41.249637,281.467182,751.908215,20.870944,186.128417,78.995887,479.797620,157.813278,390.965285,73.378587,19.475170,267.793958,15.680034,162.502989,31.060034,158.226611,97.212401,3.324859,533.521832
2012-11-26 10:00:00,7.140439,161.890130,494.041193,114.094220,47.519677,99.383407,486.376883,240.574631,11.626857,273.167316,61.701810,365.674241,1055.354734,49.287997,152.494741,107.193240,483.917007,263.219504,493.642476,63.418528,24.275614,324.422402,26.738524,142.213818,21.955785,190.519059,86.904261,6.666983,535.612688
2012-11-26 11:00:00,8.366741,212.538674,586.796254,98.535115,55.065271,104.211510,516.202881,331.022981,14.741861,339.052683,72.415525,540.246270,1521.919782,71.625001,60.229866,126.606025,707.351425,415.076636,575.986133,49.980059,21.597625,280.769761,23.598696,157.247176,8.525136,172.841183,78.974553,31.789932,547.038679
2012-11-26 12:00:00,7.830158,210.767457,499.161200,70.818857,66.272575,141.018473,732.048773,437.847289,18.388173,304.905407,70.557271,587.533768,1067.052885,65.362793,45.124850,205.377866,1364.855041,538.065814,554.208734,42.783268,18.470242,231.172377,20.220553,177.109521,4.370017,180.744605,70.350163,56.819273,525.637900
2012-11-26 13:00:00,17.692099,178.510153,206.790853,91.863986,79.277859,276.612168,966.100754,490.663175,28.233683,276.011746,67.818887,515.871921,435.009277,88.138522,38.006472,225.183551,1443.543847,713.358239,746.278762,46.202482,11.680851,247.644214,20.532646,166.559330,13.354555,170.156938,53.050547,56.586624,576.811428
2012-11-26 14:00:00,18.505899,147.929995,120.336604,207.965778,94.370471,295.394896,983.966315,447.488655,24.233226,236.685920,77.303694,323.901589,219.664715,89.146491,33.692537,150.782636,989.345989,797.779374,851.191095,63.205400,9.930770,217.906334,14.205565,125.485149,20.788510,158.154361,54.099737,31.408588,643.049736
2012-11-26 15:00:00,32.150614,170.407658,84.827800,209.815894,116.774516,239.731119,921.887772,414.844559,18.624657,273.441332,61.952527,241.869469,195.488541,68.486081,31.268116,163.727769,557.166695,698.612399,895.313973,75.440572,6.738075,166.822648,22.851132,73.507236,21.582967,107.655129,36.737803,22.079039,511.840184
2012-11-26 16:00:00,43.705762,103.429478,104.587079,100.560229,87.290113,187.947969,819.063757,293.577041,8.246223,292.835771,71.239834,151.644202,256.248431,63.028745,21.267138,112.957040,478.809916,552.926814,769.272742,104.645640,5.076017,120.564692,37.244378,85.988233,14.702845,51.192816,31.358174,37.074524,436.434021
2012-11-26 17:00:00,29.779490,68.918125,170.035543,104.289500,46.456629,202.040679,737.602222,293.312914,5.929868,277.351876,78.014704,132.258758,210.805360,51.774175,22.652815,115.532509,475.623750,611.954327,727.189988,141.527628,4.469590,104.183620,13.131982,69.636372,4.173212,46.210414,27.219999,112.331874,300.449177
2012-11-26 18:00:00,23.626325,96.527207,158.511395,125.581037,49.136819,185.237833,675.324462,223.055161,2.501663,267.029279,68.232621,91.142855,101.405373,23.251025,118.565800,57.084513,494.563736,583.406476,598.206347,103.605584,6.446092,147.429651,13.354558,69.072515,2.299131,46.593676,24.507195,83.086975,180.684439
2012-11-26 19:00:00,25.089498,127.378265,135.245662,143.620301,42.988147,219.250046,840.193711,180.926922,6.995391,257.114154,54.786577,58.781670,112.766140,20.172987,48.498714,27.269672,411.369407,627.408804,767.168604,81.684403,2.515548,182.812767,10.238494,64.209246,4.366417,29.292146,23.679560,80.155335,162.389668
2012-11-26 20:00:00,17.153091,165.027013,108.283504,144.747756,36.944581,261.257163,873.278771,213.150402,21.704244,269.474105,49.739990,62.533692,112.555756,17.805265,37.172306,23.573116,364.815984,596.070560,805.253496,106.405735,1.167933,205.418647,5.935359,64.209246,10.626235,25.021516,25.012972,105.181532,121.839403
2012-11-26 21:00:00,18.714244,123.822550,86.322392,144.400847,34.422049,220.605115,740.104454,218.961194,30.344247,316.469085,36.535907,75.353098,67.323069,18.783923,60.126356,12.150154,323.041810,558.507597,737.500262,80.324329,1.684519,208.039618,5.786975,59.768870,8.636231,12.811892,24.783073,107.505393,97.886455
2012-11-26 22:00:00,10.640664,68.186066,105.239390,123.846492,26.171268,191.064626,712.023857,179.870414,17.418987,302.615073,37.054392,104.587599,62.063454,20.299265,57.294754,12.695547,280.028572,603.368507,874.900454,158.328533,1.325155,149.395380,3.190255,70.059265,12.674200,7.665235,21.242634,153.982617,82.986590
2012-11-26 23:00:00,11.404911,54.799845,110.892745,72.547332,32.845467,257.327465,712.301882,197.831043,7.574480,303.022544,26.373602,110.997302,64.798454,18.373518,57.355001,11.089666,232.767113,444.101544,883.948246,290.255644,1.527297,133.341929,2.967679,76.966517,14.567602,4.270631,34.254897,159.559884,75.253749
2012-11-27 00:00:00,7.204821,51.139550,115.241480,54.117795,21.231310,289.713597,672.266179,214.603100,6.138340,237.963020,24.230530,141.013474,74.896914,22.556493,34.461198,8.756595,254.893264,335.061629,790.734946,238.652863,2.313406,101.235027,3.561215,76.966517,18.238483,4.051624,36.783782,161.240214,61.485519
2012-11-27 01:00:00,2.782642,48.838793,140.246707,63.961336,10.668208,296.488938,649.468071,184.888825,8.778984,229.813602,27.376006,176.814013,84.153836,23.124746,49.402417,14.180229,257.194384,373.053883,800.203566,142.407675,3.616100,157.258294,5.267631,78.305678,40.109207,9.088778,24.415236,186.159156,51.678013
2012-11-27 02:00:00,3.612208,31.164797,147.639557,69.164970,25.330424,364.106845,659.198971,168.645021,17.256843,257.114154,29.449946,197.450131,101.615757,28.680999,36.268603,34.238588,206.215731,343.647449,753.491709,132.727154,5.300619,154.309701,5.935359,59.486942,40.553577,7.446228,33.703141,213.795228,84.118225
2012-11-27 03:00:00,6.623471,51.976188,186.995609,65.305608,91.599438,377.657527,719.252525,180.398668,16.376628,226.553834,26.719258,269.832879,133.383830,22.303936,32.232065,21.512741,289.764079,401.387089,705.517369,140.647580,5.480301,119.581828,4.970863,47.998350,43.915331,8.377006,22.759965,222.518646,141.643021
2012-11-27 04:00:00,13.730311,71.741781,285.929333,78.184603,136.637143,385.652430,790.427108,186.737713,25.873682,247.742322,45.350151,343.153632,159.681904,19.857290,61.572280,19.846261,383.755970,452.043428,713.302679,92.484985,4.289908,85.017765,4.451519,55.680905,66.983921,16.206496,26.254425,223.698452,157.297309
2012-11-27 05:00:00,7.289737,48.315893,472.490069,110.100225,168.957082,441.887763,815.449423,149.363758,37.710255,311.579434,48.322798,499.956864,272.237660,21.672544,113.565311,15.543713,432.610512,455.048465,746.337641,66.403579,6.333791,101.235027,6.306319,59.839352,75.967920,20.477127,24.369256,254.158909,202.751328
2012-11-27 06:00:00,5.761244,33.360974,650.570772,94.099050,167.906027,489.721674,821.009937,108.556153,37.015348,312.666023,54.993971,684.274919,387.528416,13.511797,121.879377,10.968468,479.694962,375.844275,742.339779,70.883820,4.851414,87.474926,4.822479,86.974983,81.744727,21.298402,35.818208,249.654194,292.716336
2012-11-27 07:00:00,10.153940,53.016222,716.311326,107.324954,218.090161,653.913535,795.419513,113.913432,33.663310,271.422269,62.874943,761.610841,517.845153,29.804595,115.449150,30.288514,496.087523,289.476197,663.555334,80.687387,7.998702,108.156916,7.525491,111.750667,84.210961,34.947692,53.123033,266.953556,339.529291
2012-11-27 08:00:00,3.532680,81.717007,673.479018,141.407175,233.175332,630.316448,951.090230,166.761852,29.335300,320.854872,53.295353,865.162713,613.985190,46.401800,84.444012,48.264254,687.380999,286.855519,571.149066,85.154218,14.622737,129.882930,14.665680,160.634545,81.069524,49.029839,71.687610,243.554373,442.667628
2012-11-27 09:00:00,3.654837,90.383562,863.742857,166.889045,228.428497,650.174639,1033.464822,208.568552,46.890603,410.239626,70.234333,890.243690,788.729492,34.231128,89.560076,62.158593,788.039831,346.482937,575.017592,118.264726,12.495753,167.184110,23.778818,201.596583,90.705822,62.350620,110.333751,233.699599,522.365663
2012-11-27 10:00:00,5.025764,80.315214,1080.767046,132.506277,208.270174,828.677716,1219.291612,263.072051,44.661617,472.076254,78.344393,936.051219,1056.317405,50.246486,110.531740,75.330097,824.167996,406.673707,795.137552,146.957745,19.119067,221.892321,37.931211,190.243694,72.552966,57.861862,175.759554,267.507618,515.857777
2012-11-27 11:00:00,9.398409,198.211816,1002.766581,127.509042,266.034481,904.700697,1778.597417,312.663122,95.486932,559.493885,78.772978,978.795551,1273.066095,53.645485,192.118419,73.613590,801.671648,484.617141,1024.892934,169.454910,26.275424,282.745208,42.480377,150.654905,106.695424,88.828615,179.146660,264.675649,562.148610
2012-11-27 12:00:00,6.880695,316.961039,917.054922,132.017262,215.183884,820.455287,1783.618188,315.875499,112.038264,510.642396,68.737603,1070.674061,1143.145458,74.747980,191.333696,78.785228,926.616804,512.202909,980.805807,201.167080,29.747139,314.070325,0.000000,184.571580,128.201554,142.260864,149.844238,159.579471,586.637760
2012-11-27 13:00:00,4.542728,273.677896,1123.471594,173.978244,173.913694,833.463513,1962.845102,290.984902,74.727739,462.818825,62.980170,1002.049278,1108.391623,0.000000,171.775794,84.255506,1060.902685,636.436070,1019.414628,248.259158,24.299344,343.490522,31.504570,199.900489,0.000000,146.967750,138.929669,214.710768,564.296186
2012-11-27 14:00:00,8.524508,256.556721,1363.431792,231.234808,161.762823,827.932216,1973.984783,196.698970,70.658050,351.923228,85.430115,946.694645,1070.640728,80.596401,167.457361,113.172628,1148.506555,866.520616,1190.809611,263.397143,20.981167,57.883528,25.823109,193.503236,0.000000,122.154657,111.509647,0.000000,581.691752
2012-11-27 15:00:00,5.088445,192.923344,1336.754894,243.891628,135.215653,650.383271,1846.983115,170.115139,58.831677,249.270411,110.526766,784.626130,1006.193011,62.480616,120.740028,76.905359,1234.974376,879.774558,1216.980798,309.342478,22.258109,205.151500,16.322237,145.375872,0.000000,85.277855,78.119558,166.582868,580.753063
2012-11-27 16:00:00,17.623396,101.860780,1270.700397,206.367456,155.293368,707.752158,1369.554673,242.600551,27.657275,123.463690,125.749886,876.878689,1043.717953,41.987594,76.091771,84.596581,1162.242481,865.665311,1122.136633,294.815890,34.139582,142.515329,35.908922,92.261145,107.692061,60.500601,51.221417,302.852739,559.027847
2012-11-27 17:00:00,19.302126,80.212750,1172.636421,199.472641,128.281256,753.417959,1328.684893,292.388470,15.982848,163.939135,111.474266,960.673836,982.285653,42.808404,68.139187,101.927973,996.384850,741.170920,1138.759321,238.092833,33.645456,174.622231,31.679979,96.490075,87.115806,56.229970,10.529358,317.618195,562.611359
2012-11-27 18:00:00,17.453564,60.342577,1309.839013,113.569314,112.673090,906.405167,1009.233346,353.005592,14.315072,192.190453,102.210668,1098.404292,955.987579,22.367075,81.694728,92.110891,880.266807,632.560296,952.122307,153.848292,33.667917,198.047164,47.853832,83.239429,51.971949,58.803299,17.012499,295.023114,543.373559
2012-11-27 19:00:00,28.015844,78.121152,1459.652938,97.481412,93.281126,1122.403050,949.179792,368.324952,10.122470,237.691373,88.073312,1269.433938,828.915286,18.089392,80.248804,49.358106,845.395993,593.924105,899.098038,180.249715,40.608134,258.984753,46.444184,125.881135,53.942633,55.682454,20.644898,243.862417,465.667934
2012-11-27 20:00:00,27.539006,74.983757,1275.266569,152.249661,101.742119,1154.924688,887.180057,297.142754,15.009979,244.075084,87.347433,1271.309949,799.251059,28.112746,60.246850,64.174627,966.293284,577.825692,898.466796,186.890073,53.298176,383.480903,97.785039,169.086698,69.456936,77.528372,39.128749,279.220858,432.096086
2012-11-27 21:00:00,18.786096,145.366000,1215.471462,125.537673,118.979420,1209.804953,876.059029,251.448802,30.483228,286.452060,34.565664,1288.663048,724.354145,45.286619,44.642916,125.652587,989.304481,710.691258,892.154383,172.969323,79.936034,445.237546,91.923872,125.105831,81.628805,54.258910,44.738275,311.361646,526.021817
2012-11-27 22:00:00,14.834223,133.548476,1313.535438,119.336676,170.008137,1221.865061,797.377751,166.267879,34.490522,372.428425,45.108192,1263.180569,761.171448,58.056530,31.689843,159.073085,884.338019,689.441354,933.395482,132.887162,98.914946,406.742026,116.110460,113.687721,142.584753,33.836535,32.277769,333.170189,563.554389
2012-11-27 23:00:00,13.482094,77.911993,1319.406231,122.935856,164.174782,1200.319475,670.319999,105.782821,20.244940,296.367186,69.096762,1324.619921,839.013747,40.519606,44.703162,176.404476,919.739861,523.520380,928.766379,98.885330,0.000000,271.761990,0.000000,108.753970,144.188348,25.514281,57.336721,0.000000,489.620881
2012-11-28 00:00:00,15.729110,47.688414,0.000000,175.969560,145.623662,1216.309281,720.086602,136.553604,9.775017,304.652428,95.746889,1417.169784,953.673348,51.537403,70.790048,187.706240,1047.009484,356.311534,858.488180,116.006252,0.000000,210.332969,0.000000,110.234096,0.000000,19.984361,69.613308,0.000000,561.479724
2012-11-28 01:00:00,14.507622,120.162255,0.000000,199.299186,191.502211,1259.671466,842.695943,130.874875,16.469282,260.781392,88.315272,1494.398893,0.000000,38.183454,94.768294,139.469221,1114.272985,275.175534,812.617978,95.205131,0.000000,282.245876,0.000000,119.749187,0.000000,28.744629,71.728376,0.000000,0.000000
2012-11-28 02:00:00,11.718448,88.892878,0.000000,203.028458,217.988795,1294.090200,927.771812,120.705990,26.174808,351.919055,59.764033,1508.937976,0.000000,28.033822,118.867034,121.410638,811.941537,268.521524,798.520256,81.924415,0.000000,275.693447,0.000000,102.903951,0.000000,47.633957,71.084659,0.000000,0.000000
2012-11-28 03:00:00,14.566410,199.852105,0.000000,187.200737,224.925758,1314.822744,961.134897,141.572015,0.000000,452.156903,57.482699,1500.026925,0.000000,52.626555,0.000000,163.496832,0.000000,291.488592,805.463910,73.923984,0.000000,281.426822,0.000000,217.437459,0.000000,67.892077,74.533139,0.000000,0.000000
2012-11-28 04:00:00,32.163678,165.340752,0.000000,189.802554,0.000000,1273.357655,1048.156946,146.062172,0.000000,503.634063,78.671451,1506.123960,0.000000,59.271960,0.000000,182.009909,0.000000,303.294095,784.212119,56.003018,0.000000,344.985383,0.000000,281.294294,0.000000,133.539336,68.831653,0.000000,0.000000
2012-11-28 05:00:00,39.446883,209.055132,0.000000,174.668652,268.019011,1319.294470,1076.793595,108.688216,72.872519,494.805526,91.599010,1511.751992,0.000000,25.634531,221.346925,226.156477,0.000000,236.110053,723.192126,55.763005,0.000000,349.572083,0.000000,283.479241,0.000000,151.552637,62.854288,0.000000,0.000000
2012-11-28 06:00:00,46.018098,170.046846,0.000000,147.956663,312.741399,1314.958251,931.664172,96.670443,69.328497,425.399645,125.093138,1525.822073,1436.295599,14.616734,222.491616,248.850904,1247.383911,183.307259,668.694960,35.361906,0.000000,382.825660,0.000000,277.981633,0.000000,125.052826,64.785437,0.000000,0.000000
2012-11-28 07:00:00,48.418103,184.630737,0.000000,132.519215,248.182714,1343.585303,797.586205,95.023198,77.133077,434.276806,158.414438,1535.139959,1455.221404,19.691897,270.908557,230.198212,1260.793256,158.142808,633.623486,31.956592,0.000000,448.984159,0.000000,280.800919,0.000000,114.150213,75.210444,0.000000,1100.159326
2012-11-28 08:00:00,52.634056,250.084591,0.000000,142.526041,244.401852,1375.957366,719.557831,174.768602,54.309095,505.853592,173.532093,1533.905918,1544.945666,21.978084,320.468004,211.750112,1329.958655,181.189568,607.688131,42.946406,0.000000,419.254057,0.000000,252.179999,0.000000,142.875318,80.077351,0.000000,1195.709466
2012-11-28 09:00:00,48.648324,324.897576,0.000000,144.726430,0.000000,1438.422466,933.992122,236.420024,0.000000,577.628284,150.675971,1533.278092,0.000000,55.504678,276.193844,251.511226,1532.824559,269.659622,615.745107,90.146067,0.000000,440.289047,0.000000,289.107683,0.000000,219.334715,81.518245,0.000000,762.251608
2012-11-28 10:00:00,41.855477,328.344770,0.000000,160.560251,295.317068,1507.059460,1068.423105,263.670345,0.000000,674.198041,132.237558,1617.559382,0.000000,49.461442,0.000000,257.421602,0.000000,371.289256,678.575320,116.076407,0.000000,551.091284,0.000000,261.251000,0.000000,185.413855,75.179650,0.000000,0.000000
2012-11-28 11:00:00,44.828723,372.624742,0.000000,153.901749,348.971077,1530.474544,1154.569871,309.852923,0.000000,786.050753,116.395931,1707.101917,0.000000,44.732664,0.000000,294.361489,0.000000,418.234163,617.737262,126.023279,0.000000,636.822711,0.000000,217.546801,0.000000,170.377166,56.080581,0.000000,0.000000
2012-11-28 12:00:00,51.292494,395.594290,0.000000,171.141485,0.000000,1520.330538,1411.926217,333.758896,0.000000,872.125882,100.265392,1736.481400,0.000000,75.080420,0.000000,331.496177,0.000000,465.006363,556.155333,131.500353,0.000000,829.671143,0.000000,197.461059,0.000000,142.631287,78.061900,0.000000,0.000000
2012-11-28 13:00:00,54.284338,467.020142,0.000000,210.265499,0.000000,1458.330046,1979.218735,0.000000,0.000000,0.000000,83.211775,1631.081250,0.000000,79.011796,0.000000,339.862048,0.000000,600.253099,636.618889,0.000000,0.000000,1382.356633,0.000000,397.264991,0.000000,141.995357,131.597938,0.000000,0.000000
2012-11-28 14:00:00,58.776127,406.582179,0.000000,231.993501,0.000000,1396.875233,2017.116938,0.000000,0.000000,0.000000,82.718896,1507.604713,0.000000,90.993204,0.000000,332.393387,0.000000,660.173342,751.929799,136.062081,0.000000,1538.498772,0.000000,449.558916,0.000000,346.666021,202.720230,0.000000,0.000000
2012-11-28 15:00:00,60.362419,445.411665,0.000000,276.400621,0.000000,1324.587503,1997.839825,0.000000,0.000000,0.000000,115.586875,1529.567490,0.000000,103.985820,0.000000,315.141328,0.000000,576.420848,0.000000,0.000000,0.000000,1511.159983,0.000000,448.018341,0.000000,400.386278,172.286041,0.000000,0.000000
2012-11-28 16:00:00,61.819060,421.875139,0.000000,282.470605,313.859385,1266.853327,1636.181334,363.438604,0.000000,661.868606,106.704205,1367.455499,0.000000,67.511631,0.000000,288.967621,0.000000,346.223195,741.918952,90.724890,0.000000,1303.769546,0.000000,326.684804,0.000000,331.849903,185.804081,0.000000,0.000000
2012-11-28 17:00:00,63.693750,274.835862,0.000000,272.540337,400.451934,1161.971043,1456.854748,374.928124,0.000000,673.956910,98.788668,1397.002669,0.000000,46.375771,395.821802,269.484955,0.000000,343.862095,749.283434,121.926571,0.000000,1263.472108,0.000000,221.384460,0.000000,215.064580,156.193136,0.000000,0.000000
2012-11-28 18:00:00,62.178321,244.507703,0.000000,242.836259,405.286786,1137.715321,1083.466212,371.098284,88.299442,578.744537,88.972019,1312.113182,0.000000,46.975593,383.832679,279.241438,1356.598595,331.412656,722.771299,80.244325,0.000000,1203.845005,0.000000,198.477758,0.000000,132.553806,142.399218,0.000000,0.000000
2012-11-28 19:00:00,61.296498,186.570463,0.000000,215.256998,375.384273,1025.515668,987.269315,306.915449,100.784594,491.545759,118.283702,0.000000,1886.308238,63.155023,328.767058,276.423572,1422.977049,268.736169,806.095151,67.043613,0.000000,1043.638118,0.000000,186.213862,0.000000,152.811925,174.860906,0.000000,1318.732358
2012-11-28 20:00:00,57.109472,174.648360,0.000000,230.390900,364.348196,703.545292,845.754226,262.674195,68.008175,407.470925,113.202550,958.485157,1775.225174,77.313997,234.842220,290.119007,1404.214072,194.683471,754.754192,51.122755,0.000000,1064.278269,0.000000,116.788936,0.000000,137.645711,147.778846,0.000000,1183.124725
2012-11-28 21:00:00,0.000000,172.243023,0.000000,264.908340,0.000000,1100.179930,885.511903,209.848816,0.000000,469.949800,110.402731,1036.026934,1690.860953,54.931137,173.691667,288.149531,1355.713549,158.193735,741.077297,39.122109,0.000000,1202.534519,0.000000,0.000000,120.462864,95.979687,155.181582,0.000000,1196.515743
2012-11-28 22:00:00,55.424210,125.914147,0.000000,244.267258,322.989184,0.000000,869.942463,200.472312,60.271550,493.311466,100.171294,970.522892,1582.092120,58.735277,153.930701,283.331889,1289.335094,98.522286,686.580130,30.241630,0.000000,1065.424944,0.000000,0.000000,0.000000,89.628492,190.907831,0.000000,1152.570572
2012-11-28 23:00:00,54.836328,123.613390,0.000000,219.333178,324.723425,1089.474891,896.354906,174.719940,64.163026,566.656233,107.568346,0.000000,1698.855567,53.715707,178.270428,276.756868,1283.139772,85.214264,624.928896,19.921074,0.000000,1000.555897,0.000000,92.190663,0.000000,78.842412,208.701985,0.000000,0.000000
2012-11-29 00:00:00,56.599974,134.489695,0.000000,220.720814,318.364543,151.379098,1070.120978,208.131992,58.719592,596.129963,0.000000,0.000000,1752.503638,63.391795,159.895139,0.000000,1232.515138,0.000000,622.824758,21.761173,0.000000,984.502446,0.000000,0.000000,112.328964,79.225674,0.000000,0.000000,870.038954
2012-11-29 01:00:00,60.303631,126.018726,0.000000,220.287177,311.269922,1118.744365,1195.510575,285.521171,69.004207,572.904120,0.000000,0.000000,1779.643250,0.000000,153.328232,0.000000,1246.675874,135.012021,654.597237,22.321203,0.000000,839.038524,0.000000,0.000000,99.268355,85.029352,0.000000,254.296878,900.781713
2012-11-29 02:00:00,61.309562,115.142421,0.000000,219.506632,306.172305,0.000000,1046.766818,250.128167,54.735462,483.939635,0.000000,0.000000,1770.807097,0.000000,207.309409,0.000000,1232.869156,0.000000,625.980965,40.082160,0.000000,910.296189,0.000000,212.221779,123.515491,129.816222,0.000000,347.256363,44.851489
2012-11-29 03:00:00,0.000000,147.771337,0.000000,188.978646,346.007288,0.000000,988.103392,194.001203,59.900933,407.878396,0.000000,0.000000,1813.935938,0.000000,233.456542,277.453760,1252.163160,126.640846,638.184963,51.122755,0.000000,1183.532475,0.000000,152.170980,128.519482,126.202611,0.000000,0.000000,0.000000
2012-11-29 04:00:00,57.377285,198.387987,0.000000,167.817200,405.917419,1206.010762,1023.412658,173.927559,69.421151,529.304731,0.000000,0.000000,1815.829400,31.490695,302.017457,0.000000,1235.524294,0.000000,625.349723,39.042104,0.000000,1297.872360,0.000000,0.000000,0.000000,147.282006,156.423035,0.000000,0.000000
2012-11-29 05:00:00,59.447936,230.912322,0.000000,168.380927,359.563388,1230.401991,953.906229,190.435490,0.000000,599.389730,66.020418,1247.234477,0.000000,50.385112,0.000000,228.125953,0.000000,122.777227,626.401792,36.401962,0.000000,1261.670190,0.000000,162.672822,0.000000,184.020380,131.869860,0.000000,0.000000
2012-11-29 06:00:00,59.271571,197.760508,0.000000,169.161472,366.713070,1275.932285,875.781003,219.489448,0.000000,670.561319,75.595107,1257.552536,0.000000,56.257061,366.541833,257.456000,0.000000,113.976762,593.998072,38.802091,0.000000,1128.000640,0.000000,154.919784,0.000000,147.610516,160.837089,0.000000,0.000000
2012-11-29 07:00:00,57.545390,194.686896,0.000000,166.819837,296.348719,1291.400356,1009.767797,281.295141,72.913092,659.762154,52.781769,1384.802123,1091.602994,70.460901,401.180661,243.802854,1216.613461,97.287138,581.598192,19.577301,0.000000,945.199076,0.000000,144.629389,0.000000,104.549260,126.331681,0.000000,0.000000
2012-11-29 08:00:00,60.894745,195.075806,0.000000,180.398137,281.058072,1355.631662,946.545876,373.040900,45.691399,576.747277,43.271310,1464.937711,1579.722107,62.528852,257.492892,243.622262,1209.643775,149.292917,546.520321,30.246874,0.000000,964.463928,0.000000,129.901325,0.000000,128.331432,103.204353,0.000000,76.320277
2012-11-29 09:00:00,59.051251,198.260785,0.000000,205.457378,329.291339,1430.805626,1032.048062,396.429497,61.032716,530.851872,35.198896,1608.973620,0.000000,49.731690,332.515525,278.521989,753.838258,288.604596,555.699224,59.044385,0.000000,1093.049863,0.000000,147.136452,0.000000,153.541580,117.304389,0.000000,0.000000
2012-11-29 10:00:00,46.405292,262.981051,0.000000,217.003983,438.046042,1490.207756,899.620811,379.756237,56.093628,540.681601,35.413748,1692.802567,0.000000,53.036134,270.305378,308.836384,0.000000,370.824315,586.062279,97.786531,0.000000,1247.463707,0.000000,124.960197,0.000000,179.790558,141.170311,0.000000,0.000000
2012-11-29 11:00:00,53.097105,324.731771,0.000000,164.663477,500.702816,1521.444120,1193.245546,394.482741,0.000000,503.977466,44.864760,1735.080029,0.000000,33.154159,0.000000,310.801843,0.000000,426.726066,611.461452,119.439698,0.000000,1289.664685,0.000000,116.475678,0.000000,180.004444,118.026877,0.000000,0.000000
2012-11-29 12:00:00,54.382236,337.627640,0.000000,189.634463,0.000000,1502.388768,1258.238763,399.102013,0.000000,0.000000,50.857738,1735.055269,0.000000,39.755756,0.000000,297.000412,0.000000,463.070359,583.938051,128.223712,0.000000,1250.463166,0.000000,162.260850,0.000000,277.536663,114.525581,0.000000,0.000000
2012-11-29 13:00:00,49.778533,411.502688,0.000000,163.435001,0.000000,1498.385734,1457.345383,0.000000,0.000000,0.000000,67.521036,1689.004529,0.000000,47.097301,0.000000,322.623754,0.000000,535.331747,575.154594,125.184137,0.000000,1276.631843,0.000000,150.482756,0.000000,166.939960,109.881508,0.000000,0.000000
2012-11-29 14:00:00,48.160168,364.732138,0.000000,212.027524,0.000000,1454.725587,1486.852327,266.717812,0.000000,0.000000,78.836394,1626.273947,0.000000,50.046031,0.000000,320.806113,0.000000,477.089117,511.762181,103.508901,0.000000,1045.419121,0.000000,100.679314,0.000000,105.828723,125.383269,0.000000,0.000000
2012-11-29 15:00:00,35.579926,386.800019,0.000000,260.631000,0.000000,1297.825012,1567.955553,0.000000,0.000000,0.000000,71.284203,1578.359108,0.000000,41.763853,0.000000,303.662397,1509.495403,505.101323,656.557553,72.335525,130.741122,1002.836904,221.067998,91.316301,0.000000,75.577142,117.983982,0.000000,0.000000
2012-11-29 16:00:00,42.654106,332.668522,1023.290008,164.738383,0.000000,1282.707626,1232.766021,241.676107,164.553839,500.917590,59.867730,1498.932586,1705.167105,25.318835,309.849547,262.455440,1407.577247,295.352211,599.889657,19.201035,132.740085,958.456541,0.000000,0.000000,0.000000,58.693796,119.317394,0.000000,932.656108
2012-11-29 17:00:00,45.867861,226.938288,1575.322282,141.278666,313.109268,1269.698971,965.305283,270.069748,124.017632,416.163638,51.433708,1462.194042,1603.340963,19.936215,336.719642,268.242670,1187.554798,183.521905,483.530843,23.201250,0.000000,774.660910,0.000000,129.616689,50.059227,64.606977,126.582191,0.000000,837.975953
2012-11-29 18:00:00,43.026432,131.352299,1696.441564,100.386775,247.050465,1224.710704,825.180323,298.199262,65.298040,386.010789,58.035750,1505.029621,1395.901757,14.948215,298.643633,227.247264,922.395000,153.686180,378.744785,77.524178,129.326126,590.210036,176.502738,114.956400,59.448954,60.391098,117.800063,305.641372,728.773145
2012-11-29 19:00:00,33.587659,125.704987,1738.624295,68.471152,239.955844,1178.367369,973.924080,270.465938,22.653949,304.788252,77.427087,1527.229081,1243.793698,5.145848,174.354383,209.915873,902.923986,160.340190,397.050783,112.246050,118.230762,375.290367,133.397193,91.626806,79.928607,38.983193,109.937530,316.116623,568.646747
2012-11-29 20:00:00,12.371650,155.196506,1623.817688,81.393510,204.167423,1147.336306,980.596698,254.618325,17.604296,227.640423,78.947977,1541.299162,1284.397924,5.414190,122.903573,232.337603,1060.462184,214.001566,577.375384,68.403687,106.236988,311.567996,94.817360,83.027983,59.912645,30.387180,102.350875,320.835849,429.644209
2012-11-29 21:00:00,13.619267,99.455443,1399.640393,55.331976,97.432793,1175.250712,927.771812,118.460911,7.574480,160.815192,84.098261,1510.032316,1015.105649,1.641620,93.503111,164.648218,1001.341108,216.577312,620.931034,48.722626,106.978176,228.515959,74.414563,61.883335,44.630187,23.488469,96.097632,309.288047,282.343012
2012-11-29 22:00:00,20.294994,69.545604,1391.595233,74.065059,57.545258,1179.315917,683.665234,45.693952,9.612872,158.234542,40.165302,1509.563313,828.494517,1.752114,123.265054,132.682103,912.836502,144.456423,543.919594,44.482397,112.907683,159.551644,98.081807,40.456759,29.251127,14.509194,95.683814,316.509892,219.914464
2012-11-29 23:00:00,32.888733,59.610518,1261.350617,78.835057,41.516670,1159.531920,475.980024,25.092055,9.589709,103.497615,31.765845,1485.018839,712.993377,1.262785,111.275931,165.920802,930.537423,121.489354,444.604295,39.602134,105.473340,95.010219,95.633472,25.021166,23.068590,9.581543,88.235098,317.510940,254.052129
2012-11-30 00:00:00,31.895865,88.160819,1056.960067,107.238226,38.836480,1114.814667,341.415578,24.563801,10.747886,73.888061,50.984354,1465.477061,718.252992,0.994443,67.295731,174.677397,940.449939,112.044952,317.303965,44.162380,93.299883,75.844365,84.133713,16.492825,15.108574,9.143530,89.430571,304.282807,280.079741
2012-11-30 01:00:00,31.458220,56.996022,863.658792,149.040754,34.474602,1066.167716,394.796516,20.601898,7.690298,46.451685,57.620962,1465.320727,650.088384,1.278570,57.776729,134.833377,855.662527,164.633100,330.770446,49.762682,85.708319,93.044491,78.420930,5.920501,12.403714,7.829490,83.913004,278.005300,276.119018
2012-11-30 02:00:00,34.397630,52.708247,706.669454,164.955201,29.639749,1072.672044,572.454948,19.809517,6.115176,30.424496,40.891181,1399.660350,560.043780,1.546911,47.173283,121.198541,813.180316,204.557164,285.110658,58.643161,82.541423,76.335797,77.901587,3.947001,8.114579,3.558859,75.866551,257.877087,266.877329
2012-11-30 03:00:00,28.904199,80.108170,571.206356,164.261383,27.537640,948.954311,659.198971,15.979677,5.466597,26.213963,48.530192,1251.768170,467.264175,1.136506,44.341681,128.137157,619.532239,182.234032,472.799740,51.202760,76.387314,44.556517,73.895219,13.321128,13.311774,4.215879,66.716585,243.826665,244.244623
2012-11-30 04:00:00,26.598395,68.708965,466.401840,212.004726,32.898020,860.468353,876.337054,9.904758,6.833246,24.991550,43.967525,1225.191351,431.078026,0.994443,48.197480,92.474487,477.393843,244.481227,271.854590,68.483691,65.179649,27.356391,64.472837,18.184397,18.296445,10.293315,60.141484,228.274671,180.307227
2012-11-30 05:00:00,23.678581,53.440306,451.833577,215.647270,24.437027,853.286491,991.717726,13.338408,5.188635,40.203798,46.940172,1109.504022,351.552651,0.520899,28.797994,64.932118,516.689887,450.755555,278.377417,45.282441,52.085323,32.270712,55.273030,15.294628,32.149191,16.315999,53.244525,191.736423,146.546774
2012-11-30 06:00:00,24.821685,32.315176,476.186494,165.302110,45.142810,662.628385,1025.080812,33.147925,6.068849,66.010290,18.181539,909.708877,322.729962,1.057582,13.856775,49.721701,535.098845,655.527364,479.743395,27.281470,48.559063,61.592832,47.779640,23.682005,49.093206,18.287060,42.945066,144.186648,169.556692
2012-11-30 07:00:00,23.616898,15.622027,477.183244,145.138028,70.233208,628.525010,1160.647105,26.808880,4.573467,65.748595,6.221820,789.291675,291.430960,5.145848,23.392931,43.236269,476.505709,860.982205,831.343688,38.611378,65.096031,57.721846,59.771405,24.880202,58.601876,10.530661,37.064183,109.388682,194.125472
2012-11-30 08:00:00,34.853964,29.967420,482.016169,157.044326,85.844932,696.293559,1191.203518,55.767362,7.504973,77.540419,20.690303,802.795767,248.545101,11.387347,62.251813,51.860777,456.816311,889.026922,1005.859713,60.612605,92.523588,95.210155,113.398235,26.638420,80.068516,20.995147,51.932103,87.577519,231.613822
2012-11-30 09:00:00,38.830471,49.055179,554.040392,191.232484,99.455581,669.372471,1234.065366,98.789266,7.801978,122.321086,46.996248,854.251388,336.263150,17.025333,76.368832,69.018851,556.134543,954.884148,1089.179401,92.834897,98.309809,156.176327,150.557603,53.754870,102.136167,43.437527,81.214145,89.845644,298.490343
2012-11-30 10:00:00,24.716954,77.207741,663.539903,283.770420,102.204756,704.875364,1409.450058,150.500815,9.699902,163.019745,93.101183,859.128324,373.207745,22.755649,50.444524,83.187516,511.825424,1053.036159,969.601519,112.594602,105.160140,280.474376,162.935189,94.709679,114.726642,61.998537,114.735117,110.050973,420.374764
2012-11-30 11:00:00,17.269405,90.381301,780.286446,330.481780,118.316153,618.967792,2126.233489,214.955612,18.852123,192.919240,76.735435,697.406583,449.375485,29.718435,51.159499,81.320463,490.708215,1136.294948,1248.973712,93.573306,107.236044,425.535117,171.811771,119.604046,145.408074,91.707377,97.704209,116.546782,557.503487
2012-11-30 12:00:00,15.802767,99.775388,646.455263,261.284299,100.216665,486.065122,2070.871151,253.761253,29.079161,184.501491,74.185638,551.990456,501.946236,31.868849,54.205938,78.037763,552.475786,806.597809,1294.444052,122.244985,99.937701,574.010848,179.281501,144.651476,140.926962,113.963875,103.518038,107.285692,609.647026
2012-11-30 13:00:00,12.908498,113.319465,638.311628,305.185691,85.509963,449.799759,1821.606698,293.148507,34.435226,196.732254,77.479738,475.175496,557.621368,31.357577,75.619006,68.863929,453.512934,542.211319,1151.709734,170.009531,85.958224,641.215768,158.084803,123.902472,147.485390,151.277733,88.847833,91.773242,507.125972
2012-11-30 14:00:00,10.468680,174.487077,578.536093,315.024930,117.982498,399.636574,2136.253780,277.492122,31.418953,184.066438,75.106452,430.114721,535.672655,27.762319,78.022993,49.882528,285.387527,506.960774,1194.765182,265.272373,67.511428,701.411692,133.725755,121.313371,161.167191,158.871519,66.374500,91.343323,519.443395
2012-11-30 15:00:00,5.793904,289.265110,542.339773,276.545843,170.038212,232.000788,2163.353394,225.055191,27.862935,246.927571,68.714012,288.721460,445.369797,11.239985,73.233810,33.327994,195.885217,312.784034,1127.258114,235.741413,43.280904,756.963529,70.185620,232.798094,155.150703,248.401588,46.899323,57.774764,636.303755
2012-11-30 16:00:00,7.113372,295.019774,431.177086,217.598633,122.132584,227.380456,2055.722138,229.262143,40.188754,350.153348,65.363671,201.045818,260.876892,4.040911,44.221188,9.362587,127.977660,159.266963,879.739971,124.006684,56.846896,613.143537,79.385426,309.769086,134.798621,273.594121,54.485978,62.350983,518.854793
2012-11-30 17:00:00,5.918012,261.554220,418.348317,207.061274,90.180514,208.273993,2024.861284,321.838619,31.710896,406.791807,76.493814,231.218324,172.515364,2.525570,46.149087,7.877905,119.127199,86.931428,710.777714,72.723920,64.910126,585.787146,74.933907,295.390726,132.943860,252.678981,57.014863,59.133329,498.673964
2012-11-30 18:00:00,2.188228,313.216669,453.138198,182.040467,114.407331,176.294382,1700.961326,301.632912,24.599687,541.121388,72.207672,278.118593,168.938826,1.957316,67.355978,4.514646,130.101770,63.320423,640.289101,35.841932,60.642678,609.375890,58.908438,241.753803,139.474164,214.517063,33.979019,65.211120,561.856936
2012-11-30 19:00:00,1.966139,314.785367,469.663391,117.862313,152.665731,225.483360,1440.451230,312.065924,42.922053,685.637743,94.537091,268.738539,189.556516,2.478215,67.476472,4.484346,106.028518,69.545143,592.314761,13.680737,42.360034,537.299172,43.550696,210.318761,137.290956,212.107990,23.127803,59.526598,571.664442
2012-11-30 20:00:00,2.736917,251.305394,484.666527,147.913300,153.138705,267.354970,1154.362770,379.286218,67.035306,621.800631,136.154150,300.630722,213.961128,2.399291,73.862638,5.514534,76.644988,59.027513,376.430234,12.320664,39.732184,486.026416,47.408680,153.580623,144.188348,161.900704,31.680033,53.091290,541.487500
2012-11-30 21:00:00,2.834898,184.165126,501.409157,140.671575,216.622424,296.624445,837.969506,504.878556,63.282811,489.372581,212.855359,282.026949,183.665747,3.156962,124.891719,5.635732,52.925754,41.855873,305.520793,41.442234,41.955749,479.801608,41.992665,111.925668,139.358241,135.729403,36.278005,60.384639,489.243669
2012-11-30 22:00:00,4.180494,149.967514,556.855530,152.813388,225.819155,297.437486,626.113911,649.752156,89.503946,425.399645,228.340776,251.541774,183.034594,3.172747,129.470480,4.969140,45.314358,45.075556,314.568586,60.563264,34.656168,453.919514,28.860683,104.172630,125.003164,153.687952,45.152093,57.381495,421.911368
2012-11-30 23:00:00,4.859825,155.719406,618.825005,147.739845,229.024872,322.777262,449.567581,744.969901,104.652906,403.396216,156.098539,299.067380,273.499968,3.267456,108.926304,5.453934,32.215676,47.222011,302.364587,93.285028,34.319264,492.742655,25.670428,143.360710,127.959189,164.747791,39.864424,62.565493,366.461237
2012-12-01 00:00:00,4.872889,141.182806,590.558227,133.256397,211.314596,405.165413,451.791787,714.463245,110.490120,444.958250,105.287013,375.358483,314.945732,6.550696,109.649266,4.332848,32.038667,69.974434,288.477278,84.004528,31.758795,496.346491,20.551180,137.722138,130.374243,134.689121,45.611890,69.680084,331.380542
2012-12-01 01:00:00,6.819431,146.725538,473.577253,90.629961,198.439173,421.019712,535.477527,730.971176,108.196929,484.211282,70.271995,484.167107,291.172273,6.029797,147.604782,6.241725,33.631750,160.340190,297.735484,32.401746,35.869021,490.449305,14.541629,135.255262,128.616084,127.352397,55.359593,57.882019,326.854001
2012-12-01 02:00:00,10.385916,88.265398,455.747439,114.913587,177.418075,436.602997,670.319999,736.781967,113.362400,471.715507,47.182131,497.768184,304.847271,5.351050,151.520827,7.999104,40.712119,198.117799,446.918847,26.161410,46.425339,534.350579,14.912589,123.907634,125.312291,135.017631,48.600572,52.555014,292.716336
2012-12-01 03:00:00,12.136498,52.708247,426.176040,124.713764,153.821891,466.956527,800.158008,671.542625,88.855367,423.769762,26.961218,567.180582,305.478425,5.240557,174.655617,13.543937,63.192288,229.885333,509.622150,28.401531,44.516218,551.714516,18.177037,98.886468,138.855910,137.700463,44.600336,44.939900,315.914860
2012-12-01 04:00:00,9.804566,53.544886,361.814761,142.189302,134.377375,405.978454,842.417917,656.751519,56.588546,388.863086,13.964528,570.932604,347.976113,6.014012,189.657083,22.573228,107.444591,256.716021,528.348975,36.481966,43.864871,555.482162,22.405980,67.521908,143.995144,137.974222,39.772465,36.645503,336.472901
2012-12-01 05:00:00,8.158496,84.291364,329.851558,131.218307,129.437416,344.458355,1009.511372,648.563585,43.014707,356.808706,8.019234,509.962254,367.121110,3.709430,172.245743,33.117501,92.221799,261.438222,582.425314,42.162272,40.428452,617.402616,23.889820,46.377260,148.149036,149.745832,37.749357,36.681255,365.140996
2012-12-01 06:00:00,6.362190,116.292800,314.413548,113.005587,136.532037,237.678975,1049.825101,535.649339,29.880976,382.207727,8.883376,388.334224,347.765728,5.035354,137.603804,31.632819,66.909482,345.579259,640.289101,25.201358,39.485122,694.229845,23.147900,38.130848,155.297594,127.899913,44.002600,31.211243,403.050779
2012-12-01 07:00:00,8.659406,96.179970,465.102986,78.965148,130.742360,292.295097,1174.380621,582.795989,18.184258,496.696916,10.715356,387.500061,335.953508,7.608278,150.030253,27.263138,114.600433,364.581153,598.609293,23.248172,44.930377,682.959141,28.558531,47.152564,159.178775,115.416531,46.955963,31.926352,452.406690
2012-12-01 08:00:00,11.969432,112.886767,644.425040,84.261517,131.364927,398.644330,1196.495504,646.551301,23.425767,624.068593,16.164299,486.236705,486.855056,6.440555,176.624383,36.274205,204.643036,383.767890,634.079560,53.059910,65.903661,743.602605,78.071977,53.817285,154.488052,103.752171,73.469493,55.442544,524.426768
2012-12-01 09:00:00,18.073518,157.597905,816.898822,137.360475,184.445993,443.819531,1246.269001,628.536209,35.682162,715.390610,18.032348,569.168506,650.215249,11.019417,255.443955,52.068901,297.739144,548.265740,692.212216,118.169990,79.556957,878.831277,121.408332,95.995767,167.821763,133.766864,96.806827,84.167459,709.987197
2012-12-01 10:00:00,18.101934,188.849841,1014.093326,167.770696,211.987119,540.236607,1737.774655,648.225276,39.388055,788.069435,20.798829,669.022651,667.808428,15.393175,203.738705,55.350207,347.588921,567.290258,697.196801,149.895634,90.760376,939.631581,21.407779,84.658468,185.511065,167.906234,99.151914,0.000000,907.716323
2012-12-01 11:00:00,15.732793,292.106940,1126.570646,144.318832,294.165424,528.350230,1750.069506,664.549167,43.002280,815.842669,21.273770,684.339316,726.955863,18.150185,211.240258,55.426856,407.256468,604.993874,869.963295,243.433051,94.626235,718.297217,150.954141,122.248871,0.000000,235.677155,100.133586,0.000000,1227.134938
2012-12-01 12:00:00,15.011741,342.415397,1106.788149,196.285678,384.616660,466.444118,1603.271408,665.467439,67.473687,812.116761,24.715697,619.114040,814.239482,21.904899,298.996416,52.007479,461.228713,579.536289,978.645505,202.363548,96.144473,0.000000,150.978371,168.732027,0.000000,283.862335,90.632689,0.000000,1341.455902
2012-12-01 13:00:00,14.433632,407.152225,1011.539621,221.463188,0.000000,441.202377,1699.309601,701.350450,0.000000,886.331822,26.227517,508.293033,797.894227,31.485343,372.983794,46.167494,458.231537,560.078740,1075.398384,207.600162,95.836863,0.000000,140.958983,204.957151,0.000000,0.000000,82.660468,0.000000,1240.151638
2012-12-01 14:00:00,15.543282,391.633247,959.236898,229.505829,360.652348,398.077708,1525.565695,697.282471,139.833860,858.715642,32.840268,422.001746,659.876645,0.000000,335.687041,35.658425,420.964238,421.526487,767.410998,180.044639,94.101591,0.000000,137.726686,200.418995,0.000000,332.339804,78.118998,0.000000,1098.201816
2012-12-01 15:00:00,5.454239,379.233927,1004.295615,238.341256,332.119211,293.914308,1318.778454,620.123501,119.621619,790.382511,33.084591,341.787661,575.023967,0.000000,292.805409,23.446253,374.296303,329.650566,546.025771,127.192188,76.454695,0.000000,68.405012,193.216387,0.000000,339.205006,73.705504,128.706157,1051.572065
2012-12-01 16:00:00,4.996997,410.475935,903.232281,186.550283,255.248693,398.119058,1198.290833,501.444906,92.075100,725.705717,17.351963,402.716973,434.023410,4.814367,188.512392,1.636180,253.123172,185.668360,586.633590,126.166800,82.024837,836.581363,77.456435,170.566823,159.644690,304.857328,66.900504,125.667262,843.068312
2012-12-01 17:00:00,11.875217,268.874810,810.604223,138.113122,196.074300,454.489898,861.045640,493.785226,59.877770,751.919680,15.589114,476.506729,390.263415,4.009342,154.954897,2.363372,241.617573,125.138328,473.430982,142.727693,88.717992,812.992619,114.033084,171.342127,160.630032,276.441208,71.038680,96.422363,739.712286
2012-12-01 18:00:00,10.229147,225.683329,871.921388,116.995040,166.119234,441.752257,613.880779,428.017630,31.502424,732.496899,17.144569,463.218320,334.932268,3.425304,170.076856,7.362811,158.954272,114.620698,337.293273,115.446222,83.844118,764.013213,110.471869,159.078232,170.966460,274.962913,64.141721,90.630586,674.266044
2012-12-01 19:00:00,5.428111,233.003919,953.895045,95.009686,198.228962,407.198016,548.266710,434.620802,37.385965,804.347606,15.900205,382.706192,341.664575,1.357494,201.766699,10.483674,134.172982,123.206518,286.583554,78.244217,84.023800,724.862450,95.633472,146.250479,174.985109,241.071626,59.359829,95.886087,604.104654
2012-12-01 20:00:00,8.053984,163.353735,933.890864,114.653405,170.954087,460.723212,493.217619,531.951562,39.308540,711.851706,11.061012,322.517514,413.195336,0.789240,220.503470,11.029067,116.649070,106.464169,218.409493,55.122971,81.732854,670.149669,110.175101,159.360160,176.337539,265.326618,48.876451,94.634777,589.393395
2012-12-01 21:00:00,7.217885,147.771337,782.989755,80.699692,163.281386,447.037023,441.226810,527.989659,19.851160,665.400020,11.890588,288.905655,355.129189,0.994443,170.137103,10.150378,87.796569,91.009693,150.866673,40.882203,82.316821,639.680874,99.417263,144.276978,176.859191,237.074754,30.852397,99.032238,582.226371
2012-12-01 22:00:00,2.325400,128.319483,692.318629,40.458255,161.389487,416.005960,308.886570,519.801725,11.628101,547.640923,10.507962,263.892178,359.757650,0.883949,148.147003,5.484234,39.827073,54.090667,117.200470,24.081298,85.618478,536.807740,105.723582,115.097365,176.646666,194.149440,35.450370,102.214140,605.613501
2012-12-01 23:00:00,3.586080,89.729516,639.481497,22.765899,143.889422,436.602997,309.442621,533.008070,5.790887,516.673133,8.019234,289.374658,355.549958,1.041797,161.280816,9.362587,43.721275,53.876021,123.302469,16.160871,78.678260,481.275905,107.133230,69.495408,174.849866,166.554596,49.566147,120.304505,555.444335
2012-12-02 00:00:00,4.729184,76.866194,617.520385,11.361268,151.089148,465.059431,333.074807,574.872182,4.725364,444.822426,6.152688,367.229103,234.368434,1.625835,156.280328,13.240941,57.527994,44.002328,179.272532,17.760957,87.617440,465.713886,113.958892,58.147781,168.319562,166.116583,48.830471,140.468470,602.218595
2012-12-02 01:00:00,9.451836,77.075354,681.881664,16.044539,192.921135,463.162335,294.985284,549.383937,16.677754,412.903870,5.807032,338.150937,227.636127,1.973101,157.605759,8.544497,64.962381,44.860910,208.309632,29.441587,94.445356,424.761205,156.322517,43.417010,162.098384,161.353187,68.095977,129.206681,507.349834
2012-12-02 02:00:00,17.394776,57.518921,680.794481,18.733083,172.688327,484.301400,266.904687,542.516638,10.655232,447.131428,5.081153,444.301878,237.103433,3.772569,142.604293,6.211425,86.557504,35.201862,278.587831,31.761712,94.917022,372.833206,167.599699,17.127164,145.115729,117.442343,81.476078,116.943845,362.689120
2012-12-02 03:00:00,23.998650,93.180652,591.210537,13.616176,166.802420,491.347755,231.595421,524.556009,11.002685,377.725547,5.357678,509.649586,319.153424,2.430861,128.687271,6.302324,120.366264,36.704381,236.505077,21.201143,91.592904,276.840122,148.161398,6.977734,141.193682,54.642172,74.211281,112.367626,354.767672
2012-12-02 04:00:00,26.369774,37.125849,535.111855,15.133903,182.778455,429.014615,221.308469,537.630290,13.087404,383.837611,6.671173,428.043118,374.484571,3.961987,105.552480,9.786782,156.653152,38.206899,287.425209,42.482290,83.911498,218.032073,137.180984,10.501842,132.422208,36.519367,69.981146,120.304505,372.873837
2012-12-02 05:00:00,33.221866,13.699961,589.253607,21.204809,119.767711,483.759373,235.487781,492.728719,4.076784,258.336566,8.261194,436.172498,351.552651,3.993557,68.259681,8.302100,219.137403,38.636190,276.904521,95.365140,67.088770,191.658546,85.024017,8.316895,117.506838,38.052414,70.257024,117.301362,292.150518
2012-12-02 06:00:00,31.739097,7.738909,626.000418,14.309994,102.425304,587.557603,202.124695,375.588442,1.714102,192.597924,11.441235,559.051202,361.019957,4.135620,61.632527,6.484122,177.186220,45.719492,314.568586,99.845381,65.157189,173.147934,67.737284,8.034966,102.282342,24.309744,69.521349,111.652592,296.299848
2012-12-02 07:00:00,30.098502,7.529750,750.773155,12.141813,80.022211,581.814453,158.752683,351.684958,2.954395,193.220741,16.453256,586.919302,370.452470,5.272126,90.424762,10.168626,179.381235,59.459950,395.184446,146.012848,71.487814,126.354538,60.506439,8.316895,89.338289,9.472040,72.835716,118.295624,267.538569
2012-12-02 08:00:00,28.099343,21.785014,863.324068,25.161805,93.359316,664.472647,189.319852,376.486807,14.944368,229.213060,21.270371,785.155546,507.490510,7.834079,127.417590,28.304513,356.909128,131.961155,362.374466,166.361541,88.924117,166.997321,113.977585,31.666361,89.767977,20.602104,90.982327,113.277759,255.338550
2012-12-02 09:00:00,33.350592,48.086958,962.431837,44.357120,121.322882,708.029926,318.037080,427.484221,27.748703,267.554948,31.883679,970.979219,774.420115,9.098153,162.768618,50.501989,564.707698,262.179234,425.896286,248.962267,100.512747,218.774088,163.958238,66.009963,106.209918,29.804474,117.828256,162.153790,389.555797
2012-12-02 10:00:00,31.964354,91.192178,1014.498460,64.384646,142.946561,705.662526,437.444872,462.937315,35.716577,303.702710,37.523325,975.688519,889.631744,11.070582,158.539946,62.599749,600.134498,364.956690,492.628509,238.302309,114.480406,215.496386,215.648362,79.290612,97.239120,26.655661,125.355742,198.943148,482.148000
2012-12-02 11:00:00,32.221085,134.058828,1085.065261,68.969368,141.396201,754.434674,470.030829,417.532190,41.102643,295.617555,35.725076,933.995124,869.154265,25.730441,132.224602,56.671551,502.303622,395.411939,500.169057,269.560281,117.408453,176.023487,239.985716,92.777888,82.623251,33.758631,126.344603,200.688744,540.572526
2012-12-02 12:00:00,37.693612,157.809330,1094.055429,74.500485,150.597296,787.022455,494.391086,393.359050,42.162671,296.045215,38.741002,994.883675,964.821115,28.779497,155.407994,55.257321,417.467295,403.172431,515.071556,222.902526,106.531970,213.027109,212.470481,108.225482,101.110081,64.038524,123.899105,231.074205,573.607247
2012-12-02 13:00:00,34.057814,152.701702,1022.987900,79.496006,188.302076,712.068821,467.026547,374.946935,38.144013,268.404866,36.485393,1013.860711,1020.847131,44.113256,159.538413,50.711403,374.717777,394.756768,451.684747,234.464521,96.095146,273.095923,164.830526,112.634232,114.784697,84.624925,115.846851,248.432746,685.102279
2012-12-02 14:00:00,32.547987,128.510768,973.554948,70.694696,184.112010,736.139969,419.431972,310.111246,30.856143,245.450385,27.824756,970.821538,937.911993,60.313923,105.551223,38.208224,353.534105,339.194585,363.486143,183.274298,84.131558,225.635277,132.586366,91.182275,90.657311,70.695419,92.309847,286.071538,476.669213
2012-12-02 15:00:00,27.623923,86.658316,796.026709,81.892393,114.161844,642.844388,351.782159,227.899766,19.782431,189.545639,20.439439,1009.065500,884.338204,35.326404,63.119235,27.036686,289.012697,254.513708,285.316690,124.504880,78.184134,207.007832,41.621705,62.406518,66.713435,44.204318,32.277769,249.403932,387.873345
2012-12-02 16:00:00,33.888132,11.922104,537.068785,62.183428,84.399712,613.574914,134.008395,116.083769,4.516892,115.993390,11.786891,1002.258741,547.420704,63.581213,26.568861,9.604984,252.769154,50.870984,166.858119,80.964364,95.164084,159.551644,33.460586,49.760404,52.339037,18.725073,50.577701,249.797201,307.616201
2012-12-02 17:00:00,38.349504,5.019833,450.311520,75.669513,85.871189,586.202534,133.174318,97.726950,4.377910,143.293942,15.070630,1020.706180,453.378792,52.737049,27.954538,15.240717,221.438523,35.631153,142.660536,71.043829,111.065942,119.909449,42.660393,60.050799,42.253774,25.404777,78.165538,251.763545,330.437513
2012-12-02 18:00:00,32.405363,4.183194,426.610914,66.259608,65.480723,679.566738,101.757412,78.181560,3.335551,95.076549,16.868044,979.121275,353.656496,59.050973,27.111082,10.998768,239.139444,29.406434,121.619159,27.201466,113.626411,107.787456,41.695897,43.698938,43.413000,17.684791,78.809254,235.961289,299.317542
2012-12-02 19:00:00,40.243790,4.915253,447.267405,31.221805,72.680449,724.148485,93.694666,48.995539,2.802789,59.762402,20.359176,892.824781,304.426502,57.725049,24.158987,5.484234,327.821059,31.552889,133.823157,44.242385,119.578377,88.293980,46.815144,27.840453,51.469618,11.333597,70.165065,251.477531,331.191937
2012-12-02 20:00:00,42.458146,5.647312,515.542547,13.659540,81.824627,697.589146,67.560249,37.241892,3.520859,53.378691,21.603540,871.563326,436.758410,48.538290,19.580226,11.150266,300.915659,39.924063,111.519298,54.082915,114.457440,99.433109,51.860199,26.783220,53.266418,5.967933,68.647734,263.311347,331.380542
2012-12-02 21:00:00,53.131470,5.333573,483.361907,15.957811,80.615914,695.827558,45.040166,22.979040,2.710135,40.067974,25.613157,824.663057,481.570327,50.116770,12.049370,20.452254,291.534171,31.338243,90.057093,47.682570,119.533457,122.366610,58.834246,33.831436,49.228449,7.884241,87.269524,268.852862,382.304132
2012-12-02 22:00:00,50.263912,7.948069,529.893372,12.748904,86.554375,695.285530,36.977420,20.733961,1.528794,31.375261,28.240147,765.256050,463.477253,68.127238,8.374312,22.239932,321.448728,19.318095,62.282476,28.561539,119.802980,111.391292,51.711815,28.192863,53.401661,10.786080,79.682869,276.753990,418.516462
2012-12-02 23:00:00,45.926649,11.503784,578.381769,6.938179,76.884669,808.433731,34.475189,30.638720,1.528794,26.213963,29.207986,761.035026,458.638407,61.639681,7.952584,19.422066,295.074355,18.244868,69.436544,26.321419,117.961239,96.975948,49.634439,33.760954,43.123194,9.800550,60.141484,281.723478,476.418469
2012-12-03 00:00:00,41.778815,9.412187,580.773573,7.458542,84.399712,762.496917,35.309266,24.299674,1.621448,21.324312,34.738492,685.056591,349.028035,56.430694,7.229622,24.421506,278.612498,13.308021,75.959371,37.442018,104.687231,90.259708,49.708631,33.126614,44.282419,14.071181,54.899795,280.972692,446.807345
2012-12-03 01:00:00,41.608983,11.608364,579.903826,4.596543,73.363635,681.463834,46.152269,20.469834,2.640644,25.263197,41.686191,598.916431,311.369194,50.811302,4.578761,26.693979,347.292072,11.161566,78.905164,36.161949,94.085992,86.164440,50.153783,34.183847,45.596208,14.892456,55.957329,274.036860,394.940726
2012-12-03 02:00:00,40.701032,15.477819,486.406021,5.030180,64.272010,696.776105,45.596217,16.111740,1.250832,25.127374,46.352555,626.587589,352.814958,46.644112,3.313577,36.965555,389.243255,12.020148,69.857372,37.202005,82.047298,85.509198,46.666760,29.320578,35.105216,11.388348,51.819153,256.482770,411.915256
2012-12-03 03:00:00,48.441478,11.190045,445.962785,3.035453,47.717894,793.121460,52.546860,14.526979,1.737266,22.139254,60.870134,726.172493,306.530348,39.256821,3.735305,44.025370,346.761045,14.595894,56.390890,25.361367,86.359666,75.352933,49.857015,23.329594,53.536904,8.760268,52.232971,255.410219,408.520350
2012-12-03 04:00:00,43.451013,8.680128,574.902781,3.815998,53.446144,782.687434,51.712783,11.621583,1.945738,25.942316,71.481793,744.776266,257.721123,45.144555,7.410363,48.146120,334.724418,8.585820,52.603442,36.081945,99.049708,72.404340,51.489239,17.761504,74.267722,8.705516,45.749829,280.186154,443.978257
2012-12-03 05:00:00,38.924321,9.098447,656.441564,3.729271,60.750976,867.243694,61.165657,13.998725,1.505631,27.028905,76.528380,798.086238,209.543052,37.173227,6.988635,61.932454,323.926856,7.083302,51.551374,41.042212,113.401808,62.903318,43.699080,13.180164,77.011223,8.869771,48.186755,279.363865,425.494880
2012-12-03 06:00:00,37.709365,9.725927,652.092829,2.254908,45.195363,925.647137,59.219477,10.829203,0.949705,34.770852,76.874037,931.908338,225.111512,15.500683,5.181229,72.900922,388.889237,10.517630,58.915855,44.082376,109.403884,50.617513,56.237526,7.612073,71.736746,6.734456,40.416181,258.127349,359.105608
2012-12-03 07:00:00,33.937480,9.725927,594.653868,1.907999,37.207785,982.399801,56.995272,14.262852,1.363190,42.383611,85.688281,917.638319,244.035261,10.449544,8.587888,61.898032,411.253790,11.054768,57.987577,41.206041,100.180871,38.167899,63.816603,6.977734,63.758920,6.570201,38.554990,276.536062,270.959535
2012-12-03 08:00:00,33.146672,55.416378,676.445444,14.023657,49.835886,955.959431,154.952664,62.540845,10.820837,92.852948,101.471323,842.189885,375.725010,15.850901,32.868715,76.783570,474.073044,90.258813,121.254255,60.282082,105.943956,96.028412,79.704148,34.964464,63.601998,28.770229,60.573972,319.381530,249.153515
2012-12-03 09:00:00,30.907064,109.979406,809.157435,37.124869,68.046682,834.593627,286.993146,135.779661,23.541666,163.037186,128.806974,858.119417,538.448177,20.780598,66.165170,92.117703,582.657765,211.732598,229.648417,125.934351,100.167864,195.168087,110.608919,77.271664,73.727952,60.409516,67.879326,329.062633,333.822035
2012-12-03 10:00:00,27.652777,156.573857,801.807682,55.431741,87.331378,742.456067,405.244637,194.407632,33.056939,214.065078,145.366053,802.845335,503.626816,29.269224,88.441286,94.113759,688.866632,305.990888,312.601221,148.947287,90.503171,313.993396,138.363558,119.065717,74.194974,99.139583,71.522394,333.814617,460.055710
2012-12-03 11:00:00,19.418750,178.071550,740.468517,65.403830,104.105351,694.480206,494.038502,220.557486,38.184214,240.202836,153.450148,650.754148,428.161587,34.528925,98.594667,78.671179,581.144239,360.667228,322.693281,139.723077,76.614242,385.790164,139.565075,137.411393,58.672029,113.262841,78.263468,333.338492,471.880499
2012-12-03 12:00:00,16.241361,178.825065,688.267460,67.744350,104.734114,644.417735,531.764335,225.528067,38.329903,237.811942,170.297597,551.117031,449.272279,30.731770,102.028065,70.500723,498.667458,373.512556,336.680354,136.880110,61.892307,415.851204,121.998090,136.937298,46.717808,114.132831,77.211724,321.249824,450.341128
2012-12-03 13:00:00,18.129553,166.050923,643.484439,65.212469,95.367108,586.115226,523.577541,219.512958,35.015948,220.927063,205.766449,464.053977,442.926679,32.824254,93.676035,60.396523,453.417083,350.149897,293.813778,131.891697,45.374352,408.358891,103.197384,138.950736,39.326389,103.895376,71.568021,285.254089,457.018801
2012-12-03 14:00:00,22.676930,135.310867,546.556654,67.986113,86.578806,447.878616,485.738980,203.421583,28.116136,196.282417,231.161805,333.601089,341.258798,22.114232,75.731849,53.340238,386.818629,300.926572,256.833184,109.037368,30.030253,365.576510,77.563093,126.225287,31.910540,97.434830,48.470200,253.640895,486.930663
2012-12-03 15:00:00,22.842482,104.453896,471.083941,58.592758,70.243554,252.449219,481.887654,180.147541,19.467290,177.804713,229.844544,193.165515,272.315335,10.828379,55.004997,48.782499,277.444841,229.380262,264.971660,67.696840,1.954042,320.946255,5.564399,111.570063,7.148558,83.309891,17.978074,186.981445,473.260350
2012-12-03 16:00:00,35.259857,26.877023,492.059377,28.446533,32.109729,252.720233,322.231804,56.787282,5.929868,118.845686,214.652773,155.083555,161.996135,12.517354,21.026151,35.329375,247.281868,54.519958,168.962257,18.000970,2.201105,242.603681,6.825663,74.217713,22.971988,50.371541,17.518276,173.145533,548.088706
2012-12-03 17:00:00,42.549594,35.347991,646.439473,56.502794,24.174264,271.826695,251.613272,51.372681,4.146275,141.120764,246.176659,134.134768,171.463441,9.028911,34.220211,54.842340,377.029620,27.689270,215.674114,14.240768,4.312368,235.068388,7.641775,86.199680,44.784750,50.645300,25.748648,170.714417,587.695942
2012-12-03 18:00:00,38.565060,79.689850,600.560318,47.353070,15.240297,266.812943,302.213952,72.899022,2.015229,156.061364,269.508482,126.474391,167.466134,9.676088,30.545153,64.901819,386.234099,35.201862,158.862396,14.800798,3.166895,202.797675,5.786975,156.329427,46.755434,62.088400,34.760674,131.244529,513.008011
2012-12-03 19:00:00,37.715897,145.052260,608.170604,41.672437,36.051185,299.063568,278.859792,101.556790,1.806757,245.976615,267.538239,134.291103,157.367674,26.218569,28.014785,68.901370,439.159853,79.418836,265.121350,10.800582,3.099515,240.965574,5.786975,185.227112,54.309721,87.985942,38.117195,136.357023,612.403313
2012-12-03 20:00:00,50.917115,139.823267,684.490905,46.485798,50.187874,351.098189,235.209755,76.860926,1.876247,330.866391,231.866474,142.576817,168.307672,34.647657,37.774775,79.869838,475.623750,90.580402,260.913074,21.041134,3.975464,343.347276,8.309503,180.857218,22.778784,99.757552,48.784491,169.177094,619.004519
2012-12-03 21:00:00,55.829195,162.830836,899.318420,26.928807,34.737366,399.474127,383.953513,75.012038,1.505631,335.212747,197.922992,196.512126,201.338053,33.274379,51.149575,94.959057,420.573886,107.752042,235.663422,15.360828,4.402209,397.077193,10.238494,197.279561,7.979336,91.763808,45.060133,138.073106,562.988571
2012-12-03 22:00:00,46.383891,227.147447,1066.962158,16.868447,27.432534,394.866894,504.338647,92.444412,2.964934,346.621933,166.917591,299.223714,164.099981,33.526936,65.307585,98.776811,533.505763,119.772190,332.032928,13.200711,2.560469,391.180007,5.564399,254.722520,4.501660,106.382505,67.636180,119.160451,597.692054
2012-12-03 23:00:00,41.439150,261.972539,1130.236254,26.321716,42.988147,435.112422,510.177187,84.388542,2.432172,342.275577,131.487786,332.366570,193.553823,38.988480,89.767806,130.621727,504.476252,138.446349,361.911684,19.761065,6.356251,484.879741,5.267631,320.693821,3.690202,150.512355,72.785909,147.046785,695.012691
2012-12-04 00:00:00,47.082817,300.144187,1052.393895,43.363618,61.486714,616.014036,365.603815,93.765047,3.057588,369.168658,124.125299,473.692713,216.906513,33.637429,56.089817,167.435784,572.447789,124.494391,334.768307,19.201035,2.717690,628.541745,5.786975,346.137880,1.391071,172.577280,102.580773,130.422240,683.507732
2012-12-04 01:00:00,48.859528,300.876246,1040.000000,52.556705,69.106863,669.403726,302.213952,105.914884,2.107883,366.588009,133.319766,487.293791,258.983431,38.656999,76.995474,145.923043,679.892380,113.547471,273.748314,16.800906,2.493088,611.833051,12.093294,273.893668,1.584275,192.561642,95.729794,127.705110,692.560815
2012-12-04 02:00:00,54.764476,382.030214,1224.603805,55.288612,75.675956,621.434310,327.236267,135.497096,2.918607,386.689908,95.643192,542.948777,271.816891,64.086327,52.294265,132.863900,802.382754,156.905862,258.388109,11.840638,5.772285,512.236131,20.180221,269.946667,2.105927,199.788863,86.717767,120.447512,714.627704
2012-12-04 03:00:00,58.860054,362.892100,1218.080703,60.145338,61.696925,657.614632,185.443152,161.513595,4.563219,370.934365,87.554827,649.412386,332.197268,84.906491,78.140164,152.255667,899.560811,166.135619,268.698384,12.480673,12.779883,569.078452,20.551180,249.718287,1.874081,207.070836,101.155402,109.364482,763.853840
2012-12-04 04:00:00,61.035217,299.830447,1228.082793,81.610328,0.000000,742.983934,136.788652,182.247556,0.000000,403.803686,64.741489,714.291091,479.045712,65.822656,93.623604,174.586498,1078.340115,171.072465,191.897358,14.720793,10.938142,338.760576,22.999516,0.000000,11.688858,207.727856,78.901213,143.257104,850.235336
2012-12-04 05:00:00,50.342297,348.878400,1388.116245,85.166145,0.000000,831.876412,182.384869,161.381532,7.759788,467.233327,74.696400,698.188666,666.919152,90.099693,127.120853,206.643512,1203.662636,203.483936,128.983641,10.160548,23.673105,215.083480,0.000000,0.000000,30.023944,211.669976,76.694186,4.834836,811.759735
2012-12-04 06:00:00,50.237784,474.687966,1371.373615,72.243787,115.090516,948.954311,240.214218,158.608199,10.562578,501.189238,93.292727,841.078151,764.958371,75.909149,118.746541,223.702207,1269.156044,322.397545,133.823157,6.160332,57.969908,148.412515,37.689529,72.667105,64.607509,147.336758,61.382937,252.979103,689.165909
2012-12-04 07:00:00,60.030913,451.575818,1395.273298,72.980968,130.682106,1133.247891,373.110510,112.121866,12.864433,471.580347,101.208264,971.990164,859.132709,85.948288,122.594897,174.338202,1189.070803,499.694730,152.402442,6.803435,104.730004,154.309701,70.890418,62.729121,79.348496,97.567485,80.839544,265.876064,623.633195
2012-12-04 08:00:00,66.136244,310.713248,1276.064092,84.301369,126.078699,1105.880984,509.932038,161.587691,18.550478,449.793686,97.104744,1083.031806,903.028069,78.439830,166.008912,199.088501,1291.367556,605.135701,206.511772,24.790832,125.508966,181.904894,171.124986,90.884014,66.098202,110.067029,101.056043,297.672508,550.448190
2012-12-04 09:00:00,66.843056,244.211552,1217.103531,108.946678,121.313123,1095.770903,495.227037,190.552163,18.716082,442.456461,94.768938,1199.879552,867.673036,65.880541,156.042116,226.834596,1333.064409,585.210519,304.009937,42.101697,0.000000,209.193499,0.000000,0.000000,58.333898,124.993223,106.319868,331.816214,628.599209
2012-12-04 10:00:00,64.574293,268.105751,1361.842369,112.587013,0.000000,1183.893178,530.978019,154.038787,0.000000,546.834798,96.530614,1280.678646,975.101756,82.464296,166.565052,228.064746,1380.641354,475.550185,363.484967,71.135419,0.000000,297.870089,0.000000,0.000000,73.235531,129.039384,114.748066,0.000000,709.545359
2012-12-04 11:00:00,68.795515,293.019039,1623.152038,77.262548,0.000000,1184.302167,486.331904,159.678164,0.000000,715.081905,78.091761,1181.128381,0.000000,95.570105,243.371756,226.163396,1470.472482,442.550498,388.364653,70.533203,0.000000,408.192217,0.000000,0.000000,124.933380,175.302793,122.303807,0.000000,807.600550
2012-12-04 12:00:00,72.731407,455.821705,0.000000,88.849866,0.000000,1169.419287,638.946161,289.151217,0.000000,879.009098,58.133355,1046.580022,0.000000,60.000727,348.703175,237.602915,1580.631624,447.047118,596.298460,68.352704,0.000000,493.285658,0.000000,0.000000,161.343839,192.819202,181.041704,0.000000,897.640448
2012-12-04 13:00:00,70.668884,418.365697,0.000000,124.581634,252.912725,1226.981022,785.038481,374.128103,112.747494,908.817600,77.136510,0.000000,0.000000,75.741167,411.507930,0.000000,1609.523154,503.238104,812.481129,120.286903,0.000000,658.485740,0.000000,315.876446,0.000000,247.051863,159.077635,0.000000,0.000000
2012-12-04 14:00:00,69.036712,335.148958,0.000000,209.603433,226.058307,1200.221970,1052.553524,400.108014,111.746142,855.761549,115.249822,0.000000,0.000000,74.082727,390.445077,0.000000,1512.686267,663.536055,881.926567,132.101265,0.000000,623.570506,0.000000,324.483581,0.000000,245.253387,111.441696,0.000000,0.000000
2012-12-04 15:00:00,64.288164,316.618327,0.000000,179.659584,192.375882,683.509517,1238.379494,368.204598,82.596345,704.548889,114.108917,0.000000,1250.149583,58.924694,315.481809,0.000000,1362.367644,840.974340,887.056400,94.457680,0.000000,478.113782,0.000000,305.299742,0.000000,258.511506,80.188646,0.000000,0.000000
2012-12-04 16:00:00,64.804194,216.689462,0.000000,116.734859,104.106992,875.103090,1286.703010,269.937684,65.969782,499.559354,119.666329,774.479769,913.489892,52.389783,257.856516,135.924164,1160.295379,842.054306,939.076654,116.566283,0.000000,287.160198,0.000000,258.176146,74.538208,204.497507,63.314085,0.000000,453.219945
2012-12-04 17:00:00,63.661090,292.196118,562.291449,77.707603,65.533276,583.898918,1068.452824,286.973869,41.578567,536.367561,131.453220,561.239881,669.443767,68.285086,239.240240,140.408510,1091.615805,736.234073,884.369074,149.048033,105.428419,298.299327,112.326669,238.441142,45.634849,187.195978,38.347093,241.681562,380.040861
2012-12-04 18:00:00,64.379613,352.015795,409.650847,51.255796,68.528782,497.310056,742.050634,270.730065,34.027251,555.926165,169.579148,594.070069,670.495690,47.322859,221.045691,126.046482,1137.815210,606.158899,571.694212,64.163458,95.006863,255.872350,93.110944,233.295944,34.255117,174.384086,55.267633,265.206188,419.459491
2012-12-04 19:00:00,61.805996,345.741004,344.419820,46.745980,75.255534,568.993167,727.871322,346.666547,29.139742,571.410060,171.722219,604.231794,849.532976,41.908669,229.058522,143.317274,1224.726732,550.995005,599.679243,73.523963,57.880067,197.228111,56.385910,278.615972,22.199171,232.639868,45.014154,244.148430,420.968338
2012-12-04 20:00:00,61.596971,265.214515,315.283295,57.066521,101.689566,510.996245,659.476996,392.228436,32.243658,560.679993,191.424647,506.210233,981.233730,81.702174,259.302441,160.163872,1229.505981,517.081015,632.082964,108.165830,35.981322,211.315833,33.163818,160.346910,15.572264,208.111117,44.554356,199.887813,450.579463
2012-12-04 21:00:00,59.349956,238.232912,443.570981,49.521251,93.386232,507.202054,446.231273,361.457653,30.390574,602.921145,183.301716,461.185975,885.298356,50.148340,248.036280,137.045250,1197.821332,517.081015,731.398263,160.088628,21.808904,266.847668,24.038204,145.193246,17.987318,120.891699,53.612363,194.167539,477.550104
2012-12-04 22:00:00,61.708016,187.302522,694.710433,29.704078,62.853086,482.268798,371.998407,250.920548,14.917324,586.622308,139.403323,605.013465,872.044127,118.701768,195.019052,130.803525,1105.245515,432.939978,580.110763,199.210737,9.792670,410.509672,18.102845,210.671171,15.572264,158.615603,54.715876,189.948837,499.805599
2012-12-04 23:00:00,62.446134,271.593886,869.747021,27.926170,82.402708,441.752257,365.881841,203.641834,19.920651,536.095913,91.806404,624.711578,762.433756,82.712402,225.142477,103.715651,1024.529314,387.649777,458.070776,130.567037,15.138209,480.456851,0.000000,270.369560,10.877401,219.006701,52.738748,0.000000,526.587635
2012-12-05 00:00:00,62.838055,272.116785,0.000000,33.303258,119.925369,410.992207,284.142281,236.789759,28.838616,471.172213,85.135230,578.436647,696.162610,104.195528,263.640214,80.021337,1043.115282,333.344465,509.411736,112.166045,0.000000,607.082540,0.000000,0.000000,0.000000,257.387625,66.854525,0.000000,702.179715
2012-12-05 01:00:00,63.373681,296.379312,0.000000,35.167894,0.000000,371.153200,240.770269,305.198625,39.169558,477.827571,80.883654,556.237186,725.826837,114.487224,286.534017,94.231865,1184.014614,282.688127,478.901740,127.286860,0.000000,673.425883,0.000000,0.000000,0.000000,275.072416,75.406754,0.000000,772.906922
2012-12-05 02:00:00,64.392677,287.071705,0.000000,31.958986,0.000000,420.613192,214.357826,251.448802,29.464032,516.673133,104.250043,629.401605,764.537602,98.434073,317.380404,103.291456,1161.888462,278.395217,351.811823,119.766455,0.000000,589.718604,0.000000,0.000000,0.000000,278.467020,121.294522,0.000000,809.685070
2012-12-05 03:00:00,63.425938,246.703880,0.000000,22.462354,100.323194,527.799092,219.640315,155.834867,18.090730,426.486235,117.177601,763.536373,703.105301,97.865820,293.100923,79.900138,1210.565995,238.041862,323.195550,93.525041,0.000000,564.491752,0.000000,0.000000,0.000000,275.346175,144.514285,0.000000,794.785205
2012-12-05 04:00:00,63.386745,275.463341,0.000000,22.115445,123.393850,709.784761,227.147009,139.855190,17.071534,364.958125,115.276489,873.595671,758.857218,131.282261,241.288633,76.021785,1249.685031,212.499047,317.514378,65.603536,0.000000,634.930363,0.000000,0.000000,0.000000,280.000067,124.421144,0.000000,805.724347
2012-12-05 05:00:00,64.288164,224.323791,0.000000,26.972170,142.733261,897.326210,186.277229,157.947882,18.600328,368.625363,90.008989,944.258742,825.128364,107.794465,186.885727,49.994398,1187.200780,197.259217,325.089274,46.162488,0.000000,644.431385,0.000000,0.000000,89.685423,281.204604,127.455806,0.000000,918.322061
2012-12-05 06:00:00,63.837455,203.616980,1580.547774,27.969533,130.488471,944.347079,130.116035,142.760586,13.434857,390.085499,90.423777,1013.202137,830.598363,135.212679,180.439315,58.326798,936.555736,161.842709,328.876722,44.082376,61.720770,592.667197,39.692713,261.488808,84.778035,311.099018,124.007326,235.425013,971.697527
2012-12-05 07:00:00,62.211378,255.697748,1623.724068,21.204809,126.089517,1117.279023,170.151738,132.855827,16.720056,449.282522,81.021916,1235.133761,952.670756,149.545286,186.384960,75.340181,798.803785,132.006984,318.124942,25.373356,41.033970,537.790604,35.027575,239.427892,84.744611,266.585907,125.379773,264.920997,951.465498
2012-12-05 08:00:00,63.446659,291.432021,1653.106862,18.825957,149.236748,1166.728380,238.995067,198.411092,23.048991,515.436883,51.634680,1221.929739,1007.632671,127.242386,207.641000,117.618069,825.710549,230.718004,454.313535,46.184761,98.384365,622.519274,57.678706,346.796370,65.795601,276.315314,135.149037,264.854683,1078.441354
2012-12-05 09:00:00,66.590933,354.512797,983.552544,16.464299,224.328319,1327.526661,252.514533,265.086639,43.778120,516.676548,59.569154,1376.017029,1239.810500,114.083329,251.068427,174.815514,891.629133,290.278166,627.394131,88.579428,0.000000,602.427485,0.000000,0.000000,129.929861,278.701846,137.073488,0.000000,1206.575696
2012-12-05 10:00:00,68.229422,313.142599,0.000000,10.456949,173.006327,1344.956679,281.663467,288.019694,47.774746,504.623030,66.691092,1457.270652,1258.707095,100.518130,258.456718,181.990101,983.316081,227.687809,490.868033,92.709436,0.000000,564.028334,0.000000,0.000000,161.805035,245.066781,167.993770,0.000000,1040.060523
2012-12-05 11:00:00,70.144097,378.900049,0.000000,8.276319,199.852603,1386.016964,339.182346,270.102013,59.892111,496.034010,84.583849,1423.329134,1382.000984,102.448449,279.337192,176.965818,1107.343956,191.969329,563.169902,98.317949,0.000000,505.183478,0.000000,0.000000,0.000000,219.854151,130.896476,0.000000,857.465944
2012-12-05 12:00:00,65.386483,364.780601,0.000000,18.797113,0.000000,1395.081748,350.292314,289.713573,70.619209,418.106879,80.756048,1460.641335,1601.530624,107.015502,312.562216,154.517827,1326.853164,228.768077,564.529905,99.978348,0.000000,563.125265,0.000000,0.000000,0.000000,341.141758,101.363475,0.000000,863.488041
2012-12-05 13:00:00,64.282047,417.716983,0.000000,14.054052,0.000000,1369.495118,282.469655,299.154588,0.000000,452.040799,67.991799,1467.338718,1626.078671,91.182655,332.209878,158.416689,1278.208732,231.148203,379.887772,88.077701,0.000000,592.265057,0.000000,0.000000,0.000000,290.855611,84.040458,0.000000,1029.250371
2012-12-05 14:00:00,62.637227,385.824139,0.000000,12.956784,264.299101,1159.461795,201.018748,191.184654,69.283401,391.089726,43.979335,1240.188665,1470.210551,67.086675,258.585452,145.470794,1226.326253,219.082669,299.531218,77.330827,0.000000,476.708188,0.000000,0.000000,180.468391,216.730285,75.636345,0.000000,1044.705653
2012-12-05 15:00:00,52.491332,227.858782,1737.773062,8.463301,202.583764,972.125978,118.353507,71.207082,55.713780,265.269072,23.908327,1086.635036,1245.081561,29.517594,205.262995,100.284690,919.367695,219.005525,291.079433,51.450884,100.621925,383.126650,66.846980,106.303868,140.807273,144.114548,74.717058,315.544596,861.488124
2012-12-05 16:00:00,52.158199,118.175237,1464.001673,6.027543,123.131087,996.110687,41.981883,46.618397,30.668536,161.901781,11.372103,1064.948767,814.609134,44.576302,99.527796,78.930550,643.251474,168.711365,148.131294,13.280716,130.179616,184.942306,78.643506,70.341194,92.216399,77.199862,80.464524,270.640448,523.381335
2012-12-05 17:00:00,49.741351,127.169105,1147.848631,7.545269,85.923742,838.380740,38.089523,67.484421,25.549393,220.441770,7.604446,899.859821,604.014159,58.435365,105.251246,80.112235,567.137513,111.401016,111.098470,13.040703,140.938076,147.102029,87.843313,67.592390,66.887319,64.059460,89.660470,238.928681,394.940726
2012-12-05 18:00:00,45.090551,160.843819,1040.434874,11.274541,82.770577,919.142809,60.609606,60.617122,16.144992,191.239687,6.187254,924.247961,480.097635,35.878872,99.106068,56.296722,551.560702,91.009693,63.544958,8.960483,140.107047,133.833361,60.466470,121.440759,50.600199,70.355903,91.315740,213.258953,320.252795
2012-12-05 19:00:00,42.236057,126.332466,900.188167,12.532085,48.558738,939.197819,86.465997,42.260303,11.813409,141.799882,14.448448,987.719658,391.736107,25.334619,118.083825,113.108538,546.427435,138.875640,40.189030,8.640466,132.021357,100.579784,60.392278,139.907084,42.736785,89.902251,78.441416,194.489305,259.898911
2012-12-05 20:00:00,37.206400,117.861498,776.901526,21.378263,41.096248,928.086259,60.331580,28.129514,8.593676,139.355056,17.835883,943.633405,391.736107,24.734797,111.516919,124.895096,547.312481,148.320042,33.034962,7.520405,130.291917,96.975948,56.905254,112.066632,33.733466,103.535418,33.841080,198.565000,216.896769
2012-12-05 21:00:00,45.593516,100.082922,786.251307,21.291536,47.455131,970.770910,58.941452,16.639994,6.763756,120.747217,18.527196,1028.522891,361.861495,17.742126,88.321882,131.227720,735.827291,112.688889,25.039239,5.760310,133.616034,71.257665,51.415047,83.944251,32.786765,88.861969,29.059188,199.423041,231.796634
2012-12-05 22:00:00,41.896392,76.552455,697.971984,29.227078,40.886037,926.189164,60.887632,15.187296,5.698233,77.012005,21.119621,945.509416,315.576886,16.652974,74.826587,145.377650,763.440728,103.244487,15.991446,4.880263,144.958461,67.653829,59.650358,63.152014,26.430344,51.192816,33.519222,209.397768,258.201458
2012-12-05 23:00:00,46.240187,52.917407,644.265106,18.776446,42.252409,987.709263,67.560249,20.866025,4.702200,51.477160,30.763441,888.447422,231.002280,27.860189,42.956004,130.258132,665.908653,85.858201,11.151930,4.080220,148.597022,50.453703,72.485571,41.866402,25.812091,25.678536,38.668951,260.951734,304.787112
2012-12-06 00:00:00,46.939113,36.289210,679.489860,24.066808,54.286988,1052.075006,66.726172,15.583487,5.350779,42.784447,53.749608,971.929900,185.769593,31.127645,33.196014,125.682887,480.225990,107.966688,10.310275,3.600194,148.597022,33.745009,69.888852,20.157897,30.680838,12.428630,31.817972,274.108364,369.290326
2012-12-06 01:00:00,41.713495,28.445721,614.041397,20.944627,49.241924,1002.615014,57.551323,14.394916,3.891476,30.424496,67.679570,942.695400,167.676519,13.259240,13.073566,99.110107,541.825195,115.693926,12.203999,3.280177,145.654729,26.864959,60.392278,13.744021,33.115212,6.351194,33.749120,219.694260,358.351184
2012-12-06 02:00:00,35.449286,28.550301,637.524566,25.411080,40.413063,965.079623,62.833812,13.866662,2.779626,24.448255,91.979232,891.261438,160.733827,7.197873,9.217768,96.989132,508.547464,91.438984,11.783171,3.280177,142.330612,27.684012,69.592084,4.792787,44.958634,3.942121,25.886587,216.440855,345.148772
2012-12-06 03:00:00,37.199868,25.203745,791.469789,33.173167,37.207345,984.592606,83.685740,13.866662,2.131046,22.275077,78.567754,913.460899,237.103433,3.535797,6.988635,97.292129,515.450823,72.335534,13.887309,8.640466,134.986110,27.847823,84.356289,3.524108,47.644173,4.380134,12.966283,247.902360,309.690865
2012-12-06 04:00:00,31.059767,18.301475,759.941459,48.827433,27.800403,1013.184547,102.869515,12.281901,1.528794,24.448255,56.134638,881.725050,242.994202,3.188532,4.096786,73.052420,478.809916,91.868275,17.253929,10.000539,130.471599,24.243987,89.178769,4.863269,44.726789,5.256161,22.070269,240.358749,219.348646
2012-12-06 05:00:00,21.104964,13.909121,581.425883,69.208334,22.177259,1051.261965,132.340240,13.470472,0.903378,24.584079,39.854211,863.746614,181.561902,2.115164,2.048393,82.051412,430.486402,128.358010,25.460066,6.880371,124.856536,25.554473,88.807809,5.779537,33.153853,5.146657,39.956384,236.211551,160.315003
2012-12-06 06:00:00,11.280803,8.993868,422.262179,98.825685,18.498567,1044.757638,130.950112,11.753647,0.625416,12.359951,39.715948,823.256049,159.892289,2.273013,8.434559,77.991261,387.827182,118.269672,37.664065,10.880586,123.980587,23.752555,96.968927,4.510858,20.151206,5.694174,53.198545,216.119089,114.106561
2012-12-06 07:00:00,12.255309,13.699961,369.903469,79.138602,15.761644,963.871121,100.923335,21.394278,1.323038,10.865891,37.918533,865.670241,159.030638,2.762342,11.697012,68.029194,377.423414,118.269672,93.529899,19.462771,101.665881,31.779280,69.689109,4.510858,9.903182,6.186939,51.410899,226.971517,99.814236
2012-12-06 08:00:00,16.000706,41.721014,477.939344,79.770669,25.890610,825.934616,201.120072,46.122860,10.548515,31.901685,52.948542,798.322668,214.922034,7.067927,33.946851,61.666673,530.168903,109.240782,124.158945,35.454815,84.061246,67.620795,74.782522,14.713163,12.172598,18.320033,86.319261,227.568693,136.398649
2012-12-06 09:00:00,13.987995,62.721934,622.432370,100.736699,51.854164,784.691143,333.033341,76.949584,22.753750,58.332416,65.415304,680.719913,321.723859,15.322876,63.226611,67.833929,654.845280,131.582489,138.628603,42.706169,77.068241,147.284139,102.494293,38.209398,23.737257,29.342199,109.638418,212.521887,203.157506
2012-12-06 10:00:00,11.641327,65.098079,679.410970,117.634983,64.170652,811.106810,305.316910,100.233486,26.278667,70.234188,82.654409,588.323868,345.752632,25.915067,71.506371,95.793791,654.195305,141.266701,134.285364,42.430859,64.694682,270.145273,122.812597,77.278943,28.319206,49.239295,118.100788,204.500805,294.284164
2012-12-06 11:00:00,12.709123,79.195561,575.233880,108.907811,59.216904,799.436256,285.866907,146.097840,24.309603,85.977315,106.372950,536.165729,301.167101,32.932456,55.287144,88.267092,441.349450,157.455586,105.066905,39.582974,58.461720,325.608750,128.192992,78.923593,31.103384,62.915828,118.878628,200.933817,316.817633
2012-12-06 12:00:00,14.590706,84.404704,444.811581,121.340084,61.747540,631.859193,305.937241,181.179532,28.545090,114.763492,141.731343,452.639673,298.872541,40.750024,50.706786,74.358926,397.899924,181.988384,141.457590,31.839828,51.109506,345.945745,122.763930,51.762040,31.063300,61.276831,113.505020,221.286769,281.851179
2012-12-06 13:00:00,13.289115,86.075208,362.660391,154.066243,62.173059,537.818102,300.175559,319.819792,23.766173,119.079044,157.934257,305.671582,282.304862,33.622692,51.748220,74.892013,371.858814,196.679842,170.889535,25.641211,40.573532,408.476630,104.324502,40.002783,28.185042,43.535110,104.264127,169.427678,360.635529
2012-12-06 14:00:00,16.747417,110.533977,278.508115,213.819580,41.989575,323.162299,307.461004,311.797928,15.275108,126.551239,132.203469,171.926280,187.761281,24.258929,36.637149,47.493466,325.214228,197.915887,118.289717,19.179699,29.815635,372.962733,83.392316,28.484679,22.079557,31.885764,79.325495,97.179260,332.815301
2012-12-06 15:00:00,22.594265,138.622170,134.381075,227.811370,22.461038,101.765627,391.359233,228.174578,7.431118,113.496435,139.049678,66.150888,109.447852,5.051139,24.083353,28.327835,236.906516,206.711708,96.453621,12.552325,3.930544,227.434104,9.496574,14.357654,1.700198,18.000616,39.036789,38.504592,202.815298
2012-12-06 16:00:00,14.984459,119.743935,106.978884,269.634974,37.627767,69.108482,479.038307,173.399305,5.188635,65.331172,112.269277,42.053908,102.878065,5.840380,8.253818,9.301988,151.519885,225.377778,82.482198,6.080328,4.155146,127.444743,7.567583,28.051899,4.520980,22.338683,27.541857,27.493065,134.853209
2012-12-06 17:00:00,7.505294,135.221754,152.858039,294.005327,50.923612,34.825255,649.190045,176.965018,3.636677,35.449970,74.316178,39.708894,154.843059,7.766126,24.881949,29.663343,181.434441,298.142603,128.141986,4.560246,3.099515,229.990255,5.786975,15.012700,3.941367,21.024643,35.036553,24.597177,218.594222
2012-12-06 18:00:00,9.157895,145.888899,117.633285,283.251150,36.681818,43.226678,747.055097,149.627885,1.412976,28.251317,80.157775,52.528301,92.148451,14.632518,24.460221,31.208624,147.271664,358.672635,214.411631,4.480241,3.346577,206.401511,9.867534,16.986200,2.782142,20.148616,32.553647,7.436356,235.002934
2012-12-06 19:00:00,6.277274,132.816417,121.329709,240.147714,18.393462,35.502789,844.086071,214.338974,1.853084,34.091734,83.925432,51.746630,60.590762,12.833050,39.823168,19.815961,149.572783,456.980275,328.455894,5.760310,3.346577,165.448830,9.348190,19.171147,1.738838,12.045369,17.242398,3.038895,195.207092
2012-12-06 20:00:00,2.501765,158.124742,186.343299,257.319707,14.767322,34.418734,877.727183,290.407519,1.505631,39.932151,101.035436,40.021563,78.894221,23.661430,22.532322,35.026378,134.881019,566.020190,450.916708,17.120923,2.268485,181.338471,5.045055,16.774754,1.159226,10.019557,9.425844,4.290205,144.283503
2012-12-06 21:00:00,3.461972,163.249155,245.703533,278.437789,11.351393,41.058569,1159.367232,365.551620,2.547990,58.268342,105.528972,48.776279,81.418836,42.445353,21.809360,48.933911,150.811848,700.388274,484.372498,41.522238,2.201105,200.668136,2.967679,10.431359,0.598933,18.506066,11.770810,9.402700,125.800126
2012-12-06 22:00:00,5.232150,122.672171,298.323228,286.373331,15.976035,41.465089,1594.755502,380.738916,2.084719,57.453400,95.816021,48.307277,102.036526,38.893771,24.038493,42.904283,140.545314,900.223237,479.532981,57.443096,3.683481,256.855214,6.380511,13.462092,0.966021,26.007046,14.713513,10.260741,126.554550
2012-12-06 23:00:00,7.106840,119.430196,308.542756,204.546184,13.558609,28.320927,1774.360114,351.420831,2.501663,50.118924,101.381093,48.932614,127.913831,56.036074,18.977758,45.085857,180.372386,846.776507,510.463805,52.322820,4.312368,360.055970,12.909406,22.342844,0.811458,47.743461,20.552938,9.331196,172.762992
2012-12-07 00:00:00,6.558150,163.772054,349.855739,97.524776,22.492576,36.180323,1914.763101,325.932586,1.899411,56.502635,96.023415,46.900269,104.771526,59.603441,14.700231,54.084849,223.562634,926.624634,601.572967,83.044476,3.481339,311.731806,8.457887,23.329594,0.946701,47.250696,35.266451,17.804352,189.360310
2012-12-07 01:00:00,9.255876,189.917018,358.335773,51.515978,30.848463,37.399884,1732.100206,304.010054,3.868312,57.860871,111.439701,42.522910,126.441139,34.079404,23.797506,61.871855,283.391747,1174.754835,906.041692,122.086580,2.964753,264.881939,8.383695,22.131398,1.275148,32.851005,40.186282,14.872712,208.598110
2012-12-07 02:00:00,15.768302,172.870502,391.603596,49.087615,26.854454,30.489036,1186.057701,269.277367,4.354747,66.146113,96.991253,40.803234,131.279984,29.533379,20.483929,41.752897,334.547409,1241.509586,978.634442,164.728878,2.223565,297.807895,10.832030,19.100665,1.159226,21.845918,50.715640,7.257597,211.804410
2012-12-07 03:00:00,22.176216,166.491131,449.441773,56.199248,22.912998,29.133968,924.713529,206.283103,2.849116,72.258177,66.331509,54.873314,171.884210,27.386645,21.869606,36.935255,246.573831,1203.731977,937.814171,163.448809,1.998962,293.221195,13.428750,14.237396,1.023983,14.673449,49.382228,6.149294,217.462587
2012-12-07 04:00:00,21.738571,138.882049,504.888146,43.060072,13.506056,32.928159,699.234674,193.737076,1.297159,80.000125,51.779365,71.601077,180.720363,23.487797,20.062201,45.146456,169.220806,1056.914454,761.487432,191.530323,2.335866,304.524134,12.241678,8.880752,0.869419,4.270631,51.267397,6.042039,244.244623
2012-12-07 05:00:00,20.784895,201.420803,506.192766,30.137714,8.776309,41.465089,512.957445,163.230420,1.667775,80.000125,30.936269,96.770888,118.656909,17.994683,22.170841,38.632035,184.443598,791.183322,704.886128,200.170789,1.774360,268.977207,10.683646,14.730771,0.850099,5.365664,35.128512,6.292301,212.558834
2012-12-07 06:00:00,23.129891,186.675043,447.484842,22.939354,6.463988,46.478842,430.661833,130.742812,2.710135,98.472140,17.144569,82.388139,102.246911,9.644519,40.847364,45.570651,192.940040,477.156952,527.928148,315.216989,2.178644,235.559820,14.467438,10.642806,0.714856,4.818147,33.611181,11.905320,150.130286
2012-12-07 07:00:00,28.453280,120.685154,585.799048,11.404631,12.148743,61.862302,414.536341,78.841878,5.420496,87.062954,12.478205,107.793111,145.007689,5.745671,20.564945,113.239548,161.795931,289.342137,382.742647,438.378964,4.452396,151.361108,17.689327,11.347628,0.959833,10.129060,37.050167,16.950677,142.682656
2012-12-07 08:00:00,30.119005,96.648645,624.984552,19.292756,13.866774,117.396476,318.521006,51.629527,5.157114,74.692198,12.576790,157.335366,150.223702,4.464028,23.010681,143.665499,130.315714,206.748705,385.521902,480.467024,10.589861,181.657062,42.448536,16.781295,3.623747,10.179188,55.182645,25.987002,200.510565
2012-12-07 09:00:00,38.954543,84.417108,667.593510,19.873389,23.150715,188.610679,351.599472,34.829822,6.364157,86.015511,58.762389,269.038862,189.049719,7.872093,36.865228,145.644132,164.312602,163.434352,317.057523,421.810593,22.051141,163.399540,83.341473,48.660725,5.387636,14.576783,77.992432,53.897587,271.107606
2012-12-07 10:00:00,40.926124,51.841980,702.141679,18.812105,31.090032,275.086258,368.848082,36.108894,7.923938,74.270320,87.203115,345.710617,242.023475,20.539904,55.712066,113.658798,193.026512,140.359137,305.992517,404.891561,37.304616,203.328205,110.815239,53.897260,13.430139,33.777008,111.526256,71.710545,344.030830
2012-12-07 11:00:00,47.351424,49.518527,771.182022,16.880377,53.377497,410.576333,413.238770,56.052779,16.981290,77.751501,56.662175,438.230310,353.454200,40.706799,24.511850,141.656761,290.705211,159.990439,346.334967,288.079759,48.775896,173.400571,121.612012,68.744945,19.713714,41.986359,137.431260,116.374062,327.723597
2012-12-07 12:00:00,52.107274,59.313419,839.983382,18.191565,70.707766,436.794111,420.816726,57.891162,17.827576,94.627850,34.140057,499.585984,470.226314,60.762947,18.270646,168.843251,326.256021,184.198799,319.180982,161.633950,37.889428,151.228281,120.020689,108.473668,16.922323,36.902935,121.878416,180.070711,406.387126
2012-12-07 13:00:00,59.146656,58.127135,938.483142,19.519294,83.165261,445.785881,364.340334,56.931236,21.809734,106.925624,26.330132,496.191860,485.089773,50.535470,36.347812,204.860088,452.079431,164.973273,180.369927,87.827667,46.064944,155.002329,111.883231,101.340658,20.313942,41.448776,109.121992,191.364135,538.632887
2012-12-07 14:00:00,60.633787,63.550546,1048.409331,16.546476,75.758035,520.475057,344.567632,54.944846,17.208399,112.797414,22.963419,486.155869,440.275793,45.710143,41.298859,154.172244,386.570952,134.530159,123.969233,109.741025,51.594005,136.003142,95.905030,76.972373,14.802388,32.237199,77.444376,186.954749,507.739030
2012-12-07 15:00:00,50.544789,56.129827,1063.701671,9.112065,84.492938,461.536253,311.572009,60.932306,14.766787,97.164045,31.454067,489.117817,513.444993,30.480467,35.637631,169.295820,400.884855,103.156565,133.059485,140.502611,52.691749,162.506755,35.092810,53.850387,31.782103,28.767058,32.829526,155.734451,532.674754
2012-12-07 16:00:00,52.621972,42.877741,981.509513,11.924995,55.705912,531.457776,159.308735,39.751097,3.242897,50.798042,44.797101,494.954168,318.311885,28.823062,17.110105,134.651579,555.808923,39.280127,111.308884,128.246912,93.704168,206.073890,60.169702,26.148881,127.804626,18.889328,34.254897,183.406274,469.062839
2012-12-07 17:00:00,56.162329,50.721230,929.977002,14.786994,61.066292,551.377280,221.030444,37.506019,3.451369,74.023885,52.159587,463.999991,263.611892,22.714341,18.013808,132.015511,602.893373,47.222011,116.148401,84.244541,128.090813,458.342404,76.120979,39.822419,123.747336,28.799381,37.887296,270.461689,530.736964
2012-12-07 18:00:00,55.659363,57.623501,982.379260,46.182253,85.713531,712.223884,143.461269,81.879337,4.864345,108.930561,70.963308,623.617239,373.222263,36.999594,21.869606,118.047379,619.709248,44.002328,71.961509,52.162811,163.330947,575.794692,104.833278,63.997800,156.707985,26.061797,45.749829,295.845404,639.939773
2012-12-07 19:00:00,40.211130,68.499806,1161.764583,55.808976,88.393721,1064.677141,98.699129,108.556153,4.123111,150.628419,78.222098,840.452814,566.144933,34.063619,36.871072,79.748640,655.642118,56.022476,62.072062,27.201466,154.436687,524.521936,131.542393,103.538291,100.929912,35.533837,44.554356,306.034641,559.593665
2012-12-07 20:00:00,21.470758,49.989171,1226.778173,40.891891,95.435789,1192.053559,127.057752,129.025987,3.289224,135.959465,49.532597,1071.202136,723.722991,34.679227,31.027128,89.777819,813.711344,61.817905,77.011440,23.681276,162.791901,532.548661,159.438580,154.003516,92.796012,34.548307,59.543748,335.172285,597.126236
2012-12-07 21:00:00,30.308584,58.355560,1574.459544,27.188988,133.326320,1191.647038,138.456806,131.006939,6.485793,117.759097,42.031847,994.285695,927.585659,41.656113,17.351093,114.350823,895.666609,57.954286,78.484336,35.841932,160.590796,617.894048,145.564679,150.479408,113.584792,25.021516,65.429153,325.948344,657.291514
2012-12-07 22:00:00,22.626926,52.917407,1524.666527,10.537359,133.694189,1169.423919,146.519552,121.498371,8.060914,100.645318,24.576187,1180.323427,874.568742,32.595632,22.110594,135.651467,653.163989,35.845799,80.588474,25.121354,163.892453,660.648647,160.032116,133.704654,121.061797,32.577247,69.015572,323.123959,513.762435
2012-12-07 23:00:00,22.032512,52.917407,1432.473343,8.152360,111.884799,1155.602222,148.743758,119.781546,5.582415,90.730193,20.255479,1194.706176,833.964516,28.333733,21.929853,92.989580,502.175132,28.547852,101.209023,17.200927,170.720369,774.660910,169.454499,102.974433,108.870607,25.350026,89.292632,326.341613,493.770211
2012-12-08 00:00:00,14.409641,46.224296,1354.630985,7.805451,135.008008,1125.248693,191.837743,145.665981,8.941129,96.163138,21.499843,1143.741218,756.753372,28.870417,9.639496,89.474823,453.320590,29.191788,118.042125,16.240875,170.720369,988.106282,178.728497,110.868435,103.557490,34.548307,132.743475,321.157615,579.585889
2012-12-08 01:00:00,12.939936,78.748632,1620.121263,5.116907,200.541283,1115.763215,210.187441,160.589151,11.697591,112.733623,18.838287,1061.978416,745.602988,20.914873,16.326896,94.262165,555.277896,33.055407,108.363091,9.680522,180.176135,844.444278,0.000000,116.647972,95.694076,51.849836,140.238170,71.682739,602.218595
2012-12-08 02:00:00,8.863954,95.167669,1463.349362,7.545269,180.045712,1132.430555,253.281427,130.742812,27.008696,118.166568,20.981358,1152.339600,827.652979,25.602961,17.290846,124.864797,741.314577,42.499809,148.972949,7.680414,0.000000,705.860406,0.000000,88.807520,87.135127,38.545179,152.238879,0.000000,394.374908
2012-12-08 03:00:00,6.460170,103.011158,1222.212001,15.567539,148.198747,1129.449405,202.680746,139.855190,44.311866,162.716723,19.149378,1185.326123,801.565289,31.790607,26.086886,101.503778,766.272875,39.280127,161.808189,6.000323,0.000000,798.904897,0.000000,0.000000,102.958557,61.650386,133.249252,0.000000,487.734822
2012-12-08 04:00:00,5.735116,74.565437,1286.138407,19.470264,172.793433,1041.911994,145.129423,184.756762,33.471326,161.901781,13.895397,1145.617229,747.075681,22.240797,27.834045,95.383252,849.821223,29.191788,156.127017,4.480241,0.000000,701.765138,0.000000,65.266479,120.926554,96.855713,153.848170,0.000000,544.693800
2012-12-08 05:00:00,6.368722,51.139550,1279.832741,11.751540,139.002016,969.957869,115.102646,252.109119,30.251593,158.777837,19.495034,1067.606448,886.981433,26.076505,22.170841,91.868494,939.387884,23.825651,115.937987,4.400237,175.145039,517.805696,11.853280,29.743471,127.862587,73.860010,145.571819,282.688774,382.492738
2012-12-08 06:00:00,11.489827,22.693829,1423.993310,10.580723,120.713660,996.652714,116.214749,290.935772,21.912716,164.618254,18.146974,1102.781650,888.664510,40.693239,16.989612,122.380227,893.365489,21.679196,95.738265,3.040164,176.312972,458.506214,198.315182,14.801253,121.660730,54.039903,143.778609,301.637181,405.314050
2012-12-08 07:00:00,14.538235,50.930390,1468.451919,7.198361,126.599568,1162.965332,90.358357,193.737076,24.326283,185.535094,12.996690,1122.122144,837.054660,31.474910,39.972965,113.132643,754.605585,21.035259,70.488613,3.239392,174.019111,445.401356,218.405316,6.202430,98.302334,52.616360,134.159585,311.994548,361.183036
2012-12-08 08:00:00,10.895564,79.053250,1481.456399,11.270541,145.371976,1247.426776,108.725360,189.841989,31.381661,263.531324,14.733063,1172.686082,1012.870704,38.377631,47.557174,184.208336,775.458956,46.867914,85.705202,7.908661,173.635188,515.984576,269.621294,26.401496,97.092226,89.819302,140.693243,312.831407,417.480911
2012-12-08 09:00:00,17.569062,116.709882,1458.386552,30.608264,189.861712,1414.008685,132.114392,247.750294,49.314063,319.430005,25.964596,1405.143371,1297.598875,43.765836,89.187286,214.549268,895.265790,77.739721,121.024832,12.517739,0.000000,618.096391,0.000000,68.636051,99.334677,100.553956,160.917396,0.000000,626.264081
2012-12-08 10:00:00,16.748666,157.933030,0.000000,45.760794,217.050775,1492.646772,185.850169,359.399296,45.979143,380.728837,33.000647,1617.320866,1380.889891,35.820382,108.617800,229.789224,851.825907,108.559552,141.531096,21.268792,0.000000,693.720477,0.000000,0.000000,125.181890,103.195371,155.306030,0.000000,783.229723
2012-12-08 11:00:00,16.729184,190.933850,0.000000,51.460792,323.755664,1501.475545,232.944471,400.729812,49.433034,441.520202,41.930251,1695.590450,1427.140590,35.770902,110.262880,244.740879,1003.735759,134.565362,158.982310,31.904083,0.000000,804.904747,0.000000,0.000000,0.000000,150.619989,126.511491,0.000000,1051.028498
2012-12-08 12:00:00,27.533956,226.729791,0.000000,54.958315,0.000000,1459.788620,282.378743,422.305827,84.498959,399.569084,50.990440,1731.062676,1531.056924,36.459144,148.311478,208.680867,942.368284,140.882950,181.885295,51.896851,0.000000,737.668391,0.000000,0.000000,0.000000,184.144902,157.687366,0.000000,1141.001668
2012-12-08 13:00:00,27.836991,256.663348,0.000000,58.602471,357.389642,1479.156542,319.494004,398.158952,107.955097,368.247375,72.586376,1723.365197,1462.695731,37.673693,204.036324,186.480706,866.122892,125.025245,180.859785,60.864975,0.000000,593.860065,0.000000,0.000000,0.000000,152.288444,147.132754,0.000000,995.484788
2012-12-08 14:00:00,25.507985,205.546713,0.000000,53.246654,272.909577,1434.613883,290.991251,283.661417,72.298816,291.086466,68.704376,1675.413457,1403.238515,35.720793,224.116812,177.853027,717.450590,112.418977,172.686338,69.974514,0.000000,622.445433,0.000000,0.000000,0.000000,129.710159,128.323787,0.000000,894.161306
2012-12-08 15:00:00,20.170885,169.762593,0.000000,41.937114,264.866290,1231.757059,209.855021,179.224848,55.563031,261.315969,73.501069,1515.831157,1244.886741,17.600063,196.632812,171.022815,689.407779,104.381678,135.454815,83.241269,0.000000,641.442444,0.000000,0.000000,0.000000,140.277347,81.935875,0.000000,863.266261
2012-12-08 16:00:00,28.786623,122.776751,1777.980347,8.499269,197.913646,1200.183969,77.847200,68.144738,49.616318,214.193883,57.897487,1481.266818,898.973355,14.821936,107.721367,193.705568,595.635996,41.426582,72.171923,45.922475,115.782595,559.577430,197.721646,50.112815,102.417585,112.240934,89.706449,327.843184,630.132266
2012-12-08 17:00:00,20.242737,90.670735,1580.547774,8.065633,117.560495,1114.814667,93.694666,121.630434,58.094176,231.171838,53.784173,1464.226387,915.383353,10.244341,64.223142,209.976472,542.533232,39.494772,91.529990,55.522993,100.599465,353.012108,151.870998,58.500191,66.017900,103.097404,83.913004,287.121986,325.533760
2012-12-08 18:00:00,28.081164,50.407491,1237.650011,13.919721,71.471736,989.877373,98.421103,152.401217,53.160341,202.513050,53.300254,1416.388113,928.216813,4.972215,63.198945,124.592100,525.894366,36.489735,125.617020,44.802415,84.809909,245.716085,106.762270,52.720654,50.252431,69.479876,86.625808,269.138876,227.081487
2012-12-08 19:00:00,44.639841,19.870173,1046.523103,11.968358,49.136819,984.863620,83.963766,120.573927,17.303170,139.898351,40.545524,1416.231779,833.122978,3.220101,72.838441,61.387061,594.573940,40.997291,158.441569,44.962423,78.521038,234.576956,108.468685,41.725438,42.949310,58.748547,94.902159,246.365036,232.551058
2012-12-08 20:00:00,48.768079,18.510635,889.533766,16.911811,41.726881,989.877373,73.120763,75.408228,8.686330,121.833807,37.123523,1404.819380,910.965276,7.955544,78.622139,42.025594,589.971701,42.714455,126.248262,38.562078,75.511365,263.407643,103.720398,50.183297,39.606876,66.359030,92.879051,205.929852,207.466475
2012-12-08 21:00:00,40.126214,23.530468,839.523312,14.960448,43.513675,864.804571,61.721709,84.388542,8.246223,78.913536,39.093766,1267.557927,950.517579,2.115164,100.973720,16.907196,444.116111,38.206899,99.315299,39.122109,77.914611,197.883354,105.575198,48.562207,37.925999,68.549097,89.706449,175.326388,174.460445
2012-12-08 22:00:00,42.843535,16.523617,1101.969475,19.123355,35.000130,815.073566,39.757677,69.861563,7.088045,48.896511,45.557545,1112.787041,735.925297,0.773456,86.755463,10.544273,314.545368,37.133672,131.719020,70.323790,86.966093,141.368654,121.971627,46.236296,34.602885,44.403609,91.085841,151.086728,173.328810
2012-12-08 23:00:00,38.734893,16.000718,1001.078821,26.234989,23.753842,945.566640,26.968494,61.673629,10.910031,36.808207,55.547022,1082.458200,509.551478,1.357494,83.863615,12.483450,132.933918,72.979471,143.081363,96.565205,78.206595,118.598964,103.942974,44.967617,43.992613,51.521326,84.878578,142.327559,185.399586
2012-12-09 00:00:00,36.252724,9.098447,637.742003,34.040440,23.175762,847.459697,28.914674,57.579663,13.643329,29.473730,54.060698,899.859821,356.812265,1.452202,75.308562,8.938392,93.637873,108.825270,184.532876,127.206856,66.302662,107.132213,80.349922,31.716971,58.830701,53.985152,81.154220,152.624052,154.656827
2012-12-09 01:00:00,40.753288,11.922104,376.165586,33.606804,39.362008,728.755717,29.470726,60.088868,10.191961,29.881201,30.936269,753.530983,244.887663,1.452202,73.139675,7.150714,82.663302,110.971725,225.563561,177.289555,52.961272,102.217891,61.876117,22.483809,76.818019,65.975769,80.326585,157.164519,173.517415
2012-12-09 02:00:00,41.373830,12.235843,324.198202,34.951076,44.617282,673.739945,33.919137,71.710451,7.968260,33.276792,16.107599,612.517508,173.777672,2.588709,83.140652,6.787118,58.767058,90.795048,186.216186,156.968460,55.678963,74.042447,71.446884,18.536808,80.566181,40.570991,74.441180,138.394871,133.910179
2012-12-09 03:00:00,41.994372,6.902270,350.942923,38.767074,28.273378,579.427193,34.197163,78.841878,6.972228,48.353216,11.683194,546.857132,143.482291,1.483772,97.358909,16.270904,71.157703,89.936466,146.868811,151.288154,46.223197,54.712782,65.585717,11.065699,71.756067,26.171301,71.728376,112.582136,98.263667
2012-12-09 04:00:00,34.521738,4.601514,310.499686,50.561978,16.974537,439.448641,41.147806,71.710451,7.018555,54.736928,13.031255,437.892175,117.184217,1.736329,79.043867,19.300868,61.776215,100.883386,158.020741,128.486925,44.808201,46.030813,55.347222,9.937984,81.145794,25.404777,68.831653,83.802009,65.257637
2012-12-09 05:00:00,34.025305,4.496934,275.057495,59.711701,10.352891,354.079339,51.156732,56.259028,4.609546,50.526395,11.441235,317.514819,84.574605,2.052025,44.944150,15.240717,52.571736,107.752042,215.253286,143.047710,41.506544,42.918409,47.557064,7.753037,103.673412,18.396563,66.946484,76.580164,69.972784
2012-12-09 06:00:00,23.789626,4.287774,229.613213,67.690607,9.144178,253.533274,56.439220,33.808242,2.941770,23.633314,8.192062,213.396222,73.844991,2.209873,18.676523,11.332064,34.516796,128.143365,264.910936,148.808020,34.162042,46.849867,34.276698,8.739788,97.278351,18.998831,66.440707,64.353079,76.196778
2012-12-09 07:00:00,18.910250,3.764875,238.285648,62.270155,6.148671,251.644767,56.439220,33.147925,1.343486,22.003430,8.779679,202.655964,69.121836,1.736329,16.475516,19.223776,35.685700,108.610624,243.238318,114.927728,29.675917,40.625059,27.829503,7.048216,87.676099,13.797422,66.601929,47.199418,56.771293
2012-12-09 08:00:00,16.886522,27.517931,314.262575,74.024245,26.783677,249.724689,92.809060,71.191508,11.396531,72.639489,13.814320,245.548198,144.750772,5.624713,41.436296,39.776086,107.589986,173.063745,261.114019,102.263496,40.193413,86.027612,59.094826,26.948631,85.403597,24.812864,84.530105,58.394743,133.333838
2012-12-09 09:00:00,20.043923,71.254207,382.619507,101.774759,57.385222,297.520906,177.327791,158.730131,24.409451,151.215222,24.975127,264.500014,249.059255,15.606749,70.112074,46.611647,200.714503,338.398158,449.024183,148.632470,43.974056,157.763684,90.418343,67.966200,89.339882,53.806800,104.544164,70.940349,238.426677
2012-12-09 10:00:00,15.508220,126.990893,441.787647,122.658550,80.022623,321.378157,259.940290,206.812380,33.788684,203.965789,27.514133,282.659975,326.485488,21.506898,92.791125,57.287396,275.584711,395.607257,487.992685,138.720532,46.628082,208.658640,113.499612,95.460637,84.733411,75.600183,127.645807,63.379448,318.708299
2012-12-09 11:00:00,11.614059,171.286631,454.797741,117.590999,91.441863,331.826998,307.469067,232.494344,38.983946,233.041338,29.738016,284.320403,364.188084,24.252838,102.799250,58.638257,326.207866,405.690058,390.459080,113.578716,49.786608,246.356715,127.454075,104.677815,57.076388,87.873461,136.747600,71.104886,355.105553
2012-12-09 12:00:00,11.824697,181.305279,417.305302,116.533978,91.731472,259.481922,347.656924,229.000607,39.420821,240.368137,34.499293,263.692894,369.751163,24.262619,104.467369,56.988037,327.493005,428.846758,348.312061,113.732405,46.211118,256.681936,125.495883,99.548848,62.417846,88.010895,121.326091,74.687093,360.631324
2012-12-09 13:00:00,11.367861,167.329381,351.783398,95.742650,83.011675,231.276747,352.905494,192.381430,36.121818,222.850963,33.357545,240.556013,340.935079,22.671702,94.903045,54.675623,317.176195,393.146701,284.054807,103.546496,40.049893,238.468422,111.787398,85.969842,59.038510,79.875170,94.913450,64.158202,313.941165
2012-12-09 14:00:00,10.729619,135.059379,288.912915,67.555942,65.398692,171.631949,313.263885,141.632846,28.782690,185.662392,28.604907,185.509503,270.784512,19.383295,76.204448,50.405276,246.917244,316.769147,204.783553,85.030709,34.573148,163.303300,85.569097,75.750420,53.259679,53.913475,54.446872,62.557259,244.180146
2012-12-09 15:00:00,7.622870,84.909870,110.027401,40.968270,43.302625,35.773802,213.255349,100.105571,19.509221,125.032726,17.191614,59.893176,175.321287,0.978658,51.329183,36.170620,154.887765,221.431039,131.938157,59.860033,10.376636,102.015221,8.828846,60.747852,26.565587,37.666059,11.724831,21.236516,168.120769
2012-12-09 16:00:00,11.542084,3.451135,43.269914,13.355994,6.096119,23.036161,42.537934,7.659680,1.181341,9.371831,3.871354,35.800538,8.836153,1.357494,2.771355,10.150378,14.514755,35.845799,30.089169,33.201789,12.106075,23.424933,7.345007,5.286162,10.780798,4.270631,16.368783,22.166060,57.902007
2012-12-09 17:00:00,13.985060,3.241976,26.962158,12.315267,7.147174,20.190517,54.771066,6.471109,0.857051,8.285242,5.184850,32.517520,13.464614,2.099380,2.891849,4.938841,15.399801,42.499809,42.713995,37.922044,8.242912,19.165855,7.196623,6.836769,13.041288,3.723114,12.966283,10.582506,82.609378
2012-12-09 18:00:00,14.553346,3.451135,32.832950,16.868447,6.201224,15.447778,44.206089,6.603172,0.440107,6.383711,6.290951,32.361185,14.095768,2.162519,3.554564,5.726631,19.648022,20.605968,49.026408,14.560785,6.378711,15.889640,6.899855,18.113915,11.244489,3.887369,10.299459,9.652962,82.420772
2012-12-09 19:00:00,8.687590,3.764875,42.182731,9.713450,12.192237,10.976053,36.977420,7.131426,1.065523,5.976240,5.426809,30.641509,21.248844,1.925747,5.964438,7.241613,25.666336,17.815577,42.503581,11.360612,10.174494,14.087722,9.422382,18.043433,8.694192,5.529919,11.908750,9.545707,81.100531
2012-12-09 20:00:00,9.980930,3.974035,73.058750,6.677997,13.400951,26.152818,27.802572,6.206982,0.764397,6.247888,5.323112,52.684635,21.038459,0.473544,6.024685,14.331727,21.064096,13.951958,29.037100,6.960375,6.760536,24.571608,6.083743,8.739788,4.772146,4.380134,9.058006,6.256549,132.212726
2012-12-09 21:00:00,11.280803,5.542732,123.069203,10.363905,12.507554,40.245528,31.694932,7.131426,0.833888,6.927006,7.224224,65.504042,20.196921,0.789240,2.711108,24.027611,21.949142,13.737312,25.039239,6.080328,6.603314,31.124037,6.974047,6.202430,2.569617,3.120845,11.402973,6.471060,162.578274
2012-12-09 22:00:00,17.610332,5.228993,124.591261,10.233814,7.777807,48.240430,30.026777,8.055870,0.370617,5.976240,10.058608,57.218328,28.401920,1.247000,3.614811,21.876337,25.666336,14.381249,20.830963,5.520298,7.883548,22.114448,13.725518,4.017483,4.134571,2.792335,9.379865,4.862233,170.311115
2012-12-09 23:00:00,20.177417,4.287774,126.765628,8.455905,5.780802,95.532313,20.573903,10.168885,0.555925,4.889651,11.959720,89.735847,46.494994,0.615608,2.530368,16.240604,44.783330,18.674159,20.830963,5.680306,8.804418,23.588744,9.719150,5.356644,4.733505,4.051624,12.966283,14.479443,135.041815
2012-12-10 00:00:00,11.796832,4.392354,120.242526,12.705540,6.516541,100.410559,20.295877,18.356819,0.718070,5.840417,11.752326,89.266845,43.339226,0.852380,2.470121,15.574012,55.403883,30.694307,21.672618,8.240444,17.294393,28.666877,12.464254,4.228930,5.390399,3.613611,16.690641,31.747519,119.198920
2012-12-10 01:00:00,14.279001,3.451135,144.595442,8.629360,6.096119,114.232255,23.076134,15.979677,0.648579,14.125659,10.991881,63.784365,38.500380,1.136506,2.650861,14.119630,106.205527,18.030222,27.774618,8.480457,19.540419,30.468795,14.838397,3.242179,4.656223,3.504107,25.472769,34.571904,111.277473
2012-12-10 02:00:00,13.743375,4.392354,148.944177,6.331088,6.884410,104.882284,28.914674,9.376505,0.648579,14.940601,10.715356,52.371967,45.022302,1.041797,2.771355,14.513525,159.485299,16.742349,38.716134,7.200388,27.738410,28.175444,17.583501,3.524108,6.027973,2.901839,13.564020,35.966221,112.597714
2012-12-10 03:00:00,13.286134,3.764875,170.470416,6.894815,13.611162,73.444700,30.026777,7.395553,0.996033,7.470300,9.090770,36.894878,63.746531,1.752114,2.289380,13.968132,195.418169,16.527704,41.451513,8.240444,26.637858,33.417388,15.209357,6.766287,8.539629,4.653892,16.966520,47.692782,148.810044
2012-12-10 04:00:00,14.017720,3.241976,203.738240,6.070906,24.384475,54.067224,30.026777,5.282538,1.760430,8.421066,7.362486,45.649595,106.033834,1.909962,2.409874,12.028955,207.277786,12.664085,40.399444,8.400453,24.436753,31.124037,18.399613,7.118698,9.853418,5.858429,16.598682,50.159650,202.751328
2012-12-10 05:00:00,16.957130,4.706094,243.964039,3.165544,30.953568,48.917965,28.080597,4.226030,0.880215,9.371831,6.740304,42.835579,116.132294,1.862608,2.048393,8.362699,227.456836,13.737312,33.245376,8.960483,25.155481,30.468795,17.286733,6.484359,12.635559,5.146657,20.552938,52.876780,186.719828
2012-12-10 06:00:00,17.042046,3.660295,271.361070,3.252271,33.055678,59.623004,29.192700,5.546665,0.648579,11.001715,7.708143,48.463611,92.779604,1.026013,3.313577,10.150378,230.997021,16.956995,34.718272,11.040595,19.248435,28.830687,13.799710,3.101215,21.464995,2.682832,17.150439,52.733773,188.417281
2012-12-10 07:00:00,16.669639,3.346555,298.722444,3.815998,33.055678,126.700386,28.914674,9.244441,0.370617,15.483895,7.258789,93.942599,128.262809,1.152291,2.805157,20.083689,290.149226,19.962032,38.295306,12.930400,20.193380,24.080176,16.538445,2.678322,32.864047,1.314040,25.605268,68.351931,188.605886
2012-12-10 08:00:00,20.250131,20.370230,335.715525,6.779747,41.338256,240.287638,68.325968,40.320732,7.228240,48.803719,9.180606,191.070469,208.056565,4.907974,21.162537,32.614355,365.793554,86.649832,73.436385,25.685307,36.933933,59.706211,52.364945,12.135031,41.519491,13.051722,51.936731,100.149946,238.181731
2012-12-10 09:00:00,18.562672,43.487123,470.267609,13.112851,52.147915,257.039691,175.800775,73.973043,12.720636,84.801819,13.080406,266.796370,323.570338,11.447523,40.352021,56.243167,549.374224,167.162721,138.999458,43.504689,52.455662,98.741407,90.769267,28.144909,61.068691,25.208276,70.056934,125.326310,327.922866
2012-12-10 10:00:00,16.329299,70.154330,585.212602,16.996515,60.674370,340.998300,285.479706,98.309858,18.974196,120.965788,16.882062,318.157572,401.104037,19.101460,48.611684,63.385086,597.641538,239.326005,212.660802,62.748217,60.386310,164.706150,114.210260,57.371595,133.569882,44.668198,77.653218,149.077446,409.753607
2012-12-10 11:00:00,13.857154,102.104098,552.233076,20.329862,66.787799,411.414711,330.920904,123.958277,25.683010,153.173906,16.488299,346.480656,372.092987,22.308739,57.597252,67.376562,575.203490,261.639552,233.480328,81.291580,59.496145,232.743962,125.442659,79.118760,107.221269,57.738108,88.632651,192.372692,395.013131
2012-12-10 12:00:00,12.764575,127.246468,541.306006,28.502237,65.007460,416.362965,392.248258,144.291072,28.938321,176.397285,18.371958,367.835490,377.793632,20.958791,65.341222,65.810136,556.810222,265.956578,256.147182,82.175854,66.789551,262.972129,124.396826,76.694725,117.818072,62.674164,77.402361,190.346870,358.236826
2012-12-10 13:00:00,11.235074,120.935405,570.888025,28.691273,72.382007,435.863602,417.826363,128.153250,28.182394,160.386588,17.564077,344.362551,372.668351,15.788093,69.645319,59.540881,489.822179,266.666122,276.837589,82.537062,70.944634,263.361591,115.969019,66.363112,136.146699,55.629996,62.170555,258.330756,343.584133
2012-12-10 14:00:00,8.238453,103.528588,625.692857,30.525878,74.996771,435.969477,416.281304,81.326019,21.852295,135.439206,16.079017,266.271422,298.723961,15.473465,60.001745,44.287117,433.898259,223.990009,286.250584,73.389644,72.005359,237.046245,102.345754,42.262295,143.705974,35.771299,56.384505,263.973638,325.224866
2012-12-10 15:00:00,1.633006,49.545967,571.054166,28.471998,62.328183,359.770626,354.384627,59.300176,11.097587,112.512306,9.346948,172.859081,226.556608,1.057582,26.158653,24.116270,397.342084,165.449600,270.129167,52.497829,47.076687,187.566142,34.499274,25.082747,130.528806,23.062147,18.897668,258.055846,312.382683
2012-12-10 16:00:00,1.443577,4.706094,545.548819,9.149723,36.261396,386.871992,101.479386,38.958717,1.088687,62.886346,2.385031,131.320752,178.195748,1.026013,2.952096,10.574573,357.735616,25.328169,101.209023,6.800367,53.455398,84.034901,41.770089,3.594590,124.365590,5.037154,5.701486,253.515378,258.578670
2012-12-10 17:00:00,1.188828,4.810673,445.745348,13.442721,23.701289,375.082898,87.578100,48.995539,0.764397,67.368526,2.592425,101.304580,160.733827,0.915519,1.686912,8.150602,406.944177,25.972106,104.786057,9.680522,51.995482,76.663418,35.167002,3.383144,123.418889,5.475168,22.484087,217.656413,206.712051
2012-12-10 18:00:00,0.803439,3.137396,392.038470,14.570176,22.124707,296.624445,87.300075,37.902209,1.042360,52.020455,3.110910,105.525604,118.025755,0.694532,2.229133,7.756707,369.772242,19.962032,115.727573,10.560569,55.229758,96.156895,31.531595,4.722305,125.292970,9.253033,44.416417,177.042470,185.965404
2012-12-10 19:00:00,0.894887,2.928236,443.136107,16.131266,26.486585,334.295343,90.914409,36.449511,1.575121,43.463565,2.938081,101.929917,118.446524,1.057582,2.831602,4.575245,308.527055,17.386286,101.629851,12.720686,52.848971,128.591418,26.857499,8.246413,133.272307,16.918268,61.842734,114.047956,169.933904
2012-12-10 20:00:00,1.606878,3.451135,424.653983,24.500444,16.238799,345.135889,100.367283,46.486333,1.297159,58.675813,1.970243,152.113205,119.288063,1.499557,1.686912,3.454158,339.680676,18.888804,72.803164,9.600517,42.966461,124.168528,21.886636,9.374127,126.432876,23.762227,52.186991,73.183751,125.234309
2012-12-10 21:00:00,2.201292,4.810673,353.552164,22.115445,22.334918,282.667242,108.986080,51.900934,1.227668,58.404166,2.696122,113.811319,118.025755,1.673190,1.445924,3.514758,371.365325,18.244868,53.024270,12.160655,30.411180,113.357020,15.951277,11.911485,134.141726,32.084482,61.428917,47.120754,140.134174
2012-12-10 22:00:00,2.906750,4.915253,490.972193,22.158809,12.297343,371.830734,125.945649,64.314898,1.158177,55.959340,4.942890,152.425873,113.818063,1.420633,1.988146,2.242173,308.704064,14.810540,45.449374,10.560569,24.571515,95.337841,12.538446,10.572324,115.362271,25.842791,62.210572,27.242803,108.259779
2012-12-10 23:00:00,1.724454,4.392354,606.648547,22.592445,8.566098,532.812845,98.421103,73.427276,1.181341,51.341337,8.641416,241.849052,92.148451,1.389063,1.626665,1.787678,282.329692,13.093376,43.766064,9.200496,21.741523,76.499608,10.609454,13.603057,99.905929,32.522495,55.819390,19.413179,70.915813
2012-12-11 00:00:00,1.273744,3.555715,504.670709,15.697630,9.249284,542.704843,98.699129,66.031723,1.945738,51.341337,11.441235,358.005384,74.055376,1.310139,2.229133,2.181574,257.902421,15.454476,57.653373,7.840423,18.709389,79.284390,8.828846,21.144648,108.793326,36.738374,49.612127,16.839056,88.833372
2012-12-11 01:00:00,0.542158,4.706094,365.728622,21.811900,12.717765,358.551065,127.057752,41.732049,1.644612,39.932151,8.399456,313.293795,68.585376,1.247000,3.072589,1.060487,149.572783,13.522667,71.119854,9.680522,18.372485,86.983494,6.677279,28.686238,95.172424,37.012132,54.072160,13.835912,94.680155
2012-12-11 02:00:00,0.555222,2.928236,327.242317,31.395259,17.867934,288.223021,173.488046,41.732049,3.335551,39.932151,7.777274,286.247973,71.951530,2.446645,4.879995,2.272473,92.575817,12.878730,71.330268,11.920642,22.595013,95.174030,8.012735,40.386277,83.638129,45.115380,68.371856,15.337484,96.000396
2012-12-11 03:00:00,0.705458,3.032816,323.328455,36.208621,24.489580,294.049815,160.698863,75.804418,5.373943,39.660503,6.947698,312.512123,66.691915,2.020456,11.326408,2.696668,92.221799,10.088339,57.232545,8.000431,27.828251,77.318661,11.054606,36.721205,79.870646,39.749716,79.269051,12.834864,99.395302
2012-12-11 04:00:00,0.614010,2.719076,318.979720,36.598893,19.076647,279.144064,127.335778,81.747273,4.887508,39.388856,7.777274,279.525601,53.016917,1.152291,8.314065,2.484570,89.743670,8.585820,44.186892,5.920319,33.645456,64.213803,15.654509,20.369344,76.373649,24.912012,72.969828,12.048326,68.652543
2012-12-11 05:00:00,1.169232,5.228993,298.540665,29.920896,8.303334,294.862856,116.214749,93.236793,2.015229,37.758972,10.542528,288.280318,50.492302,0.726101,10.603446,3.696555,78.946108,8.800466,33.666203,5.600302,33.892519,68.800504,15.877085,24.668755,68.819362,23.926482,65.888950,11.833816,60.919701
2012-12-11 06:00:00,1.149636,6.483951,258.314865,12.532085,14.504558,226.973936,92.582563,103.537742,2.872280,45.500920,7.915537,226.059295,46.284610,0.805025,13.194060,5.969028,46.022395,9.659048,35.770341,3.360181,39.215599,100.088352,17.360925,31.505525,76.257726,39.968723,56.049288,11.869568,86.381496
2012-12-11 07:00:00,2.293624,3.241976,329.118676,5.767361,19.654727,249.895527,65.614069,105.914884,2.409009,42.512800,5.772466,244.205087,66.792190,1.325924,9.581309,9.954794,44.849293,9.659048,39.557789,6.191789,39.636435,82.560604,21.558649,25.303095,65.650812,32.522495,55.273543,16.117984,102.978814
2012-12-11 08:00:00,5.485158,21.349690,437.815206,13.509271,29.785784,335.774426,94.974234,137.734896,10.594341,76.874950,10.638859,336.207017,156.544051,3.286534,31.785617,17.308557,102.921166,77.812369,63.614840,16.329151,48.757524,101.022635,54.644756,43.551089,49.516152,38.803617,55.293248,33.206752,140.484803
2012-12-11 09:00:00,9.195273,38.149098,569.601762,31.440932,54.381242,448.364058,207.577552,235.541844,22.186202,163.588158,20.290916,511.486891,280.025132,5.358420,68.571302,36.736841,208.449545,195.881032,133.040522,31.772626,61.029678,131.208051,91.578286,64.531755,50.709004,55.074111,72.333904,52.361485,226.467903
2012-12-11 10:00:00,11.568845,62.499712,659.359142,47.353202,85.673454,464.773158,327.582340,285.472981,35.163480,229.555134,29.094214,590.681249,331.072251,8.708534,90.793351,46.275603,278.627465,279.676815,203.716110,56.501052,69.498354,176.665474,117.880564,101.235895,65.674759,85.385259,70.413886,68.862234,309.240622
2012-12-11 11:00:00,11.660936,118.614579,701.091825,52.430528,85.080302,483.229144,387.601671,288.110381,38.780226,239.269510,37.324213,479.130427,344.185542,9.691961,100.510627,48.519934,303.033988,325.781264,252.884502,84.581836,71.750399,225.764683,127.367923,120.477623,65.514493,93.460921,76.352456,78.984683,353.479301
2012-12-11 12:00:00,11.572009,147.987946,580.926988,53.201042,81.519697,449.947830,443.090745,276.367701,36.575390,241.386198,38.054957,415.308934,315.251567,8.080391,103.233507,47.380811,306.041168,342.063018,274.988305,103.927498,62.394881,250.797431,120.213496,100.445147,104.367805,96.082392,81.078411,72.810365,369.730470
2012-12-11 13:00:00,9.770802,146.825817,557.470372,62.687450,82.621691,427.301762,451.713316,297.127926,33.351195,229.820241,30.295336,365.029094,262.689182,8.733582,93.773616,40.054853,285.788249,320.439542,249.600605,100.372030,61.880787,245.714841,113.101989,102.427500,103.165665,108.815996,78.622602,87.783620,349.974232
2012-12-11 14:00:00,7.222407,106.346333,428.840522,54.615135,76.226317,374.269955,401.731277,263.405204,29.582018,183.031128,19.927047,277.686207,225.136484,7.657120,74.435133,33.847614,237.778356,256.367631,208.911925,84.154929,54.367463,257.666735,91.659001,86.573489,108.978187,98.599554,84.005227,118.701740,305.531285
2012-12-11 15:00:00,1.652602,71.782871,274.187144,33.478581,63.193490,207.054432,294.485787,195.708631,17.132976,97.488676,12.247056,148.310011,164.688567,5.287911,50.101795,29.623467,151.623285,158.498413,149.923380,58.827314,19.091214,225.004153,12.019102,54.487088,80.005889,65.291507,61.199018,76.043888,265.028659
2012-12-11 16:00:00,0.803439,5.961052,134.810788,4.162907,32.319940,175.616848,65.336043,111.197422,8.917966,24.719903,8.053800,123.973043,56.172686,5.619392,2.289380,14.755922,10.974571,8.156529,17.674757,11.520621,18.372485,86.492062,10.090110,11.136181,56.009918,25.897542,77.062024,37.753806,102.412996
2012-12-11 17:00:00,0.529094,5.751892,98.281413,7.024906,31.373990,101.359107,79.793380,112.253929,4.933836,39.660503,10.507962,91.611858,47.967687,3.409519,1.445924,5.150938,9.912516,13.093376,31.351652,5.920319,12.375598,50.945135,11.128798,8.175930,51.353695,30.222925,72.050234,22.702336,80.346108
2012-12-11 18:00:00,0.418049,2.614496,90.671127,9.279814,10.457997,92.551163,78.125226,88.878699,2.177373,53.242868,11.026447,79.105120,39.131534,4.214544,4.036539,1.030188,8.496442,10.088339,31.351652,4.720254,11.859013,35.710738,9.199806,11.136181,52.358358,27.759099,72.601991,18.340627,47.151472
2012-12-11 19:00:00,0.568286,3.660295,91.758311,10.016996,7.409937,97.022888,58.107374,73.031086,2.524827,55.687693,11.579497,54.404312,16.409998,3.456873,4.036539,1.545281,12.390645,7.941884,24.618411,4.080220,7.861088,19.329665,5.638591,6.625323,28.343067,15.549476,71.498477,14.836960,29.422518
2012-12-11 20:00:00,2.129439,4.496934,61.317165,6.981542,8.355887,76.154837,45.596217,67.220294,3.428205,34.091734,12.823861,61.439352,18.934613,6.156076,2.108640,2.272473,19.116995,10.302984,29.457928,3.760203,3.638561,15.070587,6.306319,2.184947,5.738167,5.967933,63.911822,15.695001,19.992224
2012-12-11 21:00:00,4.049854,5.019833,39.790926,4.639907,5.728249,39.703500,40.313729,47.806968,2.084719,18.200368,14.102791,46.587600,17.251536,9.281468,6.325919,1.999776,11.859617,9.873693,28.826686,4.080220,1.909121,8.026725,5.861167,2.537358,3.632240,1.971060,49.979964,5.291253,11.504959
2012-12-11 22:00:00,3.194159,3.764875,35.877065,5.246998,3.888903,38.754953,45.596217,24.167611,1.482467,11.816657,18.941984,54.560646,21.459228,6.519126,6.446413,2.211873,9.204479,8.156529,30.299583,4.640250,1.055632,4.259079,4.154751,2.889768,2.221849,1.587799,50.991518,4.933736,9.807506
2012-12-11 23:00:00,2.436444,4.706094,30.658582,5.767361,3.678692,48.917965,39.479652,10.961266,0.996033,7.741948,25.336632,79.574122,31.136919,3.299025,4.759501,2.605769,15.045783,9.229757,36.191168,6.720362,1.347615,4.914322,3.116063,4.087965,1.294469,2.463825,46.439525,5.827529,11.693565
2012-12-12 00:00:00,1.456641,9.516767,30.006272,3.859362,3.258270,99.597518,29.748752,10.168885,1.343486,10.865891,28.966026,87.234500,28.612304,5.919304,5.663204,2.696668,18.585967,8.156529,47.343098,6.720362,1.751900,11.139129,2.745104,14.237396,0.714856,4.818147,45.106113,5.219750,9.430294
2012-12-12 01:00:00,0.731587,3.137396,30.658582,3.946089,3.258270,110.980091,25.022314,14.262852,1.575121,12.495775,32.906512,108.964957,29.664227,2.572924,12.772332,3.545057,37.348944,8.371175,53.445097,7.520405,1.998962,14.742965,4.154751,14.378360,0.946701,3.394604,45.060133,5.183998,8.864477
2012-12-12 02:00:00,0.535626,3.241976,48.923270,2.558453,5.097616,84.556260,25.300340,15.847614,3.821985,15.891366,35.844594,106.307276,51.964994,1.973101,24.881949,3.302660,63.369298,11.590857,48.395167,7.760418,1.414996,10.647697,4.451519,11.488592,0.753497,3.066094,43.450843,4.075695,10.373324
2012-12-12 03:00:00,0.352729,3.241976,79.799289,5.333725,3.836351,53.660704,25.578366,17.036185,2.339518,17.657073,29.380814,94.894877,82.260375,2.541354,20.905657,4.423747,58.944067,12.234794,45.870202,12.560677,2.066343,16.381072,4.451519,7.682555,1.004662,3.285101,47.083241,2.860137,8.110053
2012-12-12 04:00:00,0.516030,3.137396,73.928497,6.808088,2.575085,39.025966,20.851929,19.017136,1.412976,24.312432,18.976550,59.250673,89.203066,1.752114,32.292311,3.181462,80.008163,10.732275,36.401582,10.800582,1.459916,24.899230,3.116063,9.726538,1.854761,5.420416,33.335303,2.860137,7.167024
2012-12-12 05:00:00,0.934079,6.170212,97.629103,6.200997,2.627637,39.974514,22.520083,14.791106,4.099948,16.706308,20.082651,49.245282,78.473452,2.194089,34.521445,3.363260,85.849467,11.161566,34.718272,7.520405,3.616100,34.072630,5.045055,21.285612,3.149230,11.443100,24.231317,4.719226,5.280965
2012-12-12 06:00:00,1.286808,4.915253,73.711060,6.374452,3.888903,38.077418,22.520083,7.527616,7.250190,14.397306,22.156591,55.342317,116.132294,3.741000,69.946592,3.151162,84.079375,15.025185,40.820271,5.760310,2.560469,33.908820,4.970863,21.144648,4.153892,12.319127,22.116249,7.078839,4.337935
2012-12-12 07:00:00,1.303847,4.915253,67.397656,4.943452,8.250781,53.980250,21.686006,12.413964,4.956999,30.017025,23.539217,66.228929,148.907512,4.025126,79.616653,3.831900,137.217591,22.108487,43.976478,5.520298,4.054867,43.246031,8.399641,17.902468,4.617582,11.935865,24.429137,10.842947,13.768230
2012-12-12 08:00:00,4.395413,32.076387,163.335367,10.408764,26.123814,92.199615,69.580727,41.309871,7.663061,88.663267,28.584769,108.654904,186.539344,9.081795,113.738906,8.006928,212.408959,68.680572,60.399108,13.132108,13.973710,69.642307,38.774764,24.432717,7.078301,16.079035,37.325714,16.816327,47.155948
2012-12-12 09:00:00,7.654149,75.261520,293.050885,23.100312,54.904165,122.043863,169.381070,105.716932,17.291969,183.196997,39.667292,154.499483,272.491657,23.602091,178.018343,18.696759,222.741338,127.732954,111.433838,32.113960,25.680440,119.439398,74.032010,32.051726,13.493155,22.161858,48.628173,27.501123,104.211798
2012-12-12 10:00:00,7.407291,115.563956,347.895325,40.264266,76.847231,152.423268,259.456802,133.631902,21.377337,224.026836,72.388682,198.239874,285.735320,27.640237,234.159747,28.326842,242.104148,163.804485,166.069639,60.536830,35.980559,172.661426,101.258607,41.086919,15.486247,27.592935,47.194229,32.680680,153.046511
2012-12-12 11:00:00,7.142349,133.376467,287.784456,45.244066,84.827217,160.580090,293.446725,141.759748,21.817946,209.232485,105.733408,218.117405,331.370132,35.363592,125.892669,34.671878,254.151276,195.321277,222.024928,65.662776,40.259653,194.302733,108.404854,54.879290,8.733508,44.197135,38.888799,34.412180,198.900382
2012-12-12 12:00:00,8.439993,105.006060,247.566091,64.033784,73.053677,138.934218,284.627758,164.344258,18.035369,148.179331,156.225498,196.952300,322.762714,50.828442,99.517203,29.604269,282.342061,238.941350,243.652014,55.942993,36.604885,211.267146,103.072402,69.319624,10.992474,50.611946,50.575882,36.043287,225.510000
2012-12-12 13:00:00,6.458306,95.832225,217.924893,62.189109,72.441342,129.026436,289.581733,179.730710,18.714531,135.672466,176.161549,161.018107,273.728275,41.058714,76.385020,23.156853,274.270538,254.510415,245.010061,55.610580,30.160782,204.621093,97.003569,74.233455,17.140226,51.783013,67.111211,38.277457,232.820088
2012-12-12 14:00:00,4.366440,83.832033,172.389720,48.864363,62.272074,106.960408,248.639910,167.920477,21.708594,138.871099,172.355478,125.732665,241.021176,34.195438,73.875589,18.298677,206.708230,245.991549,203.513257,55.506475,19.199348,195.426656,59.136816,56.313328,10.774381,35.422654,60.986164,22.002445,189.011137
2012-12-12 15:00:00,0.685862,50.742907,174.014955,40.206631,34.456230,37.535391,166.050790,137.031729,13.402352,87.436021,190.818663,71.157622,190.655717,33.037606,52.296495,10.657649,144.375044,176.635134,128.446354,37.649255,3.885623,151.447874,6.899855,49.131476,9.582932,25.330273,44.600336,8.044135,136.953804
2012-12-12 16:00:00,0.574818,19.556433,170.687853,17.865810,21.494074,50.273033,26.134417,42.656493,2.640644,14.804777,204.110246,70.975740,111.503833,30.527822,26.568861,3.272361,66.555463,18.459513,19.358067,4.080220,4.177607,146.119165,7.493391,27.135631,11.283129,13.633167,44.600336,8.830672,102.412996
2012-12-12 17:00:00,0.287409,22.170929,171.557600,20.944627,16.238799,50.544047,21.407980,36.581575,4.030457,12.903246,209.813580,58.938004,100.563834,43.203024,36.630085,2.120974,60.006123,21.035259,20.830963,4.400237,5.615063,199.030029,10.535262,33.338061,7.805453,6.898711,39.864424,5.684522,105.807902
2012-12-12 18:00:00,0.326601,34.197613,167.208865,29.790805,18.393462,32.115118,35.031240,31.695227,2.710135,14.397306,209.779015,46.743934,70.478838,65.601669,30.243918,1.060487,44.606321,29.191788,19.989308,4.880263,10.376636,209.841536,13.206174,28.122381,10.606915,8.760268,36.737803,4.897984,149.753074
2012-12-12 19:00:00,0.267813,71.950941,169.165796,31.221805,17.920487,25.068763,49.488577,56.391092,5.559251,15.891366,190.456809,37.363881,56.593455,66.169922,22.170841,1.121087,37.879971,52.802794,21.672618,5.680306,14.823766,190.511871,21.738252,16.915718,10.761478,12.757140,39.404627,6.828577,129.195032
2012-12-12 20:00:00,0.352729,103.220318,165.251934,26.842079,30.848463,25.881804,45.596217,58.107916,6.671102,20.237723,171.653087,35.018867,49.650763,54.473378,25.544664,1.424083,31.507640,72.764825,33.245376,5.840315,11.185205,172.328881,19.438301,10.713288,9.698854,16.480254,32.507668,14.729705,109.957232
2012-12-12 21:00:00,0.307005,100.605821,190.909471,37.162620,25.120213,33.605693,43.928063,88.746636,3.590350,19.015310,172.275269,27.358490,79.525375,51.395340,20.483929,2.151274,43.367257,87.146074,28.616273,8.240444,10.601239,191.822357,18.177037,10.713288,3.651561,18.396563,31.174256,15.945263,158.428945
2012-12-12 22:00:00,0.489902,92.971492,217.654192,33.520076,25.225319,36.044816,49.488577,122.158688,3.150242,17.792897,181.815393,36.894878,83.733067,66.880238,21.809360,2.484570,31.507640,86.502137,36.191168,10.640573,9.702829,171.509827,8.680463,12.757271,4.520980,19.217838,38.209154,8.866424,123.348250
2012-12-12 23:00:00,0.979803,120.266834,193.083839,38.203347,27.800403,36.315830,42.259909,180.662795,3.381878,25.534845,179.188402,38.927223,70.689222,69.200605,22.833556,2.817866,23.011197,99.166222,81.009301,11.360612,15.542494,233.757902,8.235311,19.523558,2.473015,18.177556,44.508377,12.799112,122.782432
2012-12-13 00:00:00,1.195360,93.808131,140.246707,56.199248,20.653230,24.255722,35.031240,220.281829,1.760430,27.028905,184.615211,32.204851,57.855762,61.339770,12.230110,4.454046,34.162778,76.413799,94.896610,9.040487,19.360737,283.883983,8.606271,15.083182,2.801462,13.140402,50.117904,15.265980,88.644767
2012-12-13 01:00:00,1.691794,107.612672,114.806607,43.363618,25.803399,18.970956,33.919137,252.109119,2.594317,35.585794,186.066969,26.264150,64.798454,68.774415,17.772821,5.484234,49.916598,59.242159,57.022132,9.760526,25.245322,283.720173,12.983598,21.497058,4.830107,14.235436,56.555065,10.010479,82.797984
2012-12-13 02:00:00,1.149636,85.964642,165.469371,40.458255,26.854454,19.106463,29.470726,256.071023,2.710135,34.499205,174.902260,27.045822,55.962301,62.160580,18.435536,10.816970,86.734513,67.613333,32.193307,9.280500,19.158594,318.120424,12.464254,24.034416,5.235836,20.312871,53.106586,14.443691,120.141950
2012-12-13 03:00:00,1.900819,61.702115,203.738240,52.166432,24.174264,32.115118,40.591754,212.093895,3.428205,38.166443,169.579148,30.328840,36.186150,63.849555,11.386655,15.180117,95.938992,80.277418,11.783171,6.240336,12.690042,300.592677,8.383695,38.765187,5.197195,25.404777,47.726958,6.971584,161.446639
2012-12-13 04:00:00,0.352729,33.988453,176.341208,38.159983,28.641247,20.326024,57.273297,180.398668,7.782952,34.499205,173.692462,21.417789,35.554996,62.050087,9.338262,21.694539,97.355066,87.360719,11.993585,3.680198,10.556318,312.223238,6.083743,48.350761,4.037969,57.105997,55.497532,7.543611,130.515273
2012-12-13 05:00:00,0.339665,68.604386,146.334936,30.874896,22.965551,17.886901,85.631920,192.944695,4.655873,29.473730,203.073276,19.698113,33.451150,59.666580,30.846387,31.754018,142.138397,104.317714,15.149791,3.440185,10.084653,374.962745,4.822479,74.570124,3.535638,75.502560,54.302059,6.006287,117.690073
2012-12-13 06:00:00,0.313537,129.888181,109.153251,47.266343,21.073652,18.157915,121.219212,260.032926,7.736625,43.735213,184.615211,17.822102,31.557689,73.951833,48.197480,49.236907,160.193336,138.017058,14.097723,3.760203,10.219414,412.803022,4.303135,129.475725,9.331766,107.258532,56.555065,7.686618,91.473855
2012-12-13 07:00:00,0.716581,143.901882,108.991350,63.050700,34.579708,27.713508,145.963500,270.598002,9.543381,43.327742,174.556603,31.736915,43.672787,96.824022,49.522910,56.292345,168.427909,198.761735,17.885170,6.000323,14.844768,483.077823,5.846101,139.413709,8.539629,135.236638,59.870125,3.165860,164.087121
2012-12-13 08:00:00,3.123779,183.938160,144.247818,66.729383,41.863966,65.089123,244.348169,253.959759,5.863287,52.396648,188.389456,63.468928,102.077490,104.384241,62.473082,53.875522,215.979529,333.858687,41.939138,22.462538,21.920422,509.128301,17.259915,125.381808,16.262528,150.794940,76.810021,5.168031,241.214426
2012-12-13 09:00:00,5.035697,248.440870,209.400247,72.000411,60.889822,103.243203,328.863432,263.099047,8.063614,74.582630,220.429756,124.808068,165.189639,102.545801,79.781124,76.579466,284.470981,380.555695,76.087661,48.666380,34.322666,593.505799,28.485634,132.779238,34.575853,204.289390,99.268532,8.618931,292.944692
2012-12-13 10:00:00,5.756029,379.750549,233.519188,80.554377,94.056328,126.654637,378.321343,284.001014,12.866406,115.189918,285.925542,183.738452,276.317629,125.263898,63.778544,97.657039,413.754043,387.838814,85.062247,64.080429,41.584098,688.080829,42.490731,182.877396,53.855092,242.851953,100.751353,9.319795,382.471683
2012-12-13 11:00:00,7.467615,319.970208,348.701949,66.117517,122.009989,116.284929,350.513740,283.771447,15.734645,128.722901,320.783965,225.898360,356.616717,151.337386,56.593781,143.450889,601.966468,390.927734,103.137441,67.980706,38.769561,892.557422,42.058212,277.891379,53.212435,289.098092,103.003078,13.399007,541.655580
2012-12-13 12:00:00,9.274091,292.098910,467.760030,115.875090,158.181390,129.324614,407.105375,333.138661,25.966095,159.601785,323.195619,247.329888,398.921346,120.000144,77.582514,186.368366,715.611570,650.194786,147.683151,65.354118,39.755398,1121.906266,45.950055,487.109132,65.944516,356.494271,156.660151,22.604486,789.677849
2012-12-13 13:00:00,10.317774,357.589983,634.207183,157.526736,206.384323,109.581743,496.915444,369.206359,39.626575,194.449315,336.661579,177.784089,440.714767,0.000000,89.165296,142.095333,848.660483,788.220982,152.080874,73.169099,32.444954,1252.289199,43.325947,499.843581,54.715828,390.166360,214.767866,26.936905,1066.145647
2012-12-13 14:00:00,9.673068,365.282258,646.480749,146.537974,272.903153,79.508357,458.404763,501.892706,48.094022,264.976855,340.721052,155.263683,423.278239,0.000000,146.387947,120.989131,777.842467,807.500729,150.079838,52.848734,25.815951,770.362280,27.660306,451.259240,68.714765,348.013339,182.632544,17.463924,1037.162725
2012-12-13 15:00:00,5.140702,385.765897,843.547941,155.629907,305.429489,22.358626,426.970812,529.881309,50.483504,314.499216,322.056583,154.791050,651.993299,0.000000,210.226610,113.134292,767.850522,729.119917,140.286783,42.782983,33.083950,195.161940,22.331788,531.925653,67.853340,373.579773,158.951920,13.514147,1193.123997
2012-12-13 16:00:00,4.709588,314.994526,969.550491,149.517753,256.247195,39.567994,385.343641,498.011256,48.851921,286.180413,281.399071,187.757409,727.089144,0.000000,259.483181,94.959057,609.265705,764.352634,120.146262,16.880910,59.609507,1412.212245,42.141049,532.140296,71.427619,431.388449,136.054015,11.476299,1215.187726
2012-12-13 17:00:00,1.828966,273.580903,1092.184821,154.201024,190.713920,52.712156,412.034110,429.338264,55.082915,200.611519,269.646745,197.762799,866.574128,117.596832,256.952814,46.994734,560.234153,713.481650,148.972949,16.080867,68.121942,1347.179388,57.053638,507.119130,59.294391,429.253134,128.099522,10.654010,1141.254219
2012-12-13 18:00:00,0.855695,306.523558,1195.032407,180.045740,208.792065,82.930178,351.146478,422.338902,49.083557,190.017275,272.273735,438.204843,1094.210255,110.146401,177.487219,72.507027,634.046995,632.345650,142.450122,20.161087,70.704871,1284.603691,96.746351,466.098513,53.285738,464.403709,157.204690,22.201812,1091.085053
2012-12-13 19:00:00,1.913883,426.790392,1258.958813,168.554382,215.256053,118.568474,348.644247,494.709670,51.446238,239.728727,281.468202,497.768184,1074.223719,0.000000,148.327744,94.534862,658.828284,655.312719,135.716881,29.201574,52.130243,1264.127351,79.385426,554.553622,26.353063,482.198003,166.492595,14.944215,962.833050
2012-12-13 20:00:00,5.728584,350.342518,1134.802425,157.279841,199.858098,68.566455,444.285093,479.654437,51.376748,176.027440,287.171537,473.223711,1081.166410,0.000000,91.695705,126.713074,596.521042,751.688549,135.085640,34.961884,40.338611,1261.997812,79.533810,515.717953,27.840736,474.204259,149.801954,11.869568,914.549943
2012-12-13 21:00:00,11.594340,366.656975,1093.489442,155.285115,176.209361,75.748316,537.701733,506.991571,63.885063,156.604659,301.896509,441.956865,1147.647941,0.000000,124.289251,156.103721,637.233160,808.784253,133.823157,38.162057,28.726661,0.000000,75.601635,608.401991,0.000000,498.678258,204.471850,0.000000,991.312539
2012-12-13 22:00:00,31.412496,0.000000,1166.765628,199.993004,0.000000,131.983650,539.091862,301.364972,0.000000,0.000000,325.262898,507.773575,1126.819866,146.419894,0.000000,171.011141,749.634009,776.372782,141.818881,34.961884,16.598126,0.000000,75.750019,608.895366,0.000000,0.000000,225.070769,0.000000,946.612944
2012-12-13 23:00:00,23.534877,0.000000,1349.195066,208.405546,0.000000,168.028466,558.553662,0.000000,0.000000,0.000000,335.839991,513.245273,1224.859085,137.375198,0.000000,187.615341,788.930054,758.127914,154.654121,32.801768,9.972352,0.000000,58.982630,586.270594,0.000000,177.501613,216.380600,0.000000,928.695385
2012-12-14 00:00:00,23.273596,0.000000,1289.182522,220.590723,0.000000,134.287266,727.037245,0.000000,0.000000,0.000000,340.402659,502.770880,1120.508328,144.194236,0.000000,202.492462,728.569913,885.198052,176.957980,40.242169,8.894259,0.000000,28.563915,560.333159,0.000000,0.000000,257.026680,0.000000,922.848602
2012-12-14 01:00:00,30.008111,0.000000,1302.881037,0.000000,0.000000,84.962781,852.704869,0.000000,0.000000,0.000000,339.676780,439.455517,1009.635649,141.179337,0.000000,210.006772,708.744882,981.788528,231.875974,61.443312,12.712502,732.788611,31.234827,650.550322,0.000000,0.000000,279.326848,0.000000,947.555973
2012-12-14 02:00:00,35.207601,0.000000,1160.894836,0.000000,0.000000,79.678014,917.206834,0.000000,0.000000,0.000000,341.819851,417.881394,890.768356,139.948122,0.000000,198.947405,736.712337,989.086475,260.492247,50.242708,15.991699,706.868233,28.489723,631.097246,0.000000,0.000000,310.914921,0.000000,948.121791
2012-12-14 03:00:00,36.579325,0.000000,1235.693080,0.000000,0.000000,66.669359,0.000000,0.000000,0.000000,0.000000,344.550539,360.819400,0.000000,143.041945,0.000000,166.920690,764.148765,0.000000,278.798245,62.723381,22.347950,1410.410327,35.167002,676.628721,0.000000,503.824915,321.030461,0.000000,655.078442
2012-12-14 04:00:00,24.821685,0.000000,1305.707715,0.000000,0.000000,37.264377,0.000000,0.000000,0.000000,0.000000,341.750720,415.536380,0.000000,146.498818,0.000000,201.977368,819.906666,0.000000,389.896715,58.483152,33.600536,1392.718769,48.966712,676.417274,0.000000,515.268015,303.006408,0.000000,593.910902
2012-12-14 05:00:00,29.269992,0.000000,1103.274096,0.000000,0.000000,60.436045,774.511089,0.000000,0.000000,0.000000,343.790094,368.323443,70.278580,154.296514,0.000000,157.376305,752.466157,1338.314707,383.794716,62.643376,38.182427,1386.166340,53.344039,658.585288,0.000000,517.731841,283.235124,0.000000,1069.583982
2012-12-14 06:00:00,43.124412,0.000000,1134.584989,0.000000,0.000000,34.554241,1183.833495,0.000000,0.000000,0.000000,334.837587,327.207541,1269.671003,142.899881,0.000000,150.195292,818.667602,1461.521226,449.233398,79.844303,59.295063,88.847338,50.005399,680.857650,0.000000,521.892968,269.901003,0.000000,1272.146704
2012-12-14 07:00:00,44.895643,0.000000,1156.481765,370.845658,0.000000,31.714288,1281.976573,0.000000,0.000000,0.000000,311.125542,343.981040,1199.475076,152.433906,0.000000,164.969990,880.876149,1535.144633,627.033033,168.409077,67.340582,0.000000,52.110526,696.575171,0.000000,0.000000,296.728265,0.000000,1379.463453
2012-12-14 08:00:00,29.121155,0.000000,1150.942667,379.239409,0.000000,49.819051,1349.941412,0.000000,0.000000,0.000000,285.470197,370.998038,1168.458251,144.867288,0.000000,138.512573,813.541995,1645.014971,726.138207,246.468068,65.037161,0.000000,47.171297,704.624696,0.000000,0.000000,295.239784,0.000000,1422.694081
2012-12-14 09:00:00,19.205185,0.000000,1355.111228,0.000000,0.000000,72.986960,0.000000,0.000000,0.000000,0.000000,280.113857,475.106400,0.000000,158.024791,0.000000,164.425718,806.779579,1703.364397,900.921087,331.314440,70.049715,1531.517893,60.559197,705.969366,0.000000,544.466514,325.839715,0.000000,1537.138633
2012-12-14 10:00:00,13.788024,0.000000,629.591098,0.000000,0.000000,94.940462,0.000000,0.000000,0.000000,0.000000,309.523969,725.676519,0.000000,158.980097,0.000000,202.469860,786.557298,0.000000,1118.195800,368.220468,67.205900,1584.130742,71.743963,707.467493,0.000000,544.154663,370.996794,0.000000,1578.890817
2012-12-14 11:00:00,10.523954,0.000000,0.000000,0.000000,0.000000,107.034822,0.000000,0.000000,0.000000,0.000000,312.958429,888.011991,0.000000,160.129965,0.000000,186.474338,919.813120,0.000000,1399.929229,433.858082,57.993294,1591.488393,131.855419,707.837217,0.000000,543.985174,379.436097,0.000000,1339.760574
2012-12-14 12:00:00,13.456440,0.000000,0.000000,0.000000,0.000000,122.448563,0.000000,0.000000,0.000000,0.000000,310.587031,954.561411,0.000000,153.309066,0.000000,242.538835,1343.553409,0.000000,1460.893357,544.064641,73.069452,1613.892624,0.000000,707.586226,0.000000,546.410982,366.730642,0.000000,0.000000
2012-12-14 13:00:00,10.380651,128.581317,0.000000,405.424251,0.000000,151.902722,2025.455199,0.000000,0.000000,0.000000,312.263406,810.381965,166.886779,105.574843,0.000000,260.439384,0.000000,0.000000,0.000000,567.363555,0.000000,1627.592825,0.000000,706.938705,0.000000,546.573709,349.841937,0.000000,0.000000
2012-12-14 14:00:00,11.118140,0.000000,0.000000,0.000000,0.000000,119.028251,0.000000,0.000000,0.000000,0.000000,305.436627,728.855163,0.000000,42.233299,0.000000,216.805245,1605.435503,0.000000,0.000000,678.506919,0.000000,1582.704686,0.000000,701.398109,0.000000,539.395890,325.036044,0.000000,0.000000
2012-12-14 15:00:00,14.350853,201.475419,0.000000,414.233407,0.000000,131.848143,0.000000,0.000000,0.000000,0.000000,310.569569,759.643890,0.000000,29.643872,0.000000,229.639730,1577.797484,0.000000,0.000000,603.935503,0.000000,1541.510347,0.000000,695.239109,0.000000,537.575368,305.765191,0.000000,0.000000
2012-12-14 16:00:00,12.227946,0.000000,0.000000,0.000000,0.000000,179.682053,0.000000,0.000000,0.000000,0.000000,259.968359,754.937991,0.000000,5.682531,0.000000,242.063786,1446.519274,0.000000,1375.264398,531.228632,61.383867,1549.813252,79.978962,609.318259,0.000000,539.194497,328.617116,0.000000,0.000000
2012-12-14 17:00:00,19.511151,0.000000,0.000000,0.000000,0.000000,222.231197,0.000000,0.000000,0.000000,0.000000,258.274641,742.274918,0.000000,1.357494,0.000000,261.758548,1315.709467,0.000000,1398.830740,530.188576,70.165825,1563.573353,73.079107,415.210395,0.000000,519.374391,354.917520,0.000000,1765.162491
2012-12-14 18:00:00,20.308058,0.000000,822.839526,0.000000,0.000000,123.311213,0.000000,0.000000,0.000000,0.000000,275.419211,862.964943,0.000000,4.372392,0.000000,227.822957,1420.675929,0.000000,1377.789363,512.827640,70.278126,1496.083335,39.915289,389.343443,0.000000,436.863616,346.135392,0.000000,1770.443456
2012-12-14 19:00:00,21.327053,0.000000,0.000000,0.000000,0.000000,149.464030,0.000000,0.000000,0.000000,0.000000,253.158923,964.582192,0.000000,2.730772,0.000000,236.973447,1669.196862,0.000000,1424.080393,545.309391,79.396988,1420.894213,35.983114,569.425358,0.000000,419.014570,328.571136,0.000000,1064.447177
2012-12-14 20:00:00,26.755164,0.000000,0.000000,98.392048,0.000000,207.596459,0.000000,0.000000,0.000000,0.000000,223.674412,1022.894859,0.000000,7.734557,0.000000,226.065578,1665.833687,0.000000,1460.902802,559.790171,78.386277,1381.088207,0.000000,623.344209,0.000000,496.816701,311.972454,0.000000,0.000000
2012-12-14 21:00:00,27.107893,0.000000,0.000000,41.759164,0.000000,450.153680,1880.287912,0.000000,0.000000,0.000000,287.033274,1046.813996,0.000000,3.709430,0.000000,180.222230,949.644040,0.000000,0.000000,545.469399,0.000000,1450.543954,0.000000,619.538172,0.000000,499.444781,312.616171,0.000000,0.000000
2012-12-14 22:00:00,22.574669,612.105897,0.000000,66.649880,0.000000,577.259084,1987.049787,0.000000,0.000000,0.000000,303.693924,1066.668443,0.000000,4.214544,0.000000,154.800836,0.000000,0.000000,0.000000,0.000000,0.000000,1454.803033,0.000000,465.675621,0.000000,448.799482,258.957828,0.000000,0.000000
2012-12-14 23:00:00,28.603726,602.484550,0.000000,129.093490,0.000000,489.179646,2127.730798,0.000000,0.000000,0.000000,303.935884,784.485160,0.000000,9.707658,0.000000,199.795795,0.000000,1872.567363,0.000000,0.000000,0.000000,1212.690784,0.000000,395.263944,0.000000,382.987968,232.289586,0.000000,0.000000
2012-12-15 00:00:00,23.012315,425.326274,0.000000,120.941129,0.000000,440.939216,1972.314424,0.000000,0.000000,0.000000,304.834591,731.331522,0.000000,18.215670,0.000000,217.036287,0.000000,606.482528,0.000000,0.000000,0.000000,1254.790140,0.000000,481.181695,0.000000,388.846397,246.819180,0.000000,0.000000
2012-12-15 01:00:00,22.522413,338.002095,0.000000,135.944941,0.000000,553.680896,774.551847,0.000000,0.000000,0.000000,316.206694,884.070064,0.000000,64.007403,0.000000,252.365662,0.000000,0.000000,0.000000,0.000000,0.000000,1289.190392,0.000000,512.405292,0.000000,379.210102,242.818944,0.000000,0.000000
2012-12-15 02:00:00,27.591263,0.000000,0.000000,102.685046,0.000000,501.375261,429.035240,0.000000,0.000000,0.000000,314.374714,932.377341,0.000000,66.896023,0.000000,265.546003,0.000000,0.000000,0.000000,0.000000,0.000000,1280.344613,0.000000,523.964366,0.000000,367.383741,252.152828,0.000000,0.000000
2012-12-15 03:00:00,34.116753,0.000000,0.000000,82.434237,0.000000,526.715037,320.716154,0.000000,0.000000,0.000000,317.381927,911.584888,0.000000,46.770391,0.000000,207.643400,0.000000,0.000000,0.000000,0.000000,0.000000,1232.348071,0.000000,474.767819,0.000000,289.034093,257.164619,0.000000,0.000000
2012-12-15 04:00:00,16.454164,0.000000,0.000000,81.697056,0.000000,430.234176,988.381418,0.000000,0.000000,0.000000,310.399663,742.900255,0.000000,58.356441,0.000000,149.074205,0.000000,0.000000,0.000000,0.000000,0.000000,1381.579639,0.000000,509.374559,0.000000,410.418557,234.082795,0.000000,0.000000
2012-12-15 05:00:00,15.853218,435.156781,0.000000,71.810151,0.000000,245.131850,717.306345,0.000000,0.000000,0.000000,309.017036,509.493252,0.000000,54.126112,0.000000,100.897785,0.000000,0.000000,0.000000,0.000000,0.000000,1338.661230,0.000000,463.349709,0.000000,370.723593,208.104249,0.000000,0.000000
2012-12-15 06:00:00,17.708313,0.000000,0.000000,0.000000,0.000000,124.530774,0.000000,0.000000,0.000000,0.000000,313.959926,342.528295,0.000000,50.464036,0.000000,108.896889,1347.925143,0.000000,1001.140827,500.987002,28.906343,1270.188348,0.000000,471.948533,0.000000,359.006734,161.112967,0.000000,0.000000
2012-12-15 07:00:00,17.311974,0.000000,279.993143,0.000000,0.000000,100.725811,0.000000,0.000000,0.000000,0.000000,311.505764,323.738856,0.000000,44.592087,0.000000,117.522728,1394.922386,0.000000,991.890510,466.105122,9.968668,1321.297293,67.292754,522.695687,0.000000,391.529229,144.324809,0.000000,943.291613
2012-12-15 08:00:00,19.601095,0.000000,258.372374,39.011520,0.000000,144.048910,436.630971,0.000000,0.000000,0.000000,307.611222,231.711249,1326.033667,52.313888,0.000000,113.619235,1234.491638,364.262854,902.836305,466.304350,18.939165,0.000000,81.599072,512.809642,0.000000,0.000000,207.724724,0.000000,1245.103280
2012-12-15 09:00:00,27.486919,0.000000,396.892335,58.438994,0.000000,169.110369,408.181177,0.000000,0.000000,0.000000,312.106078,247.047291,1423.209914,72.847205,0.000000,143.056167,1090.632436,358.324379,997.189137,534.149165,28.998835,0.000000,122.204198,542.192144,0.000000,0.000000,174.747085,0.000000,1309.472775
2012-12-15 10:00:00,28.434632,0.000000,620.277480,79.862613,0.000000,172.329567,0.000000,0.000000,0.000000,0.000000,322.802873,315.425586,0.000000,84.968694,0.000000,172.079158,1023.917010,0.000000,883.380718,534.551503,47.683414,1455.698909,151.528309,602.691758,0.000000,436.604569,203.581839,0.000000,1493.976978
2012-12-15 11:00:00,28.092802,0.000000,0.000000,120.739822,0.000000,122.691119,0.000000,0.000000,0.000000,0.000000,324.771715,428.673126,0.000000,107.431790,0.000000,173.946868,1029.732749,0.000000,588.329540,484.898718,55.182631,1553.997693,0.000000,696.886811,0.000000,515.747753,265.049330,0.000000,0.000000
2012-12-15 12:00:00,31.211872,0.000000,0.000000,143.986814,0.000000,174.719081,0.000000,0.000000,0.000000,0.000000,333.172445,634.480660,0.000000,116.261942,0.000000,147.040074,956.550124,0.000000,0.000000,447.053955,67.521224,1663.993912,0.000000,711.639421,0.000000,561.080153,336.965909,0.000000,0.000000
2012-12-15 13:00:00,30.331084,0.000000,0.000000,130.637394,0.000000,227.115767,0.000000,0.000000,0.000000,0.000000,339.737273,634.877032,0.000000,83.846089,0.000000,166.295966,933.424170,0.000000,0.000000,0.000000,63.846144,1617.615926,0.000000,658.061026,0.000000,499.047345,322.445459,0.000000,0.000000
2012-12-15 14:00:00,29.733242,0.000000,0.000000,144.468853,0.000000,212.321689,0.000000,0.000000,0.000000,0.000000,322.795444,487.509929,0.000000,56.683725,0.000000,180.956844,785.979078,0.000000,0.000000,480.639428,55.980118,1450.834085,0.000000,632.613327,0.000000,474.655493,249.501674,0.000000,0.000000
2012-12-15 15:00:00,33.202270,0.000000,289.858519,97.889894,0.000000,94.041738,0.000000,0.000000,0.000000,0.000000,288.458309,580.397376,0.000000,43.960695,0.000000,90.632975,771.712975,0.000000,479.934535,493.979990,21.449540,1317.207514,172.941522,623.387787,0.000000,425.786852,208.518066,0.000000,1239.713865
2012-12-15 16:00:00,22.189280,0.000000,0.000000,65.218881,0.000000,60.707059,273.577304,0.000000,0.000000,0.000000,271.098503,729.924514,0.000000,17.742126,0.000000,130.712626,702.195541,452.043428,356.440926,373.380124,16.036619,1232.020449,91.998064,659.360592,0.000000,446.828421,249.026207,0.000000,824.783443
2012-12-15 17:00:00,14.572942,410.057615,666.661091,59.408156,132.643134,57.725908,284.698332,278.257682,86.052578,268.794987,264.185370,483.698104,1578.725966,0.000000,209.056568,166.708593,522.177173,530.603682,345.078582,397.701435,15.789557,0.000000,85.394977,565.689803,0.000000,469.933628,263.555801,61.457190,543.939376
2012-12-15 18:00:00,20.438698,346.577643,766.464562,45.531798,132.853345,106.372859,261.622198,260.825307,108.173765,162.173428,263.182966,477.288401,1468.484441,17.600063,251.470350,142.711282,571.916761,519.656761,289.318933,328.737718,11.701791,1175.997182,88.733617,454.750886,12.751482,370.614089,248.750328,26.956790,538.469806
2012-12-15 19:00:00,26.533075,259.462623,702.973030,42.843254,75.728509,150.954606,316.671290,255.014515,106.922934,155.246422,275.799433,519.185974,1262.938696,4.561810,243.156285,144.074765,651.039879,497.977566,305.941621,307.056549,9.455766,969.431860,71.521076,384.409692,15.224497,316.738441,200.379655,16.481538,550.163371
2012-12-15 20:00:00,19.680983,199.956685,554.463726,53.423977,65.480723,199.330543,308.330518,175.776447,63.004848,150.085124,285.304991,459.309964,1389.169450,4.798582,215.743968,165.526907,743.615696,528.457227,301.943759,295.215911,13.049406,976.148100,39.692713,342.754736,14.142553,303.871797,152.008981,14.479443,472.080534
2012-12-15 21:00:00,14.331257,197.446768,615.346017,59.885156,45.931101,215.184842,278.859792,161.117405,51.515729,146.961180,285.788910,442.113199,1398.426372,7.797696,145.496142,148.377314,723.082628,558.507597,262.596384,242.013044,22.100887,1019.230320,24.483356,353.115614,10.027302,272.444336,162.170501,11.941071,526.776241
2012-12-15 22:00:00,20.771831,270.548087,538.808279,70.422515,63.799035,235.781879,316.393264,146.062172,37.501783,147.640298,286.238264,501.207538,1157.956786,10.828379,147.424041,136.954351,725.914775,610.022518,263.648453,193.610435,29.153406,1074.762155,23.889820,435.227328,16.615567,262.260524,178.953101,15.194477,586.375701
2012-12-15 23:00:00,22.091300,184.478866,0.000000,79.832420,78.671463,312.478744,358.375147,133.912335,39.632829,108.387266,291.457679,616.582198,1194.142935,15.595392,164.714887,151.104281,646.260630,643.936507,334.347480,173.209335,20.618511,1136.191176,0.000000,378.982566,0.000000,247.532324,157.848406,0.000000,646.163767
2012-12-16 00:00:00,35.070428,178.413234,0.000000,87.681235,105.158047,373.592323,365.881841,205.622786,0.000000,123.327867,304.765459,604.700797,0.000000,19.999354,211.225455,153.225255,0.000000,682.358052,331.612101,153.048249,0.000000,1157.158949,0.000000,330.138430,0.000000,263.629316,145.433880,0.000000,0.000000
2012-12-16 01:00:00,54.072081,270.338928,0.000000,56.676248,0.000000,308.142525,372.276433,281.955458,0.000000,0.000000,298.716468,530.598373,0.000000,27.260366,0.000000,98.049620,0.000000,837.332105,359.597132,152.088197,0.000000,1126.362533,0.000000,322.455875,0.000000,278.795530,159.779555,0.000000,0.000000
2012-12-16 02:00:00,59.833325,132.084358,0.000000,47.699979,98.694059,267.490477,302.770004,310.613226,0.000000,158.234542,283.127354,473.223711,0.000000,25.634531,11.069704,91.474599,0.000000,662.825311,253.127765,122.166584,0.000000,1037.577121,0.000000,242.599589,0.000000,225.412647,168.561683,0.000000,0.000000
2012-12-16 03:00:00,58.272172,110.750068,0.000000,52.686795,104.474861,0.000000,284.698332,294.897676,45.493207,151.035889,262.387955,0.000000,0.000000,21.467341,246.710849,0.000000,1192.511056,509.139132,185.584945,85.044584,0.000000,894.406549,0.000000,192.134364,0.000000,217.418902,165.343102,0.000000,0.000000
2012-12-16 04:00:00,46.984837,93.912711,0.000000,47.353070,73.941715,0.000000,370.052227,253.297690,40.767843,149.270182,266.950623,0.000000,1029.322315,22.966898,143.206761,0.000000,1311.461246,481.449862,182.428738,54.962962,0.000000,935.359229,0.000000,177.403593,0.000000,225.631653,121.432462,0.000000,0.000000
2012-12-16 05:00:00,38.898193,89.520357,0.000000,46.615889,61.959689,0.000000,417.316599,181.191048,33.494489,169.643728,267.019754,0.000000,1174.787553,36.084075,78.983620,0.000000,1226.319815,408.899682,147.079225,41.522238,0.000000,898.829438,0.000000,171.835502,0.000000,215.228835,75.084896,0.000000,0.000000
2012-12-16 06:00:00,38.310311,196.191810,0.000000,68.774698,76.096378,368.985090,306.384338,138.666619,27.564621,191.375511,268.056724,382.706192,1130.606789,27.718126,66.874003,85.323773,971.780569,429.505650,154.654121,36.161949,0.000000,958.128920,0.000000,186.072898,0.000000,189.331293,36.415945,0.000000,5.619320
2012-12-16 07:00:00,40.299638,261.554220,0.000000,95.009686,76.411694,418.250197,205.739029,118.725038,41.115296,136.095289,272.723089,531.758359,1076.157554,16.589835,53.378709,67.138727,931.367501,482.093798,202.418046,27.521483,0.000000,816.105023,0.000000,239.709821,0.000000,208.165869,36.891148,0.000000,178.684470
2012-12-16 08:00:00,42.442488,216.305005,0.000000,112.527471,77.259470,413.057662,226.590177,144.648642,42.411970,124.217497,218.193532,523.504312,959.959342,23.966595,46.247088,64.240916,971.678169,486.050736,123.294092,22.420614,0.000000,861.401032,0.000000,306.214287,0.000000,229.883868,45.382470,0.000000,1099.988225
2012-12-16 09:00:00,47.380081,188.479393,0.000000,119.161081,135.757976,525.480972,315.501324,263.636703,60.686926,167.841530,191.082747,562.906631,452.226463,40.327578,77.627204,98.604298,1099.319726,555.429167,109.333865,16.420636,0.000000,942.332676,0.000000,324.616427,0.000000,216.909479,78.455347,0.000000,0.000000
2012-12-16 10:00:00,36.113760,200.662837,0.000000,152.638058,0.000000,528.897525,465.053480,0.000000,0.000000,0.000000,177.949407,600.406631,0.000000,53.538528,0.000000,107.102998,1005.427648,802.003525,164.251031,28.760931,33.437143,939.611454,0.000000,421.269107,0.000000,269.811556,94.978530,0.000000,0.000000
2012-12-16 11:00:00,34.593974,0.000000,0.000000,171.239492,0.000000,532.150227,0.000000,0.000000,0.000000,0.000000,237.643805,672.237154,0.000000,87.406098,0.000000,138.733154,1064.584173,12.198191,257.763336,40.295899,37.804903,1281.314336,109.293449,548.012407,0.000000,385.008890,90.581281,0.000000,0.000000
2012-12-16 12:00:00,39.164106,0.000000,0.000000,0.000000,0.000000,556.448682,0.000000,0.000000,0.000000,0.000000,277.478539,658.351875,0.000000,119.291204,0.000000,226.688808,1227.043920,0.000000,323.537374,51.487278,35.078497,1327.268786,0.000000,473.767248,0.000000,382.675162,90.271703,0.000000,0.000000
2012-12-16 13:00:00,42.035606,0.000000,0.000000,0.000000,0.000000,465.414185,0.000000,0.000000,0.000000,0.000000,293.089952,574.765556,0.000000,57.026133,0.000000,260.171004,1369.801291,0.000000,0.000000,75.964553,37.711001,1221.417679,0.000000,491.560132,0.000000,311.751530,89.181730,0.000000,0.000000
2012-12-16 14:00:00,56.167776,0.000000,0.000000,0.000000,0.000000,258.466808,0.000000,0.000000,0.000000,0.000000,264.552501,570.760419,0.000000,81.109291,0.000000,277.312012,1569.358732,0.000000,0.000000,88.697756,28.078357,1248.863234,0.000000,325.711482,0.000000,291.765640,133.718806,0.000000,0.000000
2012-12-16 15:00:00,44.763950,0.000000,0.000000,0.000000,0.000000,165.453836,0.000000,0.000000,0.000000,0.000000,201.451622,497.598060,0.000000,22.288151,0.000000,237.573394,1447.958576,0.000000,0.000000,81.283082,11.589490,1242.996340,0.000000,316.056557,0.000000,422.185812,168.469723,0.000000,0.000000
2012-12-16 16:00:00,27.663115,1010.241409,0.000000,237.806079,0.000000,107.727928,918.815597,0.000000,0.000000,0.000000,173.796159,466.188670,0.000000,35.089632,0.000000,215.188009,2.376358,0.000000,399.786162,67.283626,0.000000,1210.233623,0.000000,486.467857,0.000000,478.912903,177.067933,0.000000,0.000000
2012-12-16 17:00:00,22.855546,0.000000,1589.245244,0.000000,0.000000,105.153298,1248.057436,0.000000,0.000000,0.000000,155.165266,507.304572,489.608830,93.493427,0.000000,200.219989,1410.586404,901.725756,435.977331,94.245080,20.416368,1229.890910,81.240226,514.449274,0.000000,490.027493,233.714957,0.000000,1319.486781
2012-12-16 18:00:00,23.691645,0.000000,1792.331173,145.788482,0.000000,104.746777,1002.560729,0.000000,0.000000,0.000000,175.697270,627.056592,1956.366306,53.415796,0.000000,165.920802,1460.148983,869.314285,383.584302,78.564234,28.524519,884.952585,115.962076,352.058381,0.000000,398.099430,263.371882,0.000000,1628.800435
2012-12-16 19:00:00,15.866282,872.195999,1747.539202,104.072682,0.000000,178.869012,805.440497,0.000000,0.000000,0.000000,178.739049,894.075455,779.722482,49.690581,0.000000,246.517832,1474.663739,961.611851,406.729817,62.883389,27.154444,986.631986,105.130046,302.368460,0.000000,210.410688,346.733129,0.000000,1502.811703
2012-12-16 20:00:00,13.129365,561.280087,1076.576427,82.824510,0.000000,243.776782,681.163002,360.401145,0.000000,499.695177,180.121675,893.293783,1574.097505,45.491821,40.338711,248.517608,1230.214018,894.642454,329.928791,52.962855,17.294393,719.456696,88.140081,265.858701,0.000000,122.041484,314.777218,0.000000,1511.298968
2012-12-16 21:00:00,7.093776,590.667027,0.000000,62.443609,272.591100,409.230618,630.284296,250.656421,136.966055,478.778337,208.154429,595.070523,1657.199419,18.278810,279.605629,206.492014,1108.785699,859.869883,303.837483,45.602458,0.000000,532.548661,0.000000,203.411509,0.000000,91.161539,246.037525,0.000000,0.000000
2012-12-16 22:00:00,6.460170,600.811273,0.000000,46.312344,192.343055,531.728790,681.997079,186.341523,124.758865,462.479500,214.894733,0.000000,1626.062499,12.659417,306.234737,163.799828,1119.406252,883.480888,359.807546,30.641651,0.000000,547.455437,0.000000,140.964317,0.000000,89.464237,233.209180,0.000000,0.000000
2012-12-16 23:00:00,13.018321,362.996680,0.000000,34.560803,166.697314,575.904016,782.642388,175.776447,127.376346,425.942940,237.846334,0.000000,0.000000,26.581619,388.471686,168.162975,1173.040043,906.877248,413.252643,26.481427,0.000000,538.282036,0.000000,88.666555,0.000000,45.224884,217.759992,0.000000,0.000000
2012-12-17 00:00:00,19.850816,249.632116,0.000000,16.825084,153.348916,553.003362,688.947722,110.933295,0.000000,435.586419,230.483848,0.000000,0.000000,88.095022,422.450909,0.000000,1095.276174,855.147682,446.918847,27.921505,0.000000,397.077193,0.000000,74.993017,0.000000,37.395394,174.447088,0.000000,0.000000
2012-12-17 01:00:00,21.438098,214.179545,0.000000,10.320541,83.558868,0.000000,632.230476,59.032361,63.537610,375.009074,218.040209,0.000000,1531.810203,53.952479,427.150164,0.000000,1603.172426,768.860190,398.944507,37.522022,0.000000,336.303415,0.000000,99.591290,0.000000,37.231139,113.248070,0.000000,0.000000
2012-12-17 02:00:00,29.367973,208.636813,0.000000,8.585996,67.687938,0.000000,482.096590,54.806330,34.421031,301.256837,217.314330,0.000000,1543.591740,32.469353,303.644122,0.000000,1664.594622,524.593608,256.915213,40.642190,0.000000,397.404814,0.000000,137.863102,0.000000,49.769273,76.510267,0.000000,0.000000
2012-12-17 03:00:00,17.571140,233.631398,0.000000,4.813362,94.910261,0.000000,442.616939,82.275527,31.641405,250.187148,198.683437,0.000000,1463.645595,18.120961,226.226920,0.000000,1668.488825,412.548656,201.155564,30.481643,0.000000,478.982555,0.000000,177.967450,0.000000,70.739164,70.211045,0.000000,0.000000
2012-12-17 04:00:00,17.159623,210.728410,0.000000,2.471726,91.862202,211.119637,462.912816,122.158688,30.807518,243.531789,173.104845,0.000000,1247.580621,20.914873,170.498584,152.073869,1508.649507,400.528507,223.249010,23.521268,0.000000,560.724106,0.000000,165.421626,0.000000,72.545970,49.244289,0.000000,0.000000
2012-12-17 05:00:00,21.888807,202.780341,597.733640,2.298272,81.193994,277.111462,444.841144,145.137728,26.336953,304.516604,146.696678,330.646894,1035.092185,18.373518,144.351452,147.438025,1299.778638,396.020952,288.477278,18.801013,0.000000,496.182681,0.000000,155.906534,4.115251,65.373500,39.358647,0.000000,776.301828
2012-12-17 06:00:00,31.503944,173.288821,545.331382,8.152360,113.303723,376.844486,472.643716,92.708539,23.580491,349.474230,140.094636,429.137458,900.235662,13.543367,151.400333,128.228056,1200.653480,407.397164,267.856729,45.042428,58.621256,449.332814,41.992665,106.216613,4.501660,80.649218,38.025235,170.035135,859.477024
2012-12-17 07:00:00,37.355820,206.336056,688.629639,32.262531,119.925369,444.398398,431.773936,47.278714,11.141666,356.944530,140.025505,734.330925,930.466739,17.678987,170.137103,109.829581,1100.392893,429.076359,248.077834,85.924631,71.581698,357.434998,62.490052,125.528724,12.712841,51.028561,29.815713,180.939406,817.417912
2012-12-17 08:00:00,40.403052,198.047245,671.837848,38.698176,77.072363,401.452394,424.866970,40.617574,5.916694,271.256873,125.124644,702.618947,658.606395,25.300054,116.886582,96.864446,1074.244077,448.629022,227.159420,68.397306,46.700568,376.771181,57.425790,204.168172,8.698359,89.166294,31.400925,163.778410,738.983793
2012-12-17 09:00:00,37.250847,217.335405,919.117310,48.036532,109.005659,521.016871,426.381363,71.473419,18.224200,288.989963,118.453206,712.836515,750.345388,27.551399,138.630062,126.960781,1173.414942,449.347703,289.704021,52.210872,51.372318,401.530497,90.249146,197.673535,18.849256,137.266157,38.352797,191.423089,783.375675
2012-12-17 10:00:00,37.743707,210.338845,1205.043461,50.641519,99.778380,768.679215,413.790311,65.960301,21.895162,251.931814,124.818648,807.614215,923.421587,24.982507,161.625145,114.091409,1205.364054,404.336108,292.770268,50.045066,65.660911,374.492588,123.238747,127.706148,23.911708,115.363615,62.762613,179.452603,777.565619
2012-12-17 11:00:00,29.605336,243.249901,1148.369095,58.527876,103.454615,750.036609,511.322294,64.790531,17.117377,224.790592,156.264617,758.566382,934.420017,35.537467,200.884145,106.761414,1178.517081,376.259189,408.822564,81.168187,85.753322,466.081987,142.770397,135.231262,29.233536,131.842570,73.595655,200.780731,720.676532
2012-12-17 12:00:00,25.619772,197.488296,1101.632939,52.487768,122.730253,590.138553,626.103714,66.195215,12.808812,188.153753,180.757748,610.074997,871.428255,39.318309,149.605457,98.790030,1060.835726,328.346209,476.307539,146.144958,90.729404,609.485985,150.507953,200.514907,30.875179,158.879696,73.571797,234.561332,738.573294
2012-12-17 13:00:00,32.766211,140.771348,1049.754773,56.075266,133.669257,563.185152,636.472295,50.585923,28.883846,206.616386,201.226237,482.222981,788.228709,38.890181,124.340249,107.646383,892.660918,318.935958,455.415371,123.166671,83.471576,587.213328,135.987705,179.886850,34.729408,152.536297,59.399491,241.419748,860.526937
2012-12-17 14:00:00,44.219157,149.478917,858.144434,40.797901,127.538775,491.080061,542.218846,32.802976,29.266118,211.470778,176.455490,394.705729,696.331603,43.979553,94.210771,118.377316,973.987693,317.606443,432.350324,98.341416,73.417517,482.606405,114.453648,175.609718,40.502278,127.777497,51.115366,265.398193,881.091821
2012-12-17 15:00:00,49.486602,146.388519,706.006830,27.632865,147.892383,400.964702,575.223579,27.369389,25.278883,164.675314,116.091894,326.793061,677.484194,47.101872,65.288751,106.731957,751.805431,355.357089,410.062654,86.164503,39.552502,392.386816,43.179737,150.453981,22.315093,107.987345,37.565438,206.752141,860.955078
2012-12-17 16:00:00,49.734819,89.729516,496.408112,15.567539,78.513804,406.655988,483.208693,16.772058,13.295876,89.915251,82.300846,281.557946,517.335708,39.241037,48.799948,121.198541,612.451871,338.495957,380.428095,62.323359,48.716285,263.080021,38.134681,119.326294,15.688187,89.957002,54.256079,185.229612,537.338170
2012-12-17 17:00:00,48.350030,65.048670,333.547982,5.030180,49.872557,295.811404,356.985018,12.017774,9.080111,70.220823,66.331509,218.086249,424.556103,22.919544,45.426125,119.077566,498.988966,284.190645,328.666308,51.362768,55.903565,244.077978,41.695897,106.357577,11.012644,102.057123,39.726485,148.834370,507.349834
2012-12-17 18:00:00,44.548393,69.231865,333.982856,4.553180,37.522662,264.644834,267.460738,15.583487,5.095980,67.504350,50.051081,220.118594,395.733415,11.949101,39.521933,98.595013,519.699044,265.301841,241.555008,42.402285,56.824436,191.658546,40.508825,98.393093,5.680206,106.820518,38.347093,150.121432,491.884152
2012-12-17 19:00:00,37.180272,50.407491,338.766465,5.160270,33.791416,320.744660,318.617470,10.036822,3.196570,57.453400,40.372696,284.215628,360.809573,6.882177,38.256749,96.504338,530.673615,341.930285,195.474392,29.921613,50.153741,225.894987,38.728217,105.159380,5.622244,66.851795,27.679796,155.948961,491.318334
2012-12-17 20:00:00,29.309185,41.413623,268.969266,5.767361,18.235803,381.722732,299.711721,7.131426,1.551958,43.871036,40.925746,312.355789,164.520750,6.740114,46.209334,61.356761,381.454850,251.564529,168.120602,22.321203,49.974059,196.409057,38.208873,95.221396,4.888068,57.160749,20.782837,156.306478,438.697292
2012-12-17 21:00:00,24.122759,64.525771,252.226636,4.900089,25.593188,401.100209,265.792584,10.697139,1.204504,48.217393,52.021324,357.380047,110.451910,10.844164,46.751555,37.783645,273.479231,240.832254,148.762535,17.120923,37.957825,146.610597,26.931691,72.808070,4.192533,55.025434,23.311722,144.794427,397.958420
2012-12-17 22:00:00,23.495685,39.740345,319.197157,4.292998,39.940088,441.616750,273.021252,13.338408,0.996033,49.847276,71.758318,414.911043,77.631914,9.865506,29.822191,43.510276,218.783385,242.978709,122.039986,15.200819,42.180352,91.734005,25.373660,55.539941,3.883406,38.216669,34.116958,147.761819,355.333490
2012-12-17 23:00:00,16.375780,17.569416,329.199247,6.157634,28.063167,520.210710,303.048030,12.017774,1.320322,29.202083,120.011985,506.210233,78.683837,6.440202,15.483440,31.026826,242.502619,253.925629,136.348123,18.160979,47.458511,90.751141,30.641291,57.936334,2.105927,32.686750,24.415236,135.391727,334.775448
2012-12-18 00:00:00,13.958932,22.589249,300.280159,6.634633,19.497069,508.150602,288.590692,11.885710,1.250832,16.706308,161.214257,480.571419,95.514604,6.613835,12.350604,26.178885,266.929890,227.738878,160.966534,13.760742,51.703498,140.713411,38.654025,67.451426,2.105927,37.504898,17.334357,114.727239,364.009361
2012-12-18 01:00:00,11.653128,33.047234,425.741167,7.458542,23.385973,444.191380,228.537138,10.036822,1.158177,15.076424,187.829818,368.167109,91.727681,9.360392,8.012831,26.542480,386.588117,176.009312,180.324601,14.240768,56.173088,192.149978,50.376359,43.205563,2.318451,25.623784,14.851452,105.038525,463.593269
2012-12-18 02:00:00,9.948270,34.197613,567.075058,7.892178,22.702787,465.601458,212.967698,8.716187,2.107883,9.236008,180.847554,269.520210,161.785750,10.354835,3.855798,36.904956,404.997075,124.494391,144.975087,11.280608,55.858645,147.757272,50.005399,18.677772,2.859423,12.264375,9.839662,137.215065,561.479724
2012-12-18 03:00:00,11.875217,31.373957,611.214719,8.759451,21.599179,517.094053,184.331049,6.867299,1.528794,8.828537,151.466740,281.245278,221.745358,9.518240,2.289380,36.238364,314.368359,134.582730,146.658397,15.200819,51.029691,97.303570,41.324937,20.580790,4.076610,9.198281,13.472060,158.308574,559.782271
2012-12-18 04:00:00,15.069376,36.184630,632.740958,9.062996,31.689307,498.529617,134.564446,6.603172,0.787561,8.556889,142.341404,331.897568,240.048818,8.129177,1.506171,49.297506,206.923768,156.905862,115.937987,6.800367,55.791264,120.728503,32.347706,11.841003,4.675543,9.417288,10.299459,165.172902,523.569941
2012-12-18 05:00:00,21.993319,39.844925,700.581225,6.677997,65.323065,493.109344,117.604878,5.546665,1.667775,9.507655,133.527160,372.544467,273.499968,3.741000,1.686912,26.269784,101.957306,150.037206,126.458676,11.040595,69.739080,140.058168,54.160151,6.343394,8.597590,6.186939,23.403682,184.514577,590.713636
2012-12-18 06:00:00,19.413171,36.916689,829.086348,11.708177,44.407071,580.104727,113.712518,6.867299,3.057588,9.236008,142.479667,579.999989,344.399574,3.741000,1.927899,28.633155,80.539191,116.981799,156.547845,8.000431,61.630929,89.604466,43.699080,6.272912,3.052627,7.446228,28.921249,177.149725,338.170354
2012-12-18 07:00:00,13.308228,34.929672,441.076300,13.225903,16.291352,587.402339,95.640846,5.942855,1.320322,11.952480,164.981914,528.620374,308.533627,3.835709,2.409874,25.678381,129.315173,79.204190,182.428738,10.480565,58.980620,62.411886,38.257386,8.951234,3.110589,12.757140,13.692580,143.328607,161.446639
2012-12-18 08:00:00,13.833802,40.714916,439.590055,17.406120,13.947859,462.906135,100.632470,20.449099,3.522945,34.406508,174.793405,315.303714,288.992970,7.473793,17.198143,41.588080,117.822176,78.771156,168.482480,18.029522,65.630125,98.981115,61.313182,25.058990,4.414630,21.611781,23.925460,178.318454,106.543374
2012-12-18 09:00:00,16.007512,52.966304,517.339403,28.374573,24.409633,453.693921,167.389695,45.440149,3.008675,46.895554,190.498584,363.331004,393.562633,9.773749,27.109233,79.474149,194.815384,83.159932,184.337871,35.496738,68.762368,141.272289,90.550366,25.536675,12.021217,23.524537,39.639194,201.160952,112.369362
2012-12-18 10:00:00,16.833920,64.177222,598.262447,41.998407,33.013212,478.408774,268.209451,61.748188,5.913284,55.461542,206.320103,469.090067,373.155332,16.365213,21.093167,63.761833,323.903156,88.497611,205.685537,52.634549,73.439290,204.756318,118.354501,35.256228,20.289539,19.615007,56.387412,193.843028,152.107952
2012-12-18 11:00:00,14.053740,57.959792,502.662198,44.095248,40.550040,392.410363,351.486739,73.480823,7.683525,50.949979,259.722607,364.233073,315.348016,19.529864,18.448570,58.971108,376.189186,88.693084,207.307390,71.912033,76.632768,226.005644,127.696998,33.172701,19.676273,20.628047,66.088334,137.666338,155.875200
2012-12-18 12:00:00,15.104237,57.061631,516.603946,48.901098,31.851001,372.702816,412.018444,81.887450,8.271359,49.631931,291.403728,338.795544,363.979009,18.025845,18.239619,59.152440,336.853120,88.369842,196.483244,94.976707,72.597446,276.988845,126.276736,44.316899,18.715146,28.223476,74.242034,147.861214,178.219534
2012-12-18 13:00:00,15.123496,59.652482,649.895255,57.146007,42.186178,295.887519,449.510971,93.004741,10.014380,59.932917,237.526128,293.067173,381.132178,9.190571,13.089795,54.574509,277.814924,101.551892,172.325612,97.823779,62.219383,326.758497,108.435556,87.349528,15.919036,117.000242,61.104912,138.746748,224.931803
2012-12-18 14:00:00,22.663802,25.252788,617.040298,46.041138,21.053372,213.433981,409.687540,60.064909,4.041967,50.824297,246.892616,220.418156,351.112065,5.021486,12.336730,67.173702,196.419089,94.045141,153.523600,84.160152,46.436816,357.342862,81.361329,41.784017,8.536920,75.808375,39.532404,103.545510,301.505134
2012-12-18 15:00:00,20.837151,23.493248,592.304247,25.148394,7.815250,80.084535,321.773989,41.544507,1.495544,36.490496,251.453672,149.386066,365.481932,1.925747,12.115713,102.343267,213.484106,77.517286,129.839036,62.011270,22.617473,348.248566,12.390062,28.694846,0.637574,59.373702,7.126858,78.439253,270.509013
2012-12-18 16:00:00,25.207074,74.460857,557.290404,10.407268,10.983524,82.794671,69.506429,20.866025,3.428205,42.920271,258.585732,124.129378,269.923429,1.467987,4.036539,90.747407,343.574879,31.767534,60.388752,25.281363,28.344837,375.617988,15.357741,31.576007,1.661557,67.837326,4.689932,72.611724,236.323176
2012-12-18 17:00:00,35.481946,94.644770,423.566799,10.493995,15.397955,76.967878,90.358357,38.826653,3.242897,32.597674,252.156519,79.261454,149.162675,3.251671,22.291334,131.197420,657.943238,27.259979,81.640543,44.082376,18.417406,342.528222,12.019102,55.751387,5.873410,82.291768,10.529358,44.904148,224.063793
2012-12-18 18:00:00,31.125087,70.277663,435.525821,12.358631,5.675697,89.841026,75.344969,61.013312,0.949705,29.337907,227.442069,60.814015,132.542292,5.414190,33.376755,104.442843,378.976721,27.259979,62.492890,27.761496,16.059080,267.830532,10.609454,68.156247,5.660885,86.014882,14.483614,40.435184,215.576528
2012-12-18 19:00:00,29.949323,40.054085,544.679072,13.139176,11.561604,93.499711,76.457072,55.334584,0.625416,29.066259,195.987315,63.002694,156.315751,3.125392,37.232553,70.416352,315.430414,46.148783,55.759649,15.200819,19.450578,305.834620,13.502942,60.191763,1.526314,77.364117,16.874560,33.284842,187.851463
2012-12-18 20:00:00,27.545538,22.484669,465.966966,12.401995,25.330424,117.755433,79.515355,56.523155,0.857051,20.781017,175.593573,88.328839,125.389216,3.488443,35.003420,44.479864,295.782392,57.954286,58.915855,9.520513,19.652720,218.523505,12.390062,27.558524,0.927381,42.761058,10.805236,56.666461,239.529476
2012-12-18 21:00:00,23.619793,24.262527,474.447000,21.595082,26.276374,127.511924,73.120763,54.542203,1.273995,13.446541,189.592667,128.194068,140.116137,2.415076,10.844433,61.538559,385.349053,57.954286,54.076339,9.360505,15.272971,181.502281,11.351374,35.593490,1.101264,33.124763,10.851216,71.431917,223.497975
2012-12-18 22:00:00,8.321797,28.341141,445.310475,35.514803,28.115720,111.657626,48.654500,67.088231,1.412976,14.261482,221.323947,141.169809,66.691915,2.288797,2.771355,79.960737,419.334821,53.446730,37.243237,9.920535,10.376636,235.559820,8.161119,47.223046,0.328447,28.525623,7.632635,87.949208,207.843687
2012-12-18 23:00:00,3.226819,40.054085,468.141334,36.815711,11.929474,112.335160,42.259909,67.352358,0.926542,21.188488,220.978290,115.061992,71.320376,3.804139,6.325919,49.115709,399.509790,51.300275,20.620549,8.560461,11.207665,320.249964,8.235311,83.309911,0.985342,41.501770,5.701486,125.202490,211.427199
2012-12-19 00:00:00,3.011262,33.779293,404.649801,35.081167,9.459494,117.755433,36.977420,66.295850,2.270028,14.125659,239.056132,124.911049,51.333840,6.487557,3.795552,48.358218,405.882121,46.578074,16.412274,6.000323,9.231163,340.234872,4.599903,139.061299,1.120585,62.307406,4.184155,138.001602,196.150122
2012-12-19 01:00:00,4.324199,24.680846,308.760192,31.004987,10.142680,103.256202,31.138880,74.483784,3.984130,18.879486,250.082579,78.948786,40.393841,7.781911,5.964438,28.602856,226.925809,41.211936,19.778894,4.640250,9.455766,311.076563,4.674095,164.575840,0.946701,74.900292,4.506013,100.283548,177.855351
2012-12-19 02:00:00,8.759442,18.928954,315.718169,22.418990,12.034579,72.631659,25.300340,82.671717,3.613513,26.078139,263.424925,57.218328,49.650763,8.949987,2.650861,24.088210,235.599260,43.787682,19.358067,4.800259,9.478226,328.768121,4.599903,112.207596,0.830778,64.333218,3.862297,89.236269,121.462191
2012-12-19 03:00:00,8.909679,16.105298,354.856784,22.765899,7.620148,54.744758,23.076134,55.466647,2.084719,19.422781,256.926581,35.644204,47.757302,10.449544,1.626665,8.271800,135.235037,39.709418,14.939378,3.440185,10.623699,301.903163,6.009551,85.494858,0.869419,55.956212,3.724358,58.918819,155.222645
2012-12-19 04:00:00,5.062317,16.941937,183.081748,15.957811,5.097616,46.207828,24.188237,39.222844,1.297159,13.854011,259.242480,21.417789,30.505766,9.881291,2.470121,6.241725,103.196370,37.777608,19.989308,4.560246,13.633372,254.725675,7.196623,65.055032,0.463690,45.115380,2.712804,24.525673,126.743156
2012-12-19 05:00:00,2.495233,23.425888,73.276187,18.386174,5.938460,23.713695,21.129954,29.582212,1.505631,11.273362,274.831594,15.946091,45.863841,7.213658,2.470121,3.211761,78.769099,34.343280,15.149791,6.000323,20.843113,223.601637,8.977230,65.618889,1.217187,36.902629,3.172601,11.047279,95.245973
2012-12-19 06:00:00,2.423380,18.406055,54.794062,38.203347,8.408440,24.662243,22.520083,25.224118,0.903378,8.692713,278.219030,14.070081,41.445764,3.362164,1.626665,5.969028,92.929836,33.270053,9.889447,3.360181,20.843113,196.736679,8.161119,69.636372,0.579613,28.087609,2.988682,9.652962,66.389272
2012-12-19 07:00:00,2.489211,25.517485,100.602509,48.827433,7.567596,35.495380,24.466263,26.280626,1.551958,15.891366,272.930483,21.848039,51.615723,3.078038,2.289380,11.119184,73.150014,36.919026,11.993585,4.240229,8.804418,149.559190,6.347583,60.262245,0.985342,33.617529,4.806562,11.655058,67.709513
2012-12-19 08:00:00,2.317131,58.506920,114.336228,50.965623,6.751800,48.559762,53.713179,38.251215,2.578088,34.456174,271.173461,49.216432,77.033209,6.492855,4.094053,18.649268,95.702942,64.292995,41.439235,11.586828,6.444980,140.117612,13.036977,49.269685,5.326856,27.041291,13.064041,22.975875,64.500186
2012-12-19 09:00:00,2.089395,63.493474,182.716525,60.225646,8.274473,82.917074,148.430206,67.776658,8.452593,40.731075,271.279485,104.566442,136.339206,12.744047,13.582995,22.570059,145.449451,151.958238,94.865083,19.335765,11.628738,184.571934,29.453288,48.614295,7.892941,43.440125,23.117398,22.322514,85.373581
2012-12-19 10:00:00,2.230811,62.158312,222.539621,56.277115,10.012821,118.314633,252.253508,102.205406,7.357845,64.108286,276.069491,153.370071,209.777675,17.613369,15.854465,35.710143,158.928095,225.244628,128.110758,22.300843,19.102642,220.301648,46.492698,63.228202,11.202774,46.584583,22.225603,21.731052,90.801167
2012-12-19 11:00:00,2.927116,65.902023,198.045287,74.156716,17.802766,114.887018,321.010437,141.818081,5.822763,88.521946,287.919046,158.252748,235.118082,22.311669,21.680416,37.774980,164.304952,244.284420,149.941549,29.082372,23.381829,247.188212,41.008497,77.230593,15.449480,43.043720,21.512049,29.056435,141.557341
2012-12-19 12:00:00,2.348980,83.895378,184.441910,88.109460,14.930225,101.054263,376.828284,200.787958,4.691402,117.845540,283.184585,136.547889,170.076939,20.525937,28.841383,34.046962,173.697188,306.349027,166.620690,39.500531,25.195091,213.610559,40.978468,58.183883,17.464724,26.221850,35.951543,30.872462,124.372752
2012-12-19 13:00:00,3.542339,128.710656,147.154615,71.499675,16.560130,75.940941,422.578479,262.707006,4.947301,147.932799,251.244968,91.220741,149.049195,18.358813,26.005997,17.391992,153.349650,335.112573,166.843117,52.469501,17.927499,200.693974,31.494267,65.921427,26.435550,31.344895,31.401397,19.174018,131.040819
2012-12-19 14:00:00,2.530400,171.329246,119.275823,59.676477,26.367580,42.271148,412.457607,282.248433,7.198513,133.656435,214.271104,66.905589,179.580654,30.748215,32.258300,10.839743,117.502009,299.504783,133.812607,51.711116,15.431182,187.847692,28.448513,61.592406,22.597431,23.647680,15.831397,12.834764,147.785941
2012-12-19 15:00:00,1.032060,186.144628,88.240025,71.098635,22.753139,12.331121,438.404522,319.861447,4.621540,130.448893,238.141906,46.726411,171.030053,41.892885,25.789688,6.720536,82.211581,202.818586,80.613939,44.046186,7.142360,202.423529,5.564399,52.077855,17.195180,23.635110,7.172838,2.216606,164.530668
2012-12-19 16:00:00,1.162700,207.904754,79.799289,95.269868,40.465615,20.190517,454.015993,342.044326,3.659840,115.450095,234.769990,48.150942,112.345371,41.324632,7.591103,8.120302,26.905400,180.087577,31.141238,16.560893,6.176569,229.007391,7.790159,54.553191,14.606243,30.770441,9.655743,3.932688,244.621835
2012-12-19 17:00:00,1.913883,178.517814,122.851767,152.119571,47.402578,25.746297,418.428701,354.590354,6.277321,94.669078,242.650961,66.754716,109.610372,54.110327,5.361970,12.392551,37.702962,270.882624,59.967924,8.320448,7.187280,281.426822,11.870718,57.936334,16.828092,35.643341,8.000473,3.003144,281.777194
2012-12-19 18:00:00,2.279676,209.368872,154.162659,154.981569,56.336545,48.917965,402.859261,397.378910,11.419629,124.686103,235.115647,75.978435,154.001520,55.657239,6.325919,14.180229,43.013238,267.662941,71.119854,5.600302,5.210778,318.611857,10.090110,69.424926,25.387041,38.818938,6.391182,2.645627,307.050383
2012-12-19 19:00:00,1.123508,233.840558,176.558645,129.527126,80.983783,28.320927,469.585433,413.886841,15.450086,132.428051,267.019754,76.916441,212.488436,54.189251,8.494806,11.877457,49.739588,288.912846,71.540682,8.720470,5.053557,346.623490,10.461070,88.455109,19.880720,55.846709,4.919831,3.503668,333.077995
2012-12-19 20:00:00,0.705458,239.069551,205.042860,150.254935,109.835242,26.017311,654.472534,494.445543,9.473891,124.142808,278.184464,89.423179,296.642272,61.308200,16.507637,12.453150,92.221799,343.218158,75.959371,11.760634,12.802343,405.103918,9.941726,108.190113,25.000633,78.842412,6.759020,3.503668,420.779733
2012-12-19 21:00:00,0.901419,263.645817,209.826469,215.040180,85.188003,26.559338,652.248328,482.031579,19.156254,228.319542,299.684307,107.401615,333.880345,78.971402,27.412317,7.332512,188.514810,485.313481,63.124131,12.960699,19.383197,460.471943,13.873902,175.430092,29.115884,116.183055,9.655743,4.039943,516.591523
2012-12-19 22:00:00,0.620542,286.862545,174.166841,205.630275,128.071045,15.989806,613.046702,445.582068,37.270147,152.937420,305.387641,106.150941,327.568807,85.206402,54.884880,12.756146,328.529096,582.547894,64.807441,13.520729,23.268820,645.414249,13.354558,218.283245,31.415015,196.120501,24.369256,5.934784,519.797823
2012-12-19 23:00:00,0.548690,304.118221,215.697261,226.011175,156.449528,10.163012,693.396134,618.849310,35.579208,192.190453,297.402973,95.520214,433.392256,69.105896,77.055721,29.723942,546.073417,715.628105,112.781781,14.080759,39.732184,670.313479,15.060973,240.414642,35.820072,187.852998,41.335775,7.686618,459.443939
2012-12-20 00:00:00,0.718522,316.249485,217.219318,218.942905,149.932988,10.027505,716.472268,606.171219,25.665210,249.236382,257.375934,97.708893,529.748399,0.000000,81.995962,53.812152,569.261623,767.143026,158.231155,16.240875,45.437088,0.000000,17.954461,403.721803,0.000000,225.686405,53.382464,6.685570,544.127982
2012-12-20 01:00:00,0.973271,436.725479,212.870583,236.852079,145.255793,9.620985,578.015462,689.239127,33.656634,263.633688,259.035086,87.703502,485.146865,0.000000,133.748006,52.509268,584.130397,830.678094,140.977226,9.200496,44.695900,0.000000,31.457403,0.000000,0.000000,0.000000,75.866551,0.000000,520.552246
2012-12-20 02:00:00,1.018995,505.329864,152.858039,153.073570,160.233326,16.667340,616.661036,616.868358,37.478619,300.985190,253.158923,51.433961,556.888011,100.849149,170.016610,54.054549,578.820121,849.137607,120.777504,4.160224,37.486159,0.000000,37.689529,0.000000,0.000000,0.000000,89.936348,0.000000,510.933346
2012-12-20 03:00:00,3.056986,0.000000,309.847376,82.043964,0.000000,25.881804,604.983956,0.000000,0.000000,0.000000,265.602562,82.857141,712.782992,107.620832,0.000000,94.534862,785.920898,914.604486,143.712605,6.720362,23.313741,751.563598,29.973563,257.048432,0.000000,200.829145,83.361247,0.000000,493.204393
2012-12-20 04:00:00,10.091975,0.000000,420.461918,52.079705,0.000000,31.573091,523.244396,0.000000,0.000000,0.000000,276.698140,106.150941,0.000000,94.456301,0.000000,98.534414,1115.335040,925.980697,158.231155,12.400668,14.464402,858.532000,48.966712,357.344543,0.000000,363.824882,123.317630,0.000000,424.551850
2012-12-20 05:00:00,29.296120,386.422568,0.000000,36.555530,0.000000,30.760050,518.795985,0.000000,0.000000,0.000000,264.980380,215.584902,0.000000,49.501163,0.000000,171.374737,1031.961073,853.645163,166.226878,12.880694,0.000000,974.018560,0.000000,619.608654,0.000000,410.418557,208.977864,0.000000,0.000000
2012-12-20 06:00:00,38.976578,569.646476,434.901419,35.558166,0.000000,47.291883,458.464404,380.210662,0.000000,242.037729,260.175753,308.916436,584.658777,17.442215,197.549420,149.043906,1073.914884,780.236401,140.135571,11.280608,11.814092,1225.468020,64.843797,449.253278,0.000000,429.964905,244.750092,0.000000,790.258664
2012-12-20 07:00:00,33.945977,522.167221,776.358466,26.495170,235.015885,92.785776,348.922273,246.298328,77.412575,315.789967,244.275547,338.386911,844.062977,14.427316,208.755334,241.648662,1103.078542,688.582772,111.729712,12.000647,15.250511,1267.894998,48.564636,234.635105,0.000000,384.740022,260.293674,0.000000,1178.786790
2012-12-20 08:00:00,46.506637,412.764650,683.458651,23.552995,219.816443,189.630098,240.647434,182.628356,71.483499,273.110255,283.620856,306.771004,953.581002,10.044206,197.182852,217.014763,1038.396439,463.484349,109.003837,16.015393,33.928757,1129.412980,104.363431,300.435340,20.750004,357.301906,254.891361,14.251784,971.011544
2012-12-20 09:00:00,49.208291,356.833402,807.751297,23.279131,202.358699,299.277773,227.397578,189.185175,83.367498,237.173670,288.173520,376.035879,1018.642547,10.596190,220.815803,168.233154,927.171043,395.336277,117.784223,40.914780,42.973940,1272.071430,159.260326,453.146176,17.602717,413.290938,196.267803,37.574748,1272.163158
2012-12-20 10:00:00,47.258184,300.333206,321.857536,30.067948,181.968638,483.324389,236.963916,252.929337,87.911255,266.219458,269.816937,523.343863,1057.261701,22.841071,187.151773,157.779019,804.240679,383.988678,138.671926,77.022982,0.000000,1394.988347,0.000000,398.995025,0.000000,376.978160,136.402204,0.000000,1559.237113
2012-12-20 11:00:00,43.698218,350.022941,0.000000,44.054699,164.118234,740.283345,256.731327,248.185743,62.945041,343.472495,247.598058,690.113477,1191.840892,18.632795,95.672754,125.522911,815.950828,334.111536,148.303184,80.294868,0.000000,1257.171863,0.000000,463.723568,0.000000,388.816711,129.941987,0.000000,1587.605989
2012-12-20 12:00:00,44.673440,328.783452,0.000000,62.440849,176.003334,834.672812,307.517559,276.979815,56.915973,384.097793,280.875888,0.000000,1235.784996,31.414933,104.159783,0.000000,1022.086516,447.755024,235.465644,86.357962,0.000000,1351.131888,0.000000,445.616982,0.000000,391.307129,111.501682,0.000000,0.000000
2012-12-20 13:00:00,55.033310,268.980924,0.000000,74.816814,158.336811,0.000000,270.889254,263.891156,54.647965,392.662170,290.676899,0.000000,1383.890465,36.935982,142.689682,0.000000,1322.064387,517.471225,292.930709,97.598781,0.000000,1215.884131,0.000000,417.248380,0.000000,358.811188,94.505398,0.000000,0.000000
2012-12-20 14:00:00,61.555778,242.090326,0.000000,69.609110,128.981828,0.000000,242.860707,242.684786,48.719246,398.301646,266.924011,0.000000,1383.498033,18.456122,178.408412,228.109147,1348.772154,634.216809,308.721246,67.254793,0.000000,1071.138320,0.000000,371.695115,0.000000,312.944873,83.691237,0.000000,0.000000
2012-12-20 15:00:00,48.565587,307.216136,0.000000,77.591938,115.425051,458.880985,193.175778,182.407638,42.887365,414.324854,221.772806,649.739478,1372.432064,1.594266,265.452749,175.806584,1336.470318,347.319799,280.695664,72.273930,0.000000,860.483557,0.000000,314.457552,0.000000,267.560013,25.840607,0.000000,1255.264177
2012-12-20 16:00:00,36.971247,228.506985,920.844658,44.360981,70.000259,329.688111,77.569175,137.213921,47.624253,232.122603,204.663297,419.132067,1137.549480,3.709430,177.065491,90.141415,1305.088914,154.544762,222.196941,43.762359,4.267448,593.650061,92.072256,258.317111,24.536943,205.373534,22.759965,132.281328,776.867646
2012-12-20 17:00:00,31.347175,168.268988,707.974075,53.380613,66.479225,247.706480,77.847200,111.197422,38.335671,256.706683,232.523222,261.234496,678.700689,4.909076,114.167780,82.202910,988.950463,167.638137,192.528599,41.442234,6.940218,600.366301,37.912105,186.143380,28.652194,158.834610,25.196891,106.826111,695.767115
2012-12-20 18:00:00,28.277125,87.428760,664.051850,61.099337,66.899647,197.162434,61.443683,57.711726,42.412455,144.516355,233.836717,268.269537,669.654151,2.273013,125.132707,93.686472,781.849686,167.423492,149.604190,41.682247,9.994812,570.388938,28.712299,155.483641,19.513631,132.608557,47.221181,129.027923,696.710144
2012-12-20 19:00:00,25.958257,64.212032,694.058123,78.401421,40.360510,232.936236,63.111837,66.559977,23.719472,67.775997,243.307709,351.595681,726.037221,2.146734,63.439933,101.321980,785.566879,218.294476,129.194055,21.361151,8.310293,471.447261,18.399613,183.817469,9.003319,163.324247,48.048816,146.474758,470.383081
2012-12-20 20:00:00,18.714244,41.309043,563.596069,87.724598,42.935594,233.749277,50.322654,122.951069,9.566545,38.302267,243.549669,291.407002,713.203761,7.813481,46.570815,81.263622,682.901537,232.461079,95.527851,15.680845,8.737038,417.225912,11.351374,129.898618,2.840103,117.661350,57.474660,103.536953,436.811233
2012-12-20 21:00:00,21.438098,67.872327,474.447000,95.660140,28.063167,244.725330,67.560249,244.845630,7.898770,80.543419,282.228647,250.760103,662.921844,12.785696,45.064644,49.176308,551.029674,250.062010,79.746819,16.400884,8.939180,328.768121,9.719150,139.977567,1.217187,66.851795,42.945066,71.646428,422.477186
2012-12-20 22:00:00,35.377433,96.736367,363.119381,120.594221,19.181753,253.804287,84.797843,273.635461,11.859736,144.923826,334.699325,259.045817,453.589177,21.167430,87.418179,39.904620,390.659329,268.950815,100.998609,23.201250,7.748787,448.677571,8.457887,138.215513,0.888740,83.003540,20.047161,54.342600,335.907084
2012-12-20 23:00:00,38.284183,107.403512,231.570144,108.235590,22.807892,267.896997,100.923335,327.253220,22.839258,97.928846,341.474195,241.067381,241.100741,31.080290,77.718436,27.421170,431.725466,286.337100,98.894472,20.881125,4.042845,527.634339,6.677279,166.126447,0.927381,143.285134,9.517804,37.575048,313.651589
2012-12-21 00:00:00,36.056764,183.642227,203.303366,98.608866,56.494203,236.730427,82.573637,428.149693,28.259528,71.307412,342.995084,155.396223,315.156116,52.926467,50.486860,70.749648,434.026586,239.973672,66.701165,30.801660,1.594678,0.000000,8.606271,254.299628,0.000000,181.775562,8.506250,0.000000,422.477186
2012-12-21 01:00:00,38.421356,0.000000,295.496550,96.007049,0.000000,150.277071,87.578100,489.691259,0.000000,140.169998,343.237044,107.088947,586.762623,65.870010,127.482334,122.107530,467.835345,185.024423,35.770341,35.841932,6.558393,0.000000,19.364109,548.774085,0.000000,0.000000,11.494932,0.000000,531.302782
2012-12-21 02:00:00,29.596593,0.000000,615.563454,91.453870,0.000000,163.963261,95.084795,464.467141,0.000000,227.776247,0.000000,171.342315,876.882973,51.190138,171.884262,149.649898,563.951347,157.764444,19.568481,15.760849,11.297506,0.000000,31.605787,570.341626,0.000000,0.000000,6.942939,0.000000,626.925966
2012-12-21 03:00:00,14.834223,0.000000,881.923479,99.606230,0.000000,117.755433,124.833546,412.698270,0.000000,0.000000,0.000000,351.283012,923.798736,126.199553,153.267985,134.621279,772.999225,199.191026,19.989308,7.280392,9.523147,0.000000,32.496090,656.329859,0.000000,0.000000,8.966047,0.000000,682.376097
2012-12-21 04:00:00,11.581276,0.000000,1046.305666,73.674786,0.000000,69.379496,129.838009,408.208113,0.000000,504.584829,0.000000,343.153632,1005.007188,152.591754,145.556389,159.800276,1008.067458,213.142984,21.672618,5.040272,10.691080,0.000000,43.995848,0.000000,0.000000,0.000000,8.874088,0.000000,767.625958
2012-12-21 05:00:00,12.175690,591.712825,1211.775037,65.565790,137.688198,67.211386,112.044363,373.343363,0.000000,476.605158,0.000000,398.495949,1159.429478,148.850755,144.351452,208.128194,959.920952,299.001185,18.516412,4.720254,11.275046,0.000000,58.537478,0.000000,0.000000,0.000000,22.530067,0.000000,1010.361733
2012-12-21 06:00:00,9.719649,638.355441,1405.946059,55.765612,173.739382,81.710617,80.071406,334.648773,150.169276,520.612018,0.000000,558.425865,1328.368304,0.000000,178.270428,201.401675,955.318713,321.109672,14.518550,2.400129,13.723213,0.000000,53.789191,0.000000,0.000000,0.000000,45.473951,0.000000,1186.708237
2012-12-21 07:00:00,8.693443,621.936404,1477.047878,112.571951,177.050205,199.678007,63.667889,306.255132,100.738267,614.601978,236.532839,684.645972,1443.027906,0.000000,205.622498,176.296535,1101.836019,266.375068,14.728964,1.840099,12.487900,0.000000,37.493255,0.000000,0.000000,40.948750,127.267025,0.000000,1316.280481
2012-12-21 08:00:00,17.703704,557.344659,1420.732367,96.149915,120.138917,381.141511,93.096151,287.988721,99.318889,602.973939,196.932149,835.521352,1226.629076,78.719848,151.134961,185.774845,1190.895988,304.966475,38.117319,11.846186,20.474972,0.000000,46.348351,515.057448,0.000000,341.584418,173.321353,0.000000,1240.418008
2012-12-21 09:00:00,22.240670,498.575378,0.000000,76.038204,153.621876,581.172562,174.151749,240.451041,0.000000,510.109903,125.351066,1030.104084,1240.933908,84.471247,196.385475,243.438456,1370.180875,395.523365,103.240278,31.187682,45.091033,1488.113771,0.000000,0.000000,0.000000,451.901530,195.209000,0.000000,1439.898151
2012-12-21 10:00:00,30.468694,486.295163,0.000000,49.098103,185.613701,703.187865,220.502409,190.453553,0.000000,491.144544,85.412993,1122.932356,0.000000,154.878162,203.508015,281.888694,1555.124747,328.419458,160.526503,61.943012,0.000000,1432.912765,0.000000,469.035897,0.000000,376.130103,196.872972,0.000000,-0.000000
2012-12-21 11:00:00,41.634992,475.501690,0.000000,65.387684,0.000000,796.206750,217.052808,159.721661,0.000000,446.167394,69.577394,1160.461408,0.000000,160.814054,306.842756,295.871416,1575.847799,268.196937,162.880178,88.150675,0.000000,1385.551805,0.000000,497.436076,0.000000,386.766638,145.676577,0.000000,0.000000
2012-12-21 12:00:00,51.737383,454.876689,0.000000,124.949915,0.000000,939.602716,236.481687,111.269291,0.000000,0.000000,109.507094,1285.460401,0.000000,162.716074,0.000000,302.807559,956.091797,334.786623,178.990375,96.730360,0.000000,1344.232524,0.000000,437.872653,0.000000,463.308029,117.965163,0.000000,0.000000
2012-12-21 13:00:00,64.439559,482.278509,0.000000,80.307473,0.000000,1058.752625,259.538997,176.214570,0.000000,0.000000,142.703828,1298.280366,0.000000,160.700608,0.000000,314.644800,0.000000,592.598041,230.259785,97.855704,0.000000,974.450221,0.000000,325.162975,0.000000,340.739736,88.436209,0.000000,0.000000
2012-12-21 14:00:00,66.823350,429.611713,0.000000,52.925768,299.985094,1043.614625,261.137624,161.601883,0.000000,720.698347,131.593197,1168.838115,0.000000,144.999305,0.000000,318.715248,0.000000,853.302755,358.271283,84.005324,0.000000,643.944079,0.000000,207.922468,0.000000,197.515466,70.747665,0.000000,0.000000
2012-12-21 15:00:00,61.159326,477.732021,0.000000,78.738485,304.515704,892.829466,185.628964,325.952216,0.000000,662.264513,101.176117,1025.817159,0.000000,83.355372,394.359649,304.436126,0.000000,872.205640,448.307411,60.133372,0.000000,423.694554,0.000000,177.004113,0.000000,178.590107,44.278478,0.000000,0.000000
2012-12-21 16:00:00,63.020952,369.480631,0.000000,44.447708,257.771225,892.312457,206.295081,430.790962,65.460184,744.585203,153.782639,828.974128,408.566119,40.661670,351.419874,255.062329,1525.642391,481.449862,345.288996,16.240875,0.000000,228.843580,0.000000,176.769253,0.000000,105.013713,47.956856,0.000000,713.118856
2012-12-21 17:00:00,61.048281,458.059769,429.842571,19.730446,155.661237,1017.249752,218.528212,504.350302,71.320562,788.184592,95.919718,942.695400,1306.488306,17.221227,312.982384,168.011477,1367.927184,142.953905,173.170532,7.680414,0.000000,167.578370,0.000000,324.147446,69.515365,99.264787,30.162702,0.000000,507.538440
2012-12-21 18:00:00,52.785273,305.164020,1078.486306,12.662176,172.898538,1082.428536,249.667092,589.135034,43.686450,586.079014,145.521445,967.865211,1120.087559,3.851494,262.917252,138.620831,1061.701249,77.272381,130.877365,8.640466,147.226947,105.821727,173.312482,289.188296,68.722760,161.572194,20.736857,295.273376,406.822897
2012-12-21 19:00:00,34.737295,69.754764,972.159732,8.282451,171.216850,1267.259848,242.160398,410.717318,20.013305,485.297871,156.444195,1082.770869,869.729897,1.089152,254.000718,173.919906,909.650336,133.080211,47.553512,19.921074,151.876219,105.657916,161.070804,94.728021,35.839392,144.380168,27.587837,285.834925,233.871299
2012-12-21 20:00:00,31.027106,66.408209,623.826051,5.767361,147.095139,1230.808511,159.864786,116.612023,19.920651,320.272147,208.050732,1065.261435,615.795696,2.083595,123.867523,192.402684,905.933143,173.218920,37.032823,7.040379,143.723147,53.074674,95.781855,60.473692,14.103912,61.048118,22.254188,259.521666,191.246369
2012-12-21 21:00:00,12.103838,75.820396,464.227472,8.759451,96.066422,1109.123381,100.089257,37.506019,8.223059,145.738767,242.374436,1005.541760,524.068015,1.104937,27.291823,168.375073,857.432619,175.365375,42.713995,13.520729,125.710026,25.882094,61.060005,31.294078,9.215844,49.386011,35.220472,232.135856,139.002538
2012-12-21 22:00:00,8.393649,135.117174,400.953377,13.139176,112.567985,979.036827,69.506429,25.488245,6.393139,134.329582,243.031184,905.487853,469.157637,2.257228,14.459244,148.195516,774.769317,171.501756,71.751095,17.280931,119.084252,39.314574,52.379543,20.228379,7.167878,26.554562,40.784019,221.481846,187.662857
2012-12-21 23:00:00,6.440574,122.672171,286.799080,20.077355,110.150558,900.307360,73.398789,22.714913,9.450727,63.157993,216.346491,882.663056,300.849964,3.772569,43.618719,184.615677,677.591260,110.542434,100.998609,19.921074,108.213490,64.705236,46.369992,46.024849,6.665547,21.517408,27.265979,223.305183,325.533760
2012-12-22 00:00:00,6.231549,142.960663,229.613213,9.800178,76.779564,784.720036,73.954840,15.715550,8.709494,71.850706,250.635630,779.326131,191.449977,5.082709,36.389097,152.255667,692.637043,52.802794,136.558536,24.001294,108.977139,81.741551,50.079591,53.989333,4.598262,40.406736,24.829053,234.209455,502.823293
2012-12-22 01:00:00,7.916811,114.201203,248.312774,5.463816,37.259898,655.582030,83.685740,15.715550,7.435499,95.348196,272.308301,664.264138,298.956503,7.071595,36.810825,106.139622,956.380768,33.699344,172.328877,45.762466,102.665808,150.378244,49.189288,63.222496,3.419716,40.132978,68.187937,241.681562,464.347692
2012-12-22 02:00:00,9.379984,102.801998,556.203220,7.241724,22.807892,584.034425,90.080332,24.299674,15.241614,99.558729,276.974666,495.110503,355.339573,7.545139,38.618231,90.444411,956.557777,37.777608,148.341708,41.282225,94.310595,233.594091,39.989481,66.112265,2.299131,34.493555,43.864661,249.725697,308.936442
2012-12-22 03:00:00,10.013590,88.056239,806.255488,6.547906,19.444516,554.222923,79.515355,27.337133,9.937162,112.597799,259.830096,435.390827,411.512259,8.034468,48.799948,132.803301,825.747970,42.714455,124.144124,48.642622,89.818545,214.100615,34.721850,95.150914,1.468352,60.829111,44.232498,226.344079,287.246765
2012-12-22 04:00:00,10.196487,62.538754,764.290195,5.854088,17.920487,571.296783,78.403252,26.148562,2.756462,81.358361,249.667791,472.442039,553.732242,13.638075,61.030059,138.893528,550.321638,31.982180,103.102747,54.242924,80.272938,249.156110,29.454219,107.203363,0.966021,61.376628,51.819153,184.300067,266.122906
2012-12-22 05:00:00,14.507622,43.296060,640.133807,6.417815,20.548124,527.392571,84.241792,27.337133,0.996033,38.030620,255.751348,401.935302,513.128016,15.642746,35.184160,118.562473,386.588117,23.825651,92.582059,58.163135,57.655465,354.158784,20.328604,94.234646,0.560292,83.441553,50.439762,157.164519,307.616201
2012-12-22 06:00:00,19.661387,28.131981,568.814552,8.108996,17.447512,450.153680,93.694666,22.846976,0.671743,19.286957,269.266523,314.700803,357.233034,10.733671,14.338750,92.656284,201.967510,18.244868,115.306746,68.083670,47.256369,403.465811,17.286733,73.935784,0.367088,67.892077,56.095268,125.738765,375.702926
2012-12-22 07:00:00,24.976288,20.915971,600.125444,20.207446,18.130698,489.992365,90.636383,19.149200,0.857051,12.088304,281.191677,325.430547,185.979978,10.165417,6.024685,86.762001,156.368801,18.459513,95.107024,55.763005,36.857272,394.128600,13.085178,47.504975,0.367088,35.205327,57.206891,97.280404,490.186699
2012-12-22 08:00:00,24.800512,36.838091,734.445067,50.608799,19.707134,508.129876,113.249372,36.699631,5.523738,46.081275,294.314655,345.415703,228.366089,14.218225,15.358070,92.480620,212.025045,34.918915,117.519600,78.499858,40.899116,360.723559,32.378254,36.484329,5.911553,24.100900,67.772861,76.232401,547.371531
2012-12-22 09:00:00,25.335313,72.023193,885.882564,65.581658,23.525332,523.732592,160.850236,95.803049,3.524900,90.591148,301.835541,415.245067,320.401499,20.396926,14.908762,121.163042,321.956169,57.414304,174.487283,88.586519,47.376259,439.500973,68.526166,60.715879,14.814469,50.309874,83.032124,81.743927,507.219013
2012-12-22 10:00:00,15.154534,95.390842,843.613196,44.197208,28.639305,510.974330,221.744069,158.158011,3.141821,134.592322,316.581137,471.478177,358.081340,27.716331,18.513231,112.206488,330.940780,76.919636,246.255743,103.430094,39.239645,463.546284,81.562471,59.170781,21.908410,77.141672,71.240356,78.742455,521.069503
2012-12-22 11:00:00,11.831124,172.176832,697.013484,36.538793,27.632625,427.794825,340.112842,206.883895,3.729655,180.913493,328.087775,420.999642,327.465468,35.916523,27.965975,127.294566,403.380538,101.967704,309.882596,140.169877,39.031783,521.945207,98.364705,71.588724,25.114428,102.892955,61.166042,79.621702,545.370313
2012-12-22 12:00:00,15.510431,186.124925,546.933416,52.538333,33.254523,277.922878,416.808685,230.170377,5.392468,219.777632,332.473776,314.936949,329.774708,41.156838,41.345947,108.396770,450.189288,126.090534,344.222524,150.150583,28.037998,535.921360,85.580695,86.642691,25.127938,87.535168,55.855325,60.971409,647.402282
2012-12-22 13:00:00,11.316804,153.325019,420.580507,58.528729,35.209646,176.785181,398.896498,220.978189,7.321718,210.340875,320.825037,230.198186,301.367208,34.702536,47.209526,88.285086,431.253872,160.917780,348.140471,149.298640,28.454085,533.237860,63.685722,57.361067,24.317356,74.327406,53.781023,56.481988,747.553588
2012-12-22 14:00:00,8.920577,105.034814,340.535404,56.455593,29.804964,97.187058,342.604273,158.196164,6.686507,169.108778,331.997506,172.329584,271.948304,45.787834,42.526416,77.577430,303.052632,158.099378,329.905435,131.207605,21.654411,508.981985,39.073603,63.675787,19.250186,68.728904,48.886199,58.319047,740.721262
2012-12-22 15:00:00,8.067048,94.519102,253.511688,41.889572,25.603091,25.520058,252.982405,108.626474,4.547653,109.978291,306.934532,132.778727,208.741457,18.235101,30.457369,54.746305,216.372340,103.100845,290.368289,86.400413,14.576703,358.294409,6.157935,47.682730,10.206148,62.666445,16.460743,36.180731,602.531583
2012-12-22 16:00:00,6.198889,31.687696,161.772946,29.660714,19.076647,13.550683,116.492775,56.126965,0.671743,17.928721,261.385551,55.029649,72.582684,6.945316,4.036539,47.115933,126.030558,32.196825,170.014326,34.001833,12.150996,199.849082,7.270815,69.283962,1.197866,52.452105,10.207500,49.909388,339.679201
2012-12-22 17:00:00,5.428111,17.569416,191.344345,38.246711,45.142810,20.868051,160.142812,72.634896,1.343486,18.064544,261.834905,43.304581,95.304219,6.598050,4.879995,48.327918,150.988857,31.123598,217.778252,43.042320,9.276084,255.872350,6.083743,92.825003,0.656895,72.764976,9.517804,35.143931,303.844083
2012-12-22 18:00:00,2.998198,17.883155,287.451390,42.539709,55.811018,40.381035,119.273032,51.108554,0.926542,20.237723,279.117737,50.652290,98.459988,10.496898,6.506660,31.057126,152.227922,26.616042,261.965143,25.841393,8.826879,347.770165,4.748287,114.674472,1.333109,77.309365,21.196655,28.494113,346.657619
2012-12-22 19:00:00,2.416848,16.000718,248.312774,48.827433,39.992641,36.857857,77.013123,22.054596,0.579089,15.755542,302.726085,67.380053,79.735760,14.821936,4.759501,16.785998,185.151635,20.820614,245.552869,16.240875,4.649272,369.884613,4.006367,89.794270,0.985342,72.053205,33.197364,19.484682,373.251049
2012-12-22 20:00:00,2.286208,4.392354,260.054359,46.442434,11.246288,26.017311,75.622995,11.357456,0.741234,13.718188,309.362693,50.964959,85.836913,21.577835,4.157033,9.483786,234.183186,16.956995,175.274670,6.240336,1.886661,380.532310,5.564399,41.936884,2.202529,28.361368,26.852161,11.297540,388.716732
2012-12-22 21:00:00,2.828366,4.287774,377.905081,51.385887,5.518038,25.475284,61.721709,12.942218,0.880215,15.076424,313.614269,53.309972,112.134987,37.078518,6.868141,11.241165,264.451762,16.742349,119.725435,5.520298,1.504837,320.905207,3.635407,32.139864,1.255828,21.572160,27.449898,8.365900,283.663253
2012-12-22 22:00:00,4.167430,8.261809,424.653983,56.069158,4.309325,26.017311,38.367549,24.167611,0.926542,15.619719,314.824068,54.873314,110.031141,54.678580,13.133813,11.241165,227.633846,16.098413,68.805303,5.360289,3.683481,332.699579,5.786975,19.805487,1.101264,17.246778,35.128512,7.364852,216.142346
2012-12-22 23:00:00,4.213154,6.379371,283.754966,47.960161,5.045064,26.559338,36.143343,35.657131,0.787561,25.263197,325.090070,50.652290,84.784990,61.339770,17.230599,15.513413,223.385625,15.025185,66.490751,9.040487,3.054594,368.410316,5.564399,18.959701,0.656895,15.823234,40.829998,10.296493,180.684439
2012-12-23 00:00:00,5.787372,15.791558,154.597533,46.529162,4.992511,28.591941,23.910212,31.034910,1.111850,37.487325,329.860132,39.865228,75.948837,79.523871,19.640473,11.725959,249.759997,15.239831,60.388752,9.440509,1.931582,405.103918,5.712783,17.691022,1.062623,22.667194,49.290268,8.580410,152.959374
2012-12-23 01:00:00,10.581876,20.811391,134.810788,49.044252,3.888903,25.746297,33.085060,22.318722,0.972869,26.621434,320.285443,36.894878,57.434993,55.815087,21.086397,11.907757,227.102818,10.302984,52.813856,9.120492,2.942293,386.920928,6.899855,13.180164,1.159226,30.113421,45.381992,7.543611,115.615408
2012-12-23 02:00:00,18.544412,39.740345,130.244616,51.646069,2.575085,36.586843,49.210552,33.676179,1.366649,24.991550,313.787098,42.053908,50.913071,48.727707,17.290846,7.605208,176.478184,10.088339,56.390890,9.520513,12.308218,357.271187,12.686830,7.118698,2.067286,34.110294,43.404863,15.909511,74.876537
2012-12-23 03:00:00,25.180946,51.034970,151.118545,54.247886,2.890401,47.020869,49.766603,54.806330,2.547990,28.930436,307.254187,42.210242,44.811918,52.768618,19.760967,8.362699,146.386618,14.166603,52.813856,8.160440,19.787481,297.480273,19.289917,6.554841,2.144567,20.915140,37.657397,21.522530,49.980560
2012-12-23 04:00:00,26.369774,17.569416,144.812879,60.405519,5.623144,33.876707,45.318192,72.502832,3.289224,27.708023,300.133661,31.423180,40.393841,65.506960,12.410851,9.756483,142.492415,15.883767,43.976478,5.920319,12.555280,237.689359,18.696381,6.272912,1.275148,7.172469,33.059424,14.729705,33.571848
2012-12-23 05:00:00,27.532474,11.399204,124.808697,60.405519,5.991013,23.713695,40.313729,55.070457,2.362682,26.349786,293.185962,22.043126,38.710765,69.011188,5.361970,10.938168,110.807766,18.244868,40.609858,6.960375,4.581891,223.437826,15.506125,8.951234,1.043303,6.077436,29.932803,7.221846,27.725065
2012-12-23 06:00:00,25.180946,18.406055,137.854903,72.590696,5.360380,25.475284,37.811497,62.069820,2.223701,38.981385,289.936790,18.760107,34.082304,70.226618,2.108640,7.999104,98.594131,23.181714,36.401582,7.280392,3.324117,260.786671,14.838397,18.395843,0.772817,8.431758,27.449898,6.471060,35.457907
2012-12-23 07:00:00,22.760903,32.001436,158.946268,67.517153,7.672701,27.840855,47.542397,62.730137,1.273995,39.253032,290.247881,20.826889,48.809225,78.924048,2.590615,8.311615,91.145662,23.611005,43.345237,7.520405,2.246025,291.419277,12.454003,21.778987,0.869419,10.950335,20.647564,11.154534,49.226136
2012-12-23 08:00:00,26.808341,71.033369,230.825734,97.459738,18.719818,64.861703,81.805574,82.920363,7.751852,71.772322,283.363515,68.510884,142.974466,80.540410,22.043915,19.262175,126.200532,70.672447,77.318281,22.798893,10.589030,284.891313,40.004394,17.229174,5.997193,11.112833,33.812260,25.412630,97.331697
2012-12-23 09:00:00,32.339222,114.131364,327.158414,127.904393,44.332666,127.978995,178.766889,162.179078,20.177165,147.864936,274.917053,145.340546,252.846615,100.208515,55.425885,37.682833,213.926083,176.689207,163.365823,43.591298,22.811985,337.385283,79.904981,21.021833,13.691740,17.112707,51.830195,36.028617,189.903500
2012-12-23 10:00:00,34.496495,168.424951,405.128993,160.538941,68.806332,174.210442,281.942230,250.615603,29.994469,221.488080,268.810209,203.476867,351.092701,122.712025,83.312610,51.696468,286.763711,262.764756,238.128416,56.746105,32.260511,436.010204,107.286848,24.527300,11.032478,32.923410,60.240447,41.770047,283.539419
2012-12-23 11:00:00,27.653460,182.483900,452.716841,186.461563,88.437664,194.642228,395.988724,285.558781,32.894002,252.994522,278.789380,236.567738,381.582027,134.783990,105.481979,61.456884,338.134060,320.159588,251.506894,69.786788,37.461134,515.759510,117.759361,31.882234,10.882593,51.867261,63.869147,49.744200,322.849206
2012-12-23 12:00:00,16.527430,180.725309,453.075392,173.849874,94.249602,196.650457,465.012879,303.436192,35.745624,265.987338,278.875441,240.989487,372.228355,107.630041,105.759334,61.707760,344.068378,347.826691,272.504971,94.234010,40.965920,505.761342,115.699485,39.336669,10.226318,65.851023,63.015106,54.582631,326.763997
2012-12-23 13:00:00,11.360805,184.070259,402.843404,125.530680,96.775250,177.214355,512.452783,288.528412,34.342880,252.538333,271.780566,213.791675,349.127597,100.302233,96.877232,59.581288,307.697862,336.647898,273.562908,103.956008,36.386960,442.278570,101.888592,40.489616,15.035177,71.336544,55.952751,49.149095,302.916077
2012-12-23 14:00:00,10.681238,150.746503,320.844557,110.521722,81.978515,143.132995,454.722198,246.838017,27.381077,205.819644,271.207910,177.431803,284.906852,80.145592,75.808156,50.544447,245.879275,294.524352,242.308753,87.198751,31.033660,384.614219,78.795415,44.619930,13.426458,62.990563,45.799672,37.876479,259.803768
2012-12-23 15:00:00,15.115100,104.588252,230.749869,103.327958,72.901703,51.197527,383.033118,208.078453,18.473407,151.577955,238.485842,128.568444,198.142656,61.173485,50.590623,38.307749,163.374942,208.109985,179.213078,57.329951,6.558393,306.309602,7.196623,46.136059,9.844022,45.436785,13.288141,1.701262,219.244416
2012-12-23 16:00:00,14.736243,23.007568,66.100774,71.680060,33.949075,22.494133,263.012327,120.309800,1.505631,39.932151,177.909473,34.862533,38.079611,72.752187,6.446413,25.997087,18.939986,48.295238,93.423714,8.080436,6.266410,212.790129,7.493391,8.316895,0.830778,3.504107,19.679324,1.537324,131.081091
2012-12-23 17:00:00,11.901345,22.902988,80.669036,76.146513,20.495571,25.339777,352.258581,203.245644,1.343486,36.400736,139.783545,36.738544,33.871919,78.529428,5.843944,19.543265,16.992884,101.741968,133.402330,7.200388,6.378711,224.912123,8.828846,7.189180,0.579613,2.737584,19.955202,2.895889,117.501467
2012-12-23 18:00:00,14.076508,42.773161,101.760401,79.138602,13.033081,28.591941,330.294550,263.862766,1.227668,44.821802,113.617338,37.363881,37.027688,82.365136,4.217279,16.149706,14.160737,187.385524,158.231155,5.760310,8.579816,236.215063,15.135165,4.510858,0.444370,5.201409,34.116958,3.575171,100.526937
2012-12-23 19:00:00,13.612735,128.424063,116.111227,90.109597,10.930971,24.255722,315.281161,298.727516,2.154210,78.506065,116.451722,41.584905,49.650763,88.079238,3.373824,14.210529,14.514755,287.410328,169.172671,3.200172,7.209741,272.908665,14.170670,6.625323,0.483011,18.834576,44.462397,3.467916,88.456161
2012-12-23 20:00:00,12.848488,222.859673,184.386368,114.913587,15.345402,26.288324,407.029647,323.951634,5.721396,95.348196,131.522352,37.676549,50.281917,85.695731,11.085420,16.392103,13.275691,367.687746,183.480807,6.480349,5.704904,325.164286,12.241678,6.343394,0.927381,40.078226,56.049288,3.146151,80.534713
2012-12-23 21:00:00,8.844358,250.782495,224.829605,148.000027,35.893526,20.055010,423.989216,363.174478,7.064882,125.772692,137.709605,27.045822,36.396534,75.798656,15.965415,15.513413,16.107838,516.222433,142.239708,9.200496,6.872837,325.655718,5.786975,3.312661,1.970684,44.294105,63.957802,2.252358,127.874791
2012-12-23 22:00:00,5.121106,316.144905,178.733013,136.335214,59.489710,14.634737,387.289821,487.049990,7.018555,187.844096,123.641380,16.884097,45.863841,76.635251,23.195037,28.178661,25.312317,616.891174,102.261092,9.760526,6.738075,392.490493,4.377327,4.087965,3.265152,53.930400,59.543748,1.751834,214.067681
2012-12-23 23:00:00,3.148435,369.376051,165.034497,147.523027,66.111356,17.073860,447.621401,582.135672,7.273354,257.385801,140.647687,20.323450,41.445764,87.116364,20.483929,31.238924,38.056980,539.189502,83.323853,14.320772,5.233239,469.645343,4.006367,5.145198,4.888068,59.679326,51.727194,0.822289,237.266205
2012-12-24 00:00:00,3.468504,347.728021,165.469371,170.288926,75.781061,17.209367,444.841144,654.374377,6.508957,299.491130,175.455310,17.822102,51.964994,83.643706,38.377243,26.118286,55.049865,449.896973,70.699027,21.041134,7.142360,429.511716,4.006367,8.951234,7.225840,51.247568,38.944830,0.750786,215.199316
2012-12-24 01:00:00,4.794504,363.519579,225.481915,140.194576,68.003255,13.008655,434.276167,745.762282,4.447401,338.744162,215.689743,23.293800,65.429608,81.007643,44.522422,24.088210,64.608362,379.493248,63.755372,21.041134,10.399096,489.138819,5.341823,11.911485,12.171869,65.044990,41.611654,1.001048,210.484169
2012-12-24 02:00:00,6.616939,395.730175,230.700397,148.216845,95.435789,17.344874,546.320530,756.195294,5.119144,322.852796,216.035400,35.487870,71.741145,83.422719,63.620673,25.572892,77.707044,370.263492,87.321714,15.920858,20.393908,465.877697,7.122431,9.585574,24.749467,70.958171,33.933039,0.822289,184.456557
2012-12-24 03:00:00,9.184023,325.347932,236.136316,169.551745,104.369756,20.597038,663.091331,722.254988,6.647938,288.896886,225.921180,38.458220,96.566527,70.700162,45.667112,32.269111,109.214683,330.124783,124.985779,14.320772,23.740486,455.230000,11.351374,20.298862,20.441012,52.561608,30.944357,1.680330,198.413392
2012-12-24 04:00:00,9.837226,399.076730,238.528120,145.831846,105.578469,23.171667,707.853471,720.802290,6.346812,276.265287,263.459491,44.086253,141.588829,71.884023,34.702185,50.873088,141.430360,340.857058,163.281085,14.960806,29.692452,430.166959,14.319054,50.817636,18.895378,76.871352,24.323276,1.322813,198.036181
2012-12-24 05:00:00,6.878220,417.901105,310.717123,146.742482,118.664103,21.139065,678.382745,619.245500,12.253516,249.779677,299.753438,70.194069,159.261135,70.321327,44.823656,69.264966,154.529041,368.117037,175.274670,17.040918,32.567364,487.336902,11.796526,90.428609,25.213157,97.184223,24.369256,2.252358,218.405616
2012-12-24 06:00:00,5.800436,420.306441,389.864102,168.988018,116.089019,22.629640,636.678888,558.496315,12.809442,201.833931,312.335340,90.361184,223.849204,78.750415,53.740190,62.174851,147.094655,388.508359,197.578530,17.600949,34.027281,626.576016,21.738252,99.379843,23.126551,114.540505,24.369256,3.038895,260.087517
2012-12-24 07:00:00,7.054575,408.907237,389.646665,132.952852,102.477857,20.178169,538.813836,544.497590,7.250190,175.755792,326.991181,90.685687,296.011119,75.088339,59.463641,57.639273,158.348142,441.955089,227.667699,15.440832,43.438126,632.800824,26.017623,153.792070,33.520941,86.343392,32.981712,2.466868,281.399983
2012-12-24 08:00:00,6.757548,357.118753,463.864524,130.040109,105.230955,56.191735,613.175001,560.796966,15.028891,187.084129,335.584794,164.186899,385.352195,105.975114,83.288012,68.867160,235.640893,589.945303,320.850000,33.297300,53.757805,594.512785,51.845652,125.446487,34.462074,83.342442,51.136191,12.111522,296.759849
2012-12-24 09:00:00,11.036479,426.245529,632.486960,152.578942,134.247189,118.521435,796.049514,652.519226,30.091114,279.919922,344.713987,284.102920,490.972168,0.000000,120.370013,80.440544,319.534126,732.072088,398.372562,68.158576,63.572607,697.070880,94.456810,133.023050,50.279465,104.403499,73.678666,27.201812,403.313627
2012-12-24 10:00:00,12.181201,516.962462,752.420707,166.247350,0.000000,170.541128,981.469198,783.448018,0.000000,353.289807,343.222396,352.148026,565.106829,139.921443,153.919647,97.439508,396.558956,829.133352,451.684135,92.564831,53.452643,0.000000,109.355214,178.228970,0.000000,0.000000,96.362204,0.000000,552.883892
2012-12-24 11:00:00,11.164211,0.000000,689.926837,140.181661,0.000000,198.702494,1110.644324,0.000000,0.000000,0.000000,330.610216,371.166125,587.897812,169.667493,0.000000,125.153716,449.173557,796.518474,446.877909,107.743319,54.610796,0.000000,112.876461,182.719221,0.000000,0.000000,116.952559,0.000000,581.397077
2012-12-24 12:00:00,11.207410,711.451292,551.330252,162.440801,40.399819,199.752296,944.584335,811.959901,0.000000,478.945633,0.000000,316.788174,569.164775,169.972824,141.706523,134.344761,430.858478,619.415115,422.751311,107.393633,58.946268,0.000000,121.642506,165.103257,0.000000,0.000000,127.344443,0.000000,635.482613
2012-12-24 13:00:00,9.958895,842.113131,517.871999,173.292411,0.000000,178.672073,999.008585,921.081816,0.000000,460.737019,0.000000,249.069118,548.756587,161.440435,112.757806,117.240711,374.868720,742.637509,395.959733,104.262349,44.816152,0.000000,110.285022,212.967134,0.000000,0.000000,129.785534,0.000000,691.460128
2012-12-24 14:00:00,7.490001,880.319734,395.639158,125.267530,155.074728,139.586517,945.563152,962.346342,32.231327,434.627032,294.034154,186.146421,438.517700,0.000000,91.098789,100.765236,308.151437,714.700038,330.303629,91.005753,26.394811,0.000000,74.518373,0.000000,0.000000,0.000000,114.753858,0.000000,625.420688
2012-12-24 15:00:00,0.809971,895.670858,339.574157,130.345073,148.544176,48.602924,829.479090,1013.529633,19.791596,413.129646,240.859584,137.273107,335.201829,0.000000,67.394869,71.959120,206.292080,676.539717,254.512440,66.043919,3.683481,0.000000,11.573950,0.000000,42.793979,0.000000,61.980673,6.942418,697.088813
2012-12-24 16:00:00,2.220888,848.456372,320.284340,155.241751,129.227205,6.910848,563.558125,910.973653,13.735983,325.840916,175.247916,59.407007,229.529588,0.000000,55.487348,39.389526,58.590049,483.381671,185.584945,9.040487,5.345540,191.816797,11.648142,102.481058,49.228449,334.970749,30.116722,4.468964,723.492180
2012-12-24 17:00:00,2.168631,781.106944,460.748484,122.675674,123.078534,11.653587,498.222082,770.061956,14.755180,291.749182,161.421651,90.830187,254.565354,48.459365,61.632527,32.723606,53.633791,584.479703,303.837483,5.440293,8.984100,1163.383756,7.790159,203.975366,27.473647,430.950435,17.426317,2.466868,718.965639
2012-12-24 18:00:00,3.115775,734.464329,535.981602,109.146225,112.883301,18.564435,410.922007,736.914031,25.086122,272.869696,145.106657,104.587599,207.439206,43.660783,69.524864,25.209296,42.482211,691.158518,413.042230,12.400668,21.269858,1182.058179,16.099661,352.128863,26.372383,445.459629,16.506722,5.434260,731.413627
2012-12-24 19:00:00,1.822434,736.869665,518.369224,63.657791,113.934356,20.326024,333.908884,747.479107,28.259528,259.423155,174.660300,93.487869,133.804599,49.390669,93.262123,11.453262,26.905400,843.986115,444.183468,32.881772,30.815465,1211.544109,16.841581,387.017532,24.421020,429.745899,17.886114,12.191333,694.069662
2012-12-24 20:00:00,0.614010,671.925575,504.235835,60.058610,112.252668,25.339777,387.567847,778.381953,28.190037,273.005520,154.024599,55.185983,107.506526,49.122327,113.384571,8.362699,26.728391,956.031068,348.445202,54.802954,50.288502,1155.029409,23.815628,230.265211,22.121889,392.569511,26.852161,13.692905,680.490038
2012-12-24 21:00:00,1.005931,549.044244,519.891282,75.235877,108.731634,30.489036,422.599087,774.287986,26.429607,333.311216,168.784137,43.773584,106.875372,35.863087,115.252223,11.695659,30.799603,897.003555,320.460171,93.285028,58.149590,1020.213184,36.279882,199.182580,22.063928,293.523731,40.232262,8.115638,581.471948
2012-12-24 22:00:00,1.730986,563.476264,451.181267,65.305608,100.848722,27.372379,477.648179,763.062593,31.340279,390.357146,172.862886,45.649595,109.189602,29.691227,130.072948,7.999104,68.148546,748.254221,285.531485,146.647904,64.752904,911.442864,42.660393,269.594256,17.021296,258.263652,56.463106,4.397460,445.675710
2012-12-24 23:00:00,2.900218,657.807294,340.723395,39.677710,103.213596,24.391229,443.451016,755.931167,35.347573,449.712077,183.267151,44.398921,138.433060,9.218329,135.314424,11.301764,125.676540,707.042285,242.396663,156.728447,75.219381,979.915746,52.008583,309.628122,18.103240,349.260936,82.809490,2.717130,423.608821
2012-12-25 00:00:00,6.473234,556.887733,249.617395,28.142988,105.158047,24.662243,443.729041,564.175043,33.286017,450.255372,185.894141,44.867924,181.772286,12.675202,144.230958,13.786334,181.080423,616.247237,212.097080,199.130733,91.256001,1040.034282,64.176069,372.709654,15.147215,405.545658,76.142430,3.146151,377.588985
2012-12-25 01:00:00,11.947069,393.429418,236.353753,35.774985,112.515432,21.274572,505.172725,351.024641,29.186069,328.964860,202.416528,51.277627,215.854590,13.496012,195.019052,8.726295,215.951238,573.318137,206.415908,274.974820,84.832369,1028.239910,78.866082,380.603655,19.069262,357.637942,53.290505,3.861185,271.969688
2012-12-25 02:00:00,11.052182,368.225673,275.057495,78.444784,119.504947,18.022408,621.943525,234.808808,47.971706,265.942690,188.797657,62.221023,275.393429,11.175645,236.950859,6.847718,222.323569,538.760211,270.171280,306.176502,79.801273,935.359229,82.427298,198.125347,18.277124,257.059115,46.209627,4.361709,170.311115
2012-12-25 03:00:00,4.977401,303.072423,384.863057,103.248774,142.155181,18.835449,855.207100,157.155501,48.828757,237.419726,192.496183,101.460914,371.328802,5.351050,227.733091,5.181238,248.697942,599.719534,461.437397,304.176394,83.170310,571.699424,67.143748,57.724888,10.645555,114.376249,45.749829,8.151390,170.876933
2012-12-25 04:00:00,2.292740,219.513118,525.544637,103.942591,180.676345,26.965859,1063.726386,121.894561,66.317236,203.599639,182.057352,161.649593,396.574953,3.456873,276.954768,5.787230,220.022450,745.463830,696.890405,335.778097,81.912536,365.461723,57.350406,31.082632,4.714184,55.353944,42.255370,5.863281,292.716336
2012-12-25 05:00:00,1.299872,267.306112,665.791344,133.993578,182.725902,38.890459,1013.403732,87.426002,76.208070,197.623399,180.951251,198.388136,460.321484,1.988886,346.539879,13.362139,103.373379,973.631999,698.363301,310.656743,60.238394,299.282191,43.550696,23.047666,4.946029,22.064925,49.244289,6.149294,311.388318
2012-12-25 06:00:00,0.476838,255.593168,782.314857,116.301222,169.745373,34.554241,1018.964246,105.254567,59.715625,258.336566,189.247010,236.690022,471.892636,2.778126,305.150293,27.724166,77.707044,1053.265480,850.071629,352.979025,0.000000,217.704451,0.000000,8.175930,0.000000,37.012132,55.037734,0.000000,313.840195
2012-12-25 07:00:00,0.893465,171.929283,0.000000,129.700580,81.299100,31.020111,1061.780206,205.226596,10.354106,124.686103,173.727027,303.401413,488.302634,1.120721,277.135508,25.877517,89.098383,1090.828443,1019.454714,308.496627,0.000000,232.938848,0.000000,9.585574,0.000000,5.694174,36.738383,0.000000,346.207678
2012-12-25 08:00:00,2.557225,62.304270,0.000000,134.121956,69.007662,52.552810,1037.327215,430.805800,14.138848,74.460738,162.221224,368.757958,744.692448,2.549495,281.602730,22.687894,110.283781,1319.226088,1011.895767,334.548243,0.000000,99.638530,0.000000,34.770920,0.000000,11.563760,36.560034,0.000000,100.308385
2012-12-25 09:00:00,4.283840,63.459101,0.000000,113.374596,47.527524,143.858533,1096.593533,437.840276,41.894743,108.240448,152.916739,461.785382,474.616526,5.329846,325.875336,32.965222,156.789278,1453.750854,1255.590723,373.099857,0.000000,114.890192,0.000000,106.839003,0.000000,26.473334,55.479146,0.000000,0.000000
2012-12-25 10:00:00,4.246576,41.813333,0.000000,125.673081,15.560088,240.049374,1013.948457,631.707206,48.855300,190.087414,154.283691,662.565563,0.000000,6.552194,319.357410,0.000000,0.000000,1381.919358,1163.072701,458.110324,0.000000,152.878963,0.000000,144.342743,0.000000,70.170023,67.944764,0.000000,0.000000
2012-12-25 11:00:00,13.532750,45.482897,0.000000,125.260592,17.689923,281.305405,1194.168584,660.912493,0.000000,253.343982,173.305022,689.691786,0.000000,7.095762,0.000000,0.000000,0.000000,1339.459547,1264.545818,428.511717,0.000000,124.827550,0.000000,147.578676,0.000000,96.165760,64.974388,0.000000,0.000000
2012-12-25 12:00:00,11.128264,67.771105,0.000000,142.733633,20.559678,195.457427,1551.863847,672.510117,0.000000,316.136019,189.078234,635.558138,0.000000,9.289146,0.000000,0.000000,0.000000,1395.792088,1473.271537,457.786915,0.000000,164.549538,0.000000,145.486443,0.000000,107.865616,57.434977,0.000000,0.000000
2012-12-25 13:00:00,14.303114,83.786785,0.000000,294.636122,17.551079,111.550463,1556.407204,614.640984,0.000000,284.746730,172.941181,414.839858,0.000000,11.808007,0.000000,73.754579,0.000000,1629.738909,1555.105440,508.556468,0.000000,157.531512,0.000000,160.865572,0.000000,103.371662,57.970398,0.000000,0.000000
2012-12-25 14:00:00,31.549335,97.867628,0.000000,305.206799,20.922119,70.596478,1480.610455,562.802071,0.000000,331.731190,143.291985,0.000000,0.000000,13.478587,0.000000,0.000000,0.000000,1505.028672,1518.763635,459.570174,0.000000,123.352454,0.000000,125.756062,0.000000,107.474446,64.130283,0.000000,0.000000
2012-12-25 15:00:00,47.997301,106.348667,0.000000,233.641388,23.901012,59.798561,1667.025398,648.543039,0.000000,333.373206,137.818993,0.000000,0.000000,10.551920,0.000000,0.000000,0.000000,1399.747070,1145.403789,343.253372,0.000000,92.920465,0.000000,100.278801,0.000000,103.036961,64.785437,0.000000,0.000000
2012-12-25 16:00:00,43.764550,99.560023,0.000000,140.237939,35.893526,99.190998,1387.626345,529.442357,5.188635,436.537184,122.362451,90.986521,0.000000,2.509785,92.237927,0.000000,0.000000,1177.759872,785.264188,200.650814,0.000000,63.394750,0.000000,39.329044,0.000000,70.136896,69.843207,0.000000,0.000000
2012-12-25 17:00:00,25.494483,99.873762,107.413757,79.962511,70.578339,128.324965,977.816440,378.229710,18.484511,557.963520,99.099759,85.983826,446.436101,5.398405,120.192465,106.775914,750.165037,1018.492909,780.003844,140.887593,10.848301,86.492062,19.215725,33.479025,51.005928,75.338305,36.278005,11.226037,238.020629
2012-12-25 18:00:00,6.943540,85.128003,93.280368,53.597431,110.413322,72.496153,675.046437,305.858942,31.270789,492.360701,76.079026,86.921831,298.325349,4.798582,161.823038,75.233994,628.382700,910.740867,774.533086,130.087011,8.175531,103.692188,14.022286,28.192863,33.347057,66.359030,43.083005,18.304876,266.688723
2012-12-25 19:00:00,2.965538,66.512788,295.931424,36.035166,124.812775,101.223600,623.611679,255.014515,32.892237,483.667988,65.882156,49.088948,142.640752,5.903519,164.172665,52.145672,639.003252,820.804401,719.825506,166.488973,7.030059,82.396794,25.151084,17.761504,38.254446,62.800171,52.600809,65.175368,321.195825
2012-12-25 20:00:00,1.214956,63.689132,583.817688,32.566077,107.995895,194.452297,559.943790,242.864678,41.277441,532.428675,52.297850,64.722371,133.173446,6.282354,160.738595,36.389862,720.250480,634.277460,651.020203,140.087550,6.558393,93.699734,34.647658,17.691022,42.891348,44.786870,32.691587,106.325587,277.439259
2012-12-25 21:00:00,8.589609,57.100601,767.334309,26.278352,109.782689,310.039621,521.576242,222.923098,11.628101,526.724082,21.914631,165.557948,228.056896,17.079164,169.233401,14.725623,713.524130,570.527745,626.191378,103.285567,4.761573,71.912907,15.431933,15.012700,32.864047,24.912012,50.991518,122.735622,220.291675
2012-12-25 22:00:00,4.787972,45.178498,992.598787,13.486085,100.428300,293.914308,482.652642,185.681206,2.409009,476.197687,16.660650,537.477079,481.570327,44.260606,103.745075,4.181350,773.530253,530.818327,637.132894,97.205239,11.454728,51.272756,10.015918,7.612073,30.835402,7.884241,27.725776,237.784626,201.808298
2012-12-25 23:00:00,2.475636,38.380807,1297.227682,15.740993,59.594815,517.229559,375.056690,172.474861,2.455336,397.555799,30.936269,813.875995,631.153771,36.573404,61.692774,1.757379,826.633016,364.897354,571.483798,80.244325,24.818578,39.314574,12.835214,18.395843,27.241802,4.434886,21.932330,302.423718,123.914067
2012-12-26 00:00:00,2.279676,61.283796,1285.920970,21.248173,40.938590,667.100110,394.240464,168.380894,2.107883,381.936080,55.892679,1155.466285,742.026450,30.938227,60.307096,4.878241,768.573995,316.172825,559.700627,64.483475,32.365222,55.531835,18.251229,0.000000,58.173806,8.869771,41.105877,315.222831,157.108703
2012-12-26 01:00:00,2.684661,62.434174,1339.192975,21.941991,0.000000,732.278894,442.616939,139.723126,0.000000,456.095788,74.765531,1138.113186,765.589524,31.017151,90.611262,5.211537,952.486565,320.680381,660.278409,68.483691,41.820988,101.890270,26.486539,0.000000,95.442910,9.307785,54.118140,310.253343,292.339124
2012-12-26 02:00:00,0.783843,37.021269,1487.267406,20.554355,0.000000,881.607418,427.603550,125.328211,0.000000,410.594869,73.348339,1188.921810,0.000000,27.323505,39.341193,15.846709,1107.546634,217.650539,625.770551,62.483368,59.092921,110.572238,53.863383,0.000000,67.138485,5.529919,41.335775,238.978248,306.107354
2012-12-26 03:00:00,3.821233,28.341141,1500.313611,26.061534,0.000000,986.625209,372.276433,128.101543,0.000000,308.319666,79.501027,1296.167091,379.254361,35.026493,17.712574,27.269672,1050.903687,136.299894,478.480912,38.562078,68.369005,83.379658,97.117311,0.000000,74.209761,7.391476,58.026417,317.046168,244.244623
2012-12-26 04:00:00,7.270141,28.759460,1443.997491,22.418990,0.000000,1001.666467,360.599353,113.970754,0.000000,245.569144,68.820237,1371.207521,935.369889,31.948455,30.424659,17.028395,806.276957,109.898497,376.640648,14.960806,74.949858,89.768276,130.281130,0.000000,92.313001,9.143530,55.957329,304.997841,198.790604
2012-12-26 05:00:00,3.919213,28.236561,1398.770646,14.353357,114.722647,1010.609917,372.832484,85.577113,8.269386,218.811887,69.546116,1357.450109,929.689505,30.748809,43.196991,22.270232,573.509844,97.878349,279.429486,8.480457,86.674109,74.861501,148.754934,0.000000,84.700753,3.723114,27.403918,309.860074,212.181622
2012-12-26 06:00:00,3.808169,17.569416,1397.683462,8.629360,116.036466,959.388337,406.751621,80.954893,13.782311,223.565714,66.573469,1354.636093,876.882973,10.370620,53.318462,23.724614,449.249378,63.964360,301.733346,8.960483,89.885925,89.932087,108.097725,10.572324,86.826000,2.737584,59.681687,300.028354,179.175592
2012-12-26 07:00:00,3.908976,13.177062,1476.178131,6.504543,95.330683,945.390116,374.778664,84.256479,6.416303,208.489290,71.516359,1378.172597,964.402962,6.850607,36.328850,24.365051,474.392468,29.621079,251.654868,9.680522,91.368302,70.274800,104.165550,3.171697,93.897276,3.120845,65.892889,297.597237,169.556692
2012-12-26 08:00:00,9.348805,12.515428,1473.016728,19.158262,77.057218,967.485027,339.025814,144.975345,12.563130,226.486255,92.585712,1451.675967,955.763693,7.534146,28.414105,40.204298,550.948648,55.794502,212.473779,19.128489,114.595071,80.154316,133.018831,17.453065,67.731378,19.366046,82.983229,322.045095,172.566360
2012-12-26 09:00:00,19.690392,26.709462,1359.073348,39.969271,73.932369,929.236126,492.061141,220.557572,23.192386,240.820248,99.830861,1450.581473,946.828156,13.285556,63.919135,69.263235,608.080386,155.429416,296.740215,35.340489,101.470371,143.179612,154.330417,43.420454,69.448228,37.796691,98.300863,303.312021,204.398380
2012-12-26 10:00:00,19.129919,51.671208,1224.932475,59.919387,83.046294,953.000499,673.782346,256.807840,31.380451,253.708709,115.837769,1313.447453,758.842116,22.302394,85.527070,74.245169,615.488221,256.723226,360.613832,68.121999,90.186894,194.198826,156.662781,91.253347,77.339875,52.626066,89.581391,304.722829,297.938482
2012-12-26 11:00:00,18.062988,75.798212,1009.186054,67.226544,93.414149,1010.265875,658.938156,267.688653,39.740423,239.866452,137.365572,1261.625423,618.933284,27.359041,103.565474,72.584695,651.922230,326.583676,357.631460,106.980992,76.164723,289.803019,159.431391,98.216423,59.740490,79.547728,87.117361,303.878210,412.714974
2012-12-26 12:00:00,23.582219,131.995692,795.095064,70.386879,93.260012,799.361201,680.202699,268.460944,40.670893,244.749563,186.488337,994.041487,621.226374,29.937980,116.006722,57.636783,680.904927,370.493438,393.078505,129.664664,64.626220,392.397116,144.994966,-0.000000,52.074406,114.773306,87.056093,319.423817,404.385914
2012-12-26 13:00:00,24.120334,189.035722,746.675402,68.171877,0.000000,618.217351,759.153978,235.793534,36.885875,235.111298,258.764609,560.219691,623.020440,29.207814,100.520885,48.420492,691.097345,366.271676,440.136015,146.299484,54.560532,453.693191,134.128712,0.000000,37.889100,115.879649,95.296318,245.404953,398.675222
2012-12-26 14:00:00,36.255086,148.913108,559.425482,62.463601,72.864189,551.247453,634.031911,189.209695,29.819328,190.427499,273.726026,442.152989,441.674645,22.608375,86.478743,41.377613,551.450537,302.631903,306.548678,119.696535,50.535161,361.719240,107.277683,112.056059,62.409270,98.850426,90.915384,230.073906,355.313896
2012-12-26 15:00:00,33.430891,98.808701,415.240632,54.891479,64.081240,395.836912,576.302107,149.358603,20.597083,137.392962,259.060775,336.162523,317.822860,16.610390,64.389044,26.265748,341.453498,232.396534,224.669184,82.305298,19.091214,233.527000,24.780124,122.249707,34.509480,65.162098,64.739457,220.307802,327.090263
2012-12-26 16:00:00,42.882727,7.216010,303.976584,34.474076,36.524159,249.874589,284.698332,32.619671,5.304452,27.708023,223.294189,162.900266,158.419597,4.909076,10.181718,3.848054,109.568702,37.777608,119.725435,41.762251,12.779883,126.461878,15.357741,35.804936,11.882063,18.122804,61.934694,210.649078,237.643417
2012-12-26 17:00:00,40.968844,4.183194,337.244407,47.916797,26.118715,207.054432,202.124695,17.696502,6.277321,33.005145,210.885116,110.684634,85.205759,4.151405,27.653304,6.272024,193.825086,18.888804,142.450122,96.165183,14.913607,162.991670,15.283549,18.818736,11.263809,5.201409,60.141484,191.128644,308.747836
2012-12-26 18:00:00,30.498013,11.922104,318.762283,53.120432,17.867934,135.642334,206.295081,18.488882,6.254158,37.758972,221.358512,83.482478,104.981911,5.114278,21.688866,6.575021,143.554470,16.742349,144.133432,61.123294,10.556318,203.125297,11.277182,20.298862,21.522956,6.405946,43.634762,146.653516,412.292468
2012-12-26 19:00:00,19.707112,8.157229,275.927242,43.060072,19.024094,138.894498,229.371215,30.242529,3.289224,44.414331,224.192897,105.838273,86.888836,8.176531,20.423682,7.908205,129.039715,16.742349,145.395915,38.082053,6.985138,202.797675,8.309503,33.831436,26.353063,5.091906,36.232026,140.110953,498.485358
2012-12-26 20:00:00,17.179219,9.307607,326.807443,36.251984,17.710276,156.916906,206.573106,35.393004,1.829920,88.013720,224.745947,88.172505,49.229994,13.511797,10.543199,16.876897,273.833250,18.030222,175.695498,28.001509,4.784034,187.235657,7.715967,37.496508,13.427697,11.607355,36.553884,106.754607,482.642463
2012-12-26 21:00:00,16.931002,30.851058,481.839850,31.135077,12.034579,219.114540,204.348901,33.940306,0.694906,169.779552,229.343181,125.849054,86.888836,13.638075,13.073566,18.028283,304.278834,22.967069,183.059980,24.081298,3.975464,215.411101,7.493391,42.077849,8.713513,26.499811,28.323512,74.542316,380.606679
2012-12-26 22:00:00,23.116827,62.015855,561.421702,24.413717,8.040570,213.287746,221.864521,37.638082,1.899411,102.818497,269.854139,124.129378,101.194988,26.265923,9.097274,19.846261,221.969551,27.903915,220.303217,24.961345,3.346577,258.329510,7.715967,48.914618,4.037969,39.366454,35.082532,109.078468,302.901054
2012-12-26 23:00:00,34.665443,89.102037,405.302112,16.694993,9.249284,214.913828,218.528212,39.486970,2.316355,67.096879,313.856229,131.008084,81.418836,34.410885,7.591103,19.512965,337.025538,17.600931,236.505077,34.401854,2.650310,350.882569,4.896671,81.336411,2.279810,53.820897,39.266688,123.986932,289.132824
2012-12-27 00:00:00,45.110147,69.336445,245.703533,9.930268,7.725254,209.493555,200.734566,35.128877,2.316355,43.327742,322.808736,109.433960,39.552303,44.150112,5.723451,19.300868,338.087593,12.449439,246.394524,50.162704,5.996887,441.633710,3.709599,134.127547,1.333109,70.574909,21.840371,128.920668,310.633895
2012-12-27 01:00:00,53.288239,37.439588,253.748693,6.331088,6.569093,153.122715,220.752418,27.073007,0.996033,46.723333,315.515381,81.450133,46.915764,42.634771,5.301723,16.180005,318.262562,12.664085,222.407354,76.644131,6.558393,396.094329,5.786975,128.841386,1.429712,57.215501,18.713749,116.908093,438.697292
2012-12-27 02:00:00,51.309036,24.053367,324.198202,6.677997,19.707280,127.240911,204.904952,24.167611,0.277963,55.008575,300.513883,55.342317,44.811918,34.047834,6.265672,22.361131,262.681669,13.737312,188.741151,55.923014,9.186243,390.360953,9.719150,100.437076,2.608258,39.256951,11.356993,109.757751,573.173289
2012-12-27 03:00:00,50.440277,26.667863,420.740121,9.409905,36.419054,94.312752,201.846669,24.563801,0.347453,63.972935,288.796123,44.398921,56.593455,20.662316,4.277526,27.118174,266.929890,13.737312,170.224740,38.802091,6.895297,432.296499,9.496574,96.278628,3.806124,64.442722,13.747939,97.959686,762.344993
2012-12-27 04:00:00,42.745555,29.386940,531.197993,18.256083,41.779434,70.599057,196.286155,23.903484,1.389813,67.368526,281.122545,30.641509,84.153836,37.125872,4.819748,19.815961,267.991946,10.946921,162.860258,38.482074,7.973389,369.229370,9.793342,108.401560,2.473015,88.588210,17.794155,108.720951,762.344993
2012-12-27 05:00:00,45.515132,26.040384,625.130671,21.161445,32.950572,81.575110,235.209755,22.582849,0.787561,58.132519,281.848424,31.266846,123.285370,39.509378,2.891849,20.997647,249.051960,9.229757,177.799635,50.802738,5.996887,335.156740,11.648142,75.909285,1.990004,73.805258,20.369020,95.385563,637.676502
2012-12-27 06:00:00,46.044226,35.452571,684.273469,13.919721,21.388968,159.898056,244.940655,22.186659,1.343486,46.587509,280.154707,106.619944,114.659602,28.207455,1.988146,28.572556,260.026531,8.585820,190.214048,57.923122,6.535933,356.288323,11.351374,106.075648,1.951363,55.244440,30.668479,93.383468,525.833211
2012-12-27 07:00:00,36.258185,39.426606,715.149488,9.323178,12.139685,245.253935,239.102115,19.017136,0.903378,35.314147,276.214221,210.765713,181.772286,28.412657,1.626665,26.617373,325.231265,8.585820,188.530738,55.923014,8.085690,380.368499,9.273998,113.053382,1.719518,62.362158,20.935487,88.485483,552.238035
2012-12-27 08:00:00,33.975414,39.476670,802.930059,14.408860,30.338853,290.814828,258.084417,52.770822,6.888804,79.264043,268.559021,351.737665,429.163869,49.759966,22.680480,39.185295,508.636036,60.221173,194.615995,70.854945,20.814651,409.540183,39.161981,93.843281,4.462979,69.024516,30.163414,128.364532,524.281853
2012-12-27 09:00:00,44.327758,62.723832,735.663356,33.646330,53.445855,313.115897,350.189173,129.610555,16.815153,153.376741,232.238296,437.333345,533.689196,53.146793,56.252902,54.653145,691.333267,181.585014,288.972511,138.719352,32.255620,376.977974,80.091367,82.842359,13.940452,70.829755,49.783924,184.332300,550.074271
2012-12-27 10:00:00,50.684537,70.517477,826.185937,50.540916,82.082631,376.576252,462.441641,185.886543,28.057912,216.923629,200.878655,476.479755,468.847585,68.923959,83.303234,79.086450,751.083455,286.863921,388.836664,156.660499,43.398053,402.008438,112.366178,90.972941,24.155337,90.374804,71.654309,218.697577,707.744718
2012-12-27 11:00:00,52.597950,88.983521,857.271960,61.469578,102.541384,390.989151,533.564911,216.797594,37.293185,275.347985,214.029273,463.522780,421.106730,67.590622,98.460174,77.733265,558.167011,351.275101,364.758706,125.652926,66.529150,466.338731,128.378238,165.850226,29.974561,127.818914,86.674864,239.059710,787.541991
2012-12-27 12:00:00,59.647457,133.564682,750.047418,66.304513,111.264920,349.422593,526.192545,229.782205,38.706210,279.258247,212.951288,444.349895,418.115247,58.001895,103.420722,67.364150,444.480530,372.672098,372.488138,133.383675,79.855069,417.405508,134.686369,151.936468,31.807966,190.518486,98.281097,252.019219,791.889142
2012-12-27 13:00:00,63.513005,179.063415,758.447334,65.571022,111.162418,341.951787,509.545918,224.865076,36.116693,256.077804,211.987773,388.063961,405.840560,32.470466,100.222299,60.288688,388.727938,362.686962,353.234853,130.096264,96.227745,345.830738,139.717341,109.371933,29.525782,181.320166,82.367354,258.328635,730.189483
2012-12-27 14:00:00,67.196606,148.611045,660.744940,54.986384,93.220549,381.136456,415.184988,193.558296,29.118731,220.629350,179.186873,326.649447,463.702043,20.996242,85.607371,53.104608,409.681723,314.784014,279.713800,108.165022,113.878398,324.537513,138.316338,95.416613,21.454036,125.358490,61.136055,199.161401,638.260101
2012-12-27 15:00:00,54.379086,105.759721,557.151117,41.981725,82.817523,406.153254,306.730932,144.906415,19.309186,155.099702,150.800263,294.209258,450.270016,23.823772,60.213008,61.160630,401.622548,224.373017,200.433041,81.036467,99.476453,222.745549,59.872934,97.201341,17.741667,83.695826,14.115776,169.489652,666.015696
2012-12-27 16:00:00,50.401085,12.131263,469.228518,8.282451,43.881544,448.256584,54.493040,27.469197,0.671743,38.709738,136.638070,249.665763,292.013811,22.004025,2.349627,64.962418,345.167962,11.590857,43.766064,38.802091,117.107750,155.456376,71.595268,48.280279,37.752115,28.580374,14.437635,215.833076,551.106400
2012-12-27 17:00:00,55.907580,12.026683,395.734894,9.973632,60.856081,504.627424,64.501966,29.053958,0.718070,32.054379,125.542492,314.544468,318.943039,27.149873,2.891849,58.114700,330.476197,22.323132,60.599166,52.482829,127.933591,115.486560,76.491939,26.853702,44.379021,12.209624,21.150675,267.387042,416.253191
2012-12-27 18:00:00,55.012693,11.294624,291.800125,9.670087,46.771945,523.598380,67.838275,18.753009,0.880215,43.056094,98.719536,484.636109,288.226889,17.158088,3.132836,56.114924,224.093661,22.967069,80.167646,38.082053,124.160269,70.438611,75.824211,13.532574,49.634177,6.296443,23.587600,245.900264,212.936046
2012-12-27 19:00:00,54.908180,7.948069,255.270751,5.290361,34.947577,659.105208,92.582563,15.319360,1.111850,32.461850,69.684379,671.299178,290.330735,12.296367,1.807405,26.481881,166.919686,17.600931,121.198331,45.362445,133.863097,62.903318,88.659425,4.863269,42.524260,1.861557,26.576283,260.665721,95.623184
2012-12-27 20:00:00,54.855924,3.764875,178.515576,6.851452,18.603673,675.908054,112.600415,16.904121,1.436140,27.164728,82.611937,728.830175,281.704967,12.580493,2.349627,22.118734,230.643002,18.459513,139.714743,45.602458,140.713474,51.927999,118.707180,3.242179,22.295773,4.325382,28.093614,275.323922,51.678013
2012-12-27 21:00:00,42.758619,5.019833,206.999791,6.981542,12.822870,771.846888,95.918872,21.658405,0.694906,25.127374,95.643192,745.088934,206.387283,7.797696,2.771355,20.906748,235.422251,28.762497,139.714743,52.322820,142.510294,37.512656,105.723582,4.369894,18.566931,6.351194,21.702432,287.372248,35.457907
2012-12-27 22:00:00,21.202945,5.751892,350.508049,10.147087,13.663714,829.437289,115.102646,23.903484,2.084719,24.448255,102.867416,833.574108,302.533041,8.144962,6.024685,7.544609,162.671465,37.348317,122.250400,38.802091,116.546243,41.116492,90.588416,18.466326,20.614896,8.869771,15.817026,316.259630,29.045307
2012-12-27 23:00:00,16.023051,7.738909,389.211792,11.491359,11.141182,936.487683,100.923335,41.071732,2.710135,25.399021,127.512734,880.161708,472.734175,4.403962,12.471098,11.483562,100.364223,33.699344,101.629851,33.041781,99.948118,38.823141,64.547029,22.201880,10.259147,14.344939,18.759729,325.555075,23.575736
2012-12-28 00:00:00,16.793830,18.510635,344.419820,14.179903,5.780802,937.165217,100.367283,31.959354,2.339518,19.015310,152.745669,792.614540,462.635714,2.020456,17.652327,16.149706,125.145512,55.163894,100.367368,49.602673,70.547649,40.133627,46.740952,7.753037,5.950692,9.417288,21.564492,305.605620,15.842894
2012-12-28 01:00:00,24.704109,6.588531,296.583734,14.786994,3.363376,799.083760,130.116035,21.790469,1.019196,24.040785,172.655492,642.377346,317.680732,2.888620,13.977269,17.301092,137.890176,81.350645,128.562813,70.003773,46.268117,52.255621,39.470137,5.074715,5.177874,4.215879,12.920304,277.933797,16.031500
2012-12-28 02:00:00,22.751034,5.542732,260.271796,12.315267,4.414431,702.060872,107.595952,15.715550,1.273995,20.916841,138.400919,539.822092,280.863428,2.809696,11.025173,17.997983,114.170941,134.368085,144.343846,65.683540,35.824101,69.291936,36.354074,7.189180,2.801462,4.380134,7.494696,253.336620,15.654289
2012-12-28 03:00:00,18.100234,8.680128,253.966130,12.705540,4.519536,564.250428,75.344969,20.998088,2.339518,27.300552,94.053172,426.167108,207.228822,9.013126,9.820236,21.543041,62.307242,97.663704,155.285362,80.084316,24.661356,68.636693,43.031353,7.471109,2.840103,3.996872,8.368310,225.700548,11.127747
2012-12-28 04:00:00,14.488026,9.725927,188.952540,14.613539,4.151667,429.421135,59.219477,14.659043,4.030457,21.731783,94.986445,367.854440,172.725749,9.849721,17.652327,13.968132,41.243146,62.247196,152.339569,85.044584,23.560804,73.551015,41.102361,6.554841,3.632240,2.244819,6.437162,203.927756,14.522653
2012-12-28 05:00:00,11.973197,5.228993,123.286640,26.321716,4.624642,331.856220,52.268834,7.527616,3.405041,15.212248,90.458343,339.714279,121.391909,10.796810,25.122936,17.361691,32.923713,82.853164,155.074948,94.005067,23.470963,55.531835,32.718666,8.528341,2.994666,1.697302,15.633108,161.132959,14.334047
2012-12-28 06:00:00,8.909679,8.889288,85.670082,55.678885,11.666710,240.795632,58.385400,8.584124,1.829920,16.434661,93.880343,406.468995,126.020370,14.427316,16.567884,13.483338,27.436428,109.254561,173.801774,95.605153,15.744636,56.514700,27.896187,6.061466,2.395733,1.752054,14.805472,48.693830,13.013806
2012-12-28 07:00:00,1.516418,28.864040,115.458917,79.789056,7.620148,162.422112,52.546860,23.771420,2.293191,17.657073,98.719536,362.615491,104.350757,17.505354,6.687400,21.147771,19.653211,86.931428,164.964395,78.884252,11.679331,91.406384,20.773756,4.228930,4.385737,1.971060,19.648286,16.445787,16.408712
2012-12-28 08:00:00,2.745715,46.728660,225.046134,88.221768,21.255516,139.927868,104.793790,49.294872,9.874913,56.297905,115.012772,262.215723,149.334893,19.579322,30.219661,29.134337,93.695070,145.785491,220.996239,85.806018,15.064889,161.473365,36.287649,8.923395,9.161564,9.678782,35.341635,40.786963,65.053372
2012-12-28 09:00:00,7.296807,93.061479,308.860497,102.956049,49.723412,208.712395,253.457043,122.047734,21.804756,129.067152,122.745734,245.236773,240.554018,32.142697,62.185598,49.869841,195.641267,303.503659,373.570307,124.593521,27.451351,233.006416,67.588334,16.826939,17.884758,23.562821,51.676273,75.925205,147.429927
2012-12-28 10:00:00,10.524620,147.627498,350.288651,125.893318,73.011873,274.522646,395.105373,192.436264,32.278026,192.961041,126.411784,260.474279,307.152126,39.489144,90.642377,58.896258,270.535686,397.959220,525.707610,150.866760,33.580400,338.003723,91.910830,26.139684,24.824366,41.447440,84.778333,62.868196,217.595797
2012-12-28 11:00:00,14.050686,173.071056,368.032888,147.442051,86.380442,329.116326,472.891718,234.463407,38.000554,242.221803,143.060048,278.183041,348.769960,38.692458,106.048628,54.054322,309.330353,404.597957,416.369880,119.592756,35.085879,417.749828,103.358919,35.763721,28.514001,66.400297,113.836486,58.191109,289.303944
2012-12-28 12:00:00,15.474357,182.494190,359.127238,158.883914,88.270911,253.415469,505.781856,242.826443,38.385945,264.432049,170.602992,253.555143,352.614434,47.074026,103.275339,50.736544,313.681099,401.061175,389.847136,118.808869,32.570394,436.947807,106.598049,45.639290,29.480090,75.088085,102.747266,55.926127,314.593587
2012-12-28 13:00:00,12.180863,184.554771,323.170055,148.855392,81.242815,244.605487,463.996890,239.475183,35.288188,253.257545,151.966694,244.790776,323.592810,47.172238,94.526470,45.192027,290.619378,378.417197,310.701653,109.635319,31.495107,394.428578,101.663582,52.696949,27.638286,78.459573,104.060981,49.147673,290.187220
2012-12-28 14:00:00,6.684347,166.293580,233.915375,111.575270,66.884618,194.573836,397.785133,198.726834,28.519453,215.868034,127.861408,205.409434,271.537081,45.535739,77.554180,36.659243,239.353406,320.752598,240.996550,93.762275,24.827358,307.736693,81.266790,63.193283,21.257474,67.823879,93.104820,37.638766,231.887070
2012-12-28 15:00:00,1.286808,123.304689,143.831156,98.865683,49.335959,109.260374,296.799602,143.495189,19.757845,158.310466,149.394744,130.958662,183.534508,46.999431,55.315776,27.973015,164.708257,235.496238,175.762378,73.766154,1.549757,254.735631,4.674095,60.278184,12.150892,47.889951,30.254661,21.992141,160.543236
2012-12-28 16:00:00,2.083715,26.249544,35.224754,85.469690,14.767322,25.339777,27.802572,29.582212,2.223701,40.882916,153.333286,26.107816,15.778844,32.753480,5.783698,9.695883,25.843345,13.951958,13.887309,11.440617,3.009674,124.823771,4.154751,9.867502,1.584275,2.135315,23.725540,8.044135,20.746648
2012-12-28 17:00:00,1.750582,24.680846,35.659628,81.870510,13.979031,14.770244,24.188237,50.844427,3.636677,41.018740,137.156555,16.415094,22.300767,27.797050,18.736770,9.362587,32.923713,14.810540,13.887309,8.000431,1.572218,103.036945,2.745104,6.907252,1.004662,1.806805,15.587128,7.329101,21.312465
2012-12-28 18:00:00,1.234552,23.425888,43.052478,78.314693,15.135191,11.789094,19.183774,81.483146,4.169438,27.708023,128.618836,11.881401,23.352690,28.365303,27.352070,8.120302,24.604280,20.176677,17.464343,3.680198,1.347615,92.880680,2.374144,5.568091,0.985342,3.339852,12.184628,8.044135,26.970642
2012-12-28 19:00:00,0.711990,47.374675,71.971566,59.234702,16.343904,14.499231,18.071671,97.594887,2.200537,29.473730,148.666921,15.008086,23.563074,40.709024,16.748624,6.696219,16.992884,25.757460,15.149791,3.200172,3.009674,135.962900,2.893488,7.471109,1.294469,14.344939,10.023581,3.467916,39.230024
2012-12-28 20:00:00,0.659734,98.095905,104.804516,43.753890,19.497069,10.569533,21.407980,148.967568,3.196570,35.314147,168.023693,17.196765,26.508458,46.454695,13.917022,6.120526,25.312317,28.333206,11.783171,4.400237,6.199029,225.075934,2.522528,11.488592,3.013987,22.667194,18.943648,5.827529,66.200666
2012-12-28 21:00:00,0.777311,116.711119,101.977838,56.979794,17.710276,11.924601,25.300340,201.528819,3.289224,41.290387,194.777517,15.320754,30.084996,57.977606,10.543199,4.029851,34.870815,36.275090,17.253929,4.080220,11.522109,284.211605,2.893488,7.048216,5.409720,22.010173,27.817735,9.795969,89.021978
2012-12-28 22:00:00,0.738119,196.714709,105.674263,64.264881,20.863441,18.157915,33.363086,258.712291,1.829920,73.888061,223.743543,22.668463,31.557689,79.350238,8.374312,3.999552,36.994925,54.090667,21.251791,4.560246,10.219414,299.118381,3.264447,6.202430,9.409048,22.667194,22.070269,4.719226,114.295167
2012-12-28 23:00:00,1.384789,182.910168,117.633285,59.104611,25.593188,22.494133,31.694932,321.178302,2.131046,92.903371,273.656362,28.765498,41.445764,99.633718,9.157521,7.453710,31.330630,42.714455,20.830963,5.440293,7.861088,341.217736,4.970863,6.907252,18.818096,19.436845,25.472769,3.146151,148.810044
2012-12-29 00:00:00,3.618740,162.412516,101.760401,62.703791,28.378483,19.512983,34.753214,348.911625,1.899411,107.300677,305.283944,26.889487,36.817303,105.489883,11.386655,10.665472,30.622594,30.050370,12.414412,4.000216,9.455766,351.865433,6.899855,9.303645,33.984631,19.327341,18.070033,2.323861,165.784574
2012-12-29 01:00:00,5.081913,218.362739,114.371733,36.815711,37.259898,17.480381,48.376474,350.364323,2.293191,125.636868,300.202792,31.892183,38.710765,96.603035,23.014297,17.604088,41.420155,22.967069,11.151930,3.280177,10.286795,343.511087,8.383695,12.686789,31.840064,23.488469,16.828580,1.501572,171.065539
2012-12-29 02:00:00,5.885352,245.658082,148.074430,34.994439,55.443148,19.783997,60.331580,353.797973,1.760430,113.276917,319.697826,34.549865,63.746531,92.609478,38.015762,19.058471,67.617519,19.962032,12.203999,3.360181,9.455766,361.530266,6.751471,14.448842,21.213829,28.032858,21.794391,1.894841,216.142346
2012-12-29 03:00:00,6.486298,201.943702,178.080703,107.975408,71.314078,16.938353,79.793380,414.283031,1.343486,90.730193,332.106900,27.358490,95.093835,113.966325,35.003420,31.663119,109.745711,37.777608,13.045654,4.640250,9.343464,459.489079,8.532079,15.647039,21.658199,41.885032,23.357702,1.608827,253.674917
2012-12-29 04:00:00,6.564683,228.716145,196.780263,160.271931,77.199986,16.125312,113.990543,419.565569,1.945738,112.326152,333.869749,33.299191,103.719603,108.773123,29.641450,34.844580,155.414087,34.772571,17.043515,6.880371,11.971314,525.013368,11.425566,14.589807,22.566259,51.411823,20.277060,3.110399,225.949852
2012-12-29 05:00:00,7.374653,193.054414,212.218273,152.856752,64.534774,16.802847,119.273032,364.627176,3.520859,89.779427,335.217809,43.304581,90.886143,102.601262,28.617254,36.511060,236.661315,39.280127,13.466481,9.120492,21.382159,535.661065,23.667244,21.849469,24.826749,50.152534,16.736621,4.862233,203.694357
2012-12-29 06:00:00,7.289737,171.720124,216.132135,179.048377,58.701419,18.157915,164.869249,378.757964,7.713461,85.297247,330.655142,56.905659,121.812678,101.259554,24.701208,49.449005,379.861767,46.363429,13.256067,8.240444,22.482711,580.872824,25.373660,19.805487,31.299092,48.400481,31.817972,3.324909,261.784970
2012-12-29 07:00:00,5.032898,167.327770,212.218273,157.409932,54.917621,39.788434,204.070875,469.617615,8.454695,96.298962,297.472104,68.707141,112.134987,88.316010,20.303188,51.760256,473.592036,75.984508,16.833102,9.600517,21.292318,671.296344,20.699564,51.029083,42.582222,58.201031,63.874646,3.503668,254.995158
2012-12-29 08:00:00,7.577037,243.233187,385.706860,140.397061,64.932056,93.105534,413.602027,544.068868,17.161377,161.303229,291.901875,131.192021,214.675972,86.925437,55.567819,60.831752,493.828283,222.460518,58.293579,25.643994,31.949058,803.256687,50.266652,71.262528,47.376304,86.642597,79.801138,15.197046,295.826429
2012-12-29 09:00:00,13.659658,293.887423,648.900932,61.645158,92.750763,151.911090,674.445057,513.328037,27.209023,205.844001,252.022727,244.547642,379.790740,102.053046,96.311381,107.446844,644.923749,490.220824,132.694305,56.584592,40.402202,966.219784,0.000000,63.677163,60.693540,228.764459,105.345273,0.000000,480.614929
2012-12-29 10:00:00,11.728458,356.230374,0.000000,29.254225,123.887259,190.566931,846.503504,434.124897,38.049144,237.890609,258.239793,363.635468,535.392834,140.919433,164.569087,144.693851,806.160371,710.887040,257.651341,75.549415,0.000000,990.829230,0.000000,68.429618,0.000000,332.662964,138.914891,0.000000,693.177718
2012-12-29 11:00:00,0.000000,259.853941,0.000000,40.768723,162.428557,0.000000,759.342960,316.693398,38.342156,201.864170,269.676851,0.000000,669.201548,160.150971,159.700444,0.000000,832.383925,676.569677,359.049020,69.272237,0.000000,1034.538571,0.000000,160.701290,0.000000,351.821771,174.165136,0.000000,657.044754
2012-12-29 12:00:00,13.240838,166.711311,0.000000,74.538376,143.999082,215.900048,436.051840,287.806985,42.674693,152.387209,293.184132,0.000000,746.775031,150.845391,136.563720,0.000000,984.568737,614.674031,303.964212,99.829801,0.000000,959.679811,0.000000,364.141573,0.000000,376.120626,181.976015,0.000000,0.000000
2012-12-29 13:00:00,11.220036,625.308649,0.000000,89.317897,135.373376,196.140213,494.392089,204.884506,0.000000,173.601856,299.757498,374.576146,0.000000,127.583593,0.000000,208.936690,0.000000,756.858774,256.969827,121.918043,0.000000,1411.530145,0.000000,512.278495,0.000000,453.398318,197.417784,0.000000,0.000000
2012-12-29 14:00:00,14.825858,539.722480,0.000000,133.559244,128.369054,161.447461,729.771393,176.665139,21.198122,155.845545,296.882355,269.904890,0.000000,68.262692,87.016592,0.000000,0.000000,1073.216139,205.244596,104.338898,0.000000,1169.925329,0.000000,522.474357,0.000000,445.274896,180.547147,0.000000,0.000000
2012-12-29 15:00:00,11.738044,0.000000,1156.475095,163.036558,0.000000,130.798548,758.494486,126.268968,0.000000,0.000000,298.103019,379.647920,789.220732,27.618471,0.000000,224.648497,1271.417031,1060.782129,277.253558,81.542341,7.861088,0.000000,43.921656,321.973815,0.000000,0.000000,180.332493,0.000000,1056.209418
2012-12-29 16:00:00,31.072831,346.473063,1082.617604,106.717863,73.258530,113.419214,650.580174,162.570103,10.979521,136.774407,232.246696,324.549859,611.377620,15.658531,33.858729,196.129539,1040.991171,696.739301,365.909545,34.961884,5.323080,895.061792,54.234343,202.847652,4.192533,176.081387,192.057324,38.039820,1085.615482
2012-12-29 17:00:00,47.082817,261.972539,976.073594,61.749791,64.850090,242.421714,335.577038,182.907873,12.855769,227.912071,219.284572,438.517512,600.437621,15.548037,30.123425,168.981066,937.971810,370.907428,314.568586,50.642729,4.110226,539.920144,34.796042,140.752870,5.448360,108.517820,197.850770,65.139616,948.687609
2012-12-29 18:00:00,49.179597,196.087230,1100.229981,43.537072,62.800533,368.307556,246.330784,147.118679,6.972228,279.932525,203.453498,556.549855,535.849552,8.981557,64.765363,192.917777,882.567927,165.491682,267.646315,36.001940,11.881473,429.184095,38.208873,111.150364,15.649546,95.377418,109.799590,147.011033,829.111477
2012-12-29 19:00:00,54.986565,165.759072,1067.397031,26.278352,68.108360,612.084338,221.308469,86.765684,14.546708,300.306072,175.870098,562.177887,496.297249,11.002012,37.112059,182.100808,901.507913,120.845418,251.234041,60.483260,15.093289,407.888701,46.221608,88.878002,24.478981,78.185392,51.129458,157.772298,845.520189
2012-12-29 20:00:00,61.159326,138.777469,1202.642693,25.020807,34.947577,795.560582,184.053023,63.654581,5.814050,208.760937,153.506114,668.172494,436.968794,13.574936,64.102648,214.491118,692.106016,78.774899,243.869559,43.602350,20.079465,311.895617,56.311718,81.688822,24.768788,71.231929,27.495877,190.628120,750.274216
2012-12-29 21:00:00,52.909381,107.089773,1275.266569,13.486085,34.842471,910.199358,199.900489,52.561252,2.964934,206.587759,162.493186,942.070063,650.088384,14.995569,63.500179,222.611420,488.014395,68.901206,227.667699,61.043290,25.851749,249.319921,41.176553,79.997250,17.639550,70.520158,37.243580,182.154964,538.092594
2012-12-29 22:00:00,47.037093,137.731670,1012.820406,13.789630,32.425045,798.406226,230.761344,38.034273,2.640644,193.548689,168.715006,1004.760088,723.512606,14.995569,44.823656,183.191594,519.699044,46.578074,215.884528,80.644346,24.661356,253.251378,36.650842,68.861069,11.824101,60.829111,23.403682,204.750045,459.255333
2012-12-29 23:00:00,48.134473,160.739239,806.038052,11.708177,42.042198,662.086358,244.940655,46.090143,2.849116,168.692963,179.534059,759.628018,501.136094,12.627848,30.304165,128.955247,696.531246,36.704381,225.353147,91.844950,26.615398,273.727718,41.992665,60.967067,12.094587,48.071971,23.035844,214.903531,506.406805
2012-12-30 00:00:00,46.161802,171.720124,742.546519,10.233814,47.350025,564.521442,258.841941,46.354270,4.076784,208.353466,202.762185,608.296484,386.897262,22.303936,34.400951,97.140630,731.933088,37.133672,262.175557,68.403687,30.119197,293.221195,40.953977,76.966517,18.296445,41.666025,27.909695,227.523885,466.610963
2012-12-30 01:00:00,34.985512,124.763768,827.781727,10.147087,29.166775,568.451140,233.819626,41.996176,3.497696,202.513050,187.069374,614.706188,389.001108,29.486024,75.368809,112.532845,838.138615,33.913989,326.562170,78.324221,31.983398,305.506999,42.957161,117.987133,15.997314,48.126723,29.564965,197.778462,388.528126
2012-12-30 02:00:00,24.573468,81.781447,778.858457,9.670087,21.441521,610.458257,221.864521,44.109191,1.042360,162.580899,149.392800,641.126672,337.036114,22.524923,59.222653,126.591876,865.044015,31.338243,431.769055,105.445683,31.152368,301.903163,35.908922,136.242012,7.670210,54.039903,29.013208,173.467299,332.889389
2012-12-30 03:00:00,20.327654,81.572288,531.632866,8.108996,25.803399,644.605977,207.407184,47.542841,1.250832,160.407721,100.067597,714.447426,266.557276,14.522025,30.846387,145.771545,743.969715,28.333206,437.029399,62.963394,37.755682,273.891529,33.312202,88.666555,3.381075,38.545179,59.129930,144.830179,389.848367
2012-12-30 04:00:00,25.207074,59.401358,447.484842,7.328451,50.976165,565.741004,194.618001,38.694590,0.787561,161.901781,97.924526,637.374651,260.035354,11.996455,19.700720,110.533069,790.523137,28.333206,440.606434,53.522885,44.246695,199.685272,41.028169,35.170597,4.501660,21.681663,56.187228,158.094063,502.257475
2012-12-30 05:00:00,26.911932,45.073918,370.077357,7.675360,46.193865,542.840350,170.707789,34.204433,0.555925,156.061364,100.309557,548.576809,230.160742,11.807038,10.181718,73.840211,867.699153,25.113524,419.565057,55.763005,39.530042,133.341929,40.508825,27.206113,3.651561,18.944080,55.313613,148.834370,468.308416
2012-12-30 06:00:00,24.155419,41.309043,310.499686,5.507179,38.573716,416.276973,180.716715,34.468560,0.694906,147.911946,101.553921,458.371959,247.412278,11.633405,5.602957,54.690842,839.023661,19.532741,350.549340,47.602566,35.621958,131.703821,33.163818,36.580240,3.554959,17.739543,61.842734,135.749244,441.903592
2012-12-30 07:00:00,13.439643,49.152532,441.614050,3.859362,28.431036,407.424469,182.662895,40.939668,1.783593,230.900191,99.825638,358.298676,348.396882,14.206329,9.759990,50.709622,723.142784,18.888804,312.043620,67.443635,25.222862,158.896402,19.586685,31.364560,3.670881,30.660938,65.765258,186.409418,330.626119
2012-12-30 08:00:00,19.182635,47.386644,517.792026,8.948657,22.707445,429.124241,216.390102,58.364672,2.428794,238.763556,99.150723,308.497105,354.424926,18.444578,11.523040,64.501307,681.782170,62.753930,286.795948,122.593289,34.266257,160.352409,46.854183,30.711678,8.716722,22.232848,77.159908,224.472340,270.613123
2012-12-30 09:00:00,26.893015,60.742580,536.114377,27.663228,36.448651,425.692863,367.488791,107.023281,3.842725,198.348015,112.086491,333.075607,348.029857,21.768817,15.620541,68.720950,530.216832,168.438761,343.190522,196.090267,41.337852,173.239045,84.699606,33.288385,18.561378,15.448646,95.409247,222.930425,315.797991
2012-12-30 10:00:00,22.150020,60.655515,581.990804,42.313495,37.516246,495.309331,513.954731,157.251998,5.967532,193.950003,133.010564,381.250928,353.250864,31.376303,25.445613,67.012331,374.824611,266.638860,415.976404,191.695844,50.483173,191.107677,111.973628,37.765354,23.216887,19.338880,104.647708,216.641792,345.961249
2012-12-30 11:00:00,18.421146,53.382216,549.064386,49.022864,49.871754,590.820060,537.002410,186.961575,9.992509,162.623933,159.605420,458.107307,392.496916,34.358916,37.055177,59.524030,343.766973,341.376841,389.008818,168.619935,55.192444,196.539953,122.146112,41.612805,26.305027,28.508430,113.336261,211.789863,387.020213
2012-12-30 12:00:00,14.004501,59.259122,546.659685,54.820635,72.249581,650.094203,600.301578,196.221315,16.643648,215.306352,181.037030,530.821034,463.427944,28.728464,49.196032,54.645048,394.409523,370.936360,446.369354,206.134419,52.073133,200.349439,116.317614,44.848492,25.293745,34.328690,118.167614,243.066646,408.972861
2012-12-30 13:00:00,11.305664,57.593799,515.873341,61.159405,98.118040,610.143743,626.705997,160.545198,26.751087,227.673317,169.099993,435.184104,481.461560,25.483843,78.359628,46.405196,389.946372,359.133552,443.272660,199.560226,45.880341,175.889628,98.314898,44.085829,33.335775,33.590058,109.114813,264.659158,451.627536
2012-12-30 14:00:00,10.139431,41.823624,435.218261,53.090183,97.877902,587.523770,610.323127,140.887464,20.967587,161.013953,180.437870,288.811764,403.651996,23.424052,81.521264,36.120150,326.039125,320.359854,421.314718,185.837972,39.194834,152.200630,79.271528,37.566058,23.460232,24.770415,86.135935,252.494096,442.931393
2012-12-30 15:00:00,7.485698,38.933118,398.783111,40.300498,73.426313,486.831250,580.142982,126.140409,11.482638,116.651468,159.940449,186.246405,301.425339,16.989567,52.269925,22.976070,248.705856,238.436266,438.544022,152.566174,18.664469,128.818676,11.648142,26.967173,14.588609,19.576265,31.680033,222.715392,435.903483
2012-12-30 16:00:00,11.868685,13.699961,328.546937,4.769998,22.387470,376.708980,316.393264,44.901572,0.579089,47.402451,138.539181,131.320752,129.596908,5.208987,8.856287,4.726743,154.883060,28.977143,372.642786,108.245834,17.900820,92.553059,11.722334,11.559074,8.945358,10.293315,20.920776,188.733279,245.187652
2012-12-30 17:00:00,17.695249,10.980885,205.912607,3.599180,19.970044,331.585206,222.142546,20.073644,0.671743,48.624864,134.322170,121.784364,102.457296,5.351050,6.687400,4.575245,105.851508,29.621079,338.976583,103.685588,13.813054,97.958812,10.980414,11.629556,7.863414,9.745798,19.449425,167.174998,173.706021
2012-12-30 18:00:00,17.100835,12.758742,134.158478,2.038090,17.815381,250.010096,164.591223,9.772695,0.972869,32.597674,104.941356,91.768192,90.886143,5.224772,13.073566,3.696555,79.654145,22.537778,289.529347,73.363954,9.073941,87.638737,9.496574,7.400627,6.916713,16.480254,23.219763,162.277014,148.621438
2012-12-30 19:00:00,14.893011,9.516767,128.505122,1.647817,9.249284,260.850642,160.976889,9.772695,1.111850,37.487325,107.430084,126.474391,87.099220,8.429088,16.989612,3.393559,73.812841,16.956995,269.540039,57.363092,6.131649,65.688100,5.341823,4.722305,5.699526,10.786080,34.806654,153.982617,91.662461
2012-12-30 20:00:00,6.695323,12.445003,108.283504,1.864636,5.518038,240.660125,118.716980,8.980314,0.579089,37.623149,111.059478,148.361183,61.642685,9.534025,10.723939,4.969140,84.256385,17.600931,207.888804,50.962747,1.976502,62.411886,4.525711,5.497608,3.419716,9.307785,28.967229,110.186771,51.678013
2012-12-30 21:00:00,3.605676,18.615214,102.195275,2.341635,3.994009,153.258222,117.604878,8.452061,0.416944,33.412616,119.113278,122.878704,39.131534,12.501569,8.796040,4.484346,86.734513,17.815577,153.391638,42.802307,1.527297,73.878636,3.635407,7.541591,2.550296,14.290187,17.426317,73.755779,47.340077
2012-12-30 22:00:00,2.096779,17.883155,101.760401,2.601817,2.732743,105.288805,82.573637,8.584124,0.602252,36.536560,148.459527,101.773583,24.194228,14.048481,8.193572,4.454046,47.084450,16.098413,119.515021,34.001833,1.123013,80.922497,4.154751,7.259662,2.492335,14.454442,11.173074,56.058682,36.589542
2012-12-30 23:00:00,1.633006,20.706811,101.542965,3.599180,2.522532,100.546066,75.622995,8.848251,0.486434,34.906676,205.320044,98.959567,18.303459,22.493354,6.386166,6.150826,30.799603,10.732275,97.842403,23.041242,1.078092,94.518787,3.932175,10.360877,1.584275,18.944080,9.287905,48.836836,25.650401
2012-12-31 00:00:00,1.051656,23.948787,78.059795,3.555817,2.627637,103.933736,68.116300,7.527616,0.741234,38.166443,222.568310,80.824796,17.251536,26.092290,4.036539,6.696219,29.029511,7.727238,95.738265,19.761065,1.639598,137.764818,3.561215,17.479575,1.777479,22.393435,17.334357,30.746471,32.628818
2012-12-31 01:00:00,1.032060,29.700679,76.537738,4.032816,2.680190,82.523658,67.004197,7.395553,0.972869,29.337907,228.962958,60.814015,15.568460,31.885315,2.229133,8.938392,28.321474,7.727238,114.044263,19.841069,1.909121,169.216477,4.377327,12.193413,0.966021,19.272590,23.817499,15.802256,33.760454
2012-12-31 02:00:00,2.475636,30.014419,83.060840,6.764724,2.732743,79.949028,81.461535,7.659680,0.857051,19.558604,228.720999,48.776279,12.623075,36.194568,1.927899,5.938728,22.480170,7.941884,128.562813,19.361044,1.392536,240.965574,4.377327,10.219913,0.772817,17.301529,19.817263,14.515194,47.151472
2012-12-31 03:00:00,1.985735,34.302193,96.107046,7.024906,3.731245,75.341796,98.421103,8.319997,1.436140,19.422781,232.177565,48.307277,13.254229,40.109201,3.132836,5.847830,13.806718,7.941884,143.923018,19.761065,1.325155,273.236286,3.190255,14.519325,0.598933,26.335556,15.219290,14.372188,65.069031
2012-12-31 04:00:00,2.416848,43.086901,112.414802,8.325815,5.412933,49.595499,110.376209,7.923807,2.270028,14.261482,244.482941,31.266846,15.358075,46.202138,2.590615,8.968692,12.567654,8.371175,139.083502,19.601056,1.257774,276.676311,3.041871,13.039199,1.004662,28.087609,6.069324,13.585650,90.719431
2012-12-31 05:00:00,1.828966,40.890724,134.810788,10.320541,6.569093,39.296980,120.941186,7.791743,2.038392,14.397306,276.214221,18.916442,32.399227,50.669239,3.494317,14.028731,15.753820,7.941884,119.304607,18.961022,1.392536,262.588589,2.596720,10.431359,1.700198,26.992576,6.023344,8.580410,106.562326
2012-12-31 06:00:00,1.685262,49.152532,115.241480,18.863174,11.824368,26.830352,100.923335,12.810154,1.227668,10.322597,293.946407,16.415094,32.399227,38.230809,4.940242,15.543713,15.753820,7.941884,95.107024,18.561000,1.370075,248.500867,2.225760,18.889218,2.724180,33.234267,4.322094,4.683474,115.049591
2012-12-31 07:00:00,1.320521,44.237279,118.285595,29.183715,8.776309,24.509770,75.901020,32.619671,2.038392,9.236008,302.622388,17.142140,20.617690,39.761935,3.855798,16.606864,12.274656,7.297947,79.115577,16.080867,3.189356,270.123883,2.448336,40.315795,1.893402,41.611273,8.271489,5.434260,141.077203
2012-12-31 08:00:00,4.819397,65.657029,241.844603,38.263943,15.277410,73.907052,115.015204,79.484685,4.976219,25.274098,323.525866,77.793800,76.433328,39.015753,7.172234,28.233277,64.429999,43.927886,102.943769,35.323012,13.871550,324.616727,34.068672,90.425412,2.846777,75.015603,24.540684,21.637593,131.840517
2012-12-31 09:00:00,10.236367,130.839692,388.173473,53.043572,21.654960,125.997289,197.685432,141.497184,6.186009,61.953969,337.450836,159.133207,172.006371,58.181112,10.764931,46.281374,145.330379,134.942378,153.536165,59.542739,25.773008,471.019505,73.800373,108.912051,10.882458,118.563817,44.499960,36.237838,199.863411
2012-12-31 10:00:00,10.780622,231.332033,475.421150,72.553487,30.532855,162.052517,339.124788,208.359904,8.702043,113.131238,348.035808,199.457939,232.683023,93.505688,16.715201,53.517343,221.296858,271.127243,214.968369,72.919596,35.709014,619.597550,91.676553,148.179025,22.126597,132.009118,77.361933,43.780925,363.726134
2012-12-31 11:00:00,9.906038,212.531816,393.909982,78.247275,50.738305,178.579302,429.592055,298.391878,11.755251,157.055922,347.885755,229.052166,259.073005,138.090792,23.611805,57.968176,277.119614,346.619105,258.790909,83.514204,37.095782,791.636307,93.734410,279.816039,30.368384,185.078698,101.469681,36.218028,425.075436
2012-12-31 12:00:00,14.029234,295.564208,384.273727,110.938598,73.744418,179.380639,478.515254,392.999811,13.836786,213.047774,345.972212,247.865833,315.668811,161.877607,34.308880,62.319567,295.555377,383.911104,284.008998,86.273855,38.916159,1035.936051,96.057401,404.232936,42.061423,287.753869,105.817256,37.386683,671.221125
2012-12-31 13:00:00,14.662690,283.692022,407.439770,91.421846,90.073029,155.929049,500.177665,438.175186,25.800815,246.548254,345.180380,255.542413,375.334497,0.000000,68.698102,81.128663,318.247758,377.660769,282.104378,92.236117,30.477718,1148.230302,75.029175,546.767191,0.000000,403.776184,90.144295,38.327005,843.091495
2012-12-31 14:00:00,11.660727,232.799508,374.449165,67.272203,90.621660,123.942891,499.261266,419.874859,24.070193,203.415100,348.674041,244.535580,383.850886,0.000000,77.015489,107.461794,341.297244,364.925083,251.512486,95.007940,27.523778,1090.213414,64.443743,595.679202,0.000000,384.457439,94.192810,28.578639,723.544446
2012-12-31 15:00:00,8.001727,197.397802,298.450540,83.071606,72.951246,80.963715,442.218893,345.154592,13.016961,153.333330,342.565400,209.976371,251.529690,0.000000,52.673953,103.577201,272.643729,394.391276,201.036896,70.846840,15.317891,1044.250500,21.218908,506.564225,58.217599,356.972976,148.330603,23.588694,716.375969
2012-12-31 16:00:00,5.918012,128.110324,179.820197,113.742769,67.109858,44.175226,221.864521,332.931948,5.605578,68.590939,291.353982,164.619943,117.394601,125.252464,15.483440,103.867149,156.476143,273.029079,53.865925,12.480673,10.264335,923.564857,18.844765,496.335359,47.953300,270.199517,210.541175,8.365900,577.134012
2012-12-31 17:00:00,3.220287,157.392683,270.273887,161.746294,85.923742,64.365743,259.397992,369.117333,11.164830,63.429641,227.303806,180.722368,240.469587,130.098401,39.341193,128.743150,241.794582,256.930666,72.803164,10.960591,9.029021,884.741716,9.422382,388.497657,51.566220,254.266780,234.082795,3.396412,627.303178
2012-12-31 18:00:00,3.782041,123.299650,235.918879,185.596283,84.189501,39.567994,247.442887,360.797336,10.052979,58.404166,254.126762,131.946089,224.480358,133.302717,45.968346,141.802293,271.532130,213.357629,52.393029,6.640358,12.442979,818.234562,18.251229,300.606406,56.975940,211.177211,245.255869,5.255501,566.760689
2012-12-31 19:00:00,6.081313,115.037842,233.961949,111.401134,84.084396,26.830352,245.774732,389.058913,8.223059,57.181753,216.484754,76.447438,349.659189,125.094616,48.257727,103.745951,411.192398,270.882624,90.898748,7.280392,12.106075,750.253112,14.764205,265.576773,69.920626,192.342635,257.348538,3.825433,490.375305
2012-12-31 20:00:00,5.101509,141.914865,281.798035,55.939067,67.162411,18.564435,331.962704,422.338902,4.447401,54.872751,175.420745,71.444743,390.263415,106.484326,34.762432,115.896105,461.108995,264.443259,117.410883,7.200388,13.588452,747.795951,16.693197,232.661605,54.831372,160.422408,252.842524,3.181902,507.161229
2012-12-31 21:00:00,7.439974,105.834814,399.431319,25.671262,60.383107,27.372379,477.092127,393.284943,5.281289,76.468710,146.523850,88.954176,394.681492,100.565022,30.605400,120.744046,482.881128,316.816762,143.081363,8.240444,12.600201,716.835725,26.709115,354.948150,37.983960,202.088433,280.706239,5.255501,411.915256
2012-12-31 22:00:00,7.407313,166.072811,414.651892,16.911811,59.962685,53.931717,580.239668,311.141480,7.667134,80.815067,126.060977,134.603771,431.078026,127.493907,27.834045,137.802741,490.138506,438.735407,160.545706,8.880479,18.619548,729.449150,27.599419,351.071631,24.266457,262.862793,303.558164,16.803304,320.818613
2012-12-31 23:00:00,9.504093,163.458315,427.915534,18.429537,56.389098,92.009136,735.934068,189.643109,8.825311,77.012005,122.051360,157.272234,367.541879,107.005224,29.761944,114.502321,552.799767,580.401438,143.502191,7.520405,14.329640,709.955674,34.573466,344.375826,37.810076,253.171746,297.258942,17.339580,326.854001
